report_id,report_date,freshness,age_days,county,water_name,source_type,source_name,official,title,summary,species,techniques,source_url
a26fcb8f3cb8c2c86c20,2026-07-31,very_current,5,La Plata,Vallecito Reservoir,official_recent_stocking,Colorado Parks and Wildlife,True,Recent CPW trout stocking: Vallecito Reservoir,Colorado Parks and Wildlife added Vallecito Reservoir to its recent catchable-trout stocking report for 2026-07-31. CPW region: southwest.,Catchable trout,,http://ndismaps.nrel.colostate.edu/fishingatlas/index.aspx?keyword=fspot&value=421
81fabc29cf835629864c,2026-07-31,very_current,5,,Twin Lake Lower,official_recent_stocking_unmatched,Colorado Parks and Wildlife,True,Recent CPW trout stocking: Twin Lake Lower,Colorado Parks and Wildlife added Twin Lake Lower to its recent catchable-trout stocking report for 2026-07-31. CPW region: southeast. No exact Colorado Fishing Atlas water-name match was found. The official stocking record remains available as an unmatched reference.,Catchable trout,,http://ndismaps.nrel.colostate.edu/fishingatlas/index.aspx?keyword=fspot&value=298
5fb047755c39b1bcc9f1,2026-07-31,very_current,5,Lake,Turquoise Lake,official_recent_stocking,Colorado Parks and Wildlife,True,Recent CPW trout stocking: Turquoise Lake,Colorado Parks and Wildlife added Turquoise Lake to its recent catchable-trout stocking report for 2026-07-31. CPW region: southeast.,Catchable trout,,http://ndismaps.nrel.colostate.edu/fishingatlas/index.aspx?keyword=fspot&value=481
405876428c738037f5bb,2026-07-31,very_current,5,,Rio Grande Reservoir,official_recent_stocking_unmatched,Colorado Parks and Wildlife,True,Recent CPW trout stocking: Rio Grande Reservoir,Colorado Parks and Wildlife added Rio Grande Reservoir to its recent catchable-trout stocking report for 2026-07-31. CPW region: southwest. No exact Colorado Fishing Atlas water-name match was found. The official stocking record remains available as an unmatched reference.,Catchable trout,,http://ndismaps.nrel.colostate.edu/fishingatlas/index.aspx?keyword=fspot&value=271
e629ba3fbc3bf860c656,2026-07-31,very_current,5,El Paso,Rampart Reservoir,official_recent_stocking,Colorado Parks and Wildlife,True,Recent CPW trout stocking: Rampart Reservoir,Colorado Parks and Wildlife added Rampart Reservoir to its recent catchable-trout stocking report for 2026-07-31. CPW region: southeast.,Catchable trout,,http://ndismaps.nrel.colostate.edu/fishingatlas/index.aspx?keyword=fspot&value=219
8bdcdd46a7ac29f048c8,2026-07-31,very_current,5,,Lake O'Haver,official_recent_stocking_unmatched,Colorado Parks and Wildlife,True,Recent CPW trout stocking: Lake O'Haver,Colorado Parks and Wildlife added Lake O'Haver to its recent catchable-trout stocking report for 2026-07-31. CPW region: southeast. No exact Colorado Fishing Atlas water-name match was found. The official stocking record remains available as an unmatched reference.,Catchable trout,,http://ndismaps.nrel.colostate.edu/fishingatlas/index.aspx?keyword=fspot&value=341
6a3e4ef4a7f4124ce7e4,2026-07-31,very_current,5,Park,Fairplay Kids Pond,official_recent_stocking,Colorado Parks and Wildlife,True,Recent CPW trout stocking: Fairplay Kids Pond,Colorado Parks and Wildlife added Fairplay Kids Pond to its recent catchable-trout stocking report for 2026-07-31. CPW region: northeast.,Catchable trout,,http://ndismaps.nrel.colostate.edu/fishingatlas/index.aspx?keyword=fspot&value=804
b5e7ced4ce97da5dd676,2026-07-31,very_current,5,Teller,Crystal Creek Reservoir,official_recent_stocking,Colorado Parks and Wildlife,True,Recent CPW trout stocking: Crystal Creek Reservoir,Colorado Parks and Wildlife added Crystal Creek Reservoir to its recent catchable-trout stocking report for 2026-07-31. CPW region: southeast.,Catchable trout,,http://ndismaps.nrel.colostate.edu/fishingatlas/index.aspx?keyword=fspot&value=426
ec6889e0f2fb3d8b6de9,2026-07-31,very_current,5,,Cottonwood Lake,official_recent_stocking_unmatched,Colorado Parks and Wildlife,True,Recent CPW trout stocking: Cottonwood Lake,Colorado Parks and Wildlife added Cottonwood Lake to its recent catchable-trout stocking report for 2026-07-31. CPW region: southeast. Multiple Colorado Fishing Atlas waters share this name. The stocking record is intentionally left unmatched rather than assigned to a potentially incorrect county.,Catchable trout,,http://ndismaps.nrel.colostate.edu/fishingatlas/index.aspx?keyword=fspot&value=484
3f28ab00c8a538a20986,2026-07-24,very_current,12,Chaffee,Wrights Lake,official_recent_stocking,Colorado Parks and Wildlife,True,Recent CPW trout stocking: Wrights Lake,Colorado Parks and Wildlife added Wrights Lake to its recent catchable-trout stocking report for 2026-07-24. CPW region: southeast.,Catchable trout,,http://ndismaps.nrel.colostate.edu/fishingatlas/index.aspx?keyword=fspot&value=680
641b75cd29d21666aaab,2026-07-24,very_current,12,,Twin Lakes Reservoir,official_recent_stocking_unmatched,Colorado Parks and Wildlife,True,Recent CPW trout stocking: Twin Lakes Reservoir,Colorado Parks and Wildlife added Twin Lakes Reservoir to its recent catchable-trout stocking report for 2026-07-24. CPW region: southeast. No exact Colorado Fishing Atlas water-name match was found. The official stocking record remains available as an unmatched reference.,Catchable trout,,http://ndismaps.nrel.colostate.edu/fishingatlas/index.aspx?keyword=fspot&value=298
938f7c2c7bfbb81a8230,2026-07-24,very_current,12,Lake,Turquoise Lake,official_recent_stocking,Colorado Parks and Wildlife,True,Recent CPW trout stocking: Turquoise Lake,Colorado Parks and Wildlife added Turquoise Lake to its recent catchable-trout stocking report for 2026-07-24. CPW region: southeast.,Catchable trout,,http://ndismaps.nrel.colostate.edu/fishingatlas/index.aspx?keyword=fspot&value=481
3c3d1d8900a1f7fe9441,2026-07-24,very_current,12,,Trujillo Meadows Reservoir,official_recent_stocking_unmatched,Colorado Parks and Wildlife,True,Recent CPW trout stocking: Trujillo Meadows Reservoir,Colorado Parks and Wildlife added Trujillo Meadows Reservoir to its recent catchable-trout stocking report for 2026-07-24. CPW region: southwest. No exact Colorado Fishing Atlas water-name match was found. The official stocking record remains available as an unmatched reference.,Catchable trout,,http://ndismaps.nrel.colostate.edu/fishingatlas/index.aspx?keyword=fspot&value=472
4937b86bf2c35556796f,2026-07-24,very_current,12,,Trent Ponds,official_recent_stocking_unmatched,Colorado Parks and Wildlife,True,Recent CPW trout stocking: Trent Ponds,Colorado Parks and Wildlife added Trent Ponds to its recent catchable-trout stocking report for 2026-07-24. CPW region: northwest. No exact Colorado Fishing Atlas water-name match was found. The official stocking record remains available as an unmatched reference.,Catchable trout,,http://ndismaps.nrel.colostate.edu/fishingatlas/index.aspx?keyword=fspot&value=766
dc4eb5a88eee3ba3a876,2026-07-24,very_current,12,,Taylor Reservoir,official_recent_stocking_unmatched,Colorado Parks and Wildlife,True,Recent CPW trout stocking: Taylor Reservoir,Colorado Parks and Wildlife added Taylor Reservoir to its recent catchable-trout stocking report for 2026-07-24. CPW region: southwest. No exact Colorado Fishing Atlas water-name match was found. The official stocking record remains available as an unmatched reference.,Catchable trout,,http://ndismaps.nrel.colostate.edu/fishingatlas/index.aspx?keyword=fspot&value=104
ea81aef01216f08e847f,2026-07-24,very_current,12,,Spring Creek Reservoir,official_recent_stocking_unmatched,Colorado Parks and Wildlife,True,Recent CPW trout stocking: Spring Creek Reservoir,Colorado Parks and Wildlife added Spring Creek Reservoir to its recent catchable-trout stocking report for 2026-07-24. CPW region: southwest. Multiple Colorado Fishing Atlas waters share this name. The stocking record is intentionally left unmatched rather than assigned to a potentially incorrect county.,Catchable trout,,http://ndismaps.nrel.colostate.edu/fishingatlas/index.aspx?keyword=fspot&value=149
7fab1cd34ef804c2a32c,2026-07-24,very_current,12,,Rio Grande Reservoir,official_recent_stocking_unmatched,Colorado Parks and Wildlife,True,Recent CPW trout stocking: Rio Grande Reservoir,Colorado Parks and Wildlife added Rio Grande Reservoir to its recent catchable-trout stocking report for 2026-07-24. CPW region: southwest. No exact Colorado Fishing Atlas water-name match was found. The official stocking record remains available as an unmatched reference.,Catchable trout,,http://ndismaps.nrel.colostate.edu/fishingatlas/index.aspx?keyword=fspot&value=271
836325a1d789c4bb91e4,2026-07-24,very_current,12,El Paso,Rampart Reservoir,official_recent_stocking,Colorado Parks and Wildlife,True,Recent CPW trout stocking: Rampart Reservoir,Colorado Parks and Wildlife added Rampart Reservoir to its recent catchable-trout stocking report for 2026-07-24. CPW region: southeast.,Catchable trout,,http://ndismaps.nrel.colostate.edu/fishingatlas/index.aspx?keyword=fspot&value=219
7d334ed66ce1d66d1aeb,2026-07-24,very_current,12,Gunnison,Pothole Lake #1 (lower),official_recent_stocking,Colorado Parks and Wildlife,True,Recent CPW trout stocking: Pothole Lake #1 (lower),Colorado Parks and Wildlife added Pothole Lake #1 (lower) to its recent catchable-trout stocking report for 2026-07-24. CPW region: southwest.,Catchable trout,,http://ndismaps.nrel.colostate.edu/fishingatlas/index.aspx?keyword=fspot&value=773
246e3272c66a0b4802a1,2026-07-24,very_current,12,Conejos,Platoro Reservoir,official_recent_stocking,Colorado Parks and Wildlife,True,Recent CPW trout stocking: Platoro Reservoir,Colorado Parks and Wildlife added Platoro Reservoir to its recent catchable-trout stocking report for 2026-07-24. CPW region: southwest.,Catchable trout,,http://ndismaps.nrel.colostate.edu/fishingatlas/index.aspx?keyword=fspot&value=124
158efb64304a5096ed18,2026-07-24,very_current,12,,Pitkin Kid's Pond,official_recent_stocking_unmatched,Colorado Parks and Wildlife,True,Recent CPW trout stocking: Pitkin Kid's Pond,Colorado Parks and Wildlife added Pitkin Kid's Pond to its recent catchable-trout stocking report for 2026-07-24. CPW region: southwest. No exact Colorado Fishing Atlas water-name match was found. The official stocking record remains available as an unmatched reference.,Catchable trout,,http://ndismaps.nrel.colostate.edu/fishingatlas/index.aspx?keyword=fspot&value=771
1e8eac588efd39c035d9,2026-07-24,very_current,12,Chaffee,North Fork Reservoir,official_recent_stocking,Colorado Parks and Wildlife,True,Recent CPW trout stocking: North Fork Reservoir,Colorado Parks and Wildlife added North Fork Reservoir to its recent catchable-trout stocking report for 2026-07-24. CPW region: southeast.,Catchable trout,,http://ndismaps.nrel.colostate.edu/fishingatlas/index.aspx?keyword=fspot&value=759
3927bdda8c29caa17a33,2026-07-24,very_current,12,Park,Montgomery Reservoir,official_recent_stocking,Colorado Parks and Wildlife,True,Recent CPW trout stocking: Montgomery Reservoir,Colorado Parks and Wildlife added Montgomery Reservoir to its recent catchable-trout stocking report for 2026-07-24. CPW region: northeast.,Catchable trout,,http://ndismaps.nrel.colostate.edu/fishingatlas/index.aspx?keyword=fspot&value=414
091f3c8d2639d3a6e46e,2026-07-24,very_current,12,Hinsdale,Lake San Cristobal,official_recent_stocking,Colorado Parks and Wildlife,True,Recent CPW trout stocking: Lake San Cristobal,Colorado Parks and Wildlife added Lake San Cristobal to its recent catchable-trout stocking report for 2026-07-24. CPW region: southwest.,Catchable trout,,http://ndismaps.nrel.colostate.edu/fishingatlas/index.aspx?keyword=fspot&value=106
ef576c9f57a564a5279b,2026-07-24,very_current,12,El Paso,Green Mountain Falls Lake,official_recent_stocking,Colorado Parks and Wildlife,True,Recent CPW trout stocking: Green Mountain Falls Lake,Colorado Parks and Wildlife added Green Mountain Falls Lake to its recent catchable-trout stocking report for 2026-07-24. CPW region: southeast.,Catchable trout,,http://ndismaps.nrel.colostate.edu/fishingatlas/index.aspx?keyword=fspot&value=133
d8f870d17b4089e6105f,2026-07-24,very_current,12,,Granby Reservoir,official_recent_stocking_unmatched,Colorado Parks and Wildlife,True,Recent CPW trout stocking: Granby Reservoir,Colorado Parks and Wildlife added Granby Reservoir to its recent catchable-trout stocking report for 2026-07-24. CPW region: northwest. No exact Colorado Fishing Atlas water-name match was found. The official stocking record remains available as an unmatched reference.,Catchable trout,,http://ndismaps.nrel.colostate.edu/fishingatlas/index.aspx?keyword=fspot&value=37
758ecdfb6c8fd8d60276,2026-07-24,very_current,12,,Georgetown Reservoir,official_recent_stocking_unmatched,Colorado Parks and Wildlife,True,Recent CPW trout stocking: Georgetown Reservoir,Colorado Parks and Wildlife added Georgetown Reservoir to its recent catchable-trout stocking report for 2026-07-24. CPW region: northeast. No exact Colorado Fishing Atlas water-name match was found. The official stocking record remains available as an unmatched reference.,Catchable trout,,http://ndismaps.nrel.colostate.edu/fishingatlas/index.aspx?keyword=fspot&value=469
21449e77c2ae5f0126c8,2026-07-24,very_current,12,Clear Creek,Georgetown Lake,official_recent_stocking,Colorado Parks and Wildlife,True,Recent CPW trout stocking: Georgetown Lake,Colorado Parks and Wildlife added Georgetown Lake to its recent catchable-trout stocking report for 2026-07-24. CPW region: northeast.,Catchable trout,,http://ndismaps.nrel.colostate.edu/fishingatlas/index.aspx?keyword=fspot&value=469
7b8502fffa6bbf0d48c0,2026-07-24,very_current,12,,Evergreen Reservoir,official_recent_stocking_unmatched,Colorado Parks and Wildlife,True,Recent CPW trout stocking: Evergreen Reservoir,Colorado Parks and Wildlife added Evergreen Reservoir to its recent catchable-trout stocking report for 2026-07-24. CPW region: northeast. No exact Colorado Fishing Atlas water-name match was found. The official stocking record remains available as an unmatched reference.,Catchable trout,,http://ndismaps.nrel.colostate.edu/fishingatlas/index.aspx?keyword=fspot&value=548
bcc08bc26a330574f9ab,2026-07-24,very_current,12,,Copper Mountain Pond,official_recent_stocking_unmatched,Colorado Parks and Wildlife,True,Recent CPW trout stocking: Copper Mountain Pond,Colorado Parks and Wildlife added Copper Mountain Pond to its recent catchable-trout stocking report for 2026-07-24. CPW region: northwest. No exact Colorado Fishing Atlas water-name match was found. The official stocking record remains available as an unmatched reference.,Catchable trout,,http://ndismaps.nrel.colostate.edu/fishingatlas/index.aspx?keyword=fspot&value=799
968c732f7a526f5ba8c2,2026-07-24,very_current,12,Park,Columbia Reservoir,official_recent_stocking,Colorado Parks and Wildlife,True,Recent CPW trout stocking: Columbia Reservoir,Colorado Parks and Wildlife added Columbia Reservoir to its recent catchable-trout stocking report for 2026-07-24. CPW region: northeast.,Catchable trout,,http://ndismaps.nrel.colostate.edu/fishingatlas/index.aspx?keyword=fspot&value=1725
5ea0fa7a9688aeac510d,2026-07-24,very_current,12,,Chalk Creek Lake,official_recent_stocking_unmatched,Colorado Parks and Wildlife,True,Recent CPW trout stocking: Chalk Creek Lake,Colorado Parks and Wildlife added Chalk Creek Lake to its recent catchable-trout stocking report for 2026-07-24. CPW region: southeast. No exact Colorado Fishing Atlas water-name match was found. The official stocking record remains available as an unmatched reference.,Catchable trout,,http://ndismaps.nrel.colostate.edu/fishingatlas/index.aspx?keyword=fspot&value=764
8f9a6f42f8cce361408a,2026-07-24,very_current,12,Mineral,Big Meadows Reservoir,official_recent_stocking,Colorado Parks and Wildlife,True,Recent CPW trout stocking: Big Meadows Reservoir,Colorado Parks and Wildlife added Big Meadows Reservoir to its recent catchable-trout stocking report for 2026-07-24. CPW region: southwest.,Catchable trout,,http://ndismaps.nrel.colostate.edu/fishingatlas/index.aspx?keyword=fspot&value=545
8b5bf3ff7760c02c991c,2026-07-24,very_current,12,Rio Grande,Beaver Creek Reservoir,official_recent_stocking,Colorado Parks and Wildlife,True,Recent CPW trout stocking: Beaver Creek Reservoir,Colorado Parks and Wildlife added Beaver Creek Reservoir to its recent catchable-trout stocking report for 2026-07-24. CPW region: southwest.,Catchable trout,,http://ndismaps.nrel.colostate.edu/fishingatlas/index.aspx?keyword=fspot&value=396
f813b6b968908a340221,2026-07-17,current,19,Chaffee,Wrights Lake,official_recent_stocking,Colorado Parks and Wildlife,True,Recent CPW trout stocking: Wrights Lake,Colorado Parks and Wildlife added Wrights Lake to its recent catchable-trout stocking report for 2026-07-17. CPW region: southeast.,Catchable trout,,http://ndismaps.nrel.colostate.edu/fishingatlas/index.aspx?keyword=fspot&value=680
0f3e0e7a98cf1d7a745c,2026-07-17,current,19,Grand,Wolford Mountain Reservoir,official_recent_stocking,Colorado Parks and Wildlife,True,Recent CPW trout stocking: Wolford Mountain Reservoir,Colorado Parks and Wildlife added Wolford Mountain Reservoir to its recent catchable-trout stocking report for 2026-07-17. CPW region: northwest.,Catchable trout,,http://ndismaps.nrel.colostate.edu/fishingatlas/index.aspx?keyword=fspot&value=46
7f025affed248711a59b,2026-07-17,current,19,,Wilmore Pond,official_recent_stocking_unmatched,Colorado Parks and Wildlife,True,Recent CPW trout stocking: Wilmore Pond,Colorado Parks and Wildlife added Wilmore Pond to its recent catchable-trout stocking report for 2026-07-17. CPW region: northwest. No exact Colorado Fishing Atlas water-name match was found. The official stocking record remains available as an unmatched reference.,Catchable trout,,http://ndismaps.nrel.colostate.edu/fishingatlas/index.aspx?keyword=fspot&value=765
3ff97bd0a7da8772a59f,2026-07-17,current,19,La Plata,Vallecito Reservoir,official_recent_stocking,Colorado Parks and Wildlife,True,Recent CPW trout stocking: Vallecito Reservoir,Colorado Parks and Wildlife added Vallecito Reservoir to its recent catchable-trout stocking report for 2026-07-17. CPW region: southwest.,Catchable trout,,http://ndismaps.nrel.colostate.edu/fishingatlas/index.aspx?keyword=fspot&value=421
b485fc452986efdc4d11,2026-07-17,current,19,,Twin Lakes Lower,official_recent_stocking_unmatched,Colorado Parks and Wildlife,True,Recent CPW trout stocking: Twin Lakes Lower,Colorado Parks and Wildlife added Twin Lakes Lower to its recent catchable-trout stocking report for 2026-07-17. CPW region: southeast. No exact Colorado Fishing Atlas water-name match was found. The official stocking record remains available as an unmatched reference.,Catchable trout,,http://ndismaps.nrel.colostate.edu/fishingatlas/index.aspx?keyword=fspot&value=298
65b1d2f2d710fe6fe241,2026-07-17,current,19,San Miguel,Trout Lake,official_recent_stocking,Colorado Parks and Wildlife,True,Recent CPW trout stocking: Trout Lake,Colorado Parks and Wildlife added Trout Lake to its recent catchable-trout stocking report for 2026-07-17. CPW region: southwest.,Catchable trout,,http://ndismaps.nrel.colostate.edu/fishingatlas/index.aspx?keyword=fspot&value=753
d6c2f081220343fc49da,2026-07-17,current,19,,Taylor Reservoir,official_recent_stocking_unmatched,Colorado Parks and Wildlife,True,Recent CPW trout stocking: Taylor Reservoir,Colorado Parks and Wildlife added Taylor Reservoir to its recent catchable-trout stocking report for 2026-07-17. CPW region: southwest. No exact Colorado Fishing Atlas water-name match was found. The official stocking record remains available as an unmatched reference.,Catchable trout,,http://ndismaps.nrel.colostate.edu/fishingatlas/index.aspx?keyword=fspot&value=104
462eba29c268ad7e2d15,2026-07-17,current,19,Teller,Skaguay Reservoir,official_recent_stocking,Colorado Parks and Wildlife,True,Recent CPW trout stocking: Skaguay Reservoir,Colorado Parks and Wildlife added Skaguay Reservoir to its recent catchable-trout stocking report for 2026-07-17. CPW region: southeast.,Catchable trout,,http://ndismaps.nrel.colostate.edu/fishingatlas/index.aspx?keyword=fspot&value=455
ba81467b6b9e92d9e824,2026-07-17,current,19,Gunnison,Riverway Pond,official_recent_stocking,Colorado Parks and Wildlife,True,Recent CPW trout stocking: Riverway Pond,Colorado Parks and Wildlife added Riverway Pond to its recent catchable-trout stocking report for 2026-07-17. CPW region: southwest.,Catchable trout,,http://ndismaps.nrel.colostate.edu/fishingatlas/index.aspx?keyword=fspot&value=826
96fbf826d00c25ccfaad,2026-07-17,current,19,,Rio Grande Reservoir,official_recent_stocking_unmatched,Colorado Parks and Wildlife,True,Recent CPW trout stocking: Rio Grande Reservoir,Colorado Parks and Wildlife added Rio Grande Reservoir to its recent catchable-trout stocking report for 2026-07-17. CPW region: southwest. No exact Colorado Fishing Atlas water-name match was found. The official stocking record remains available as an unmatched reference.,Catchable trout,,http://ndismaps.nrel.colostate.edu/fishingatlas/index.aspx?keyword=fspot&value=271
3ea7d6000b315434ab8f,2026-07-17,current,19,Garfield,Rifle Creek,official_recent_stocking,Colorado Parks and Wildlife,True,Recent CPW trout stocking: Rifle Creek,Colorado Parks and Wildlife added Rifle Creek to its recent catchable-trout stocking report for 2026-07-17. CPW region: northwest.,Catchable trout,,http://ndismaps.nrel.colostate.edu/fishingatlas/index.aspx?keyword=fspot&value=1731
d9027bedc0ad88d3c5a3,2026-07-17,current,19,Gunnison,Quartz Creek,official_recent_stocking,Colorado Parks and Wildlife,True,Recent CPW trout stocking: Quartz Creek,Colorado Parks and Wildlife added Quartz Creek to its recent catchable-trout stocking report for 2026-07-17. CPW region: southwest.,Catchable trout,,http://ndismaps.nrel.colostate.edu/fishingatlas/index.aspx?keyword=fspot&value=1606
f48cb784a219f3000dd4,2026-07-17,current,19,Mineral,Pass Creek Pond,official_recent_stocking,Colorado Parks and Wildlife,True,Recent CPW trout stocking: Pass Creek Pond,Colorado Parks and Wildlife added Pass Creek Pond to its recent catchable-trout stocking report for 2026-07-17. CPW region: southwest.,Catchable trout,,http://ndismaps.nrel.colostate.edu/fishingatlas/index.aspx?keyword=fspot&value=748
f1595347c5ad868b9f03,2026-07-17,current,19,Gunnison,Pac-Man Lake,official_recent_stocking,Colorado Parks and Wildlife,True,Recent CPW trout stocking: Pac-Man Lake,Colorado Parks and Wildlife added Pac-Man Lake to its recent catchable-trout stocking report for 2026-07-17. CPW region: southwest.,Catchable trout,,http://ndismaps.nrel.colostate.edu/fishingatlas/index.aspx?keyword=fspot&value=344
61ee1565c111c2875ff8,2026-07-17,current,19,Eagle,Nottingham Lake,official_recent_stocking,Colorado Parks and Wildlife,True,Recent CPW trout stocking: Nottingham Lake,Colorado Parks and Wildlife added Nottingham Lake to its recent catchable-trout stocking report for 2026-07-17. CPW region: northwest.,Catchable trout,,http://ndismaps.nrel.colostate.edu/fishingatlas/index.aspx?keyword=fspot&value=74
e411459c84396dfba7da,2026-07-17,current,19,Jackson,Muddy Pass Lake,official_recent_stocking,Colorado Parks and Wildlife,True,Recent CPW trout stocking: Muddy Pass Lake,Colorado Parks and Wildlife added Muddy Pass Lake to its recent catchable-trout stocking report for 2026-07-17. CPW region: northeast.,Catchable trout,,http://ndismaps.nrel.colostate.edu/fishingatlas/index.aspx?keyword=fspot&value=781
1d8b01074c05c7ee504f,2026-07-17,current,19,Grand,Monarch Lake,official_recent_stocking,Colorado Parks and Wildlife,True,Recent CPW trout stocking: Monarch Lake,Colorado Parks and Wildlife added Monarch Lake to its recent catchable-trout stocking report for 2026-07-17. CPW region: northwest.,Catchable trout,,http://ndismaps.nrel.colostate.edu/fishingatlas/index.aspx?keyword=fspot&value=798
18ca075384e24559d116,2026-07-17,current,19,Mineral,Love Lake,official_recent_stocking,Colorado Parks and Wildlife,True,Recent CPW trout stocking: Love Lake,Colorado Parks and Wildlife added Love Lake to its recent catchable-trout stocking report for 2026-07-17. CPW region: southwest.,Catchable trout,,http://ndismaps.nrel.colostate.edu/fishingatlas/index.aspx?keyword=fspot&value=743
8abdd4f1715fc6f76825,2026-07-17,current,19,,Lost Lake,official_recent_stocking_unmatched,Colorado Parks and Wildlife,True,Recent CPW trout stocking: Lost Lake,Colorado Parks and Wildlife added Lost Lake to its recent catchable-trout stocking report for 2026-07-17. CPW region: northeast. Multiple Colorado Fishing Atlas waters share this name. The stocking record is intentionally left unmatched rather than assigned to a potentially incorrect county.,Catchable trout,,http://ndismaps.nrel.colostate.edu/fishingatlas/index.aspx?keyword=fspot&value=533
b97ec627510c185aa65c,2026-07-17,current,19,,Lake O'Haver,official_recent_stocking_unmatched,Colorado Parks and Wildlife,True,Recent CPW trout stocking: Lake O'Haver,Colorado Parks and Wildlife added Lake O'Haver to its recent catchable-trout stocking report for 2026-07-17. CPW region: southeast. No exact Colorado Fishing Atlas water-name match was found. The official stocking record remains available as an unmatched reference.,Catchable trout,,http://ndismaps.nrel.colostate.edu/fishingatlas/index.aspx?keyword=fspot&value=341
6ebf41b559f8d9aa4489,2026-07-17,current,19,Gunnison,Gunnison Pond,official_recent_stocking,Colorado Parks and Wildlife,True,Recent CPW trout stocking: Gunnison Pond,Colorado Parks and Wildlife added Gunnison Pond to its recent catchable-trout stocking report for 2026-07-17. CPW region: southwest.,Catchable trout,,http://ndismaps.nrel.colostate.edu/fishingatlas/index.aspx?keyword=fspot&value=838
1856ae5017daf041aab6,2026-07-17,current,19,Park,Fairplay Kids Pond,official_recent_stocking,Colorado Parks and Wildlife,True,Recent CPW trout stocking: Fairplay Kids Pond,Colorado Parks and Wildlife added Fairplay Kids Pond to its recent catchable-trout stocking report for 2026-07-17. CPW region: northeast.,Catchable trout,,http://ndismaps.nrel.colostate.edu/fishingatlas/index.aspx?keyword=fspot&value=804
1af461ec3e4f67b34510,2026-07-17,current,19,Teller,Crystal Creek Reservoir,official_recent_stocking,Colorado Parks and Wildlife,True,Recent CPW trout stocking: Crystal Creek Reservoir,Colorado Parks and Wildlife added Crystal Creek Reservoir to its recent catchable-trout stocking report for 2026-07-17. CPW region: southeast.,Catchable trout,,http://ndismaps.nrel.colostate.edu/fishingatlas/index.aspx?keyword=fspot&value=426
f1c32a1f9960a92153d0,2026-07-17,current,19,,Cottonwood Lake,official_recent_stocking_unmatched,Colorado Parks and Wildlife,True,Recent CPW trout stocking: Cottonwood Lake,Colorado Parks and Wildlife added Cottonwood Lake to its recent catchable-trout stocking report for 2026-07-17. CPW region: southeast. Multiple Colorado Fishing Atlas waters share this name. The stocking record is intentionally left unmatched rather than assigned to a potentially incorrect county.,Catchable trout,,http://ndismaps.nrel.colostate.edu/fishingatlas/index.aspx?keyword=fspot&value=484
93a56b3e811612f791ea,2026-07-17,current,19,,Copper Mountain Ponds,official_recent_stocking_unmatched,Colorado Parks and Wildlife,True,Recent CPW trout stocking: Copper Mountain Ponds,Colorado Parks and Wildlife added Copper Mountain Ponds to its recent catchable-trout stocking report for 2026-07-17. CPW region: northwest. No exact Colorado Fishing Atlas water-name match was found. The official stocking record remains available as an unmatched reference.,Catchable trout,,http://ndismaps.nrel.colostate.edu/fishingatlas/index.aspx?keyword=fspot&value=799
d3e3620f1afd00935ec9,2026-07-17,current,19,,Chalk Creek Lake,official_recent_stocking_unmatched,Colorado Parks and Wildlife,True,Recent CPW trout stocking: Chalk Creek Lake,Colorado Parks and Wildlife added Chalk Creek Lake to its recent catchable-trout stocking report for 2026-07-17. CPW region: southeast. No exact Colorado Fishing Atlas water-name match was found. The official stocking record remains available as an unmatched reference.,Catchable trout,,http://ndismaps.nrel.colostate.edu/fishingatlas/index.aspx?keyword=fspot&value=764
31b4aba696a5011e6723,2026-07-17,current,19,Teller,Catamount Reservoir South,official_recent_stocking,Colorado Parks and Wildlife,True,Recent CPW trout stocking: Catamount Reservoir South,Colorado Parks and Wildlife added Catamount Reservoir South to its recent catchable-trout stocking report for 2026-07-17. CPW region: southeast.,Catchable trout,,http://ndismaps.nrel.colostate.edu/fishingatlas/index.aspx?keyword=fspot&value=427
cc148c6c71f766d51fd6,2026-07-17,current,19,Eagle,Camp Hale Pond,official_recent_stocking,Colorado Parks and Wildlife,True,Recent CPW trout stocking: Camp Hale Pond,Colorado Parks and Wildlife added Camp Hale Pond to its recent catchable-trout stocking report for 2026-07-17. CPW region: northwest.,Catchable trout,,http://ndismaps.nrel.colostate.edu/fishingatlas/index.aspx?keyword=fspot&value=767
347cf7995e9c7f7620b2,2026-07-17,current,19,Eagle,Berry Creek Pond,official_recent_stocking,Colorado Parks and Wildlife,True,Recent CPW trout stocking: Berry Creek Pond,Colorado Parks and Wildlife added Berry Creek Pond to its recent catchable-trout stocking report for 2026-07-17. CPW region: northwest.,Catchable trout,,http://ndismaps.nrel.colostate.edu/fishingatlas/index.aspx?keyword=fspot&value=999
3ca7390f4f790aa56783,2026-07-17,current,19,Rio Grande,Beaver Creek Reservoir,official_recent_stocking,Colorado Parks and Wildlife,True,Recent CPW trout stocking: Beaver Creek Reservoir,Colorado Parks and Wildlife added Beaver Creek Reservoir to its recent catchable-trout stocking report for 2026-07-17. CPW region: southwest.,Catchable trout,,http://ndismaps.nrel.colostate.edu/fishingatlas/index.aspx?keyword=fspot&value=396
ce87505b6ce896db076d,2026-07-10,current,26,Grand,Wolford Mountain Reservoir,official_recent_stocking,Colorado Parks and Wildlife,True,Recent CPW trout stocking: Wolford Mountain Reservoir,Colorado Parks and Wildlife added Wolford Mountain Reservoir to its recent catchable-trout stocking report for 2026-07-10. CPW region: northwest.,Catchable trout,,http://ndismaps.nrel.colostate.edu/fishingatlas/index.aspx?keyword=fspot&value=46
28aca8b044a996411b31,2026-07-10,current,26,Mineral,Tucker Park Ponds,official_recent_stocking,Colorado Parks and Wildlife,True,Recent CPW trout stocking: Tucker Park Ponds,Colorado Parks and Wildlife added Tucker Park Ponds to its recent catchable-trout stocking report for 2026-07-10. CPW region: southwest.,Catchable trout,,http://ndismaps.nrel.colostate.edu/fishingatlas/index.aspx?keyword=fspot&value=814
a69d3433f57411a99e5c,2026-07-10,current,26,,Trujillo Meadows Reservoir,official_recent_stocking_unmatched,Colorado Parks and Wildlife,True,Recent CPW trout stocking: Trujillo Meadows Reservoir,Colorado Parks and Wildlife added Trujillo Meadows Reservoir to its recent catchable-trout stocking report for 2026-07-10. CPW region: southwest. No exact Colorado Fishing Atlas water-name match was found. The official stocking record remains available as an unmatched reference.,Catchable trout,,http://ndismaps.nrel.colostate.edu/fishingatlas/index.aspx?keyword=fspot&value=472
662f7efe68ac66ae7863,2026-07-10,current,26,Las Animas,Trinidad Reservoir,official_recent_stocking,Colorado Parks and Wildlife,True,Recent CPW trout stocking: Trinidad Reservoir,Colorado Parks and Wildlife added Trinidad Reservoir to its recent catchable-trout stocking report for 2026-07-10. CPW region: southeast.,Catchable trout,,http://ndismaps.nrel.colostate.edu/fishingatlas/index.aspx?keyword=fspot&value=111
c5a0fd781e77bf57a6f0,2026-07-10,current,26,,Taylor Reservoir,official_recent_stocking_unmatched,Colorado Parks and Wildlife,True,Recent CPW trout stocking: Taylor Reservoir,Colorado Parks and Wildlife added Taylor Reservoir to its recent catchable-trout stocking report for 2026-07-10. CPW region: southwest. No exact Colorado Fishing Atlas water-name match was found. The official stocking record remains available as an unmatched reference.,Catchable trout,,http://ndismaps.nrel.colostate.edu/fishingatlas/index.aspx?keyword=fspot&value=104
ed2131cff52bdac45b52,2026-07-10,current,26,Gilpin,Slough Pond,official_recent_stocking,Colorado Parks and Wildlife,True,Recent CPW trout stocking: Slough Pond,Colorado Parks and Wildlife added Slough Pond to its recent catchable-trout stocking report for 2026-07-10. CPW region: northwest.,Catchable trout,,http://ndismaps.nrel.colostate.edu/fishingatlas/index.aspx?keyword=fspot&value=249
1ec9e5ae45af410ae833,2026-07-10,current,26,Rio Blanco,Sheriff Reservoir,official_recent_stocking,Colorado Parks and Wildlife,True,Recent CPW trout stocking: Sheriff Reservoir,Colorado Parks and Wildlife added Sheriff Reservoir to its recent catchable-trout stocking report for 2026-07-10. CPW region: northwest.,Catchable trout,,http://ndismaps.nrel.colostate.edu/fishingatlas/index.aspx?keyword=fspot&value=830
fb41074204781dc89708,2026-07-10,current,26,Pitkin,Ruedi Reservoir,official_recent_stocking,Colorado Parks and Wildlife,True,Recent CPW trout stocking: Ruedi Reservoir,Colorado Parks and Wildlife added Ruedi Reservoir to its recent catchable-trout stocking report for 2026-07-10. CPW region: northwest.,Catchable trout,,http://ndismaps.nrel.colostate.edu/fishingatlas/index.aspx?keyword=fspot&value=486
c5897046299884a86369,2026-07-10,current,26,Gunnison,Roaring Judy Ponds,official_recent_stocking,Colorado Parks and Wildlife,True,Recent CPW trout stocking: Roaring Judy Ponds,Colorado Parks and Wildlife added Roaring Judy Ponds to its recent catchable-trout stocking report for 2026-07-10. CPW region: southwest.,Catchable trout,,http://ndismaps.nrel.colostate.edu/fishingatlas/index.aspx?keyword=fspot&value=839
e9f4e4eff197ff0f411a,2026-07-10,current,26,,Rio Grande Reservoir,official_recent_stocking_unmatched,Colorado Parks and Wildlife,True,Recent CPW trout stocking: Rio Grande Reservoir,Colorado Parks and Wildlife added Rio Grande Reservoir to its recent catchable-trout stocking report for 2026-07-10. CPW region: southwest. No exact Colorado Fishing Atlas water-name match was found. The official stocking record remains available as an unmatched reference.,Catchable trout,,http://ndismaps.nrel.colostate.edu/fishingatlas/index.aspx?keyword=fspot&value=271
b5021d23a10a37e05d76,2026-07-10,current,26,Garfield,Rifle Gap Reservoir,official_recent_stocking,Colorado Parks and Wildlife,True,Recent CPW trout stocking: Rifle Gap Reservoir,Colorado Parks and Wildlife added Rifle Gap Reservoir to its recent catchable-trout stocking report for 2026-07-10. CPW region: northwest.,Catchable trout,,http://ndismaps.nrel.colostate.edu/fishingatlas/index.aspx?keyword=fspot&value=423
7ec58f35f6d276373e2c,2026-07-10,current,26,Conejos,Platoro Reservoir,official_recent_stocking,Colorado Parks and Wildlife,True,Recent CPW trout stocking: Platoro Reservoir,Colorado Parks and Wildlife added Platoro Reservoir to its recent catchable-trout stocking report for 2026-07-10. CPW region: southwest.,Catchable trout,,http://ndismaps.nrel.colostate.edu/fishingatlas/index.aspx?keyword=fspot&value=124
721549c858f4b5b59db0,2026-07-10,current,26,Gunnison,Pitkin Kids Pond,official_recent_stocking,Colorado Parks and Wildlife,True,Recent CPW trout stocking: Pitkin Kids Pond,Colorado Parks and Wildlife added Pitkin Kids Pond to its recent catchable-trout stocking report for 2026-07-10. CPW region: southwest.,Catchable trout,,http://ndismaps.nrel.colostate.edu/fishingatlas/index.aspx?keyword=fspot&value=771
67483b27714a23604357,2026-07-10,current,26,Eagle,Piney Lake,official_recent_stocking,Colorado Parks and Wildlife,True,Recent CPW trout stocking: Piney Lake,Colorado Parks and Wildlife added Piney Lake to its recent catchable-trout stocking report for 2026-07-10. CPW region: northwest.,Catchable trout,,http://ndismaps.nrel.colostate.edu/fishingatlas/index.aspx?keyword=fspot&value=1730
0a310c500678ab1ad352,2026-07-10,current,26,Pitkin,Maroon Lake,official_recent_stocking,Colorado Parks and Wildlife,True,Recent CPW trout stocking: Maroon Lake,Colorado Parks and Wildlife added Maroon Lake to its recent catchable-trout stocking report for 2026-07-10. CPW region: northwest.,Catchable trout,,http://ndismaps.nrel.colostate.edu/fishingatlas/index.aspx?keyword=fspot&value=485
ae8adcc54405deab3a0e,2026-07-10,current,26,Pitkin,Lost Man Reservoir,official_recent_stocking,Colorado Parks and Wildlife,True,Recent CPW trout stocking: Lost Man Reservoir,Colorado Parks and Wildlife added Lost Man Reservoir to its recent catchable-trout stocking report for 2026-07-10. CPW region: northwest.,Catchable trout,,http://ndismaps.nrel.colostate.edu/fishingatlas/index.aspx?keyword=fspot&value=343
4c833b490967131c0ae6,2026-07-10,current,26,Gilpin,Kriley Pond,official_recent_stocking,Colorado Parks and Wildlife,True,Recent CPW trout stocking: Kriley Pond,Colorado Parks and Wildlife added Kriley Pond to its recent catchable-trout stocking report for 2026-07-10. CPW region: northwest.,Catchable trout,,http://ndismaps.nrel.colostate.edu/fishingatlas/index.aspx?keyword=fspot&value=248
cc44cb2a835a49c96da3,2026-07-10,current,26,Routt,Hahns Peak Lake,official_recent_stocking,Colorado Parks and Wildlife,True,Recent CPW trout stocking: Hahns Peak Lake,Colorado Parks and Wildlife added Hahns Peak Lake to its recent catchable-trout stocking report for 2026-07-10. CPW region: northwest.,Catchable trout,,http://ndismaps.nrel.colostate.edu/fishingatlas/index.aspx?keyword=fspot&value=791
bc0fe8a313c2619069a4,2026-07-10,current,26,,Deep Lake,official_recent_stocking_unmatched,Colorado Parks and Wildlife,True,Recent CPW trout stocking: Deep Lake,Colorado Parks and Wildlife added Deep Lake to its recent catchable-trout stocking report for 2026-07-10. CPW region: northwest. Multiple Colorado Fishing Atlas waters share this name. The stocking record is intentionally left unmatched rather than assigned to a potentially incorrect county.,Catchable trout,,http://ndismaps.nrel.colostate.edu/fishingatlas/index.aspx?keyword=fspot&value=975
beb35e71ad62e807fb45,2026-07-10,current,26,,"Big Creek Lake, Lower",official_recent_stocking_unmatched,Colorado Parks and Wildlife,True,"Recent CPW trout stocking: Big Creek Lake, Lower","Colorado Parks and Wildlife added Big Creek Lake, Lower to its recent catchable-trout stocking report for 2026-07-10. CPW region: northeast. No exact Colorado Fishing Atlas water-name match was found. The official stocking record remains available as an unmatched reference.",Catchable trout,,http://ndismaps.nrel.colostate.edu/fishingatlas/index.aspx?keyword=fspot&value=397
84224fe2947e1d546f05,2026-07-10,current,26,,Bear Lake,official_recent_stocking_unmatched,Colorado Parks and Wildlife,True,Recent CPW trout stocking: Bear Lake,Colorado Parks and Wildlife added Bear Lake to its recent catchable-trout stocking report for 2026-07-10. CPW region: northwest. Multiple Colorado Fishing Atlas waters share this name. The stocking record is intentionally left unmatched rather than assigned to a potentially incorrect county.,Catchable trout,,http://ndismaps.nrel.colostate.edu/fishingatlas/index.aspx?keyword=fspot&value=49
b092d43c30c57ed2001e,2026-07-03,recent,33,Gunnison,Tincup Pond,official_recent_stocking,Colorado Parks and Wildlife,True,Recent CPW trout stocking: Tincup Pond,Colorado Parks and Wildlife added Tincup Pond to its recent catchable-trout stocking report for 2026-07-03. CPW region: southwest.,Catchable trout,,http://ndismaps.nrel.colostate.edu/fishingatlas/index.aspx?keyword=fspot&value=844
4e4e504853a20306726d,2026-07-03,recent,33,,Taylor Reservoir,official_recent_stocking_unmatched,Colorado Parks and Wildlife,True,Recent CPW trout stocking: Taylor Reservoir,Colorado Parks and Wildlife added Taylor Reservoir to its recent catchable-trout stocking report for 2026-07-03. CPW region: southwest. No exact Colorado Fishing Atlas water-name match was found. The official stocking record remains available as an unmatched reference.,Catchable trout,,http://ndismaps.nrel.colostate.edu/fishingatlas/index.aspx?keyword=fspot&value=104
b816c18f56fcb74c3a89,2026-07-03,recent,33,Gunnison,Riverway Pond,official_recent_stocking,Colorado Parks and Wildlife,True,Recent CPW trout stocking: Riverway Pond,Colorado Parks and Wildlife added Riverway Pond to its recent catchable-trout stocking report for 2026-07-03. CPW region: southwest.,Catchable trout,,http://ndismaps.nrel.colostate.edu/fishingatlas/index.aspx?keyword=fspot&value=826
39e2ecd21f6cf6398283,2026-07-03,recent,33,Gunnison,Quartz Creek,official_recent_stocking,Colorado Parks and Wildlife,True,Recent CPW trout stocking: Quartz Creek,Colorado Parks and Wildlife added Quartz Creek to its recent catchable-trout stocking report for 2026-07-03. CPW region: southwest.,Catchable trout,,http://ndismaps.nrel.colostate.edu/fishingatlas/index.aspx?keyword=fspot&value=1606
9cabfd7c162d3548fee6,2026-07-03,recent,33,Gunnison,Pac-Man Lake,official_recent_stocking,Colorado Parks and Wildlife,True,Recent CPW trout stocking: Pac-Man Lake,Colorado Parks and Wildlife added Pac-Man Lake to its recent catchable-trout stocking report for 2026-07-03. CPW region: southwest.,Catchable trout,,http://ndismaps.nrel.colostate.edu/fishingatlas/index.aspx?keyword=fspot&value=344
2bcafd7175f004050c6a,2026-07-03,recent,33,Jackson,North Michigan Reservoir,official_recent_stocking,Colorado Parks and Wildlife,True,Recent CPW trout stocking: North Michigan Reservoir,Colorado Parks and Wildlife added North Michigan Reservoir to its recent catchable-trout stocking report for 2026-07-03. CPW region: northeast.,Catchable trout,,http://ndismaps.nrel.colostate.edu/fishingatlas/index.aspx?keyword=fspot&value=56
45009d5e6648c37e2c87,2026-07-03,recent,33,Saguache,Mosquito Lake,official_recent_stocking,Colorado Parks and Wildlife,True,Recent CPW trout stocking: Mosquito Lake,Colorado Parks and Wildlife added Mosquito Lake to its recent catchable-trout stocking report for 2026-07-03. CPW region: southwest.,Catchable trout,,http://ndismaps.nrel.colostate.edu/fishingatlas/index.aspx?keyword=fspot&value=1729
5977cd3cfe2c1da508b4,2026-07-03,recent,33,Gunnison,Mirror Lake,official_recent_stocking,Colorado Parks and Wildlife,True,Recent CPW trout stocking: Mirror Lake,Colorado Parks and Wildlife added Mirror Lake to its recent catchable-trout stocking report for 2026-07-03. CPW region: southwest.,Catchable trout,,http://ndismaps.nrel.colostate.edu/fishingatlas/index.aspx?keyword=fspot&value=775
9a0e72a6743e7785381b,2026-07-03,recent,33,Hinsdale,Lake San Cristobal,official_recent_stocking,Colorado Parks and Wildlife,True,Recent CPW trout stocking: Lake San Cristobal,Colorado Parks and Wildlife added Lake San Cristobal to its recent catchable-trout stocking report for 2026-07-03. CPW region: southwest.,Catchable trout,,http://ndismaps.nrel.colostate.edu/fishingatlas/index.aspx?keyword=fspot&value=106
0b7b01b7d000e6bf052f,2026-07-03,recent,33,Las Animas,Lake Dorothey,official_recent_stocking,Colorado Parks and Wildlife,True,Recent CPW trout stocking: Lake Dorothey,Colorado Parks and Wildlife added Lake Dorothey to its recent catchable-trout stocking report for 2026-07-03. CPW region: southeast.,Catchable trout,,http://ndismaps.nrel.colostate.edu/fishingatlas/index.aspx?keyword=fspot&value=855
171639ea43064b795b82,2026-07-03,recent,33,Gunnison,Gunnison Pond,official_recent_stocking,Colorado Parks and Wildlife,True,Recent CPW trout stocking: Gunnison Pond,Colorado Parks and Wildlife added Gunnison Pond to its recent catchable-trout stocking report for 2026-07-03. CPW region: southwest.,Catchable trout,,http://ndismaps.nrel.colostate.edu/fishingatlas/index.aspx?keyword=fspot&value=838
c54e2898ca38409b7964,2026-07-03,recent,33,Arapahoe,Cherry Creek Reservoir,official_recent_stocking,Colorado Parks and Wildlife,True,Recent CPW trout stocking: Cherry Creek Reservoir,Colorado Parks and Wildlife added Cherry Creek Reservoir to its recent catchable-trout stocking report for 2026-07-03. CPW region: northeast.,Catchable trout,,http://ndismaps.nrel.colostate.edu/fishingatlas/index.aspx?keyword=fspot&value=315
2994e21758c49786504b,2026-07-03,recent,33,,Chatfield Reservoir,official_recent_stocking_unmatched,Colorado Parks and Wildlife,True,Recent CPW trout stocking: Chatfield Reservoir,Colorado Parks and Wildlife added Chatfield Reservoir to its recent catchable-trout stocking report for 2026-07-03. CPW region: northeast. Multiple Colorado Fishing Atlas waters share this name. The stocking record is intentionally left unmatched rather than assigned to a potentially incorrect county.,Catchable trout,,http://ndismaps.nrel.colostate.edu/fishingatlas/index.aspx?keyword=fspot&value=364
01add7ccd90419195bd9,2026-07-03,recent,33,,Blue Lake,official_recent_stocking_unmatched,Colorado Parks and Wildlife,True,Recent CPW trout stocking: Blue Lake,Colorado Parks and Wildlife added Blue Lake to its recent catchable-trout stocking report for 2026-07-03. CPW region: southeast. Multiple Colorado Fishing Atlas waters share this name. The stocking record is intentionally left unmatched rather than assigned to a potentially incorrect county.,Catchable trout,,http://ndismaps.nrel.colostate.edu/fishingatlas/index.aspx?keyword=fspot&value=739
0ea57768726675f21c32,2026-07-03,recent,33,,Big Molas Lake,official_recent_stocking_unmatched,Colorado Parks and Wildlife,True,Recent CPW trout stocking: Big Molas Lake,Colorado Parks and Wildlife added Big Molas Lake to its recent catchable-trout stocking report for 2026-07-03. CPW region: southwest. No exact Colorado Fishing Atlas water-name match was found. The official stocking record remains available as an unmatched reference.,Catchable trout,,http://ndismaps.nrel.colostate.edu/fishingatlas/index.aspx?keyword=fspot&value=474
38a505b49ed583f49129,2026-07-03,recent,33,Mineral,Big Meadows Reservoir,official_recent_stocking,Colorado Parks and Wildlife,True,Recent CPW trout stocking: Big Meadows Reservoir,Colorado Parks and Wildlife added Big Meadows Reservoir to its recent catchable-trout stocking report for 2026-07-03. CPW region: southwest.,Catchable trout,,http://ndismaps.nrel.colostate.edu/fishingatlas/index.aspx?keyword=fspot&value=545
67887e013f64830165d7,2026-07-03,recent,33,Rio Grande,Beaver Creek Reservoir,official_recent_stocking,Colorado Parks and Wildlife,True,Recent CPW trout stocking: Beaver Creek Reservoir,Colorado Parks and Wildlife added Beaver Creek Reservoir to its recent catchable-trout stocking report for 2026-07-03. CPW region: southwest.,Catchable trout,,http://ndismaps.nrel.colostate.edu/fishingatlas/index.aspx?keyword=fspot&value=396
cd79d23ff741dc2cee1b,2026-07-03,recent,33,,Bear Lake,official_recent_stocking_unmatched,Colorado Parks and Wildlife,True,Recent CPW trout stocking: Bear Lake,Colorado Parks and Wildlife added Bear Lake to its recent catchable-trout stocking report for 2026-07-03. CPW region: southeast. Multiple Colorado Fishing Atlas waters share this name. The stocking record is intentionally left unmatched rather than assigned to a potentially incorrect county.,Catchable trout,,http://ndismaps.nrel.colostate.edu/fishingatlas/index.aspx?keyword=fspot&value=740
53953762a8635d40e161,2026-07-03,recent,33,Delta,Bailey Reservoir,official_recent_stocking,Colorado Parks and Wildlife,True,Recent CPW trout stocking: Bailey Reservoir,Colorado Parks and Wildlife added Bailey Reservoir to its recent catchable-trout stocking report for 2026-07-03. CPW region: southwest.,Catchable trout,,http://ndismaps.nrel.colostate.edu/fishingatlas/index.aspx?keyword=fspot&value=732
ea1f5e5546db3039b1b5,2026-07-03,recent,33,Arapahoe,Aurora Reservoir,official_recent_stocking,Colorado Parks and Wildlife,True,Recent CPW trout stocking: Aurora Reservoir,Colorado Parks and Wildlife added Aurora Reservoir to its recent catchable-trout stocking report for 2026-07-03. CPW region: northeast.,Catchable trout,,http://ndismaps.nrel.colostate.edu/fishingatlas/index.aspx?keyword=fspot&value=85
cd30c68e974b6922061d,2026-07-03,recent,33,,Animas #2,official_recent_stocking_unmatched,Colorado Parks and Wildlife,True,Recent CPW trout stocking: Animas #2,Colorado Parks and Wildlife added Animas #2 to its recent catchable-trout stocking report for 2026-07-03. CPW region: southwest. No exact Colorado Fishing Atlas water-name match was found. The official stocking record remains available as an unmatched reference.,Catchable trout,,http://ndismaps.nrel.colostate.edu/fishingatlas/index.aspx?keyword=fspot&value=1432
4f239a087d098c9a5a26,2026-07-03,recent,33,San Juan,Andrews Lake,official_recent_stocking,Colorado Parks and Wildlife,True,Recent CPW trout stocking: Andrews Lake,Colorado Parks and Wildlife added Andrews Lake to its recent catchable-trout stocking report for 2026-07-03. CPW region: southwest.,Catchable trout,,http://ndismaps.nrel.colostate.edu/fishingatlas/index.aspx?keyword=fspot&value=677
cf1c8231439d0d98f1a0,,date_unknown,,Lake,[Purposely Left Blank],official_fishery_survey,Colorado Parks and Wildlife,True,CPW fishery survey: [Purposely Left Blank],"Colorado Parks and Wildlife provides an official fishery survey or report for this water. Open the source for survey dates, species observations, management findings and access information.",,,https://cpw.state.co.us/thingstodo/Fishery%20Survey%20Summaries/TwinLakesReservoirs.pdf
c2f197a14ce723d49eb6,,date_unknown,,Larimer,[Purposely Left Blank],official_fishery_survey,Colorado Parks and Wildlife,True,CPW fishery survey: [Purposely Left Blank],"Colorado Parks and Wildlife provides an official fishery survey or report for this water. Open the source for survey dates, species observations, management findings and access information.",,,https://cpw.state.co.us/thingstodo/Fishery%20Survey%20Summaries/RiversEdgeNaturalArea.pdf
773e989c7f6963141692,,date_unknown,,Grand,[Purposely Left Blank],official_fishery_survey,Colorado Parks and Wildlife,True,CPW fishery survey: [Purposely Left Blank],"Colorado Parks and Wildlife provides an official fishery survey or report for this water. Open the source for survey dates, species observations, management findings and access information.",,,https://cpw.state.co.us/thingstodo/Fishery%20Survey%20Summaries/ColoradoRivernearParshall.pdf
100aa941ce5c9d52084d,,date_unknown,,Weld,[Purposely Left Blank],official_fishery_survey,Colorado Parks and Wildlife,True,CPW fishery survey: [Purposely Left Blank],"Colorado Parks and Wildlife provides an official fishery survey or report for this water. Open the source for survey dates, species observations, management findings and access information.",,,https://cpw.state.co.us/thingstodo/Fishery%20Survey%20Summaries/StVrainStateParkPonds.pdf
c77cdac9d78655f49b57,,date_unknown,,Grand,Wolford Mountain Reservoir,official_fishery_survey,Colorado Parks and Wildlife,True,CPW fishery survey: Wolford Mountain Reservoir,"Colorado Parks and Wildlife provides an official fishery survey or report for this water. Open the source for survey dates, species observations, management findings and access information.",,,https://cpw.state.co.us/thingstodo/Fishery%20Survey%20Summaries/WolfordMountainReservoir.pdf
13db6e3d0b8dd085cc26,,date_unknown,,Grand,Williams Fork Reservoir,official_fishery_survey,Colorado Parks and Wildlife,True,CPW fishery survey: Williams Fork Reservoir,"Colorado Parks and Wildlife provides an official fishery survey or report for this water. Open the source for survey dates, species observations, management findings and access information.",,,https://cpw.state.co.us/thingstodo/Fishery%20Survey%20Summaries/WilliamsForkReservoir.pdf
0d55cf5a1ba65abab60c,,date_unknown,,La Plata,Vallecito Reservoir,official_fishery_survey,Colorado Parks and Wildlife,True,CPW fishery survey: Vallecito Reservoir,"Colorado Parks and Wildlife provides an official fishery survey or report for this water. Open the source for survey dates, species observations, management findings and access information.",,,https://cpw.state.co.us/thingstodo/Fishery%20Survey%20Summaries/VallecitoReservoir.pdf
2797493d1a9bbc84ae99,,date_unknown,,Weld,Union Reservoir,official_fishery_survey,Colorado Parks and Wildlife,True,CPW fishery survey: Union Reservoir,"Colorado Parks and Wildlife provides an official fishery survey or report for this water. Open the source for survey dates, species observations, management findings and access information.",,,https://cpw.state.co.us/thingstodo/Fishery%20Survey%20Summaries/UnionReservoir.pdf
6c48e065c283d7f1bbdd,,date_unknown,,Lake,Turquoise Lake,official_fishery_survey,Colorado Parks and Wildlife,True,CPW fishery survey: Turquoise Lake,"Colorado Parks and Wildlife provides an official fishery survey or report for this water. Open the source for survey dates, species observations, management findings and access information.",,,https://cpw.state.co.us/thingstodo/Fishery%20Survey%20Summaries/TurquoiseReservoir.pdf
f936c9969e3c8f842031,,date_unknown,,Baca,Turks Pond,official_fishery_survey,Colorado Parks and Wildlife,True,CPW fishery survey: Turks Pond,"Colorado Parks and Wildlife provides an official fishery survey or report for this water. Open the source for survey dates, species observations, management findings and access information.",,,https://cpw.state.co.us/thingstodo/Fishery%20Survey%20Summaries/TurksPond.pdf
8e590f20dacf235cdc2f,,date_unknown,,Las Animas,Trinidad Reservoir,official_fishery_survey,Colorado Parks and Wildlife,True,CPW fishery survey: Trinidad Reservoir,"Colorado Parks and Wildlife provides an official fishery survey or report for this water. Open the source for survey dates, species observations, management findings and access information.",,,https://cpw.state.co.us/thingstodo/Fishery%20Survey%20Summaries/TrinidadReservoir.pdf
04114a47b55c3f8ef016,,date_unknown,,Gunnison,Taylor River,official_fishery_survey,Colorado Parks and Wildlife,True,CPW fishery survey: Taylor River,"Colorado Parks and Wildlife provides an official fishery survey or report for this water. Open the source for survey dates, species observations, management findings and access information.",,,https://cpw.state.co.us/thingstodo/Fishery%20Survey%20Summaries/TaylorRiverbelowTaylorParkRes.pdf
2d9a979ea34786864ce8,,date_unknown,,Gunnison,Taylor Park Reservoir,official_fishery_survey,Colorado Parks and Wildlife,True,CPW fishery survey: Taylor Park Reservoir,"Colorado Parks and Wildlife provides an official fishery survey or report for this water. Open the source for survey dates, species observations, management findings and access information.",,,https://cpw.state.co.us/thingstodo/Fishery%20Survey%20Summaries/TaylorParkReservoir.pdf
5e1995442b8723651e8e,,date_unknown,,Yuma,Stalker Lake,official_fishery_survey,Colorado Parks and Wildlife,True,CPW fishery survey: Stalker Lake,"Colorado Parks and Wildlife provides an official fishery survey or report for this water. Open the source for survey dates, species observations, management findings and access information.",,,https://cpw.state.co.us/thingstodo/Fishery%20Survey%20Summaries/StalkerLake.pdf
8db5fe70e06842ac609e,,date_unknown,,Park,Spinney Mountain Reservoir,official_fishery_survey,Colorado Parks and Wildlife,True,CPW fishery survey: Spinney Mountain Reservoir,"Colorado Parks and Wildlife provides an official fishery survey or report for this water. Open the source for survey dates, species observations, management findings and access information.",,,https://cpw.state.co.us/thingstodo/Fishery%20Survey%20Summaries/SpinneyMountainReservoir.pdf
ed1e1bae79e897d114aa,,date_unknown,,Park,South Platte River,official_fishery_survey,Colorado Parks and Wildlife,True,CPW fishery survey: South Platte River,"Colorado Parks and Wildlife provides an official fishery survey or report for this water. Open the source for survey dates, species observations, management findings and access information.",,,https://cpw.state.co.us/thingstodo/Fishery%20Survey%20Summaries/SouthPlatteRiverAtTheDreamStream.pdf
d740fb9b02fb63d2c494,,date_unknown,,Jefferson,South Platte River,official_fishery_survey,Colorado Parks and Wildlife,True,CPW fishery survey: South Platte River,"Colorado Parks and Wildlife provides an official fishery survey or report for this water. Open the source for survey dates, species observations, management findings and access information.",,,https://cpw.state.co.us/thingstodo/Fishery%20Survey%20Summaries/SouthPlatteRiverAtDeckers.pdf
eec0bf31b86963eef9f3,,date_unknown,,Jefferson,South Platte River,official_fishery_survey,Colorado Parks and Wildlife,True,CPW fishery survey: South Platte River,"Colorado Parks and Wildlife provides an official fishery survey or report for this water. Open the source for survey dates, species observations, management findings and access information.",,,https://cpw.state.co.us/thingstodo/Fishery%20Survey%20Summaries/SouthPlatteRiverAtCheesmanCanyon.pdf
3a9f5a1e3cc9778e4a01,,date_unknown,,Teller,Skaguay Reservoir,official_fishery_survey,Colorado Parks and Wildlife,True,CPW fishery survey: Skaguay Reservoir,"Colorado Parks and Wildlife provides an official fishery survey or report for this water. Open the source for survey dates, species observations, management findings and access information.",,,https://cpw.state.co.us/thingstodo/Fishery%20Survey%20Summaries/SkaguayReservoir.pdf
53525ed80bb7f5721fa8,,date_unknown,,Grand,Shadow Mountain Reservoir,official_fishery_survey,Colorado Parks and Wildlife,True,CPW fishery survey: Shadow Mountain Reservoir,"Colorado Parks and Wildlife provides an official fishery survey or report for this water. Open the source for survey dates, species observations, management findings and access information.",,,https://cpw.state.co.us/thingstodo/Fishery%20Survey%20Summaries/ShadowMountainReservoir.pdf
8f60ecfa8f8b46b9f260,,date_unknown,,Archuleta,San Juan River,official_fishery_survey,Colorado Parks and Wildlife,True,CPW fishery survey: San Juan River,"Colorado Parks and Wildlife provides an official fishery survey or report for this water. Open the source for survey dates, species observations, management findings and access information.",,,https://cpw.state.co.us/thingstodo/Fishery%20Survey%20Summaries/SanJuanRiverPagosaSprings.pdf
3f79a289693086a576a9,,date_unknown,,Pueblo,Runyon Lake,official_fishery_survey,Colorado Parks and Wildlife,True,CPW fishery survey: Runyon Lake,"Colorado Parks and Wildlife provides an official fishery survey or report for this water. Open the source for survey dates, species observations, management findings and access information.",,,https://cpw.state.co.us/thingstodo/Fishery%20Survey%20Summaries/RunyonLake.pdf
420f991f541f85655973,,date_unknown,,Pitkin,Ruedi Reservoir,official_fishery_survey,Colorado Parks and Wildlife,True,CPW fishery survey: Ruedi Reservoir,"Colorado Parks and Wildlife provides an official fishery survey or report for this water. Open the source for survey dates, species observations, management findings and access information.",,,https://cpw.state.co.us/thingstodo/Fishery%20Survey%20Summaries/RuediReservoir.pdf
1f4a24dd0f92b2ed1d54,,date_unknown,,Rio Grande,Rio Grande River,official_fishery_survey,Colorado Parks and Wildlife,True,CPW fishery survey: Rio Grande River,"Colorado Parks and Wildlife provides an official fishery survey or report for this water. Open the source for survey dates, species observations, management findings and access information.",,,https://cpw.state.co.us/thingstodo/Fishery%20Survey%20Summaries/RioGrandeRiver.pdf
2fd46100d4230acc6c8d,,date_unknown,,Ouray,Ridgway Reservoir,official_fishery_survey,Colorado Parks and Wildlife,True,CPW fishery survey: Ridgway Reservoir,"Colorado Parks and Wildlife provides an official fishery survey or report for this water. Open the source for survey dates, species observations, management findings and access information.",,,https://cpw.state.co.us/thingstodo/Fishery%20Survey%20Summaries/RidgwayReservoir.pdf
ab5733789937b84acbb6,,date_unknown,,Grand,Red Dirt Reservoir,official_fishery_survey,Colorado Parks and Wildlife,True,CPW fishery survey: Red Dirt Reservoir,"Colorado Parks and Wildlife provides an official fishery survey or report for this water. Open the source for survey dates, species observations, management findings and access information.",,,https://cpw.state.co.us/thingstodo/Fishery%20Survey%20Summaries/RedDirtReservoir.pdf
a9d276c7bf15fff20e5b,,date_unknown,,El Paso,Rampart Reservoir,official_fishery_survey,Colorado Parks and Wildlife,True,CPW fishery survey: Rampart Reservoir,"Colorado Parks and Wildlife provides an official fishery survey or report for this water. Open the source for survey dates, species observations, management findings and access information.",,,https://cpw.state.co.us/thingstodo/Fishery%20Survey%20Summaries/RampartReservoir.pdf
16b15645b78fb2a9c4d5,,date_unknown,,Arapahoe,Quincy Reservoir,official_fishery_survey,Colorado Parks and Wildlife,True,CPW fishery survey: Quincy Reservoir,"Colorado Parks and Wildlife provides an official fishery survey or report for this water. Open the source for survey dates, species observations, management findings and access information.",,,https://cpw.state.co.us/thingstodo/Fishery%20Survey%20Summaries/QuincyReservoir.pdf
3bb0498a396e3947aff2,,date_unknown,,Pueblo,Pueblo Reservoir,official_fishery_survey,Colorado Parks and Wildlife,True,CPW fishery survey: Pueblo Reservoir,"Colorado Parks and Wildlife provides an official fishery survey or report for this water. Open the source for survey dates, species observations, management findings and access information.",,,https://cpw.state.co.us/thingstodo/Fishery%20Survey%20Summaries/PuebloReservoir.pdf
5c42e746c6096de97296,,date_unknown,,El Paso,Prospect Lake,official_fishery_survey,Colorado Parks and Wildlife,True,CPW fishery survey: Prospect Lake,"Colorado Parks and Wildlife provides an official fishery survey or report for this water. Open the source for survey dates, species observations, management findings and access information.",,,https://cpw.state.co.us/thingstodo/Fishery%20Survey%20Summaries/ProspectLake.pdf
bb45167c263cbd9ecbed,,date_unknown,,Washington,Prewitt Reservoir,official_fishery_survey,Colorado Parks and Wildlife,True,CPW fishery survey: Prewitt Reservoir,"Colorado Parks and Wildlife provides an official fishery survey or report for this water. Open the source for survey dates, species observations, management findings and access information.",,,https://cpw.state.co.us/thingstodo/Fishery%20Survey%20Summaries/PrewittReservoir.pdf
db6b002f64421b2cfe83,,date_unknown,,Logan,North Sterling Reservoir,official_fishery_survey,Colorado Parks and Wildlife,True,CPW fishery survey: North Sterling Reservoir,"Colorado Parks and Wildlife provides an official fishery survey or report for this water. Open the source for survey dates, species observations, management findings and access information.",,,https://cpw.state.co.us/thingstodo/Fishery%20Survey%20Summaries/NorthSterlingReservoir.pdf
c3b714c5e6d068226aec,,date_unknown,,Kiowa,Neeskah Reservoir,official_fishery_survey,Colorado Parks and Wildlife,True,CPW fishery survey: Neeskah Reservoir,"Colorado Parks and Wildlife provides an official fishery survey or report for this water. Open the source for survey dates, species observations, management findings and access information.",,,https://cpw.state.co.us/thingstodo/Fishery%20Survey%20Summaries/QueensReservoir.pdf
29289592d8c560a57203,,date_unknown,,Kiowa,Nee Noshe Reservoir,official_fishery_survey,Colorado Parks and Wildlife,True,CPW fishery survey: Nee Noshe Reservoir,"Colorado Parks and Wildlife provides an official fishery survey or report for this water. Open the source for survey dates, species observations, management findings and access information.",,,https://cpw.state.co.us/thingstodo/Fishery%20Survey%20Summaries/NeeNosheReservoir.pdf
50788625f6856924d56b,,date_unknown,,Lake,Mt. Elbert Forebay,official_fishery_survey,Colorado Parks and Wildlife,True,CPW fishery survey: Mt. Elbert Forebay,"Colorado Parks and Wildlife provides an official fishery survey or report for this water. Open the source for survey dates, species observations, management findings and access information.",,,https://cpw.state.co.us/thingstodo/Fishery%20Survey%20Summaries/MtElbertForebayReservoir.pdf
aa0bfeec717c30d3a35a,,date_unknown,,Grand,Monarch Lake,official_fishery_survey,Colorado Parks and Wildlife,True,CPW fishery survey: Monarch Lake,"Colorado Parks and Wildlife provides an official fishery survey or report for this water. Open the source for survey dates, species observations, management findings and access information.",,,https://cpw.state.co.us/thingstodo/Fishery%20Survey%20Summaries/MonarchLake.pdf
e44548c9c1ad059fc4ad,,date_unknown,,San Miguel,Miramonte Reservoir,official_fishery_survey,Colorado Parks and Wildlife,True,CPW fishery survey: Miramonte Reservoir,"Colorado Parks and Wildlife provides an official fishery survey or report for this water. Open the source for survey dates, species observations, management findings and access information.",,,https://cpw.state.co.us/thingstodo/Fishery%20Survey%20Summaries/MiramonteReservoir.pdf
455cc0d2df85cc12f155,,date_unknown,,Weld,Milavec Reservoir,official_fishery_survey,Colorado Parks and Wildlife,True,CPW fishery survey: Milavec Reservoir,"Colorado Parks and Wildlife provides an official fishery survey or report for this water. Open the source for survey dates, species observations, management findings and access information.",,,https://cpw.state.co.us/thingstodo/Fishery%20Survey%20Summaries/MilavecReservoir.pdf
8d214cccaa1b252d84e3,,date_unknown,,Crowley,Meredith Reservoir,official_fishery_survey,Colorado Parks and Wildlife,True,CPW fishery survey: Meredith Reservoir,"Colorado Parks and Wildlife provides an official fishery survey or report for this water. Open the source for survey dates, species observations, management findings and access information.",,,https://cpw.state.co.us/thingstodo/Fishery%20Survey%20Summaries/MeredithReservoir.pdf
ccb7869bbc8fcad92946,,date_unknown,,Grand,Meadow Creek Reservoir,official_fishery_survey,Colorado Parks and Wildlife,True,CPW fishery survey: Meadow Creek Reservoir,"Colorado Parks and Wildlife provides an official fishery survey or report for this water. Open the source for survey dates, species observations, management findings and access information.",,,https://cpw.state.co.us/thingstodo/Fishery%20Survey%20Summaries/MeadowCreekReservoir.pdf
9cd9defc778ce39cb226,,date_unknown,,Montezuma,McPhee Reservoir,official_fishery_survey,Colorado Parks and Wildlife,True,CPW fishery survey: McPhee Reservoir,"Colorado Parks and Wildlife provides an official fishery survey or report for this water. Open the source for survey dates, species observations, management findings and access information.",,,https://cpw.state.co.us/thingstodo/Fishery%20Survey%20Summaries/McPheeReservoir.pdf
3dade92d7542250b49c1,,date_unknown,,Boulder,McIntosh Lake,official_fishery_survey,Colorado Parks and Wildlife,True,CPW fishery survey: McIntosh Lake,"Colorado Parks and Wildlife provides an official fishery survey or report for this water. Open the source for survey dates, species observations, management findings and access information.",,,https://cpw.state.co.us/thingstodo/Fishery%20Survey%20Summaries/McIntoshLake.pdf
ca33dd6e1e9b49cefe2e,,date_unknown,,Boulder,McCall Lake,official_fishery_survey,Colorado Parks and Wildlife,True,CPW fishery survey: McCall Lake,"Colorado Parks and Wildlife provides an official fishery survey or report for this water. Open the source for survey dates, species observations, management findings and access information.",,,https://cpw.state.co.us/thingstodo/Fishery%20Survey%20Summaries/McCallLake.pdf
c2b99b040dbebb42e379,,date_unknown,,Huerfano,Martin Lake,official_fishery_survey,Colorado Parks and Wildlife,True,CPW fishery survey: Martin Lake,"Colorado Parks and Wildlife provides an official fishery survey or report for this water. Open the source for survey dates, species observations, management findings and access information.",,,https://cpw.state.co.us/thingstodo/Fishery%20Survey%20Summaries/MartinLake.pdf
9e5a11bd529cac2f0149,,date_unknown,,Boulder,Lost Lake,official_fishery_survey,Colorado Parks and Wildlife,True,CPW fishery survey: Lost Lake,"Colorado Parks and Wildlife provides an official fishery survey or report for this water. Open the source for survey dates, species observations, management findings and access information.",,,https://cpw.state.co.us/thingstodo/Fishery%20Survey%20Summaries/JamesPeakWildernessLakes.pdf
4fb3e59a9b4a60549e37,,date_unknown,,Larimer,Lon Hagler Reservoir,official_fishery_survey,Colorado Parks and Wildlife,True,CPW fishery survey: Lon Hagler Reservoir,"Colorado Parks and Wildlife provides an official fishery survey or report for this water. Open the source for survey dates, species observations, management findings and access information.",,,https://cpw.state.co.us/thingstodo/Fishery%20Survey%20Summaries/LonHagler.pdf
c9bb0bf035b371d8efd3,,date_unknown,,Larimer,Lake Loveland,official_fishery_survey,Colorado Parks and Wildlife,True,CPW fishery survey: Lake Loveland,"Colorado Parks and Wildlife provides an official fishery survey or report for this water. Open the source for survey dates, species observations, management findings and access information.",,,https://cpw.state.co.us/thingstodo/Fishery%20Survey%20Summaries/LakeLoveland.pdf
4b262390deaa00d25838,,date_unknown,,Jackson,Lake John,official_fishery_survey,Colorado Parks and Wildlife,True,CPW fishery survey: Lake John,"Colorado Parks and Wildlife provides an official fishery survey or report for this water. Open the source for survey dates, species observations, management findings and access information.",,,https://cpw.state.co.us/thingstodo/Fishery%20Survey%20Summaries/LakeJohn.pdf
61adb8716049a28f813a,,date_unknown,,Grand,Lake Granby,official_fishery_survey,Colorado Parks and Wildlife,True,CPW fishery survey: Lake Granby,"Colorado Parks and Wildlife provides an official fishery survey or report for this water. Open the source for survey dates, species observations, management findings and access information.",,,https://cpw.state.co.us/thingstodo/Fishery%20Survey%20Summaries/LakeGranby.pdf
5c86c81c1128690a2744,,date_unknown,,Larimer,Lake Estes,official_fishery_survey,Colorado Parks and Wildlife,True,CPW fishery survey: Lake Estes,"Colorado Parks and Wildlife provides an official fishery survey or report for this water. Open the source for survey dates, species observations, management findings and access information.",,,https://cpw.state.co.us/thingstodo/Fishery%20Survey%20Summaries/EstesLake.pdf
afcf7262adc15e4e8113,,date_unknown,,Sedgwick,Jumbo Reservoir,official_fishery_survey,Colorado Parks and Wildlife,True,CPW fishery survey: Jumbo Reservoir,"Colorado Parks and Wildlife provides an official fishery survey or report for this water. Open the source for survey dates, species observations, management findings and access information.",,,https://cpw.state.co.us/thingstodo/Fishery%20Survey%20Summaries/JumboReservoir.pdf
93d752e4da06d6fc3cf0,,date_unknown,,Logan,Jumbo Annex,official_fishery_survey,Colorado Parks and Wildlife,True,CPW fishery survey: Jumbo Annex,"Colorado Parks and Wildlife provides an official fishery survey or report for this water. Open the source for survey dates, species observations, management findings and access information.",,,https://cpw.state.co.us/thingstodo/Fishery%20Survey%20Summaries/JumboAnnexReservoir.pdf
61aa5a43121dbcc9e325,,date_unknown,,Bent,John Martin Reservoir,official_fishery_survey,Colorado Parks and Wildlife,True,CPW fishery survey: John Martin Reservoir,"Colorado Parks and Wildlife provides an official fishery survey or report for this water. Open the source for survey dates, species observations, management findings and access information.",,,https://cpw.state.co.us/thingstodo/Fishery%20Survey%20Summaries/JohnMartinReservoir.pdf
7cb62be4da7e506809ef,,date_unknown,,Larimer,Joe Wright Reservoir,official_fishery_survey,Colorado Parks and Wildlife,True,CPW fishery survey: Joe Wright Reservoir,"Colorado Parks and Wildlife provides an official fishery survey or report for this water. Open the source for survey dates, species observations, management findings and access information.",,,https://cpw.state.co.us/thingstodo/Fishery%20Survey%20Summaries/JoeWrightReservoir.pdf
63ff71d4fd85a8040cf0,,date_unknown,,Morgan,Jackson Reservoir,official_fishery_survey,Colorado Parks and Wildlife,True,CPW fishery survey: Jackson Reservoir,"Colorado Parks and Wildlife provides an official fishery survey or report for this water. Open the source for survey dates, species observations, management findings and access information.",,,https://cpw.state.co.us/thingstodo/Fishery%20Survey%20Summaries/JacksonReservoir.pdf
d7e949ef204f93f70506,,date_unknown,,Delta,Island Lake,official_fishery_survey,Colorado Parks and Wildlife,True,CPW fishery survey: Island Lake,"Colorado Parks and Wildlife provides an official fishery survey or report for this water. Open the source for survey dates, species observations, management findings and access information.",,,https://cpw.state.co.us/thingstodo/Fishery%20Survey%20Summaries/IslandLake.pdf
3525bdf9447ce0f3a96f,,date_unknown,,Larimer,Horsetooth Reservoir,official_fishery_survey,Colorado Parks and Wildlife,True,CPW fishery survey: Horsetooth Reservoir,"Colorado Parks and Wildlife provides an official fishery survey or report for this water. Open the source for survey dates, species observations, management findings and access information.",,,https://cpw.state.co.us/thingstodo/Fishery%20Survey%20Summaries/HorsetoothReservoir.pdf
1e2763293a56687b2ccb,,date_unknown,,Huerfano,Horseshoe Reservoir,official_fishery_survey,Colorado Parks and Wildlife,True,CPW fishery survey: Horseshoe Reservoir,"Colorado Parks and Wildlife provides an official fishery survey or report for this water. Open the source for survey dates, species observations, management findings and access information.",,,https://cpw.state.co.us/thingstodo/Fishery%20Survey%20Summaries/HorseshoeReservoir.pdf
342050dd2b36932ac99c,,date_unknown,,Mesa,Highline Lake,official_fishery_survey,Colorado Parks and Wildlife,True,CPW fishery survey: Highline Lake,"Colorado Parks and Wildlife provides an official fishery survey or report for this water. Open the source for survey dates, species observations, management findings and access information.",,,https://cpw.state.co.us/thingstodo/Fishery%20Survey%20Summaries/HighlineLake.pdf
39a1de3392daf6f6779c,,date_unknown,,Crowley,Henry Lake,official_fishery_survey,Colorado Parks and Wildlife,True,CPW fishery survey: Henry Lake,"Colorado Parks and Wildlife provides an official fishery survey or report for this water. Open the source for survey dates, species observations, management findings and access information.",,,https://cpw.state.co.us/thingstodo/Fishery%20Survey%20Summaries/HenryLake.pdf
31e06d13ad9fdeb44f33,,date_unknown,,Garfield,Harvey Gap Reservoir,official_fishery_survey,Colorado Parks and Wildlife,True,CPW fishery survey: Harvey Gap Reservoir,"Colorado Parks and Wildlife provides an official fishery survey or report for this water. Open the source for survey dates, species observations, management findings and access information.",,,https://cpw.state.co.us/thingstodo/Fishery%20Survey%20Summaries/HarveyGap.pdf
c01011ffef36d8cd6986,,date_unknown,,Hinsdale,"Gunnison River, Lake Fork",official_fishery_survey,Colorado Parks and Wildlife,True,"CPW fishery survey: Gunnison River, Lake Fork","Colorado Parks and Wildlife provides an official fishery survey or report for this water. Open the source for survey dates, species observations, management findings and access information.",,,https://cpw.state.co.us/thingstodo/Fishery%20Survey%20Summaries/LakeForkGunnisonRiver.pdf
c6386f06a3b4c9b89783,,date_unknown,,Gunnison,Gunnison River,official_fishery_survey,Colorado Parks and Wildlife,True,CPW fishery survey: Gunnison River,"Colorado Parks and Wildlife provides an official fishery survey or report for this water. Open the source for survey dates, species observations, management findings and access information.",,,https://cpw.state.co.us/thingstodo/Fishery%20Survey%20Summaries/GunnisonRiveratGunnison.pdf
771a16bfce7774b62ab5,,date_unknown,,Montrose,Gunnison River,official_fishery_survey,Colorado Parks and Wildlife,True,CPW fishery survey: Gunnison River,"Colorado Parks and Wildlife provides an official fishery survey or report for this water. Open the source for survey dates, species observations, management findings and access information.",,,https://cpw.state.co.us/thingstodo/Fishery%20Survey%20Summaries/GunnisonGorge.pdf
d9edc5263ef4016b9382,,date_unknown,,Boulder,Gross Reservoir,official_fishery_survey,Colorado Parks and Wildlife,True,CPW fishery survey: Gross Reservoir,"Colorado Parks and Wildlife provides an official fishery survey or report for this water. Open the source for survey dates, species observations, management findings and access information.",,,https://cpw.state.co.us/thingstodo/Fishery%20Survey%20Summaries/GrossReservoir.pdf
9e31d1da904099df859a,,date_unknown,,Summit,Green Mountain Reservoir,official_fishery_survey,Colorado Parks and Wildlife,True,CPW fishery survey: Green Mountain Reservoir,"Colorado Parks and Wildlife provides an official fishery survey or report for this water. Open the source for survey dates, species observations, management findings and access information.",,,https://cpw.state.co.us/thingstodo/Fishery%20Survey%20Summaries/GreenMountainReservoir.pdf
bff2ed1704ae85b286a2,,date_unknown,,Eagle,Fryingpan River,official_fishery_survey,Colorado Parks and Wildlife,True,CPW fishery survey: Fryingpan River,"Colorado Parks and Wildlife provides an official fishery survey or report for this water. Open the source for survey dates, species observations, management findings and access information.",,,https://cpw.state.co.us/thingstodo/Fishery%20Survey%20Summaries/FryingpanRiver.pdf
ffe8b7d77686ed8272d4,,date_unknown,,Park,Elevenmile Reservoir,official_fishery_survey,Colorado Parks and Wildlife,True,CPW fishery survey: Elevenmile Reservoir,"Colorado Parks and Wildlife provides an official fishery survey or report for this water. Open the source for survey dates, species observations, management findings and access information.",,,https://cpw.state.co.us/thingstodo/Fishery%20Survey%20Summaries/ElevenmileReservoir.pdf
3f49d5a1327e79ab9a45,,date_unknown,,Delta,"Eggleston Lake, Big",official_fishery_survey,Colorado Parks and Wildlife,True,"CPW fishery survey: Eggleston Lake, Big","Colorado Parks and Wildlife provides an official fishery survey or report for this water. Open the source for survey dates, species observations, management findings and access information.",,,https://cpw.state.co.us/thingstodo/Fishery%20Survey%20Summaries/EgglestonLake.pdf
ddd4b67fefddd6d6d09a,,date_unknown,,Larimer,Douglas Reservoir,official_fishery_survey,Colorado Parks and Wildlife,True,CPW fishery survey: Douglas Reservoir,"Colorado Parks and Wildlife provides an official fishery survey or report for this water. Open the source for survey dates, species observations, management findings and access information.",,,https://cpw.state.co.us/thingstodo/Fishery%20Survey%20Summaries/DouglasReservoir.pdf
afe859d87d8a7c481001,,date_unknown,,Summit,Dillon Reservoir,official_fishery_survey,Colorado Parks and Wildlife,True,CPW fishery survey: Dillon Reservoir,"Colorado Parks and Wildlife provides an official fishery survey or report for this water. Open the source for survey dates, species observations, management findings and access information.",,,https://cpw.state.co.us/thingstodo/Fishery%20Survey%20Summaries/DillonReservoir.pdf
611b04ca1dc7bc01a7ed,,date_unknown,,Jackson,"Delaney Buttes Lake, South",official_fishery_survey,Colorado Parks and Wildlife,True,"CPW fishery survey: Delaney Buttes Lake, South","Colorado Parks and Wildlife provides an official fishery survey or report for this water. Open the source for survey dates, species observations, management findings and access information.",,,https://cpw.state.co.us/thingstodo/Fishery%20Survey%20Summaries/SouthDelaneyButtesLake.pdf
1d74213658b15417f174,,date_unknown,,Jackson,"Delaney Buttes Lake, North",official_fishery_survey,Colorado Parks and Wildlife,True,"CPW fishery survey: Delaney Buttes Lake, North","Colorado Parks and Wildlife provides an official fishery survey or report for this water. Open the source for survey dates, species observations, management findings and access information.",,,https://cpw.state.co.us/thingstodo/Fishery%20Survey%20Summaries/NorthDelaneyButtesLake.pdf
9ee2e1cd40ee52a71788,,date_unknown,,Jackson,"Delaney Buttes Lake, East",official_fishery_survey,Colorado Parks and Wildlife,True,"CPW fishery survey: Delaney Buttes Lake, East","Colorado Parks and Wildlife provides an official fishery survey or report for this water. Open the source for survey dates, species observations, management findings and access information.",,,https://cpw.state.co.us/thingstodo/Fishery%20Survey%20Summaries/EastDelaneyButtesLake.pdf
8957b5d58e172887c04d,,date_unknown,,Sedgwick,DePoorter Lake,official_fishery_survey,Colorado Parks and Wildlife,True,CPW fishery survey: DePoorter Lake,"Colorado Parks and Wildlife provides an official fishery survey or report for this water. Open the source for survey dates, species observations, management findings and access information.",,,https://cpw.state.co.us/thingstodo/Fishery%20Survey%20Summaries/DepoortersLake.pdf
715061dc3745129853e6,,date_unknown,,Custer,De Weese Reservoir,official_fishery_survey,Colorado Parks and Wildlife,True,CPW fishery survey: De Weese Reservoir,"Colorado Parks and Wildlife provides an official fishery survey or report for this water. Open the source for survey dates, species observations, management findings and access information.",,,https://cpw.state.co.us/thingstodo/Fishery%20Survey%20Summaries/DeWeeseReservoir.pdf
7196801e51bc23bb3a13,,date_unknown,,Delta,Crawford Reservoir,official_fishery_survey,Colorado Parks and Wildlife,True,CPW fishery survey: Crawford Reservoir,"Colorado Parks and Wildlife provides an official fishery survey or report for this water. Open the source for survey dates, species observations, management findings and access information.",,,https://cpw.state.co.us/thingstodo/Fishery%20Survey%20Summaries/CrawfordReservoir.pdf
1fe51fd6a3939fdf362d,,date_unknown,,Grand,Colorado River,official_fishery_survey,Colorado Parks and Wildlife,True,CPW fishery survey: Colorado River,"Colorado Parks and Wildlife provides an official fishery survey or report for this water. Open the source for survey dates, species observations, management findings and access information.",,,https://cpw.state.co.us/thingstodo/Fishery%20Survey%20Summaries/ColoradoRiverStateBridgeDotsero.pdf
ebb34644a0647033a0f7,,date_unknown,,Chaffee,Clear Creek Reservoir,official_fishery_survey,Colorado Parks and Wildlife,True,CPW fishery survey: Clear Creek Reservoir,"Colorado Parks and Wildlife provides an official fishery survey or report for this water. Open the source for survey dates, species observations, management findings and access information.",,,https://cpw.state.co.us/thingstodo/Fishery%20Survey%20Summaries/ClearCreekReservoir.pdf
7314325c8005e5a20dd5,,date_unknown,,Clear Creek,Clear Creek,official_fishery_survey,Colorado Parks and Wildlife,True,CPW fishery survey: Clear Creek,"Colorado Parks and Wildlife provides an official fishery survey or report for this water. Open the source for survey dates, species observations, management findings and access information.",,,https://cpw.state.co.us/thingstodo/Fishery%20Survey%20Summaries/ClearCreek.pdf
bf071225b07172504047,,date_unknown,,Arapahoe,Cherry Creek Reservoir,official_fishery_survey,Colorado Parks and Wildlife,True,CPW fishery survey: Cherry Creek Reservoir,"Colorado Parks and Wildlife provides an official fishery survey or report for this water. Open the source for survey dates, species observations, management findings and access information.",,,https://cpw.state.co.us/thingstodo/Fishery%20Survey%20Summaries/CherryCreekReservoir.pdf
615102e2559bf8804146,,date_unknown,,Douglas,Chatfield Reservoir,official_fishery_survey,Colorado Parks and Wildlife,True,CPW fishery survey: Chatfield Reservoir,"Colorado Parks and Wildlife provides an official fishery survey or report for this water. Open the source for survey dates, species observations, management findings and access information.",,,https://cpw.state.co.us/thingstodo/Fishery%20Survey%20Summaries/ChatfieldReservoir.pdf
a37c68ba21546cf463bd,,date_unknown,,Larimer,Chambers Lake,official_fishery_survey,Colorado Parks and Wildlife,True,CPW fishery survey: Chambers Lake,"Colorado Parks and Wildlife provides an official fishery survey or report for this water. Open the source for survey dates, species observations, management findings and access information.",,,https://cpw.state.co.us/thingstodo/Fishery%20Survey%20Summaries/ChambersLake.pdf
427fef0aaa9ad49a4f2b,,date_unknown,,Larimer,Carter Lake,official_fishery_survey,Colorado Parks and Wildlife,True,CPW fishery survey: Carter Lake,"Colorado Parks and Wildlife provides an official fishery survey or report for this water. Open the source for survey dates, species observations, management findings and access information.",,,https://cpw.state.co.us/thingstodo/Fishery%20Survey%20Summaries/CarterLake.pdf
2d5d21d6b6ff92dee829,,date_unknown,,Larimer,Cache la Poudre River,official_fishery_survey,Colorado Parks and Wildlife,True,CPW fishery survey: Cache la Poudre River,"Colorado Parks and Wildlife provides an official fishery survey or report for this water. Open the source for survey dates, species observations, management findings and access information.",,,https://cpw.state.co.us/thingstodo/Fishery%20Survey%20Summaries/CachelaPoudreRiverCanyon.pdf
1a8202d9c7b1786dd9c3,,date_unknown,,Fremont,Brush Hollow Reservoir,official_fishery_survey,Colorado Parks and Wildlife,True,CPW fishery survey: Brush Hollow Reservoir,"Colorado Parks and Wildlife provides an official fishery survey or report for this water. Open the source for survey dates, species observations, management findings and access information.",,,https://cpw.state.co.us/thingstodo/Fishery%20Survey%20Summaries/BrushHollowReservoir.pdf
144659e5e7f1165ed067,,date_unknown,,Larimer,Boyd Lake,official_fishery_survey,Colorado Parks and Wildlife,True,CPW fishery survey: Boyd Lake,"Colorado Parks and Wildlife provides an official fishery survey or report for this water. Open the source for survey dates, species observations, management findings and access information.",,,https://cpw.state.co.us/thingstodo/Fishery%20Survey%20Summaries/BoydLake.pdf
c1c5c1ea51a11ad72d95,,date_unknown,,Boulder,Boulder City Reservoir,official_fishery_survey,Colorado Parks and Wildlife,True,CPW fishery survey: Boulder City Reservoir,"Colorado Parks and Wildlife provides an official fishery survey or report for this water. Open the source for survey dates, species observations, management findings and access information.",,,https://cpw.state.co.us/thingstodo/Fishery%20Survey%20Summaries/BoulderCityReservoir.pdf
288c49bcdbc99a791441,,date_unknown,,Larimer,Boedecker Reservoir,official_fishery_survey,Colorado Parks and Wildlife,True,CPW fishery survey: Boedecker Reservoir,"Colorado Parks and Wildlife provides an official fishery survey or report for this water. Open the source for survey dates, species observations, management findings and access information.",,,https://cpw.state.co.us/thingstodo/Fishery%20Survey%20Summaries/BoedeckerReservoir.pdf
f0c00807870006f144a1,,date_unknown,,Gunnison,Blue Mesa Reservoir,official_fishery_survey,Colorado Parks and Wildlife,True,CPW fishery survey: Blue Mesa Reservoir,"Colorado Parks and Wildlife provides an official fishery survey or report for this water. Open the source for survey dates, species observations, management findings and access information.",,,https://cpw.state.co.us/thingstodo/Fishery%20Survey%20Summaries/BlueMesaReservoir.pdf
244b784b195992ded852,,date_unknown,,Larimer,Big Thompson River,official_fishery_survey,Colorado Parks and Wildlife,True,CPW fishery survey: Big Thompson River,"Colorado Parks and Wildlife provides an official fishery survey or report for this water. Open the source for survey dates, species observations, management findings and access information.",,,https://cpw.state.co.us/thingstodo/Fishery%20Survey%20Summaries/BigThompsonRiver.pdf
298045de7b92e5f80479,,date_unknown,,Boulder,Betty Lake,official_fishery_survey,Colorado Parks and Wildlife,True,CPW fishery survey: Betty Lake,"Colorado Parks and Wildlife provides an official fishery survey or report for this water. Open the source for survey dates, species observations, management findings and access information.",,,https://cpw.state.co.us/thingstodo/Fishery%20Survey%20Summaries/IndianPeaksWildernessLakes.pdf
16367c3a1717a7260456,,date_unknown,,Jefferson,Bear Creek Reservoir,official_fishery_survey,Colorado Parks and Wildlife,True,CPW fishery survey: Bear Creek Reservoir,"Colorado Parks and Wildlife provides an official fishery survey or report for this water. Open the source for survey dates, species observations, management findings and access information.",,,https://cpw.state.co.us/thingstodo/Fishery%20Survey%20Summaries/BearCreekReservoir.pdf
d6a67ca796b6bd153f2b,,date_unknown,,Jefferson,Bear Creek,official_fishery_survey,Colorado Parks and Wildlife,True,CPW fishery survey: Bear Creek,"Colorado Parks and Wildlife provides an official fishery survey or report for this water. Open the source for survey dates, species observations, management findings and access information.",,,https://cpw.state.co.us/thingstodo/Fishery%20Survey%20Summaries/BearCreek.pdf
0f153f210aacf30978ce,,date_unknown,,Adams,Barr Lake,official_fishery_survey,Colorado Parks and Wildlife,True,CPW fishery survey: Barr Lake,"Colorado Parks and Wildlife provides an official fishery survey or report for this water. Open the source for survey dates, species observations, management findings and access information.",,,https://cpw.state.co.us/thingstodo/Fishery%20Survey%20Summaries/BarrLake.pdf
ac4f7bb62b5f9ca54ab4,,date_unknown,,Boulder,Barker Reservoir,official_fishery_survey,Colorado Parks and Wildlife,True,CPW fishery survey: Barker Reservoir,"Colorado Parks and Wildlife provides an official fishery survey or report for this water. Open the source for survey dates, species observations, management findings and access information.",,,https://cpw.state.co.us/thingstodo/Fishery%20Survey%20Summaries/BarkerReservoir.pdf
a8acf7899d5cc677b511,,date_unknown,,Arapahoe,Aurora Reservoir,official_fishery_survey,Colorado Parks and Wildlife,True,CPW fishery survey: Aurora Reservoir,"Colorado Parks and Wildlife provides an official fishery survey or report for this water. Open the source for survey dates, species observations, management findings and access information.",,,https://cpw.state.co.us/thingstodo/Fishery%20Survey%20Summaries/AuroraReservoir.pdf
e0240eaf8cdf3853be5f,,date_unknown,,Jefferson,Arvada Reservoir,official_fishery_survey,Colorado Parks and Wildlife,True,CPW fishery survey: Arvada Reservoir,"Colorado Parks and Wildlife provides an official fishery survey or report for this water. Open the source for survey dates, species observations, management findings and access information.",,,https://cpw.state.co.us/thingstodo/Fishery%20Survey%20Summaries/ArvadaBlunnReservoir.pdf
4978e1edc35d175d3497,,date_unknown,,Lake,Arkansas River,official_fishery_survey,Colorado Parks and Wildlife,True,CPW fishery survey: Arkansas River,"Colorado Parks and Wildlife provides an official fishery survey or report for this water. Open the source for survey dates, species observations, management findings and access information.",,,https://cpw.state.co.us/thingstodo/Fishery%20Survey%20Summaries/ArkansasRiverUpper.pdf
10320e9095b272030831,,date_unknown,,Pueblo,Arkansas River,official_fishery_survey,Colorado Parks and Wildlife,True,CPW fishery survey: Arkansas River,"Colorado Parks and Wildlife provides an official fishery survey or report for this water. Open the source for survey dates, species observations, management findings and access information.",,,https://cpw.state.co.us/thingstodo/Fishery%20Survey%20Summaries/ArkansasRiverPueblo.pdf
f36285738d5a313d735e,,date_unknown,,Park,Antero Reservoir,official_fishery_survey,Colorado Parks and Wildlife,True,CPW fishery survey: Antero Reservoir,"Colorado Parks and Wildlife provides an official fishery survey or report for this water. Open the source for survey dates, species observations, management findings and access information.",,,https://cpw.state.co.us/thingstodo/Fishery%20Survey%20Summaries/AnteroReservoir.pdf
3674672e1dce6a493d12,,date_unknown,,La Plata,Animas River,official_fishery_survey,Colorado Parks and Wildlife,True,CPW fishery survey: Animas River,"Colorado Parks and Wildlife provides an official fishery survey or report for this water. Open the source for survey dates, species observations, management findings and access information.",,,https://cpw.state.co.us/thingstodo/Fishery%20Survey%20Summaries/AnimasRiverDurango.pdf
6e7666037cc645cde7a4,,date_unknown,,Larimer,[Purposely Left Blank],official_fishery_survey,Colorado Parks and Wildlife,True,CPW fishery report: [Purposely Left Blank],"Colorado Parks and Wildlife provides an official fishery survey or report for this water. Open the source for survey dates, species observations, management findings and access information.",,,"https://www.google.com/search?q=""fishing report""+Riverbend Pond #2+""Larimer County""+Colorado"
d63cb92a06df07eec270,,date_unknown,,Larimer,[Purposely Left Blank],official_fishery_survey,Colorado Parks and Wildlife,True,CPW fishery report: [Purposely Left Blank],"Colorado Parks and Wildlife provides an official fishery survey or report for this water. Open the source for survey dates, species observations, management findings and access information.",,,"https://www.google.com/search?q=""fishing report""+North Shields Pond+""Larimer County""+Colorado"
0b777796cad93fef229a,,date_unknown,,Larimer,[Purposely Left Blank],official_fishery_survey,Colorado Parks and Wildlife,True,CPW fishery report: [Purposely Left Blank],"Colorado Parks and Wildlife provides an official fishery survey or report for this water. Open the source for survey dates, species observations, management findings and access information.",,,"https://www.google.com/search?q=""fishing report""+Creedmore Lakes+""Larimer County""+Colorado"
e4036404dd33732ab90d,,date_unknown,,Larimer,[Purposely Left Blank],official_fishery_survey,Colorado Parks and Wildlife,True,CPW fishery report: [Purposely Left Blank],"Colorado Parks and Wildlife provides an official fishery survey or report for this water. Open the source for survey dates, species observations, management findings and access information.",,,"https://www.google.com/search?q=""fishing report""+Twin Crater Lake, Upper+""Larimer County""+Colorado"
c1129ce4fcfcbf346b24,,date_unknown,,Larimer,[Purposely Left Blank],official_fishery_survey,Colorado Parks and Wildlife,True,CPW fishery report: [Purposely Left Blank],"Colorado Parks and Wildlife provides an official fishery survey or report for this water. Open the source for survey dates, species observations, management findings and access information.",,,"https://www.google.com/search?q=""fishing report""+Arapahoe Bend Bass Pond+""Larimer County""+Colorado"
7ef99fbf13b5606ad738,,date_unknown,,Larimer,[Purposely Left Blank],official_fishery_survey,Colorado Parks and Wildlife,True,CPW fishery report: [Purposely Left Blank],"Colorado Parks and Wildlife provides an official fishery survey or report for this water. Open the source for survey dates, species observations, management findings and access information.",,,"https://www.google.com/search?q=""fishing report""+Arapahoe Bnd Cormorant Pond+""Larimer County""+Colorado"
209cebb101c24ece8c85,,date_unknown,,Larimer,[Purposely Left Blank],official_fishery_survey,Colorado Parks and Wildlife,True,CPW fishery report: [Purposely Left Blank],"Colorado Parks and Wildlife provides an official fishery survey or report for this water. Open the source for survey dates, species observations, management findings and access information.",,,"https://www.google.com/search?q=""fishing report""+Riverbend Pond #1+""Larimer County""+Colorado"
9ccad3e03d1ed7a17506,,date_unknown,,Larimer,[Purposely Left Blank],official_fishery_survey,Colorado Parks and Wildlife,True,CPW fishery report: [Purposely Left Blank],"Colorado Parks and Wildlife provides an official fishery survey or report for this water. Open the source for survey dates, species observations, management findings and access information.",,,"https://www.google.com/search?q=""fishing report""+Riverbend Pond #6+""Larimer County""+Colorado"
19a8743d30528cc9f5ee,,date_unknown,,Larimer,[Purposely Left Blank],official_fishery_survey,Colorado Parks and Wildlife,True,CPW fishery report: [Purposely Left Blank],"Colorado Parks and Wildlife provides an official fishery survey or report for this water. Open the source for survey dates, species observations, management findings and access information.",,,"https://www.google.com/search?q=""fishing report""+Riverbend Pond #7+""Larimer County""+Colorado"
3851838ed348357a11fe,,date_unknown,,Larimer,[Purposely Left Blank],official_fishery_survey,Colorado Parks and Wildlife,True,CPW fishery report: [Purposely Left Blank],"Colorado Parks and Wildlife provides an official fishery survey or report for this water. Open the source for survey dates, species observations, management findings and access information.",,,"https://www.google.com/search?q=""fishing report""+Riverbend Pond #4+""Larimer County""+Colorado"
82900a027a90ed93bbda,,date_unknown,,Larimer,[Purposely Left Blank],official_fishery_survey,Colorado Parks and Wildlife,True,CPW fishery report: [Purposely Left Blank],"Colorado Parks and Wildlife provides an official fishery survey or report for this water. Open the source for survey dates, species observations, management findings and access information.",,,"https://www.google.com/search?q=""fishing report""+Riverbend Pond #3+""Larimer County""+Colorado"
e972c9f1cee2a3abf4dd,,date_unknown,,Larimer,[Purposely Left Blank],official_fishery_survey,Colorado Parks and Wildlife,True,CPW fishery report: [Purposely Left Blank],"Colorado Parks and Wildlife provides an official fishery survey or report for this water. Open the source for survey dates, species observations, management findings and access information.",,,"https://www.google.com/search?q=""fishing report""+Prospect Pond #3 South+""Larimer County""+Colorado"
292fa6d9580f33a65f97,,date_unknown,,Larimer,[Purposely Left Blank],official_fishery_survey,Colorado Parks and Wildlife,True,CPW fishery report: [Purposely Left Blank],"Colorado Parks and Wildlife provides an official fishery survey or report for this water. Open the source for survey dates, species observations, management findings and access information.",,,"https://www.google.com/search?q=""fishing report""+Arapahoe Bend Beaver Pond+""Larimer County""+Colorado"
aac3aa8901e6b9b0f751,,date_unknown,,Larimer,[Purposely Left Blank],official_fishery_survey,Colorado Parks and Wildlife,True,CPW fishery report: [Purposely Left Blank],"Colorado Parks and Wildlife provides an official fishery survey or report for this water. Open the source for survey dates, species observations, management findings and access information.",,,"https://www.google.com/search?q=""fishing report""+Troutman Park Pond+""Larimer County""+Colorado"
2b9de6a4e19d0603a88f,,date_unknown,,Weld,[Purposely Left Blank],official_fishery_survey,Colorado Parks and Wildlife,True,CPW fishery report: [Purposely Left Blank],"Colorado Parks and Wildlife provides an official fishery survey or report for this water. Open the source for survey dates, species observations, management findings and access information.",,,"https://www.google.com/search?q=""fishing report""+Banner Lakes #11+""Weld County""+Colorado"
f67db9b7cbad48c6f2ea,,date_unknown,,Weld,[Purposely Left Blank],official_fishery_survey,Colorado Parks and Wildlife,True,CPW fishery report: [Purposely Left Blank],"Colorado Parks and Wildlife provides an official fishery survey or report for this water. Open the source for survey dates, species observations, management findings and access information.",,,"https://www.google.com/search?q=""fishing report""+Banner Lakes #8+""Weld County""+Colorado"
f7b13758a683eb3a5470,,date_unknown,,Weld,[Purposely Left Blank],official_fishery_survey,Colorado Parks and Wildlife,True,CPW fishery report: [Purposely Left Blank],"Colorado Parks and Wildlife provides an official fishery survey or report for this water. Open the source for survey dates, species observations, management findings and access information.",,,"https://www.google.com/search?q=""fishing report""+Banner Lakes # 5+""Weld County""+Colorado"
cba19b136c241f04f324,,date_unknown,,Weld,[Purposely Left Blank],official_fishery_survey,Colorado Parks and Wildlife,True,CPW fishery report: [Purposely Left Blank],"Colorado Parks and Wildlife provides an official fishery survey or report for this water. Open the source for survey dates, species observations, management findings and access information.",,,"https://www.google.com/search?q=""fishing report""+Banner Lakes #4+""Weld County""+Colorado"
b1282a091c71edba632c,,date_unknown,,Weld,[Purposely Left Blank],official_fishery_survey,Colorado Parks and Wildlife,True,CPW fishery report: [Purposely Left Blank],"Colorado Parks and Wildlife provides an official fishery survey or report for this water. Open the source for survey dates, species observations, management findings and access information.",,,"https://www.google.com/search?q=""fishing report""+Banner Lakes # 3+""Weld County""+Colorado"
9d89d34632aa960bc882,,date_unknown,,Weld,[Purposely Left Blank],official_fishery_survey,Colorado Parks and Wildlife,True,CPW fishery report: [Purposely Left Blank],"Colorado Parks and Wildlife provides an official fishery survey or report for this water. Open the source for survey dates, species observations, management findings and access information.",,,"https://www.google.com/search?q=""fishing report""+Banner Lakes # 2+""Weld County""+Colorado"
b06980213f644986f0f6,,date_unknown,,Weld,[Purposely Left Blank],official_fishery_survey,Colorado Parks and Wildlife,True,CPW fishery report: [Purposely Left Blank],"Colorado Parks and Wildlife provides an official fishery survey or report for this water. Open the source for survey dates, species observations, management findings and access information.",,,"https://www.google.com/search?q=""fishing report""+Banner Lakes #13+""Weld County""+Colorado"
f63b4dca3c27ffcd56e5,,date_unknown,,Lake,[Purposely Left Blank],official_fishery_survey,Colorado Parks and Wildlife,True,CPW fishery report: [Purposely Left Blank],"Colorado Parks and Wildlife provides an official fishery survey or report for this water. Open the source for survey dates, species observations, management findings and access information.",,,"https://www.google.com/search?q=""fishing report""+Twin Lakes Upper+""Lake County""+Colorado"
e0acb547985023602bf6,,date_unknown,,Lake,[Purposely Left Blank],official_fishery_survey,Colorado Parks and Wildlife,True,CPW fishery report: [Purposely Left Blank],"Colorado Parks and Wildlife provides an official fishery survey or report for this water. Open the source for survey dates, species observations, management findings and access information.",,,"https://www.google.com/search?q=""fishing report""+North Halfmoon Lakes, Middle+""Lake County""+Colorado"
95dece0b6beb7fc32cea,,date_unknown,,Lake,[Purposely Left Blank],official_fishery_survey,Colorado Parks and Wildlife,True,CPW fishery report: [Purposely Left Blank],"Colorado Parks and Wildlife provides an official fishery survey or report for this water. Open the source for survey dates, species observations, management findings and access information.",,,"https://www.google.com/search?q=""fishing report""+West Tennessee Lake, Upper+""Lake County""+Colorado"
6f0cff0589da1b5ebce9,,date_unknown,,Lincoln,[Purposely Left Blank],official_fishery_survey,Colorado Parks and Wildlife,True,CPW fishery report: [Purposely Left Blank],"Colorado Parks and Wildlife provides an official fishery survey or report for this water. Open the source for survey dates, species observations, management findings and access information.",,,"https://www.google.com/search?q=""fishing report""+Hugo SWA Pond #4+""Lincoln County""+Colorado"
3ddacb25e14464224ebc,,date_unknown,,Lincoln,[Purposely Left Blank],official_fishery_survey,Colorado Parks and Wildlife,True,CPW fishery report: [Purposely Left Blank],"Colorado Parks and Wildlife provides an official fishery survey or report for this water. Open the source for survey dates, species observations, management findings and access information.",,,"https://www.google.com/search?q=""fishing report""+Hugo SWA Pond #5+""Lincoln County""+Colorado"
a7e129eb9d372db73750,,date_unknown,,Lincoln,[Purposely Left Blank],official_fishery_survey,Colorado Parks and Wildlife,True,CPW fishery report: [Purposely Left Blank],"Colorado Parks and Wildlife provides an official fishery survey or report for this water. Open the source for survey dates, species observations, management findings and access information.",,,"https://www.google.com/search?q=""fishing report""+Hugo SWA Pond #7+""Lincoln County""+Colorado"
36cf5d184d7159b74bc8,,date_unknown,,Jefferson,[Purposely Left Blank],official_fishery_survey,Colorado Parks and Wildlife,True,CPW fishery report: [Purposely Left Blank],"Colorado Parks and Wildlife provides an official fishery survey or report for this water. Open the source for survey dates, species observations, management findings and access information.",,,"https://www.google.com/search?q=""fishing report""+Prospect Park Lake+""Jefferson County""+Colorado"
a0544347c9cb9c9eebe4,,date_unknown,,Delta,[Purposely Left Blank],official_fishery_survey,Colorado Parks and Wildlife,True,CPW fishery report: [Purposely Left Blank],"Colorado Parks and Wildlife provides an official fishery survey or report for this water. Open the source for survey dates, species observations, management findings and access information.",,,"https://www.google.com/search?q=""fishing report""+Granby Reservoir # 2+""Delta County""+Colorado"
86eff4267b916944b1a5,,date_unknown,,Delta,[Purposely Left Blank],official_fishery_survey,Colorado Parks and Wildlife,True,CPW fishery report: [Purposely Left Blank],"Colorado Parks and Wildlife provides an official fishery survey or report for this water. Open the source for survey dates, species observations, management findings and access information.",,,"https://www.google.com/search?q=""fishing report""+Granby Reservoir #12+""Delta County""+Colorado"
76c2db78b5666c7c0442,,date_unknown,,Delta,[Purposely Left Blank],official_fishery_survey,Colorado Parks and Wildlife,True,CPW fishery report: [Purposely Left Blank],"Colorado Parks and Wildlife provides an official fishery survey or report for this water. Open the source for survey dates, species observations, management findings and access information.",,,"https://www.google.com/search?q=""fishing report""+Granby Reservoir # 7+""Delta County""+Colorado"
edcd1af265657192f94e,,date_unknown,,Delta,[Purposely Left Blank],official_fishery_survey,Colorado Parks and Wildlife,True,CPW fishery report: [Purposely Left Blank],"Colorado Parks and Wildlife provides an official fishery survey or report for this water. Open the source for survey dates, species observations, management findings and access information.",,,"https://www.google.com/search?q=""fishing report""+Granby Reservoir # 1+""Delta County""+Colorado"
e65021a291e9fdfdb189,,date_unknown,,Delta,[Purposely Left Blank],official_fishery_survey,Colorado Parks and Wildlife,True,CPW fishery report: [Purposely Left Blank],"Colorado Parks and Wildlife provides an official fishery survey or report for this water. Open the source for survey dates, species observations, management findings and access information.",,,"https://www.google.com/search?q=""fishing report""+Twin Lake #2+""Delta County""+Colorado"
afdf552f1fa5f694abf4,,date_unknown,,Mesa,[Purposely Left Blank],official_fishery_survey,Colorado Parks and Wildlife,True,CPW fishery report: [Purposely Left Blank],"Colorado Parks and Wildlife provides an official fishery survey or report for this water. Open the source for survey dates, species observations, management findings and access information.",,,"https://www.google.com/search?q=""fishing report""+Mogensen Ponds #3+""Mesa County""+Colorado"
e28cd08ce9d886163492,,date_unknown,,Mesa,[Purposely Left Blank],official_fishery_survey,Colorado Parks and Wildlife,True,CPW fishery report: [Purposely Left Blank],"Colorado Parks and Wildlife provides an official fishery survey or report for this water. Open the source for survey dates, species observations, management findings and access information.",,,"https://www.google.com/search?q=""fishing report""+Mogensen Ponds #2+""Mesa County""+Colorado"
e69dc104bf457ecc3e38,,date_unknown,,Mesa,[Purposely Left Blank],official_fishery_survey,Colorado Parks and Wildlife,True,CPW fishery report: [Purposely Left Blank],"Colorado Parks and Wildlife provides an official fishery survey or report for this water. Open the source for survey dates, species observations, management findings and access information.",,,"https://www.google.com/search?q=""fishing report""+Jumbo Reservoir+""Mesa County""+Colorado"
dd0c12bd0d053945d0aa,,date_unknown,,Mesa,[Purposely Left Blank],official_fishery_survey,Colorado Parks and Wildlife,True,CPW fishery report: [Purposely Left Blank],"Colorado Parks and Wildlife provides an official fishery survey or report for this water. Open the source for survey dates, species observations, management findings and access information.",,,"https://www.google.com/search?q=""fishing report""+Beaver Lake+""Mesa County""+Colorado"
a0bfd70d31195ef8586a,,date_unknown,,Mesa,[Purposely Left Blank],official_fishery_survey,Colorado Parks and Wildlife,True,CPW fishery report: [Purposely Left Blank],"Colorado Parks and Wildlife provides an official fishery survey or report for this water. Open the source for survey dates, species observations, management findings and access information.",,,"https://www.google.com/search?q=""fishing report""+Glacier Springs Retention Pond+""Mesa County""+Colorado"
5221ffe72cc98e76cea8,,date_unknown,,Mesa,[Purposely Left Blank],official_fishery_survey,Colorado Parks and Wildlife,True,CPW fishery report: [Purposely Left Blank],"Colorado Parks and Wildlife provides an official fishery survey or report for this water. Open the source for survey dates, species observations, management findings and access information.",,,"https://www.google.com/search?q=""fishing report""+Sunset Lake+""Mesa County""+Colorado"
6fdb9af0f86af09082de,,date_unknown,,Mesa,[Purposely Left Blank],official_fishery_survey,Colorado Parks and Wildlife,True,CPW fishery report: [Purposely Left Blank],"Colorado Parks and Wildlife provides an official fishery survey or report for this water. Open the source for survey dates, species observations, management findings and access information.",,,"https://www.google.com/search?q=""fishing report""+Mesa Lake, South+""Mesa County""+Colorado"
f535934df41d1d00a634,,date_unknown,,Chaffee,[Purposely Left Blank],official_fishery_survey,Colorado Parks and Wildlife,True,CPW fishery report: [Purposely Left Blank],"Colorado Parks and Wildlife provides an official fishery survey or report for this water. Open the source for survey dates, species observations, management findings and access information.",,,"https://www.google.com/search?q=""fishing report""+Castlerock Pond #3+""Chaffee County""+Colorado"
1c43841baa5a04704049,,date_unknown,,Chaffee,[Purposely Left Blank],official_fishery_survey,Colorado Parks and Wildlife,True,CPW fishery report: [Purposely Left Blank],"Colorado Parks and Wildlife provides an official fishery survey or report for this water. Open the source for survey dates, species observations, management findings and access information.",,,"https://www.google.com/search?q=""fishing report""+Castlerock Pond #1+""Chaffee County""+Colorado"
0971afac6ba5f7bbe6df,,date_unknown,,Fremont,[Purposely Left Blank],official_fishery_survey,Colorado Parks and Wildlife,True,CPW fishery report: [Purposely Left Blank],"Colorado Parks and Wildlife provides an official fishery survey or report for this water. Open the source for survey dates, species observations, management findings and access information.",,,"https://www.google.com/search?q=""fishing report""+Stout Creek Lake Upper+""Fremont County""+Colorado"
5d978ae1310ac7960922,,date_unknown,,Fremont,[Purposely Left Blank],official_fishery_survey,Colorado Parks and Wildlife,True,CPW fishery report: [Purposely Left Blank],"Colorado Parks and Wildlife provides an official fishery survey or report for this water. Open the source for survey dates, species observations, management findings and access information.",,,"https://www.google.com/search?q=""fishing report""+Stout Creek Lake #3+""Fremont County""+Colorado"
2f025076aac36655ce2f,,date_unknown,,Fremont,[Purposely Left Blank],official_fishery_survey,Colorado Parks and Wildlife,True,CPW fishery report: [Purposely Left Blank],"Colorado Parks and Wildlife provides an official fishery survey or report for this water. Open the source for survey dates, species observations, management findings and access information.",,,"https://www.google.com/search?q=""fishing report""+Bushnell Lake Upper+""Fremont County""+Colorado"
3047cbde568f8e192898,,date_unknown,,Weld,[Purposely Left Blank],official_fishery_survey,Colorado Parks and Wildlife,True,CPW fishery report: [Purposely Left Blank],"Colorado Parks and Wildlife provides an official fishery survey or report for this water. Open the source for survey dates, species observations, management findings and access information.",,,"https://www.google.com/search?q=""fishing report""+Frank Easement Pond #5+""Weld County""+Colorado"
93ac6c0f7b0d32459e17,,date_unknown,,Weld,[Purposely Left Blank],official_fishery_survey,Colorado Parks and Wildlife,True,CPW fishery report: [Purposely Left Blank],"Colorado Parks and Wildlife provides an official fishery survey or report for this water. Open the source for survey dates, species observations, management findings and access information.",,,"https://www.google.com/search?q=""fishing report""+Frank Easement Pond #3+""Weld County""+Colorado"
aaf63dc72165d8d37952,,date_unknown,,Weld,[Purposely Left Blank],official_fishery_survey,Colorado Parks and Wildlife,True,CPW fishery report: [Purposely Left Blank],"Colorado Parks and Wildlife provides an official fishery survey or report for this water. Open the source for survey dates, species observations, management findings and access information.",,,"https://www.google.com/search?q=""fishing report""+Frank Easement Pond #4+""Weld County""+Colorado"
83c10e65fb92573791e4,,date_unknown,,Jefferson,[Purposely Left Blank],official_fishery_survey,Colorado Parks and Wildlife,True,CPW fishery report: [Purposely Left Blank],"Colorado Parks and Wildlife provides an official fishery survey or report for this water. Open the source for survey dates, species observations, management findings and access information.",,,"https://www.google.com/search?q=""fishing report""+Bear Creek Pond #2+""Jefferson County""+Colorado"
a9be481734a3d68fb4a1,,date_unknown,,Jefferson,[Purposely Left Blank],official_fishery_survey,Colorado Parks and Wildlife,True,CPW fishery report: [Purposely Left Blank],"Colorado Parks and Wildlife provides an official fishery survey or report for this water. Open the source for survey dates, species observations, management findings and access information.",,,"https://www.google.com/search?q=""fishing report""+Bass Lake+""Jefferson County""+Colorado"
34c06ec1028ecf2942b6,,date_unknown,,Jefferson,[Purposely Left Blank],official_fishery_survey,Colorado Parks and Wildlife,True,CPW fishery report: [Purposely Left Blank],"Colorado Parks and Wildlife provides an official fishery survey or report for this water. Open the source for survey dates, species observations, management findings and access information.",,,"https://www.google.com/search?q=""fishing report""+West Prospect Lake+""Jefferson County""+Colorado"
c54c176fb860b6e6b1a5,,date_unknown,,Clear Creek,[Purposely Left Blank],official_fishery_survey,Colorado Parks and Wildlife,True,CPW fishery report: [Purposely Left Blank],"Colorado Parks and Wildlife provides an official fishery survey or report for this water. Open the source for survey dates, species observations, management findings and access information.",,,"https://www.google.com/search?q=""fishing report""+Beartrack Lake, Upper+""Clear Creek County""+Colorado"
3505f8f0679f9be67855,,date_unknown,,Park,[Purposely Left Blank],official_fishery_survey,Colorado Parks and Wildlife,True,CPW fishery report: [Purposely Left Blank],"Colorado Parks and Wildlife provides an official fishery survey or report for this water. Open the source for survey dates, species observations, management findings and access information.",,,"https://www.google.com/search?q=""fishing report""+Roosevelt Lake, Upper+""Park County""+Colorado"
6a22d2c4dd56d1e92825,,date_unknown,,Otero,[Purposely Left Blank],official_fishery_survey,Colorado Parks and Wildlife,True,CPW fishery report: [Purposely Left Blank],"Colorado Parks and Wildlife provides an official fishery survey or report for this water. Open the source for survey dates, species observations, management findings and access information.",,,"https://www.google.com/search?q=""fishing report""+Ryan Pond, West+""Otero County""+Colorado"
4f3943bcba014746e169,,date_unknown,,Otero,[Purposely Left Blank],official_fishery_survey,Colorado Parks and Wildlife,True,CPW fishery report: [Purposely Left Blank],"Colorado Parks and Wildlife provides an official fishery survey or report for this water. Open the source for survey dates, species observations, management findings and access information.",,,"https://www.google.com/search?q=""fishing report""+Ryan Pond, Middle+""Otero County""+Colorado"
07e773565731f055aab4,,date_unknown,,Otero,[Purposely Left Blank],official_fishery_survey,Colorado Parks and Wildlife,True,CPW fishery report: [Purposely Left Blank],"Colorado Parks and Wildlife provides an official fishery survey or report for this water. Open the source for survey dates, species observations, management findings and access information.",,,"https://www.google.com/search?q=""fishing report""+Ryan Pond, SE+""Otero County""+Colorado"
28d564d27aa8cdab8b8c,,date_unknown,,Prowers,[Purposely Left Blank],official_fishery_survey,Colorado Parks and Wildlife,True,CPW fishery report: [Purposely Left Blank],"Colorado Parks and Wildlife provides an official fishery survey or report for this water. Open the source for survey dates, species observations, management findings and access information.",,,"https://www.google.com/search?q=""fishing report""+Northgate Pond #3+""Prowers County""+Colorado"
c6f742428d52ed27de7c,,date_unknown,,Prowers,[Purposely Left Blank],official_fishery_survey,Colorado Parks and Wildlife,True,CPW fishery report: [Purposely Left Blank],"Colorado Parks and Wildlife provides an official fishery survey or report for this water. Open the source for survey dates, species observations, management findings and access information.",,,"https://www.google.com/search?q=""fishing report""+Northgate Pond #2+""Prowers County""+Colorado"
d055acc8c32e18a45616,,date_unknown,,El Paso,[Purposely Left Blank],official_fishery_survey,Colorado Parks and Wildlife,True,CPW fishery report: [Purposely Left Blank],"Colorado Parks and Wildlife provides an official fishery survey or report for this water. Open the source for survey dates, species observations, management findings and access information.",,,"https://www.google.com/search?q=""fishing report""+Willow Springs Pond #2+""El Paso County""+Colorado"
746b63cb62e905aa6704,,date_unknown,,Mineral,[Purposely Left Blank],official_fishery_survey,Colorado Parks and Wildlife,True,CPW fishery report: [Purposely Left Blank],"Colorado Parks and Wildlife provides an official fishery survey or report for this water. Open the source for survey dates, species observations, management findings and access information.",,,"https://www.google.com/search?q=""fishing report""+Tucker Park Pond 2+""Mineral County""+Colorado"
b2bd5f4a9666be7ecceb,,date_unknown,,Boulder,[Purposely Left Blank],official_fishery_survey,Colorado Parks and Wildlife,True,CPW fishery report: [Purposely Left Blank],"Colorado Parks and Wildlife provides an official fishery survey or report for this water. Open the source for survey dates, species observations, management findings and access information.",,,"https://www.google.com/search?q=""fishing report""+Sawhill Pond #1+""Boulder County""+Colorado"
26233404a03aafa59826,,date_unknown,,Boulder,[Purposely Left Blank],official_fishery_survey,Colorado Parks and Wildlife,True,CPW fishery report: [Purposely Left Blank],"Colorado Parks and Wildlife provides an official fishery survey or report for this water. Open the source for survey dates, species observations, management findings and access information.",,,"https://www.google.com/search?q=""fishing report""+Golden Gravel Pond #3+""Boulder County""+Colorado"
2b628c72a9106522fdc9,,date_unknown,,Larimer,[Purposely Left Blank],official_fishery_survey,Colorado Parks and Wildlife,True,CPW fishery report: [Purposely Left Blank],"Colorado Parks and Wildlife provides an official fishery survey or report for this water. Open the source for survey dates, species observations, management findings and access information.",,,"https://www.google.com/search?q=""fishing report""+North Jayhawker Pond+""Larimer County""+Colorado"
334c8fc4318e9573981f,,date_unknown,,Larimer,[Purposely Left Blank],official_fishery_survey,Colorado Parks and Wildlife,True,CPW fishery report: [Purposely Left Blank],"Colorado Parks and Wildlife provides an official fishery survey or report for this water. Open the source for survey dates, species observations, management findings and access information.",,,"https://www.google.com/search?q=""fishing report""+Dragonfly Pond+""Larimer County""+Colorado"
87fc60a23a6e1059f1ce,,date_unknown,,Hinsdale,[Purposely Left Blank],official_fishery_survey,Colorado Parks and Wildlife,True,CPW fishery report: [Purposely Left Blank],"Colorado Parks and Wildlife provides an official fishery survey or report for this water. Open the source for survey dates, species observations, management findings and access information.",,,"https://www.google.com/search?q=""fishing report""+Brown Lake, Upper+""Hinsdale County""+Colorado"
fae31c3a0f0bef9897f4,,date_unknown,,Hinsdale,[Purposely Left Blank],official_fishery_survey,Colorado Parks and Wildlife,True,CPW fishery report: [Purposely Left Blank],"Colorado Parks and Wildlife provides an official fishery survey or report for this water. Open the source for survey dates, species observations, management findings and access information.",,,"https://www.google.com/search?q=""fishing report""+Ute Lake, Lower Twin (#2)+""Hinsdale County""+Colorado"
1139fa8456f946024c48,,date_unknown,,Mineral,[Purposely Left Blank],official_fishery_survey,Colorado Parks and Wildlife,True,CPW fishery report: [Purposely Left Blank],"Colorado Parks and Wildlife provides an official fishery survey or report for this water. Open the source for survey dates, species observations, management findings and access information.",,,"https://www.google.com/search?q=""fishing report""+Spruce Lake, Upper+""Mineral County""+Colorado"
9844ed6da0b2fcbcce0f,,date_unknown,,Saguache,[Purposely Left Blank],official_fishery_survey,Colorado Parks and Wildlife,True,CPW fishery report: [Purposely Left Blank],"Colorado Parks and Wildlife provides an official fishery survey or report for this water. Open the source for survey dates, species observations, management findings and access information.",,,"https://www.google.com/search?q=""fishing report""+Deadman Lake #2 (upper)+""Saguache County""+Colorado"
3e6e3b1da5083a669d5c,,date_unknown,,Custer,[Purposely Left Blank],official_fishery_survey,Colorado Parks and Wildlife,True,CPW fishery report: [Purposely Left Blank],"Colorado Parks and Wildlife provides an official fishery survey or report for this water. Open the source for survey dates, species observations, management findings and access information.",,,"https://www.google.com/search?q=""fishing report""+Macey Lake, West+""Custer County""+Colorado"
448bad484de35552f308,,date_unknown,,Custer,[Purposely Left Blank],official_fishery_survey,Colorado Parks and Wildlife,True,CPW fishery report: [Purposely Left Blank],"Colorado Parks and Wildlife provides an official fishery survey or report for this water. Open the source for survey dates, species observations, management findings and access information.",,,"https://www.google.com/search?q=""fishing report""+Macey Lake, Lower+""Custer County""+Colorado"
ee677d4cd1ef88171af3,,date_unknown,,Custer,[Purposely Left Blank],official_fishery_survey,Colorado Parks and Wildlife,True,CPW fishery report: [Purposely Left Blank],"Colorado Parks and Wildlife provides an official fishery survey or report for this water. Open the source for survey dates, species observations, management findings and access information.",,,"https://www.google.com/search?q=""fishing report""+Brush Creek Lake, Upper+""Custer County""+Colorado"
6f7875320fba82ae95f8,,date_unknown,,Custer,[Purposely Left Blank],official_fishery_survey,Colorado Parks and Wildlife,True,CPW fishery report: [Purposely Left Blank],"Colorado Parks and Wildlife provides an official fishery survey or report for this water. Open the source for survey dates, species observations, management findings and access information.",,,"https://www.google.com/search?q=""fishing report""+Goodwin Lake, Upper+""Custer County""+Colorado"
875aca63a7cdedec3b3c,,date_unknown,,Custer,[Purposely Left Blank],official_fishery_survey,Colorado Parks and Wildlife,True,CPW fishery report: [Purposely Left Blank],"Colorado Parks and Wildlife provides an official fishery survey or report for this water. Open the source for survey dates, species observations, management findings and access information.",,,"https://www.google.com/search?q=""fishing report""+North Colony Lake #5+""Custer County""+Colorado"
4f5e3ce4cf82e7ca49e9,,date_unknown,,Custer,[Purposely Left Blank],official_fishery_survey,Colorado Parks and Wildlife,True,CPW fishery report: [Purposely Left Blank],"Colorado Parks and Wildlife provides an official fishery survey or report for this water. Open the source for survey dates, species observations, management findings and access information.",,,"https://www.google.com/search?q=""fishing report""+North Colony Lake #4+""Custer County""+Colorado"
eca6e897552269a026a3,,date_unknown,,Custer,[Purposely Left Blank],official_fishery_survey,Colorado Parks and Wildlife,True,CPW fishery report: [Purposely Left Blank],"Colorado Parks and Wildlife provides an official fishery survey or report for this water. Open the source for survey dates, species observations, management findings and access information.",,,"https://www.google.com/search?q=""fishing report""+North Colony Lake #1+""Custer County""+Colorado"
b7dd6d21daa2aca751c0,,date_unknown,,Custer,[Purposely Left Blank],official_fishery_survey,Colorado Parks and Wildlife,True,CPW fishery report: [Purposely Left Blank],"Colorado Parks and Wildlife provides an official fishery survey or report for this water. Open the source for survey dates, species observations, management findings and access information.",,,"https://www.google.com/search?q=""fishing report""+Dry Lake, Upper+""Custer County""+Colorado"
dc6983aaae53731b1329,,date_unknown,,Custer,[Purposely Left Blank],official_fishery_survey,Colorado Parks and Wildlife,True,CPW fishery report: [Purposely Left Blank],"Colorado Parks and Wildlife provides an official fishery survey or report for this water. Open the source for survey dates, species observations, management findings and access information.",,,"https://www.google.com/search?q=""fishing report""+South Colony Lake, Upper+""Custer County""+Colorado"
d5c17325516cf8445bc3,,date_unknown,,Custer,[Purposely Left Blank],official_fishery_survey,Colorado Parks and Wildlife,True,CPW fishery report: [Purposely Left Blank],"Colorado Parks and Wildlife provides an official fishery survey or report for this water. Open the source for survey dates, species observations, management findings and access information.",,,"https://www.google.com/search?q=""fishing report""+Venable Lake, Upper+""Custer County""+Colorado"
7842e69ff90ed88fb2ee,,date_unknown,,Custer,[Purposely Left Blank],official_fishery_survey,Colorado Parks and Wildlife,True,CPW fishery report: [Purposely Left Blank],"Colorado Parks and Wildlife provides an official fishery survey or report for this water. Open the source for survey dates, species observations, management findings and access information.",,,"https://www.google.com/search?q=""fishing report""+Dry Lake, Middle+""Custer County""+Colorado"
b2303acdd6ec4c55da58,,date_unknown,,Montrose,[Purposely Left Blank],official_fishery_survey,Colorado Parks and Wildlife,True,CPW fishery report: [Purposely Left Blank],"Colorado Parks and Wildlife provides an official fishery survey or report for this water. Open the source for survey dates, species observations, management findings and access information.",,,"https://www.google.com/search?q=""fishing report""+Buckhorn Lake, Little+""Montrose County""+Colorado"
5b94e96231a552178f67,,date_unknown,,Boulder,[Purposely Left Blank],official_fishery_survey,Colorado Parks and Wildlife,True,CPW fishery report: [Purposely Left Blank],"Colorado Parks and Wildlife provides an official fishery survey or report for this water. Open the source for survey dates, species observations, management findings and access information.",,,"https://www.google.com/search?q=""fishing report""+Rainbow Lake #1+""Boulder County""+Colorado"
84de9aec906baeb2e1dd,,date_unknown,,Boulder,[Purposely Left Blank],official_fishery_survey,Colorado Parks and Wildlife,True,CPW fishery report: [Purposely Left Blank],"Colorado Parks and Wildlife provides an official fishery survey or report for this water. Open the source for survey dates, species observations, management findings and access information.",,,"https://www.google.com/search?q=""fishing report""+Rainbow Lake #5+""Boulder County""+Colorado"
6f62a48ebc42226603ef,,date_unknown,,Boulder,[Purposely Left Blank],official_fishery_survey,Colorado Parks and Wildlife,True,CPW fishery report: [Purposely Left Blank],"Colorado Parks and Wildlife provides an official fishery survey or report for this water. Open the source for survey dates, species observations, management findings and access information.",,,"https://www.google.com/search?q=""fishing report""+Rainbow Lake #4+""Boulder County""+Colorado"
e15c8cdf88da8738a4dd,,date_unknown,,Boulder,[Purposely Left Blank],official_fishery_survey,Colorado Parks and Wildlife,True,CPW fishery report: [Purposely Left Blank],"Colorado Parks and Wildlife provides an official fishery survey or report for this water. Open the source for survey dates, species observations, management findings and access information.",,,"https://www.google.com/search?q=""fishing report""+Rainbow Lake #3+""Boulder County""+Colorado"
e49b0c7ed3ffea4e61ec,,date_unknown,,Boulder,[Purposely Left Blank],official_fishery_survey,Colorado Parks and Wildlife,True,CPW fishery report: [Purposely Left Blank],"Colorado Parks and Wildlife provides an official fishery survey or report for this water. Open the source for survey dates, species observations, management findings and access information.",,,"https://www.google.com/search?q=""fishing report""+Walden Pond - Ricky Weiser Wetland+""Boulder County""+Colorado"
83d316249a5e0fde87e8,,date_unknown,,Boulder,[Purposely Left Blank],official_fishery_survey,Colorado Parks and Wildlife,True,CPW fishery report: [Purposely Left Blank],"Colorado Parks and Wildlife provides an official fishery survey or report for this water. Open the source for survey dates, species observations, management findings and access information.",,,"https://www.google.com/search?q=""fishing report""+Walden Pond - Bass Pond+""Boulder County""+Colorado"
8267051d3c56e20562f2,,date_unknown,,Boulder,[Purposely Left Blank],official_fishery_survey,Colorado Parks and Wildlife,True,CPW fishery report: [Purposely Left Blank],"Colorado Parks and Wildlife provides an official fishery survey or report for this water. Open the source for survey dates, species observations, management findings and access information.",,,"https://www.google.com/search?q=""fishing report""+Walden Pond - Duck Pond+""Boulder County""+Colorado"
e7842a12752490d2dbd3,,date_unknown,,Boulder,[Purposely Left Blank],official_fishery_survey,Colorado Parks and Wildlife,True,CPW fishery report: [Purposely Left Blank],"Colorado Parks and Wildlife provides an official fishery survey or report for this water. Open the source for survey dates, species observations, management findings and access information.",,,"https://www.google.com/search?q=""fishing report""+Sawhill Pond #10+""Boulder County""+Colorado"
4267ebecba6c73ff5226,,date_unknown,,Boulder,[Purposely Left Blank],official_fishery_survey,Colorado Parks and Wildlife,True,CPW fishery report: [Purposely Left Blank],"Colorado Parks and Wildlife provides an official fishery survey or report for this water. Open the source for survey dates, species observations, management findings and access information.",,,"https://www.google.com/search?q=""fishing report""+Sawhill Pond #11+""Boulder County""+Colorado"
a437e8f88e38d10b1edd,,date_unknown,,Boulder,[Purposely Left Blank],official_fishery_survey,Colorado Parks and Wildlife,True,CPW fishery report: [Purposely Left Blank],"Colorado Parks and Wildlife provides an official fishery survey or report for this water. Open the source for survey dates, species observations, management findings and access information.",,,"https://www.google.com/search?q=""fishing report""+Sawhill Pond #9+""Boulder County""+Colorado"
1afd9966084c3d91ecbb,,date_unknown,,Boulder,[Purposely Left Blank],official_fishery_survey,Colorado Parks and Wildlife,True,CPW fishery report: [Purposely Left Blank],"Colorado Parks and Wildlife provides an official fishery survey or report for this water. Open the source for survey dates, species observations, management findings and access information.",,,"https://www.google.com/search?q=""fishing report""+Sawhill Pond #8+""Boulder County""+Colorado"
8bdf7c1ba4a4dd242f52,,date_unknown,,Boulder,[Purposely Left Blank],official_fishery_survey,Colorado Parks and Wildlife,True,CPW fishery report: [Purposely Left Blank],"Colorado Parks and Wildlife provides an official fishery survey or report for this water. Open the source for survey dates, species observations, management findings and access information.",,,"https://www.google.com/search?q=""fishing report""+Sawhill Pond #15+""Boulder County""+Colorado"
deb463c1c41203591de1,,date_unknown,,Boulder,[Purposely Left Blank],official_fishery_survey,Colorado Parks and Wildlife,True,CPW fishery report: [Purposely Left Blank],"Colorado Parks and Wildlife provides an official fishery survey or report for this water. Open the source for survey dates, species observations, management findings and access information.",,,"https://www.google.com/search?q=""fishing report""+Sawhill Pond #14+""Boulder County""+Colorado"
7fc8bf350190c20bcb48,,date_unknown,,Boulder,[Purposely Left Blank],official_fishery_survey,Colorado Parks and Wildlife,True,CPW fishery report: [Purposely Left Blank],"Colorado Parks and Wildlife provides an official fishery survey or report for this water. Open the source for survey dates, species observations, management findings and access information.",,,"https://www.google.com/search?q=""fishing report""+Sawhill Pond #13+""Boulder County""+Colorado"
94b9b80999359a53fcff,,date_unknown,,Boulder,[Purposely Left Blank],official_fishery_survey,Colorado Parks and Wildlife,True,CPW fishery report: [Purposely Left Blank],"Colorado Parks and Wildlife provides an official fishery survey or report for this water. Open the source for survey dates, species observations, management findings and access information.",,,"https://www.google.com/search?q=""fishing report""+Sawhill Pond #12+""Boulder County""+Colorado"
ddaed6252e167f8b0088,,date_unknown,,Boulder,[Purposely Left Blank],official_fishery_survey,Colorado Parks and Wildlife,True,CPW fishery report: [Purposely Left Blank],"Colorado Parks and Wildlife provides an official fishery survey or report for this water. Open the source for survey dates, species observations, management findings and access information.",,,"https://www.google.com/search?q=""fishing report""+Sawhill Pond #5+""Boulder County""+Colorado"
dd21c1cb5ffb8303c89e,,date_unknown,,Boulder,[Purposely Left Blank],official_fishery_survey,Colorado Parks and Wildlife,True,CPW fishery report: [Purposely Left Blank],"Colorado Parks and Wildlife provides an official fishery survey or report for this water. Open the source for survey dates, species observations, management findings and access information.",,,"https://www.google.com/search?q=""fishing report""+Sawhill Pond #4+""Boulder County""+Colorado"
5f43d24dd7dd6577d3aa,,date_unknown,,Boulder,[Purposely Left Blank],official_fishery_survey,Colorado Parks and Wildlife,True,CPW fishery report: [Purposely Left Blank],"Colorado Parks and Wildlife provides an official fishery survey or report for this water. Open the source for survey dates, species observations, management findings and access information.",,,"https://www.google.com/search?q=""fishing report""+Sawhill Pond #3+""Boulder County""+Colorado"
9dbba6a8e63b6c8ca330,,date_unknown,,Boulder,[Purposely Left Blank],official_fishery_survey,Colorado Parks and Wildlife,True,CPW fishery report: [Purposely Left Blank],"Colorado Parks and Wildlife provides an official fishery survey or report for this water. Open the source for survey dates, species observations, management findings and access information.",,,"https://www.google.com/search?q=""fishing report""+Sawhill Pond #7+""Boulder County""+Colorado"
aad47a32b98d1a79f927,,date_unknown,,Boulder,[Purposely Left Blank],official_fishery_survey,Colorado Parks and Wildlife,True,CPW fishery report: [Purposely Left Blank],"Colorado Parks and Wildlife provides an official fishery survey or report for this water. Open the source for survey dates, species observations, management findings and access information.",,,"https://www.google.com/search?q=""fishing report""+Sawhill Pond #1A+""Boulder County""+Colorado"
cc34a328727a9a78a8af,,date_unknown,,Boulder,[Purposely Left Blank],official_fishery_survey,Colorado Parks and Wildlife,True,CPW fishery report: [Purposely Left Blank],"Colorado Parks and Wildlife provides an official fishery survey or report for this water. Open the source for survey dates, species observations, management findings and access information.",,,"https://www.google.com/search?q=""fishing report""+Sawhill Pond #2+""Boulder County""+Colorado"
59c060a95ec466bb57f2,,date_unknown,,Boulder,[Purposely Left Blank],official_fishery_survey,Colorado Parks and Wildlife,True,CPW fishery report: [Purposely Left Blank],"Colorado Parks and Wildlife provides an official fishery survey or report for this water. Open the source for survey dates, species observations, management findings and access information.",,,"https://www.google.com/search?q=""fishing report""+Heron Lake - Pella Crossing+""Boulder County""+Colorado"
720447f7693e347e566e,,date_unknown,,Boulder,[Purposely Left Blank],official_fishery_survey,Colorado Parks and Wildlife,True,CPW fishery report: [Purposely Left Blank],"Colorado Parks and Wildlife provides an official fishery survey or report for this water. Open the source for survey dates, species observations, management findings and access information.",,,"https://www.google.com/search?q=""fishing report""+Poplar Pond - Belly Boat #2+""Boulder County""+Colorado"
d4a1184ffa30a3a4b473,,date_unknown,,Boulder,[Purposely Left Blank],official_fishery_survey,Colorado Parks and Wildlife,True,CPW fishery report: [Purposely Left Blank],"Colorado Parks and Wildlife provides an official fishery survey or report for this water. Open the source for survey dates, species observations, management findings and access information.",,,"https://www.google.com/search?q=""fishing report""+Dragonfly Pond - Belly Boat #1+""Boulder County""+Colorado"
6e51b220fef9f8cec96e,,date_unknown,,Boulder,[Purposely Left Blank],official_fishery_survey,Colorado Parks and Wildlife,True,CPW fishery report: [Purposely Left Blank],"Colorado Parks and Wildlife provides an official fishery survey or report for this water. Open the source for survey dates, species observations, management findings and access information.",,,"https://www.google.com/search?q=""fishing report""+Clearwater Pond - Belly Boat #3+""Boulder County""+Colorado"
58eba0d1eeeb7e5e33dc,,date_unknown,,Boulder,[Purposely Left Blank],official_fishery_survey,Colorado Parks and Wildlife,True,CPW fishery report: [Purposely Left Blank],"Colorado Parks and Wildlife provides an official fishery survey or report for this water. Open the source for survey dates, species observations, management findings and access information.",,,"https://www.google.com/search?q=""fishing report""+Golden Gravel Pond #1+""Boulder County""+Colorado"
36464e6ba3ff7bfe1156,,date_unknown,,Weld,[Purposely Left Blank],official_fishery_survey,Colorado Parks and Wildlife,True,CPW fishery report: [Purposely Left Blank],"Colorado Parks and Wildlife provides an official fishery survey or report for this water. Open the source for survey dates, species observations, management findings and access information.",,,"https://www.google.com/search?q=""fishing report""+Mead Pond #3+""Weld County""+Colorado"
396dfa0381923c27d23a,,date_unknown,,Weld,[Purposely Left Blank],official_fishery_survey,Colorado Parks and Wildlife,True,CPW fishery report: [Purposely Left Blank],"Colorado Parks and Wildlife provides an official fishery survey or report for this water. Open the source for survey dates, species observations, management findings and access information.",,,"https://www.google.com/search?q=""fishing report""+Mead Pond #1+""Weld County""+Colorado"
380adce9bb33044cd86c,,date_unknown,,Larimer,[Purposely Left Blank],official_fishery_survey,Colorado Parks and Wildlife,True,CPW fishery report: [Purposely Left Blank],"Colorado Parks and Wildlife provides an official fishery survey or report for this water. Open the source for survey dates, species observations, management findings and access information.",,,"https://www.google.com/search?q=""fishing report""+Simpson Property Pond #2+""Larimer County""+Colorado"
fa6c2e0b1054962b1d15,,date_unknown,,Larimer,[Purposely Left Blank],official_fishery_survey,Colorado Parks and Wildlife,True,CPW fishery report: [Purposely Left Blank],"Colorado Parks and Wildlife provides an official fishery survey or report for this water. Open the source for survey dates, species observations, management findings and access information.",,,"https://www.google.com/search?q=""fishing report""+Big Thompson Pond #4+""Larimer County""+Colorado"
22a5eba34e846d9483ed,,date_unknown,,Larimer,[Purposely Left Blank],official_fishery_survey,Colorado Parks and Wildlife,True,CPW fishery report: [Purposely Left Blank],"Colorado Parks and Wildlife provides an official fishery survey or report for this water. Open the source for survey dates, species observations, management findings and access information.",,,"https://www.google.com/search?q=""fishing report""+Big Thompson Pond #5+""Larimer County""+Colorado"
23895c9c11261d62743b,,date_unknown,,Larimer,[Purposely Left Blank],official_fishery_survey,Colorado Parks and Wildlife,True,CPW fishery report: [Purposely Left Blank],"Colorado Parks and Wildlife provides an official fishery survey or report for this water. Open the source for survey dates, species observations, management findings and access information.",,,"https://www.google.com/search?q=""fishing report""+Simpson Property Pond #1+""Larimer County""+Colorado"
4bb1de88803230355d11,,date_unknown,,Larimer,[Purposely Left Blank],official_fishery_survey,Colorado Parks and Wildlife,True,CPW fishery report: [Purposely Left Blank],"Colorado Parks and Wildlife provides an official fishery survey or report for this water. Open the source for survey dates, species observations, management findings and access information.",,,"https://www.google.com/search?q=""fishing report""+South Jayhawker Pond+""Larimer County""+Colorado"
a9b04afdf497359e100c,,date_unknown,,Larimer,[Purposely Left Blank],official_fishery_survey,Colorado Parks and Wildlife,True,CPW fishery report: [Purposely Left Blank],"Colorado Parks and Wildlife provides an official fishery survey or report for this water. Open the source for survey dates, species observations, management findings and access information.",,,"https://www.google.com/search?q=""fishing report""+Bass Pond+""Larimer County""+Colorado"
ab1bde29629e0e24c721,,date_unknown,,Gilpin,[Purposely Left Blank],official_fishery_survey,Colorado Parks and Wildlife,True,CPW fishery report: [Purposely Left Blank],"Colorado Parks and Wildlife provides an official fishery survey or report for this water. Open the source for survey dates, species observations, management findings and access information.",,,"https://www.google.com/search?q=""fishing report""+Arapahoe Lake #3+""Gilpin County""+Colorado"
7556c7b34c4186a641b9,,date_unknown,,Gilpin,[Purposely Left Blank],official_fishery_survey,Colorado Parks and Wildlife,True,CPW fishery report: [Purposely Left Blank],"Colorado Parks and Wildlife provides an official fishery survey or report for this water. Open the source for survey dates, species observations, management findings and access information.",,,"https://www.google.com/search?q=""fishing report""+Crater Lake #3, Mid South+""Gilpin County""+Colorado"
2049c5eda867b512a602,,date_unknown,,Gilpin,[Purposely Left Blank],official_fishery_survey,Colorado Parks and Wildlife,True,CPW fishery report: [Purposely Left Blank],"Colorado Parks and Wildlife provides an official fishery survey or report for this water. Open the source for survey dates, species observations, management findings and access information.",,,"https://www.google.com/search?q=""fishing report""+Forest Lake #3, Upper+""Gilpin County""+Colorado"
5653eddcc6655b8618ce,,date_unknown,,Gilpin,[Purposely Left Blank],official_fishery_survey,Colorado Parks and Wildlife,True,CPW fishery report: [Purposely Left Blank],"Colorado Parks and Wildlife provides an official fishery survey or report for this water. Open the source for survey dates, species observations, management findings and access information.",,,"https://www.google.com/search?q=""fishing report""+Arapahoe Lake #4+""Gilpin County""+Colorado"
600da2a45cd8b55b43be,,date_unknown,,Gilpin,[Purposely Left Blank],official_fishery_survey,Colorado Parks and Wildlife,True,CPW fishery report: [Purposely Left Blank],"Colorado Parks and Wildlife provides an official fishery survey or report for this water. Open the source for survey dates, species observations, management findings and access information.",,,"https://www.google.com/search?q=""fishing report""+Arapahoe Lake #1+""Gilpin County""+Colorado"
ae17a3f46b58aad89611,,date_unknown,,Gilpin,[Purposely Left Blank],official_fishery_survey,Colorado Parks and Wildlife,True,CPW fishery report: [Purposely Left Blank],"Colorado Parks and Wildlife provides an official fishery survey or report for this water. Open the source for survey dates, species observations, management findings and access information.",,,"https://www.google.com/search?q=""fishing report""+Crater Lake #1, Upper+""Gilpin County""+Colorado"
91194f4e5943a596f36b,,date_unknown,,Gilpin,[Purposely Left Blank],official_fishery_survey,Colorado Parks and Wildlife,True,CPW fishery report: [Purposely Left Blank],"Colorado Parks and Wildlife provides an official fishery survey or report for this water. Open the source for survey dates, species observations, management findings and access information.",,,"https://www.google.com/search?q=""fishing report""+Iceberg Lake, North+""Gilpin County""+Colorado"
3a761bf38f38189aeee7,,date_unknown,,Gilpin,[Purposely Left Blank],official_fishery_survey,Colorado Parks and Wildlife,True,CPW fishery report: [Purposely Left Blank],"Colorado Parks and Wildlife provides an official fishery survey or report for this water. Open the source for survey dates, species observations, management findings and access information.",,,"https://www.google.com/search?q=""fishing report""+Crater Lake #4, Lower+""Gilpin County""+Colorado"
8b688725ec135d2a737a,,date_unknown,,Clear Creek,[Purposely Left Blank],official_fishery_survey,Colorado Parks and Wildlife,True,CPW fishery report: [Purposely Left Blank],"Colorado Parks and Wildlife provides an official fishery survey or report for this water. Open the source for survey dates, species observations, management findings and access information.",,,"https://www.google.com/search?q=""fishing report""+Chicago Lake, Upper+""Clear Creek County""+Colorado"
961007b0881b27578e2b,,date_unknown,,Adams,[Purposely Left Blank],official_fishery_survey,Colorado Parks and Wildlife,True,CPW fishery report: [Purposely Left Blank],"Colorado Parks and Wildlife provides an official fishery survey or report for this water. Open the source for survey dates, species observations, management findings and access information.",,,"https://www.google.com/search?q=""fishing report""+Thornton Gravel Lake #3+""Adams County""+Colorado"
e5ecde1092868acd64aa,,date_unknown,,Adams,[Purposely Left Blank],official_fishery_survey,Colorado Parks and Wildlife,True,CPW fishery report: [Purposely Left Blank],"Colorado Parks and Wildlife provides an official fishery survey or report for this water. Open the source for survey dates, species observations, management findings and access information.",,,"https://www.google.com/search?q=""fishing report""+Lowell Pond #3 West+""Adams County""+Colorado"
a468a596eee30ea8c003,,date_unknown,,Adams,[Purposely Left Blank],official_fishery_survey,Colorado Parks and Wildlife,True,CPW fishery report: [Purposely Left Blank],"Colorado Parks and Wildlife provides an official fishery survey or report for this water. Open the source for survey dates, species observations, management findings and access information.",,,"https://www.google.com/search?q=""fishing report""+Lowell Pond #2 Middle+""Adams County""+Colorado"
9713768413550e96987f,,date_unknown,,Adams,[Purposely Left Blank],official_fishery_survey,Colorado Parks and Wildlife,True,CPW fishery report: [Purposely Left Blank],"Colorado Parks and Wildlife provides an official fishery survey or report for this water. Open the source for survey dates, species observations, management findings and access information.",,,"https://www.google.com/search?q=""fishing report""+Grandview Pond #1+""Adams County""+Colorado"
5f13523ad85761565954,,date_unknown,,Adams,[Purposely Left Blank],official_fishery_survey,Colorado Parks and Wildlife,True,CPW fishery report: [Purposely Left Blank],"Colorado Parks and Wildlife provides an official fishery survey or report for this water. Open the source for survey dates, species observations, management findings and access information.",,,"https://www.google.com/search?q=""fishing report""+Grandview Pond #2+""Adams County""+Colorado"
7c074d3b4fed7fe01b72,,date_unknown,,Adams,[Purposely Left Blank],official_fishery_survey,Colorado Parks and Wildlife,True,CPW fishery report: [Purposely Left Blank],"Colorado Parks and Wildlife provides an official fishery survey or report for this water. Open the source for survey dates, species observations, management findings and access information.",,,"https://www.google.com/search?q=""fishing report""+Grandview Pond #4+""Adams County""+Colorado"
71b53dd0fa97585d866d,,date_unknown,,Adams,[Purposely Left Blank],official_fishery_survey,Colorado Parks and Wildlife,True,CPW fishery report: [Purposely Left Blank],"Colorado Parks and Wildlife provides an official fishery survey or report for this water. Open the source for survey dates, species observations, management findings and access information.",,,"https://www.google.com/search?q=""fishing report""+Valente Open Space North Pond +""Adams County""+Colorado"
4d5e74dbe585929aafa7,,date_unknown,,Adams,[Purposely Left Blank],official_fishery_survey,Colorado Parks and Wildlife,True,CPW fishery report: [Purposely Left Blank],"Colorado Parks and Wildlife provides an official fishery survey or report for this water. Open the source for survey dates, species observations, management findings and access information.",,,"https://www.google.com/search?q=""fishing report""+Valente Open Space West Pond+""Adams County""+Colorado"
dca2faa0415f5304e96d,,date_unknown,,Arapahoe,[Purposely Left Blank],official_fishery_survey,Colorado Parks and Wildlife,True,CPW fishery report: [Purposely Left Blank],"Colorado Parks and Wildlife provides an official fishery survey or report for this water. Open the source for survey dates, species observations, management findings and access information.",,,"https://www.google.com/search?q=""fishing report""+Blackrock Lake+""Arapahoe County""+Colorado"
bad981cbff208702a038,,date_unknown,,Grand,[Purposely Left Blank],official_fishery_survey,Colorado Parks and Wildlife,True,CPW fishery report: [Purposely Left Blank],"Colorado Parks and Wildlife provides an official fishery survey or report for this water. Open the source for survey dates, species observations, management findings and access information.",,,"https://www.google.com/search?q=""fishing report""+Colorado River+""Grand County""+Colorado"
9ee108b641a7322fc65d,,date_unknown,,Weld,[Purposely Left Blank],official_fishery_survey,Colorado Parks and Wildlife,True,CPW fishery report: [Purposely Left Blank],"Colorado Parks and Wildlife provides an official fishery survey or report for this water. Open the source for survey dates, species observations, management findings and access information.",,,"https://www.google.com/search?q=""fishing report""+St. Vrain State Park Pelican+""Weld County""+Colorado"
88ad7ec2fa4cb38c1bac,,date_unknown,,Weld,[Purposely Left Blank],official_fishery_survey,Colorado Parks and Wildlife,True,CPW fishery report: [Purposely Left Blank],"Colorado Parks and Wildlife provides an official fishery survey or report for this water. Open the source for survey dates, species observations, management findings and access information.",,,"https://www.google.com/search?q=""fishing report""+St. Vrain State Park Mallard+""Weld County""+Colorado"
3719cf677b504b8ca0a4,,date_unknown,,Weld,[Purposely Left Blank],official_fishery_survey,Colorado Parks and Wildlife,True,CPW fishery report: [Purposely Left Blank],"Colorado Parks and Wildlife provides an official fishery survey or report for this water. Open the source for survey dates, species observations, management findings and access information.",,,"https://www.google.com/search?q=""fishing report""+St. Vrain State Park Sandpiper+""Weld County""+Colorado"
8a4775b6426ef6db6cf8,,date_unknown,,Denver,[Purposely Left Blank],official_fishery_survey,Colorado Parks and Wildlife,True,CPW fishery report: [Purposely Left Blank],"Colorado Parks and Wildlife provides an official fishery survey or report for this water. Open the source for survey dates, species observations, management findings and access information.",,,"https://www.google.com/search?q=""fishing report""+Grasmere Lake+""Denver County""+Colorado"
0ec354741de3fc22906d,,date_unknown,,Denver,[Purposely Left Blank],official_fishery_survey,Colorado Parks and Wildlife,True,CPW fishery report: [Purposely Left Blank],"Colorado Parks and Wildlife provides an official fishery survey or report for this water. Open the source for survey dates, species observations, management findings and access information.",,,"https://www.google.com/search?q=""fishing report""+Lily Pad Pond+""Denver County""+Colorado"
fb1973674f7c7f5c107d,,date_unknown,,Arapahoe,[Purposely Left Blank],official_fishery_survey,Colorado Parks and Wildlife,True,CPW fishery report: [Purposely Left Blank],"Colorado Parks and Wildlife provides an official fishery survey or report for this water. Open the source for survey dates, species observations, management findings and access information.",,,"https://www.google.com/search?q=""fishing report""+Bufflehead Lake+""Arapahoe County""+Colorado"
d1771f90786e14ea2df8,,date_unknown,,Arapahoe,[Purposely Left Blank],official_fishery_survey,Colorado Parks and Wildlife,True,CPW fishery report: [Purposely Left Blank],"Colorado Parks and Wildlife provides an official fishery survey or report for this water. Open the source for survey dates, species observations, management findings and access information.",,,"https://www.google.com/search?q=""fishing report""+Redtail Lake+""Arapahoe County""+Colorado"
73741787c650035109b0,,date_unknown,,Arapahoe,[Purposely Left Blank],official_fishery_survey,Colorado Parks and Wildlife,True,CPW fishery report: [Purposely Left Blank],"Colorado Parks and Wildlife provides an official fishery survey or report for this water. Open the source for survey dates, species observations, management findings and access information.",,,"https://www.google.com/search?q=""fishing report""+Ladybug Lake+""Arapahoe County""+Colorado"
6274c9ed406241b9668a,,date_unknown,,Arapahoe,[Purposely Left Blank],official_fishery_survey,Colorado Parks and Wildlife,True,CPW fishery report: [Purposely Left Blank],"Colorado Parks and Wildlife provides an official fishery survey or report for this water. Open the source for survey dates, species observations, management findings and access information.",,,"https://www.google.com/search?q=""fishing report""+John Meade Park Lake (North)+""Arapahoe County""+Colorado"
61a65df7e2fcd6aed3b4,,date_unknown,,Arapahoe,[Purposely Left Blank],official_fishery_survey,Colorado Parks and Wildlife,True,CPW fishery report: [Purposely Left Blank],"Colorado Parks and Wildlife provides an official fishery survey or report for this water. Open the source for survey dates, species observations, management findings and access information.",,,"https://www.google.com/search?q=""fishing report""+Perry Preserve Ponds+""Arapahoe County""+Colorado"
784d026d0eda0d491d7a,,date_unknown,,Jackson,[Purposely Left Blank],official_fishery_survey,Colorado Parks and Wildlife,True,CPW fishery report: [Purposely Left Blank],"Colorado Parks and Wildlife provides an official fishery survey or report for this water. Open the source for survey dates, species observations, management findings and access information.",,,"https://www.google.com/search?q=""fishing report""+Big Creek Lake, Upper+""Jackson County""+Colorado"
e27033782d5c123410f7,,date_unknown,,Grand,[Purposely Left Blank],official_fishery_survey,Colorado Parks and Wildlife,True,CPW fishery report: [Purposely Left Blank],"Colorado Parks and Wildlife provides an official fishery survey or report for this water. Open the source for survey dates, species observations, management findings and access information.",,,"https://www.google.com/search?q=""fishing report""+Fraser Pond #2+""Grand County""+Colorado"
a3372da85c2fe40e00a2,,date_unknown,,Fremont,[Purposely Left Blank],official_fishery_survey,Colorado Parks and Wildlife,True,CPW fishery report: [Purposely Left Blank],"Colorado Parks and Wildlife provides an official fishery survey or report for this water. Open the source for survey dates, species observations, management findings and access information.",,,"https://www.google.com/search?q=""fishing report""+Blue Heron Ponds+""Fremont County""+Colorado"
0108713b80640cccfe32,,date_unknown,,Pueblo,[Purposely Left Blank],official_fishery_survey,Colorado Parks and Wildlife,True,CPW fishery report: [Purposely Left Blank],"Colorado Parks and Wildlife provides an official fishery survey or report for this water. Open the source for survey dates, species observations, management findings and access information.",,,"https://www.google.com/search?q=""fishing report""+Valco Pond #1+""Pueblo County""+Colorado"
aa464c142a225bc1fc88,,date_unknown,,Pueblo,[Purposely Left Blank],official_fishery_survey,Colorado Parks and Wildlife,True,CPW fishery report: [Purposely Left Blank],"Colorado Parks and Wildlife provides an official fishery survey or report for this water. Open the source for survey dates, species observations, management findings and access information.",,,"https://www.google.com/search?q=""fishing report""+Valco Pond #3+""Pueblo County""+Colorado"
482774ceda182f6b4310,,date_unknown,,Jefferson,[Purposely Left Blank],official_fishery_survey,Colorado Parks and Wildlife,True,CPW fishery report: [Purposely Left Blank],"Colorado Parks and Wildlife provides an official fishery survey or report for this water. Open the source for survey dates, species observations, management findings and access information.",,,"https://www.google.com/search?q=""fishing report""+Chatfield Pond #1+""Jefferson County""+Colorado"
1e67a463481cf46fe354,,date_unknown,,Jefferson,[Purposely Left Blank],official_fishery_survey,Colorado Parks and Wildlife,True,CPW fishery report: [Purposely Left Blank],"Colorado Parks and Wildlife provides an official fishery survey or report for this water. Open the source for survey dates, species observations, management findings and access information.",,,"https://www.google.com/search?q=""fishing report""+Chatfield Pond #2+""Jefferson County""+Colorado"
62cc29603e125a295ca2,,date_unknown,,Jefferson,[Purposely Left Blank],official_fishery_survey,Colorado Parks and Wildlife,True,CPW fishery report: [Purposely Left Blank],"Colorado Parks and Wildlife provides an official fishery survey or report for this water. Open the source for survey dates, species observations, management findings and access information.",,,"https://www.google.com/search?q=""fishing report""+Chatfield Pond #3+""Jefferson County""+Colorado"
f1415d7d6456373a1717,,date_unknown,,Douglas,[Purposely Left Blank],official_fishery_survey,Colorado Parks and Wildlife,True,CPW fishery report: [Purposely Left Blank],"Colorado Parks and Wildlife provides an official fishery survey or report for this water. Open the source for survey dates, species observations, management findings and access information.",,,"https://www.google.com/search?q=""fishing report""+Chatfield Pond #5+""Douglas County""+Colorado"
dd8bd00b85934029b34a,,date_unknown,,Weld,[Purposely Left Blank],official_fishery_survey,Colorado Parks and Wildlife,True,CPW fishery report: [Purposely Left Blank],"Colorado Parks and Wildlife provides an official fishery survey or report for this water. Open the source for survey dates, species observations, management findings and access information.",,,"https://www.google.com/search?q=""fishing report""+St. Vrain State Park Killdeer+""Weld County""+Colorado"
d1abe3e67e9473e9cb8d,,date_unknown,,Weld,[Purposely Left Blank],official_fishery_survey,Colorado Parks and Wildlife,True,CPW fishery report: [Purposely Left Blank],"Colorado Parks and Wildlife provides an official fishery survey or report for this water. Open the source for survey dates, species observations, management findings and access information.",,,"https://www.google.com/search?q=""fishing report""+St. Vrain State Park Red Tail+""Weld County""+Colorado"
230807cc9ba55ecffbf7,,date_unknown,,Weld,[Purposely Left Blank],official_fishery_survey,Colorado Parks and Wildlife,True,CPW fishery report: [Purposely Left Blank],"Colorado Parks and Wildlife provides an official fishery survey or report for this water. Open the source for survey dates, species observations, management findings and access information.",,,"https://www.google.com/search?q=""fishing report""+St. Vrain State Park Pintail Pond+""Weld County""+Colorado"
42175f7c63b0d21d86e1,,date_unknown,,Weld,[Purposely Left Blank],official_fishery_survey,Colorado Parks and Wildlife,True,CPW fishery report: [Purposely Left Blank],"Colorado Parks and Wildlife provides an official fishery survey or report for this water. Open the source for survey dates, species observations, management findings and access information.",,,"https://www.google.com/search?q=""fishing report""+St. Vrain State Park Yellow Legs+""Weld County""+Colorado"
c0e9972ec5eaf25e0bf8,,date_unknown,,Weld,[Purposely Left Blank],official_fishery_survey,Colorado Parks and Wildlife,True,CPW fishery report: [Purposely Left Blank],"Colorado Parks and Wildlife provides an official fishery survey or report for this water. Open the source for survey dates, species observations, management findings and access information.",,,"https://www.google.com/search?q=""fishing report""+St. Vrain State Park Coot Pond+""Weld County""+Colorado"
7247e73f3cbea36eba5e,,date_unknown,,Weld,[Purposely Left Blank],official_fishery_survey,Colorado Parks and Wildlife,True,CPW fishery report: [Purposely Left Blank],"Colorado Parks and Wildlife provides an official fishery survey or report for this water. Open the source for survey dates, species observations, management findings and access information.",,,"https://www.google.com/search?q=""fishing report""+St. Vrain State Park Blue Heron+""Weld County""+Colorado"
7d8f9df1abe8daf09c8f,,date_unknown,,Jackson,[Purposely Left Blank],official_fishery_survey,Colorado Parks and Wildlife,True,CPW fishery report: [Purposely Left Blank],"Colorado Parks and Wildlife provides an official fishery survey or report for this water. Open the source for survey dates, species observations, management findings and access information.",,,"https://www.google.com/search?q=""fishing report""+Ranger Lake, Lower+""Jackson County""+Colorado"
c0a2b87f2f975d40ae12,,date_unknown,,Delta,Youngs Creek Reservoir #3,official_fishery_survey,Colorado Parks and Wildlife,True,CPW fishery report: Youngs Creek Reservoir #3,"Colorado Parks and Wildlife provides an official fishery survey or report for this water. Open the source for survey dates, species observations, management findings and access information.",,,"https://www.google.com/search?q=""fishing report""+Youngs Creek Reservoir #3+""Delta County""+Colorado"
80a0e690e2db0d4eeabe,,date_unknown,,Mesa,Youngs Creek Lake,official_fishery_survey,Colorado Parks and Wildlife,True,CPW fishery report: Youngs Creek Lake,"Colorado Parks and Wildlife provides an official fishery survey or report for this water. Open the source for survey dates, species observations, management findings and access information.",,,"https://www.google.com/search?q=""fishing report""+Youngs Creek Lake+""Mesa County""+Colorado"
127113b5ba37b874ccd5,,date_unknown,,Boulder,Yankee Doodle Lake,official_fishery_survey,Colorado Parks and Wildlife,True,CPW fishery report: Yankee Doodle Lake,"Colorado Parks and Wildlife provides an official fishery survey or report for this water. Open the source for survey dates, species observations, management findings and access information.",,,"https://www.google.com/search?q=""fishing report""+Yankee Doodle Lake+""Boulder County""+Colorado"
de9e1c2c356103c83afa,,date_unknown,,Routt,Yampa River,official_fishery_survey,Colorado Parks and Wildlife,True,CPW fishery report: Yampa River,"Colorado Parks and Wildlife provides an official fishery survey or report for this water. Open the source for survey dates, species observations, management findings and access information.",,,"https://www.google.com/search?q=""fishing report""+Yampa River+""Routt County""+Colorado"
b7b8f1a86da5d5bbdc9e,,date_unknown,,Garfield,Yamcolo Reservoir,official_fishery_survey,Colorado Parks and Wildlife,True,CPW fishery report: Yamcolo Reservoir,"Colorado Parks and Wildlife provides an official fishery survey or report for this water. Open the source for survey dates, species observations, management findings and access information.",,,"https://www.google.com/search?q=""fishing report""+Yamcolo Reservoir+""Garfield County""+Colorado"
6ed3eae3954e4ba21a03,,date_unknown,,Delta,Y & S Reservoir,official_fishery_survey,Colorado Parks and Wildlife,True,CPW fishery report: Y & S Reservoir,"Colorado Parks and Wildlife provides an official fishery survey or report for this water. Open the source for survey dates, species observations, management findings and access information.",,,"https://www.google.com/search?q=""fishing report""+Y & S Reservoir+""Delta County""+Colorado"
8fb4225c893c03bd4016,,date_unknown,,Chaffee,Wrights Lake,official_fishery_survey,Colorado Parks and Wildlife,True,CPW fishery report: Wrights Lake,"Colorado Parks and Wildlife provides an official fishery survey or report for this water. Open the source for survey dates, species observations, management findings and access information.",,,"https://www.google.com/search?q=""fishing report""+Wrights Lake+""Chaffee County""+Colorado"
69f2a473deee5fa3a4b5,,date_unknown,,Boulder,Woodland Lake,official_fishery_survey,Colorado Parks and Wildlife,True,CPW fishery report: Woodland Lake,"Colorado Parks and Wildlife provides an official fishery survey or report for this water. Open the source for survey dates, species observations, management findings and access information.",,,"https://www.google.com/search?q=""fishing report""+Woodland Lake+""Boulder County""+Colorado"
527bd1638504a75c3291,,date_unknown,,Boulder,Wonderland Lake,official_fishery_survey,Colorado Parks and Wildlife,True,CPW fishery report: Wonderland Lake,"Colorado Parks and Wildlife provides an official fishery survey or report for this water. Open the source for survey dates, species observations, management findings and access information.",,,"https://www.google.com/search?q=""fishing report""+Wonderland Lake+""Boulder County""+Colorado"
b3d39f8e8d52c3d3900f,,date_unknown,,Grand,Wolford Mountain Reservoir,official_fishery_survey,Colorado Parks and Wildlife,True,CPW fishery report: Wolford Mountain Reservoir,"Colorado Parks and Wildlife provides an official fishery survey or report for this water. Open the source for survey dates, species observations, management findings and access information.",,,"https://www.google.com/search?q=""fishing report""+Wolford Mountain Reservoir+""Grand County""+Colorado"
612118e07e1f3490fe8c,,date_unknown,,El Paso,Wolf Lake,official_fishery_survey,Colorado Parks and Wildlife,True,CPW fishery report: Wolf Lake,"Colorado Parks and Wildlife provides an official fishery survey or report for this water. Open the source for survey dates, species observations, management findings and access information.",,,"https://www.google.com/search?q=""fishing report""+Wolf Lake+""El Paso County""+Colorado"
76222c36a38c831c4e76,,date_unknown,,Lake,Windsor Lake,official_fishery_survey,Colorado Parks and Wildlife,True,CPW fishery report: Windsor Lake,"Colorado Parks and Wildlife provides an official fishery survey or report for this water. Open the source for survey dates, species observations, management findings and access information.",,,"https://www.google.com/search?q=""fishing report""+Windsor Lake+""Lake County""+Colorado"
003728b5895cf3bfacec,,date_unknown,,Weld,Windsor Lake,official_fishery_survey,Colorado Parks and Wildlife,True,CPW fishery report: Windsor Lake,"Colorado Parks and Wildlife provides an official fishery survey or report for this water. Open the source for survey dates, species observations, management findings and access information.",,,"https://www.google.com/search?q=""fishing report""+Windsor Lake+""Weld County""+Colorado"
a64d15082c59fb23b058,,date_unknown,,Eagle,Wilmor Pond,official_fishery_survey,Colorado Parks and Wildlife,True,CPW fishery report: Wilmor Pond,"Colorado Parks and Wildlife provides an official fishery survey or report for this water. Open the source for survey dates, species observations, management findings and access information.",,,"https://www.google.com/search?q=""fishing report""+Wilmor Pond+""Eagle County""+Colorado"
e8fec6bcb8c265b485f1,,date_unknown,,Grand,Willow Creek Reservoir,official_fishery_survey,Colorado Parks and Wildlife,True,CPW fishery report: Willow Creek Reservoir,"Colorado Parks and Wildlife provides an official fishery survey or report for this water. Open the source for survey dates, species observations, management findings and access information.",,,"https://www.google.com/search?q=""fishing report""+Willow Creek Reservoir+""Grand County""+Colorado"
3acb0e9ac726ee296480,,date_unknown,,El Paso,Willow Creek Ponds,official_fishery_survey,Colorado Parks and Wildlife,True,CPW fishery report: Willow Creek Ponds,"Colorado Parks and Wildlife provides an official fishery survey or report for this water. Open the source for survey dates, species observations, management findings and access information.",,,"https://www.google.com/search?q=""fishing report""+Willow Springs Pond #1+""El Paso County""+Colorado"
e970593843bbec031450,,date_unknown,,Mesa,Willow Creek,official_fishery_survey,Colorado Parks and Wildlife,True,CPW fishery report: Willow Creek,"Colorado Parks and Wildlife provides an official fishery survey or report for this water. Open the source for survey dates, species observations, management findings and access information.",,,"https://www.google.com/search?q=""fishing report""+Willow Creek+""Mesa County""+Colorado"
e04549f1c680ab9d0c74,,date_unknown,,Rio Blanco,"Williams Fork Yampa, East Fork",official_fishery_survey,Colorado Parks and Wildlife,True,"CPW fishery report: Williams Fork Yampa, East Fork","Colorado Parks and Wildlife provides an official fishery survey or report for this water. Open the source for survey dates, species observations, management findings and access information.",,,"https://www.google.com/search?q=""fishing report""+Williams Fork Yampa, East Fork+""Rio Blanco County""+Colorado"
c7ae5bf8b1839d89d7eb,,date_unknown,,Grand,Williams Fork Reservoir,official_fishery_survey,Colorado Parks and Wildlife,True,CPW fishery report: Williams Fork Reservoir,"Colorado Parks and Wildlife provides an official fishery survey or report for this water. Open the source for survey dates, species observations, management findings and access information.",,,"https://www.google.com/search?q=""fishing report""+Williams Fork Reservoir+""Grand County""+Colorado"
58a1894391720343eecb,,date_unknown,,Hinsdale,Williams Creek Reservoir,official_fishery_survey,Colorado Parks and Wildlife,True,CPW fishery report: Williams Creek Reservoir,"Colorado Parks and Wildlife provides an official fishery survey or report for this water. Open the source for survey dates, species observations, management findings and access information.",,,"https://www.google.com/search?q=""fishing report""+Williams Creek Reservoir+""Hinsdale County""+Colorado"
031d627088603ee08cc1,,date_unknown,,Jefferson,Wigwam Creek,official_fishery_survey,Colorado Parks and Wildlife,True,CPW fishery report: Wigwam Creek,"Colorado Parks and Wildlife provides an official fishery survey or report for this water. Open the source for survey dates, species observations, management findings and access information.",,,"https://www.google.com/search?q=""fishing report""+Wigwam Creek+""Jefferson County""+Colorado"
cf53d3306811cc452154,,date_unknown,,Rio Blanco,"White River, South Fork",official_fishery_survey,Colorado Parks and Wildlife,True,"CPW fishery report: White River, South Fork","Colorado Parks and Wildlife provides an official fishery survey or report for this water. Open the source for survey dates, species observations, management findings and access information.",,,"https://www.google.com/search?q=""fishing report""+White River, South Fork+""Rio Blanco County""+Colorado"
c6efd5e0377506d1c64d,,date_unknown,,Garfield,"White River, South Fork",official_fishery_survey,Colorado Parks and Wildlife,True,"CPW fishery report: White River, South Fork","Colorado Parks and Wildlife provides an official fishery survey or report for this water. Open the source for survey dates, species observations, management findings and access information.",,,"https://www.google.com/search?q=""fishing report""+White River, South Fork+""Garfield County""+Colorado"
959520d62c3a303891c9,,date_unknown,,Rio Blanco,White River,official_fishery_survey,Colorado Parks and Wildlife,True,CPW fishery report: White River,"Colorado Parks and Wildlife provides an official fishery survey or report for this water. Open the source for survey dates, species observations, management findings and access information.",,,"https://www.google.com/search?q=""fishing report""+White River+""Rio Blanco County""+Colorado"
bd2472d188f80134db20,,date_unknown,,Saguache,Wetherill Pond,official_fishery_survey,Colorado Parks and Wildlife,True,CPW fishery report: Wetherill Pond,"Colorado Parks and Wildlife provides an official fishery survey or report for this water. Open the source for survey dates, species observations, management findings and access information.",,,"https://www.google.com/search?q=""fishing report""+Wetherill Pond+""Saguache County""+Colorado"
af67806af3563bf84a6b,,date_unknown,,Larimer,West Lake,official_fishery_survey,Colorado Parks and Wildlife,True,CPW fishery report: West Lake,"Colorado Parks and Wildlife provides an official fishery survey or report for this water. Open the source for survey dates, species observations, management findings and access information.",,,"https://www.google.com/search?q=""fishing report""+West Lake+""Larimer County""+Colorado"
2f24016b4c4b857e1d3d,,date_unknown,,Mesa,West Lake,official_fishery_survey,Colorado Parks and Wildlife,True,CPW fishery report: West Lake,"Colorado Parks and Wildlife provides an official fishery survey or report for this water. Open the source for survey dates, species observations, management findings and access information.",,,"https://www.google.com/search?q=""fishing report""+West Lake+""Mesa County""+Colorado"
3b10530211a089b51114,,date_unknown,,Mineral,West Fork Lakes,official_fishery_survey,Colorado Parks and Wildlife,True,CPW fishery report: West Fork Lakes,"Colorado Parks and Wildlife provides an official fishery survey or report for this water. Open the source for survey dates, species observations, management findings and access information.",,,"https://www.google.com/search?q=""fishing report""+West Fork Lakes (2)+""Mineral County""+Colorado"
8eb43125bfe5f506a0bf,,date_unknown,,Mesa,West Divide Creek,official_fishery_survey,Colorado Parks and Wildlife,True,CPW fishery report: West Divide Creek,"Colorado Parks and Wildlife provides an official fishery survey or report for this water. Open the source for survey dates, species observations, management findings and access information.",,,"https://www.google.com/search?q=""fishing report""+West Divide Creek+""Mesa County""+Colorado"
69949d38f1d43b918f77,,date_unknown,,Mesa,"West Creek, North Fork",official_fishery_survey,Colorado Parks and Wildlife,True,"CPW fishery report: West Creek, North Fork","Colorado Parks and Wildlife provides an official fishery survey or report for this water. Open the source for survey dates, species observations, management findings and access information.",,,"https://www.google.com/search?q=""fishing report""+West Creek, North Fork+""Mesa County""+Colorado"
21907ed685ef4c6bab20,,date_unknown,,Mesa,West Creek,official_fishery_survey,Colorado Parks and Wildlife,True,CPW fishery report: West Creek,"Colorado Parks and Wildlife provides an official fishery survey or report for this water. Open the source for survey dates, species observations, management findings and access information.",,,"https://www.google.com/search?q=""fishing report""+West Creek+""Mesa County""+Colorado"
a69349c1be2c8b8cb1a9,,date_unknown,,Larimer,West Creek,official_fishery_survey,Colorado Parks and Wildlife,True,CPW fishery report: West Creek,"Colorado Parks and Wildlife provides an official fishery survey or report for this water. Open the source for survey dates, species observations, management findings and access information.",,,"https://www.google.com/search?q=""fishing report""+West Creek+""Larimer County""+Colorado"
380d9e6c79e348d2e34e,,date_unknown,,Douglas,West Creek,official_fishery_survey,Colorado Parks and Wildlife,True,CPW fishery report: West Creek,"Colorado Parks and Wildlife provides an official fishery survey or report for this water. Open the source for survey dates, species observations, management findings and access information.",,,"https://www.google.com/search?q=""fishing report""+West Creek+""Douglas County""+Colorado"
f8a60ab9086a8a8ddd62,,date_unknown,,Mineral,West Bellows Creek,official_fishery_survey,Colorado Parks and Wildlife,True,CPW fishery report: West Bellows Creek,"Colorado Parks and Wildlife provides an official fishery survey or report for this water. Open the source for survey dates, species observations, management findings and access information.",,,"https://www.google.com/search?q=""fishing report""+West Bellows Creek+""Mineral County""+Colorado"
d0017f2f38d090a3b0b4,,date_unknown,,Delta,Weir & Johnson Reservoir,official_fishery_survey,Colorado Parks and Wildlife,True,CPW fishery report: Weir & Johnson Reservoir,"Colorado Parks and Wildlife provides an official fishery survey or report for this water. Open the source for survey dates, species observations, management findings and access information.",,,"https://www.google.com/search?q=""fishing report""+Weir & Johnson Reservoir+""Delta County""+Colorado"
79943ff39515c5fc62c7,,date_unknown,,Adams,Webster Lake,official_fishery_survey,Colorado Parks and Wildlife,True,CPW fishery report: Webster Lake,"Colorado Parks and Wildlife provides an official fishery survey or report for this water. Open the source for survey dates, species observations, management findings and access information.",,,"https://www.google.com/search?q=""fishing report""+Webster Lake+""Adams County""+Colorado"
f5906115d076b8a6468a,,date_unknown,,Larimer,Watson Lake,official_fishery_survey,Colorado Parks and Wildlife,True,CPW fishery report: Watson Lake,"Colorado Parks and Wildlife provides an official fishery survey or report for this water. Open the source for survey dates, species observations, management findings and access information.",,,"https://www.google.com/search?q=""fishing report""+Watson Lake+""Larimer County""+Colorado"
8b07b5d6c538eb8ee390,,date_unknown,,Arapahoe,Watson Lake,official_fishery_survey,Colorado Parks and Wildlife,True,CPW fishery report: Watson Lake,"Colorado Parks and Wildlife provides an official fishery survey or report for this water. Open the source for survey dates, species observations, management findings and access information.",,,"https://www.google.com/search?q=""fishing report""+Watson Lake+""Arapahoe County""+Colorado"
64ccfae71ded86e65075,,date_unknown,,Mesa,Water Dog Reservoir,official_fishery_survey,Colorado Parks and Wildlife,True,CPW fishery report: Water Dog Reservoir,"Colorado Parks and Wildlife provides an official fishery survey or report for this water. Open the source for survey dates, species observations, management findings and access information.",,,"https://www.google.com/search?q=""fishing report""+Water Dog Reservoir+""Mesa County""+Colorado"
cd22b0ec7d0a18086ca2,,date_unknown,,Denver,Washington Park Lakes,official_fishery_survey,Colorado Parks and Wildlife,True,CPW fishery report: Washington Park Lakes,"Colorado Parks and Wildlife provides an official fishery survey or report for this water. Open the source for survey dates, species observations, management findings and access information.",,,"https://www.google.com/search?q=""fishing report""+Smith Lake+""Denver County""+Colorado"
d732a327b1eec670bdc3,,date_unknown,,Delta,Ward Creek Reservoir,official_fishery_survey,Colorado Parks and Wildlife,True,CPW fishery report: Ward Creek Reservoir,"Colorado Parks and Wildlife provides an official fishery survey or report for this water. Open the source for survey dates, species observations, management findings and access information.",,,"https://www.google.com/search?q=""fishing report""+Ward Creek Reservoir+""Delta County""+Colorado"
0c425914c50750fad72b,,date_unknown,,Delta,Ward Creek,official_fishery_survey,Colorado Parks and Wildlife,True,CPW fishery report: Ward Creek,"Colorado Parks and Wildlife provides an official fishery survey or report for this water. Open the source for survey dates, species observations, management findings and access information.",,,"https://www.google.com/search?q=""fishing report""+Ward Creek+""Delta County""+Colorado"
20183c5b7edfbca9b942,,date_unknown,,Boulder,Waneka Lake,official_fishery_survey,Colorado Parks and Wildlife,True,CPW fishery report: Waneka Lake,"Colorado Parks and Wildlife provides an official fishery survey or report for this water. Open the source for survey dates, species observations, management findings and access information.",,,"https://www.google.com/search?q=""fishing report""+Waneka Lake+""Boulder County""+Colorado"
ddcab7b10e7745d60b35,,date_unknown,,Routt,Walton Creek,official_fishery_survey,Colorado Parks and Wildlife,True,CPW fishery report: Walton Creek,"Colorado Parks and Wildlife provides an official fishery survey or report for this water. Open the source for survey dates, species observations, management findings and access information.",,,"https://www.google.com/search?q=""fishing report""+Walton Creek+""Routt County""+Colorado"
4fd895fdb7eae35f9bbf,,date_unknown,,Huerfano,Walsenburg Kids Pond,official_fishery_survey,Colorado Parks and Wildlife,True,CPW fishery report: Walsenburg Kids Pond,"Colorado Parks and Wildlife provides an official fishery survey or report for this water. Open the source for survey dates, species observations, management findings and access information.",,,"https://www.google.com/search?q=""fishing report""+Walsenburg Kids Pond+""Huerfano County""+Colorado"
be3195c9756d58e1b4e2,,date_unknown,,Boulder,Walden Pond - Wally Toevs Pond (aka Picnic Pond),official_fishery_survey,Colorado Parks and Wildlife,True,CPW fishery report: Walden Pond - Wally Toevs Pond (aka Picnic Pond),"Colorado Parks and Wildlife provides an official fishery survey or report for this water. Open the source for survey dates, species observations, management findings and access information.",,,"https://www.google.com/search?q=""fishing report""+Walden Pond - Wally Toevs Pond (aka Picnic Pond)+""Boulder County""+Colorado"
419819eeea8fbb565b9d,,date_unknown,,Jackson,Walden Lions Park Pond,official_fishery_survey,Colorado Parks and Wildlife,True,CPW fishery report: Walden Lions Park Pond,"Colorado Parks and Wildlife provides an official fishery survey or report for this water. Open the source for survey dates, species observations, management findings and access information.",,,"https://www.google.com/search?q=""fishing report""+Walden Lions Park Pond+""Jackson County""+Colorado"
23fecb125f30cb1a357f,,date_unknown,,Jefferson,Wailers Pond,official_fishery_survey,Colorado Parks and Wildlife,True,CPW fishery report: Wailers Pond,"Colorado Parks and Wildlife provides an official fishery survey or report for this water. Open the source for survey dates, species observations, management findings and access information.",,,"https://www.google.com/search?q=""fishing report""+Wailers Pond+""Jefferson County""+Colorado"
caa005c17512705ed165,,date_unknown,,Huerfano,Wahatoya Reservoir,official_fishery_survey,Colorado Parks and Wildlife,True,CPW fishery report: Wahatoya Reservoir,"Colorado Parks and Wildlife provides an official fishery survey or report for this water. Open the source for survey dates, species observations, management findings and access information.",,,"https://www.google.com/search?q=""fishing report""+Wahatoya Reservoir+""Huerfano County""+Colorado"
5afebae22bc57f1a7cd2,,date_unknown,,Lake,Virginia Lake,official_fishery_survey,Colorado Parks and Wildlife,True,CPW fishery report: Virginia Lake,"Colorado Parks and Wildlife provides an official fishery survey or report for this water. Open the source for survey dates, species observations, management findings and access information.",,,"https://www.google.com/search?q=""fishing report""+Virginia Lake+""Lake County""+Colorado"
f30e5b8a5b7ff876d4ed,,date_unknown,,Boulder,Viele Lake,official_fishery_survey,Colorado Parks and Wildlife,True,CPW fishery report: Viele Lake,"Colorado Parks and Wildlife provides an official fishery survey or report for this water. Open the source for survey dates, species observations, management findings and access information.",,,"https://www.google.com/search?q=""fishing report""+Viele Lake+""Boulder County""+Colorado"
86b28d23260c1caa725c,,date_unknown,,Custer,Venable Lakes,official_fishery_survey,Colorado Parks and Wildlife,True,CPW fishery report: Venable Lakes,"Colorado Parks and Wildlife provides an official fishery survey or report for this water. Open the source for survey dates, species observations, management findings and access information.",,,"https://www.google.com/search?q=""fishing report""+Venable Lake, Lower+""Custer County""+Colorado"
5d8f37568c3c4f1d13bf,,date_unknown,,Delta,Vela Reservoir,official_fishery_survey,Colorado Parks and Wildlife,True,CPW fishery report: Vela Reservoir,"Colorado Parks and Wildlife provides an official fishery survey or report for this water. Open the source for survey dates, species observations, management findings and access information.",,,"https://www.google.com/search?q=""fishing report""+Vela Reservoir+""Delta County""+Colorado"
71a96feca681bbc5ecd2,,date_unknown,,Mesa,Vega Reservoir,official_fishery_survey,Colorado Parks and Wildlife,True,CPW fishery report: Vega Reservoir,"Colorado Parks and Wildlife provides an official fishery survey or report for this water. Open the source for survey dates, species observations, management findings and access information.",,,"https://www.google.com/search?q=""fishing report""+Vega Reservoir+""Mesa County""+Colorado"
6c33f2fc031127b6ef0a,,date_unknown,,Rio Blanco,Vaughn Lake,official_fishery_survey,Colorado Parks and Wildlife,True,CPW fishery report: Vaughn Lake,"Colorado Parks and Wildlife provides an official fishery survey or report for this water. Open the source for survey dates, species observations, management findings and access information.",,,"https://www.google.com/search?q=""fishing report""+Vaughn Lake+""Rio Blanco County""+Colorado"
8b936b9b24a1ae48ff3a,,date_unknown,,Denver,Vanderbuilt Pond,official_fishery_survey,Colorado Parks and Wildlife,True,CPW fishery report: Vanderbuilt Pond,"Colorado Parks and Wildlife provides an official fishery survey or report for this water. Open the source for survey dates, species observations, management findings and access information.",,,"https://www.google.com/search?q=""fishing report""+Vanderbuilt Pond+""Denver County""+Colorado"
2dd94e57eebacfab54d9,,date_unknown,,Clear Creek,Vance Creek,official_fishery_survey,Colorado Parks and Wildlife,True,CPW fishery report: Vance Creek,"Colorado Parks and Wildlife provides an official fishery survey or report for this water. Open the source for survey dates, species observations, management findings and access information.",,,"https://www.google.com/search?q=""fishing report""+Vance Creek+""Clear Creek County""+Colorado"
cb6c5f72136a72a2bddc,,date_unknown,,La Plata,Vallecito Reservoir,official_fishery_survey,Colorado Parks and Wildlife,True,CPW fishery report: Vallecito Reservoir,"Colorado Parks and Wildlife provides an official fishery survey or report for this water. Open the source for survey dates, species observations, management findings and access information.",,,"https://www.google.com/search?q=""fishing report""+Vallecito Reservoir+""La Plata County""+Colorado"
bd8c6f1168282a155f31,,date_unknown,,Adams,Valente Open Space Ponds,official_fishery_survey,Colorado Parks and Wildlife,True,CPW fishery report: Valente Open Space Ponds,"Colorado Parks and Wildlife provides an official fishery survey or report for this water. Open the source for survey dates, species observations, management findings and access information.",,,"https://www.google.com/search?q=""fishing report""+Valente Open Space East Pond +""Adams County""+Colorado"
b591dccd0f1a02e2a65e,,date_unknown,,Pueblo,Valco Ponds,official_fishery_survey,Colorado Parks and Wildlife,True,CPW fishery report: Valco Ponds,"Colorado Parks and Wildlife provides an official fishery survey or report for this water. Open the source for survey dates, species observations, management findings and access information.",,,"https://www.google.com/search?q=""fishing report""+Valco Pond #2+""Pueblo County""+Colorado"
5805e924ce88b4ae906f,,date_unknown,,Pueblo,Valco Pond #4,official_fishery_survey,Colorado Parks and Wildlife,True,CPW fishery report: Valco Pond #4,"Colorado Parks and Wildlife provides an official fishery survey or report for this water. Open the source for survey dates, species observations, management findings and access information.",,,"https://www.google.com/search?q=""fishing report""+Valco Pond #4+""Pueblo County""+Colorado"
120da830563039f610c1,,date_unknown,,Clear Creek,Urad Mine Lake,official_fishery_survey,Colorado Parks and Wildlife,True,CPW fishery report: Urad Mine Lake,"Colorado Parks and Wildlife provides an official fishery survey or report for this water. Open the source for survey dates, species observations, management findings and access information.",,,"https://www.google.com/search?q=""fishing report""+Urad Mine Lake+""Clear Creek County""+Colorado"
9dfed6176072c1758e82,,date_unknown,,Jefferson,Union Square Ponds,official_fishery_survey,Colorado Parks and Wildlife,True,CPW fishery report: Union Square Ponds,"Colorado Parks and Wildlife provides an official fishery survey or report for this water. Open the source for survey dates, species observations, management findings and access information.",,,"https://www.google.com/search?q=""fishing report""+Union Square Ponds+""Jefferson County""+Colorado"
171c2a0db0d9932f4c84,,date_unknown,,Weld,Union Reservoir,official_fishery_survey,Colorado Parks and Wildlife,True,CPW fishery report: Union Reservoir,"Colorado Parks and Wildlife provides an official fishery survey or report for this water. Open the source for survey dates, species observations, management findings and access information.",,,"https://www.google.com/search?q=""fishing report""+Union Reservoir+""Weld County""+Colorado"
5a4bd67346972a84543a,,date_unknown,,Montrose,Uncompahgre River,official_fishery_survey,Colorado Parks and Wildlife,True,CPW fishery report: Uncompahgre River,"Colorado Parks and Wildlife provides an official fishery survey or report for this water. Open the source for survey dates, species observations, management findings and access information.",,,"https://www.google.com/search?q=""fishing report""+Uncompahgre River+""Montrose County""+Colorado"
03f2772a3fadba30d224,,date_unknown,,Ouray,Uncompahgre River,official_fishery_survey,Colorado Parks and Wildlife,True,CPW fishery report: Uncompahgre River,"Colorado Parks and Wildlife provides an official fishery survey or report for this water. Open the source for survey dates, species observations, management findings and access information.",,,"https://www.google.com/search?q=""fishing report""+Uncompahgre River+""Ouray County""+Colorado"
ef9ecc50e31d9cc995ac,,date_unknown,,Jackson,Two Ledge Reservoir,official_fishery_survey,Colorado Parks and Wildlife,True,CPW fishery report: Two Ledge Reservoir,"Colorado Parks and Wildlife provides an official fishery survey or report for this water. Open the source for survey dates, species observations, management findings and access information.",,,"https://www.google.com/search?q=""fishing report""+Two Ledge Reservoir+""Jackson County""+Colorado"
84b45daf48983c873ccb,,date_unknown,,Montezuma,Twin Spruce Ponds,official_fishery_survey,Colorado Parks and Wildlife,True,CPW fishery report: Twin Spruce Ponds,"Colorado Parks and Wildlife provides an official fishery survey or report for this water. Open the source for survey dates, species observations, management findings and access information.",,,"https://www.google.com/search?q=""fishing report""+Twin Spruce Ponds+""Montezuma County""+Colorado"
5a76a7d55a7aff301a03,,date_unknown,,Adams,Twin Lakes Park Pond,official_fishery_survey,Colorado Parks and Wildlife,True,CPW fishery report: Twin Lakes Park Pond,"Colorado Parks and Wildlife provides an official fishery survey or report for this water. Open the source for survey dates, species observations, management findings and access information.",,,"https://www.google.com/search?q=""fishing report""+Twin Lakes Park Pond+""Adams County""+Colorado"
7195af1831414bc10dc8,,date_unknown,,Lake,Twin Lakes,official_fishery_survey,Colorado Parks and Wildlife,True,CPW fishery report: Twin Lakes,"Colorado Parks and Wildlife provides an official fishery survey or report for this water. Open the source for survey dates, species observations, management findings and access information.",,,"https://www.google.com/search?q=""fishing report""+Twin Lakes Lower+""Lake County""+Colorado"
8c12ca6ec5b19d82183c,,date_unknown,,Delta,Twin Lakes,official_fishery_survey,Colorado Parks and Wildlife,True,CPW fishery report: Twin Lakes,"Colorado Parks and Wildlife provides an official fishery survey or report for this water. Open the source for survey dates, species observations, management findings and access information.",,,"https://www.google.com/search?q=""fishing report""+Twin Lake #1+""Delta County""+Colorado"
562c99e9c98e1e1b005e,,date_unknown,,Lake,Turquoise Lake,official_fishery_survey,Colorado Parks and Wildlife,True,CPW fishery report: Turquoise Lake,"Colorado Parks and Wildlife provides an official fishery survey or report for this water. Open the source for survey dates, species observations, management findings and access information.",,,"https://www.google.com/search?q=""fishing report""+Turquoise Lake+""Lake County""+Colorado"
00d9d75cb7433f9d3223,,date_unknown,,Baca,Turks Pond,official_fishery_survey,Colorado Parks and Wildlife,True,CPW fishery report: Turks Pond,"Colorado Parks and Wildlife provides an official fishery survey or report for this water. Open the source for survey dates, species observations, management findings and access information.",,,"https://www.google.com/search?q=""fishing report""+Turks Pond+""Baca County""+Colorado"
19cb6318ebd441527c82,,date_unknown,,Mineral,Tucker Park Ponds,official_fishery_survey,Colorado Parks and Wildlife,True,CPW fishery report: Tucker Park Ponds,"Colorado Parks and Wildlife provides an official fishery survey or report for this water. Open the source for survey dates, species observations, management findings and access information.",,,"https://www.google.com/search?q=""fishing report""+Tucker Park Pond 1 +""Mineral County""+Colorado"
fb4cc29237e924418e85,,date_unknown,,San Miguel,Trout Lake,official_fishery_survey,Colorado Parks and Wildlife,True,CPW fishery report: Trout Lake,"Colorado Parks and Wildlife provides an official fishery survey or report for this water. Open the source for survey dates, species observations, management findings and access information.",,,"https://www.google.com/search?q=""fishing report""+Trout Lake+""San Miguel County""+Colorado"
c20aed278a735eedbffa,,date_unknown,,Douglas,Trout Creek,official_fishery_survey,Colorado Parks and Wildlife,True,CPW fishery report: Trout Creek,"Colorado Parks and Wildlife provides an official fishery survey or report for this water. Open the source for survey dates, species observations, management findings and access information.",,,"https://www.google.com/search?q=""fishing report""+Trout Creek+""Douglas County""+Colorado"
c0142083d745a3ba0e42,,date_unknown,,Rio Blanco,Trout Creek,official_fishery_survey,Colorado Parks and Wildlife,True,CPW fishery report: Trout Creek,"Colorado Parks and Wildlife provides an official fishery survey or report for this water. Open the source for survey dates, species observations, management findings and access information.",,,"https://www.google.com/search?q=""fishing report""+Trout Creek+""Rio Blanco County""+Colorado"
e441b7885b74041869ca,,date_unknown,,Grand,"Troublesome Creek, East Fork",official_fishery_survey,Colorado Parks and Wildlife,True,"CPW fishery report: Troublesome Creek, East Fork","Colorado Parks and Wildlife provides an official fishery survey or report for this water. Open the source for survey dates, species observations, management findings and access information.",,,"https://www.google.com/search?q=""fishing report""+Troublesome Creek, East Fork+""Grand County""+Colorado"
2e62952a88e7d07c250e,,date_unknown,,Delta,Trio Reservoir,official_fishery_survey,Colorado Parks and Wildlife,True,CPW fishery report: Trio Reservoir,"Colorado Parks and Wildlife provides an official fishery survey or report for this water. Open the source for survey dates, species observations, management findings and access information.",,,"https://www.google.com/search?q=""fishing report""+Trio Reservoir+""Delta County""+Colorado"
31bbfa719449a6e5d1de,,date_unknown,,Las Animas,Trinidad Reservoir,official_fishery_survey,Colorado Parks and Wildlife,True,CPW fishery report: Trinidad Reservoir,"Colorado Parks and Wildlife provides an official fishery survey or report for this water. Open the source for survey dates, species observations, management findings and access information.",,,"https://www.google.com/search?q=""fishing report""+Trinidad Reservoir+""Las Animas County""+Colorado"
3c06ed748598a7fb7f00,,date_unknown,,Las Animas,Trinidad Central Park Lake,official_fishery_survey,Colorado Parks and Wildlife,True,CPW fishery report: Trinidad Central Park Lake,"Colorado Parks and Wildlife provides an official fishery survey or report for this water. Open the source for survey dates, species observations, management findings and access information.",,,"https://www.google.com/search?q=""fishing report""+Trinidad Central Park Lake+""Las Animas County""+Colorado"
c78e619c6cbb1548a78f,,date_unknown,,Delta,Trickle Park Reservoir,official_fishery_survey,Colorado Parks and Wildlife,True,CPW fishery report: Trickle Park Reservoir,"Colorado Parks and Wildlife provides an official fishery survey or report for this water. Open the source for survey dates, species observations, management findings and access information.",,,"https://www.google.com/search?q=""fishing report""+Trickle Park Reservoir+""Delta County""+Colorado"
09f1f986fe41014a598c,,date_unknown,,Summit,Trent Pond,official_fishery_survey,Colorado Parks and Wildlife,True,CPW fishery report: Trent Pond,"Colorado Parks and Wildlife provides an official fishery survey or report for this water. Open the source for survey dates, species observations, management findings and access information.",,,"https://www.google.com/search?q=""fishing report""+Trent Pond+""Summit County""+Colorado"
dc64c3b16ef8fa35a803,,date_unknown,,Garfield,Trappers Lake,official_fishery_survey,Colorado Parks and Wildlife,True,CPW fishery report: Trappers Lake,"Colorado Parks and Wildlife provides an official fishery survey or report for this water. Open the source for survey dates, species observations, management findings and access information.",,,"https://www.google.com/search?q=""fishing report""+Trappers Lake+""Garfield County""+Colorado"
ea53a6e1e471f5f6d03b,,date_unknown,,Larimer,Trap Lake,official_fishery_survey,Colorado Parks and Wildlife,True,CPW fishery report: Trap Lake,"Colorado Parks and Wildlife provides an official fishery survey or report for this water. Open the source for survey dates, species observations, management findings and access information.",,,"https://www.google.com/search?q=""fishing report""+Trap Lake+""Larimer County""+Colorado"
41723718ef6e28e87b58,,date_unknown,,Routt,Trail Creek,official_fishery_survey,Colorado Parks and Wildlife,True,CPW fishery report: Trail Creek,"Colorado Parks and Wildlife provides an official fishery survey or report for this water. Open the source for survey dates, species observations, management findings and access information.",,,"https://www.google.com/search?q=""fishing report""+Trail Creek+""Routt County""+Colorado"
2704430c43fd17c6df9a,,date_unknown,,Montezuma,Totten Reservoir,official_fishery_survey,Colorado Parks and Wildlife,True,CPW fishery report: Totten Reservoir,"Colorado Parks and Wildlife provides an official fishery survey or report for this water. Open the source for survey dates, species observations, management findings and access information.",,,"https://www.google.com/search?q=""fishing report""+Totten Reservoir+""Montezuma County""+Colorado"
df497f6925a32821ddaa,,date_unknown,,Arapahoe,Tommy Davis Park Pond,official_fishery_survey,Colorado Parks and Wildlife,True,CPW fishery report: Tommy Davis Park Pond,"Colorado Parks and Wildlife provides an official fishery survey or report for this water. Open the source for survey dates, species observations, management findings and access information.",,,"https://www.google.com/search?q=""fishing report""+Tommy Davis Park Pond+""Arapahoe County""+Colorado"
9bc50bb5e12ac1255120,,date_unknown,,Gunnison,Tomichi Creek,official_fishery_survey,Colorado Parks and Wildlife,True,CPW fishery report: Tomichi Creek,"Colorado Parks and Wildlife provides an official fishery survey or report for this water. Open the source for survey dates, species observations, management findings and access information.",,,"https://www.google.com/search?q=""fishing report""+Tomichi Creek+""Gunnison County""+Colorado"
1e222340bd0d985251b1,,date_unknown,,Broomfield,Tom Frost Reservoir,official_fishery_survey,Colorado Parks and Wildlife,True,CPW fishery report: Tom Frost Reservoir,"Colorado Parks and Wildlife provides an official fishery survey or report for this water. Open the source for survey dates, species observations, management findings and access information.",,,"https://www.google.com/search?q=""fishing report""+Tom Frost Reservoir+""Broomfield County""+Colorado"
d7965148aa0cb5200c5d,,date_unknown,,Gunnison,Tincup Pond,official_fishery_survey,Colorado Parks and Wildlife,True,CPW fishery report: Tincup Pond,"Colorado Parks and Wildlife provides an official fishery survey or report for this water. Open the source for survey dates, species observations, management findings and access information.",,,"https://www.google.com/search?q=""fishing report""+Tincup Pond+""Gunnison County""+Colorado"
39c40829b7f7c386ab59,,date_unknown,,Lake,Timberline Lake,official_fishery_survey,Colorado Parks and Wildlife,True,CPW fishery report: Timberline Lake,"Colorado Parks and Wildlife provides an official fishery survey or report for this water. Open the source for survey dates, species observations, management findings and access information.",,,"https://www.google.com/search?q=""fishing report""+Timberline Lake+""Lake County""+Colorado"
e3d33261f1a36530765e,,date_unknown,,Jackson,Tiago Lake,official_fishery_survey,Colorado Parks and Wildlife,True,CPW fishery report: Tiago Lake,"Colorado Parks and Wildlife provides an official fishery survey or report for this water. Open the source for survey dates, species observations, management findings and access information.",,,"https://www.google.com/search?q=""fishing report""+Tiago Lake+""Jackson County""+Colorado"
7fc6bc807e8f9b8deba6,,date_unknown,,Boulder,Thunderbird Lake,official_fishery_survey,Colorado Parks and Wildlife,True,CPW fishery report: Thunderbird Lake,"Colorado Parks and Wildlife provides an official fishery survey or report for this water. Open the source for survey dates, species observations, management findings and access information.",,,"https://www.google.com/search?q=""fishing report""+Thunderbird Lake+""Boulder County""+Colorado"
620b49d96fafd647e106,,date_unknown,,Park,Threemile Creek,official_fishery_survey,Colorado Parks and Wildlife,True,CPW fishery report: Threemile Creek,"Colorado Parks and Wildlife provides an official fishery survey or report for this water. Open the source for survey dates, species observations, management findings and access information.",,,"https://www.google.com/search?q=""fishing report""+Threemile Creek+""Park County""+Colorado"
2dc5cafb3d0b0ea32589,,date_unknown,,Adams,Thornton Recreation Center Lake,official_fishery_survey,Colorado Parks and Wildlife,True,CPW fishery report: Thornton Recreation Center Lake,"Colorado Parks and Wildlife provides an official fishery survey or report for this water. Open the source for survey dates, species observations, management findings and access information.",,,"https://www.google.com/search?q=""fishing report""+Thornton Recreation Center Lake+""Adams County""+Colorado"
6ba7ae3b96cadf1bd715,,date_unknown,,Adams,Thornton Gravel Ponds,official_fishery_survey,Colorado Parks and Wildlife,True,CPW fishery report: Thornton Gravel Ponds,"Colorado Parks and Wildlife provides an official fishery survey or report for this water. Open the source for survey dates, species observations, management findings and access information.",,,"https://www.google.com/search?q=""fishing report""+Thornton Gravel Lake #2+""Adams County""+Colorado"
da7f1505021dfb2f64ef,,date_unknown,,Larimer,"Thompson River, Big North Fork",official_fishery_survey,Colorado Parks and Wildlife,True,"CPW fishery report: Thompson River, Big North Fork","Colorado Parks and Wildlife provides an official fishery survey or report for this water. Open the source for survey dates, species observations, management findings and access information.",,,"https://www.google.com/search?q=""fishing report""+Thompson River, Big North Fork+""Larimer County""+Colorado"
0c57e29e2a9973f3fd6b,,date_unknown,,Boulder,Thomas Reservoir,official_fishery_survey,Colorado Parks and Wildlife,True,CPW fishery report: Thomas Reservoir,"Colorado Parks and Wildlife provides an official fishery survey or report for this water. Open the source for survey dates, species observations, management findings and access information.",,,"https://www.google.com/search?q=""fishing report""+Thomas Reservoir+""Boulder County""+Colorado"
5b81abd792dd3757685a,,date_unknown,,Broomfield,The Trails Pond,official_fishery_survey,Colorado Parks and Wildlife,True,CPW fishery report: The Trails Pond,"Colorado Parks and Wildlife provides an official fishery survey or report for this water. Open the source for survey dates, species observations, management findings and access information.",,,"https://www.google.com/search?q=""fishing report""+The Trails Pond+""Broomfield County""+Colorado"
f684027b7db740620dd7,,date_unknown,,Gunnison,Texas Creek,official_fishery_survey,Colorado Parks and Wildlife,True,CPW fishery report: Texas Creek,"Colorado Parks and Wildlife provides an official fishery survey or report for this water. Open the source for survey dates, species observations, management findings and access information.",,,"https://www.google.com/search?q=""fishing report""+Texas Creek+""Gunnison County""+Colorado"
196e21e8397ab29f33be,,date_unknown,,Lake,"Tennessee Creek, West",official_fishery_survey,Colorado Parks and Wildlife,True,"CPW fishery report: Tennessee Creek, West","Colorado Parks and Wildlife provides an official fishery survey or report for this water. Open the source for survey dates, species observations, management findings and access information.",,,"https://www.google.com/search?q=""fishing report""+Tennessee Creek, West+""Lake County""+Colorado"
b6a054c9e950d6ab0aad,,date_unknown,,Summit,"Tenmile Creek, West",official_fishery_survey,Colorado Parks and Wildlife,True,"CPW fishery report: Tenmile Creek, West","Colorado Parks and Wildlife provides an official fishery survey or report for this water. Open the source for survey dates, species observations, management findings and access information.",,,"https://www.google.com/search?q=""fishing report""+Tenmile Creek, West+""Summit County""+Colorado"
66e4b681912a4cb327a8,,date_unknown,,Summit,"Tenmile Creek, North",official_fishery_survey,Colorado Parks and Wildlife,True,"CPW fishery report: Tenmile Creek, North","Colorado Parks and Wildlife provides an official fishery survey or report for this water. Open the source for survey dates, species observations, management findings and access information.",,,"https://www.google.com/search?q=""fishing report""+Tenmile Creek, North+""Summit County""+Colorado"
8f32fff5d621ecf191e9,,date_unknown,,San Miguel,Telluride Kids Pond,official_fishery_survey,Colorado Parks and Wildlife,True,CPW fishery report: Telluride Kids Pond,"Colorado Parks and Wildlife provides an official fishery survey or report for this water. Open the source for survey dates, species observations, management findings and access information.",,,"https://www.google.com/search?q=""fishing report""+Telluride Kids Pond+""San Miguel County""+Colorado"
1fbd6276bb930bdf129e,,date_unknown,,Boulder,Teller Lake #5,official_fishery_survey,Colorado Parks and Wildlife,True,CPW fishery report: Teller Lake #5,"Colorado Parks and Wildlife provides an official fishery survey or report for this water. Open the source for survey dates, species observations, management findings and access information.",,,"https://www.google.com/search?q=""fishing report""+Teller Lake #5+""Boulder County""+Colorado"
b293ba240690d4e84f99,,date_unknown,,Boulder,Teller Lake,official_fishery_survey,Colorado Parks and Wildlife,True,CPW fishery report: Teller Lake,"Colorado Parks and Wildlife provides an official fishery survey or report for this water. Open the source for survey dates, species observations, management findings and access information.",,,"https://www.google.com/search?q=""fishing report""+Teller Lake+""Boulder County""+Colorado"
0a0f7fc71d8680270264,,date_unknown,,Jackson,Teal Lake,official_fishery_survey,Colorado Parks and Wildlife,True,CPW fishery report: Teal Lake,"Colorado Parks and Wildlife provides an official fishery survey or report for this water. Open the source for survey dates, species observations, management findings and access information.",,,"https://www.google.com/search?q=""fishing report""+Teal Lake+""Jackson County""+Colorado"
115e97250c59163bceca,,date_unknown,,Gunnison,Taylor River,official_fishery_survey,Colorado Parks and Wildlife,True,CPW fishery report: Taylor River,"Colorado Parks and Wildlife provides an official fishery survey or report for this water. Open the source for survey dates, species observations, management findings and access information.",,,"https://www.google.com/search?q=""fishing report""+Taylor River+""Gunnison County""+Colorado"
2c27627d5030d66f0ff7,,date_unknown,,Gunnison,Taylor Park Reservoir,official_fishery_survey,Colorado Parks and Wildlife,True,CPW fishery report: Taylor Park Reservoir,"Colorado Parks and Wildlife provides an official fishery survey or report for this water. Open the source for survey dates, species observations, management findings and access information.",,,"https://www.google.com/search?q=""fishing report""+Taylor Park Reservoir+""Gunnison County""+Colorado"
d5989c2ed547d7d17d92,,date_unknown,,Park,Tarryall Reservoir,official_fishery_survey,Colorado Parks and Wildlife,True,CPW fishery report: Tarryall Reservoir,"Colorado Parks and Wildlife provides an official fishery survey or report for this water. Open the source for survey dates, species observations, management findings and access information.",,,"https://www.google.com/search?q=""fishing report""+Tarryall Reservoir+""Park County""+Colorado"
39dd7318e07220ef8f62,,date_unknown,,Logan,Tamarack Ranch Pond,official_fishery_survey,Colorado Parks and Wildlife,True,CPW fishery report: Tamarack Ranch Pond,"Colorado Parks and Wildlife provides an official fishery survey or report for this water. Open the source for survey dates, species observations, management findings and access information.",,,"https://www.google.com/search?q=""fishing report""+Tamarack Ranch Pond+""Logan County""+Colorado"
7fcab3d1a56d87211fbb,,date_unknown,,Eagle,Sylvan Lake,official_fishery_survey,Colorado Parks and Wildlife,True,CPW fishery report: Sylvan Lake,"Colorado Parks and Wildlife provides an official fishery survey or report for this water. Open the source for survey dates, species observations, management findings and access information.",,,"https://www.google.com/search?q=""fishing report""+Sylvan Lake+""Eagle County""+Colorado"
bb564e4c080805699cc2,,date_unknown,,Delta,Sweitzer Lake,official_fishery_survey,Colorado Parks and Wildlife,True,CPW fishery report: Sweitzer Lake,"Colorado Parks and Wildlife provides an official fishery survey or report for this water. Open the source for survey dates, species observations, management findings and access information.",,,"https://www.google.com/search?q=""fishing report""+Sweitzer Lake+""Delta County""+Colorado"
d4285a2f7d06a812afec,,date_unknown,,Garfield,Sweetwater Lake,official_fishery_survey,Colorado Parks and Wildlife,True,CPW fishery report: Sweetwater Lake,"Colorado Parks and Wildlife provides an official fishery survey or report for this water. Open the source for survey dates, species observations, management findings and access information.",,,"https://www.google.com/search?q=""fishing report""+Sweetwater Lake+""Garfield County""+Colorado"
ddcafd86d657b46fa634,,date_unknown,,Garfield,Sweetwater Creek,official_fishery_survey,Colorado Parks and Wildlife,True,CPW fishery report: Sweetwater Creek,"Colorado Parks and Wildlife provides an official fishery survey or report for this water. Open the source for survey dates, species observations, management findings and access information.",,,"https://www.google.com/search?q=""fishing report""+Sweetwater Creek+""Garfield County""+Colorado"
dc4fb695fdc6a129ae77,,date_unknown,,Delta,"Surface Creek, West Fork",official_fishery_survey,Colorado Parks and Wildlife,True,"CPW fishery report: Surface Creek, West Fork","Colorado Parks and Wildlife provides an official fishery survey or report for this water. Open the source for survey dates, species observations, management findings and access information.",,,"https://www.google.com/search?q=""fishing report""+Surface Creek, West Fork+""Delta County""+Colorado"
45c59bd08b2e032dc27a,,date_unknown,,Montezuma,Summit Reservoir,official_fishery_survey,Colorado Parks and Wildlife,True,CPW fishery report: Summit Reservoir,"Colorado Parks and Wildlife provides an official fishery survey or report for this water. Open the source for survey dates, species observations, management findings and access information.",,,"https://www.google.com/search?q=""fishing report""+Summit Reservoir+""Montezuma County""+Colorado"
db3b567c66851e12062c,,date_unknown,,Clear Creek,Summit Lake,official_fishery_survey,Colorado Parks and Wildlife,True,CPW fishery report: Summit Lake,"Colorado Parks and Wildlife provides an official fishery survey or report for this water. Open the source for survey dates, species observations, management findings and access information.",,,"https://www.google.com/search?q=""fishing report""+Summit Lake+""Clear Creek County""+Colorado"
c2f3a64ce3f7d2c04f4b,,date_unknown,,Douglas,Strontia Springs Reservoir,official_fishery_survey,Colorado Parks and Wildlife,True,CPW fishery report: Strontia Springs Reservoir,"Colorado Parks and Wildlife provides an official fishery survey or report for this water. Open the source for survey dates, species observations, management findings and access information.",,,"https://www.google.com/search?q=""fishing report""+Strontia Springs Reservoir+""Douglas County""+Colorado"
4e044d93b1d0be5e7865,,date_unknown,,Fremont,Stout Creek Lakes,official_fishery_survey,Colorado Parks and Wildlife,True,CPW fishery report: Stout Creek Lakes,"Colorado Parks and Wildlife provides an official fishery survey or report for this water. Open the source for survey dates, species observations, management findings and access information.",,,"https://www.google.com/search?q=""fishing report""+Stout Creek Lake Lower+""Fremont County""+Colorado"
9e2f382ef62347785803,,date_unknown,,Boulder,Storm Lake,official_fishery_survey,Colorado Parks and Wildlife,True,CPW fishery report: Storm Lake,"Colorado Parks and Wildlife provides an official fishery survey or report for this water. Open the source for survey dates, species observations, management findings and access information.",,,"https://www.google.com/search?q=""fishing report""+Storm Lake+""Boulder County""+Colorado"
f751a0708e7f2bbc87cd,,date_unknown,,Montezuma,Stoner Creek,official_fishery_survey,Colorado Parks and Wildlife,True,CPW fishery report: Stoner Creek,"Colorado Parks and Wildlife provides an official fishery survey or report for this water. Open the source for survey dates, species observations, management findings and access information.",,,"https://www.google.com/search?q=""fishing report""+Stoner Creek+""Montezuma County""+Colorado"
7a69c4e0e1f001fdd8c7,,date_unknown,,Clear Creek,Stewart Lake,official_fishery_survey,Colorado Parks and Wildlife,True,CPW fishery report: Stewart Lake,"Colorado Parks and Wildlife provides an official fishery survey or report for this water. Open the source for survey dates, species observations, management findings and access information.",,,"https://www.google.com/search?q=""fishing report""+Stewart Lake+""Clear Creek County""+Colorado"
e7c7644c73f00d8e3230,,date_unknown,,Arapahoe,Sterns Park Pond,official_fishery_survey,Colorado Parks and Wildlife,True,CPW fishery report: Sterns Park Pond,"Colorado Parks and Wildlife provides an official fishery survey or report for this water. Open the source for survey dates, species observations, management findings and access information.",,,"https://www.google.com/search?q=""fishing report""+Sterne Park Pond+""Arapahoe County""+Colorado"
a8a383d8ef7a20dffc26,,date_unknown,,Larimer,Sterling Pond,official_fishery_survey,Colorado Parks and Wildlife,True,CPW fishery report: Sterling Pond,"Colorado Parks and Wildlife provides an official fishery survey or report for this water. Open the source for survey dates, species observations, management findings and access information.",,,"https://www.google.com/search?q=""fishing report""+Sterling Pond+""Larimer County""+Colorado"
39a99623c9db6e5f538e,,date_unknown,,Boulder,Stearns Reservoir,official_fishery_survey,Colorado Parks and Wildlife,True,CPW fishery report: Stearns Reservoir,"Colorado Parks and Wildlife provides an official fishery survey or report for this water. Open the source for survey dates, species observations, management findings and access information.",,,"https://www.google.com/search?q=""fishing report""+Stearns Reservoir+""Boulder County""+Colorado"
726ed018241557c206a2,,date_unknown,,Routt,Steamboat Lake,official_fishery_survey,Colorado Parks and Wildlife,True,CPW fishery report: Steamboat Lake,"Colorado Parks and Wildlife provides an official fishery survey or report for this water. Open the source for survey dates, species observations, management findings and access information.",,,"https://www.google.com/search?q=""fishing report""+Steamboat Lake+""Routt County""+Colorado"
c47120028ad61b697129,,date_unknown,,Jefferson,Standley Lake,official_fishery_survey,Colorado Parks and Wildlife,True,CPW fishery report: Standley Lake,"Colorado Parks and Wildlife provides an official fishery survey or report for this water. Open the source for survey dates, species observations, management findings and access information.",,,"https://www.google.com/search?q=""fishing report""+Standley Lake+""Jefferson County""+Colorado"
6e02e5d40d414516860f,,date_unknown,,Yuma,Stalker Lake,official_fishery_survey,Colorado Parks and Wildlife,True,CPW fishery report: Stalker Lake,"Colorado Parks and Wildlife provides an official fishery survey or report for this water. Open the source for survey dates, species observations, management findings and access information.",,,"https://www.google.com/search?q=""fishing report""+Stalker Lake+""Yuma County""+Colorado"
5d385fe20e090d0bc835,,date_unknown,,Routt,Stagecoach Reservoir,official_fishery_survey,Colorado Parks and Wildlife,True,CPW fishery report: Stagecoach Reservoir,"Colorado Parks and Wildlife provides an official fishery survey or report for this water. Open the source for survey dates, species observations, management findings and access information.",,,"https://www.google.com/search?q=""fishing report""+Stagecoach Reservoir+""Routt County""+Colorado"
2d8379a0c457f846496e,,date_unknown,,Costilla,Stabilization Reservoir,official_fishery_survey,Colorado Parks and Wildlife,True,CPW fishery report: Stabilization Reservoir,"Colorado Parks and Wildlife provides an official fishery survey or report for this water. Open the source for survey dates, species observations, management findings and access information.",,,"https://www.google.com/search?q=""fishing report""+Stabilization Reservoir+""Costilla County""+Colorado"
81b5e60a80bc64593f65,,date_unknown,,Weld,St. Vrain State Park,official_fishery_survey,Colorado Parks and Wildlife,True,CPW fishery report: St. Vrain State Park,"Colorado Parks and Wildlife provides an official fishery survey or report for this water. Open the source for survey dates, species observations, management findings and access information.",,,"https://www.google.com/search?q=""fishing report""+St. Vrain State Park Bald Eagle+""Weld County""+Colorado"
ca723c26ae56b2dfc2af,,date_unknown,,Boulder,"St. Vrain Creek, South",official_fishery_survey,Colorado Parks and Wildlife,True,"CPW fishery report: St. Vrain Creek, South","Colorado Parks and Wildlife provides an official fishery survey or report for this water. Open the source for survey dates, species observations, management findings and access information.",,,"https://www.google.com/search?q=""fishing report""+St. Vrain Creek, South+""Boulder County""+Colorado"
f3faf46a0f7b5cf32729,,date_unknown,,Boulder,"St. Vrain Creek, North",official_fishery_survey,Colorado Parks and Wildlife,True,"CPW fishery report: St. Vrain Creek, North","Colorado Parks and Wildlife provides an official fishery survey or report for this water. Open the source for survey dates, species observations, management findings and access information.",,,"https://www.google.com/search?q=""fishing report""+St. Vrain Creek, North+""Boulder County""+Colorado"
16e956d29e50022bf2b1,,date_unknown,,Clear Creek,St. Marys Lake,official_fishery_survey,Colorado Parks and Wildlife,True,CPW fishery report: St. Marys Lake,"Colorado Parks and Wildlife provides an official fishery survey or report for this water. Open the source for survey dates, species observations, management findings and access information.",,,"https://www.google.com/search?q=""fishing report""+St. Marys Lake+""Clear Creek County""+Colorado"
88565037d09810ca27fc,,date_unknown,,Grand,St Louis Creek,official_fishery_survey,Colorado Parks and Wildlife,True,CPW fishery report: St Louis Creek,"Colorado Parks and Wildlife provides an official fishery survey or report for this water. Open the source for survey dates, species observations, management findings and access information.",,,"https://www.google.com/search?q=""fishing report""+St Louis Creek+""Grand County""+Colorado"
ba038b7d06d7844ce1e3,,date_unknown,,Gunnison,Spring Creek Reservoir,official_fishery_survey,Colorado Parks and Wildlife,True,CPW fishery report: Spring Creek Reservoir,"Colorado Parks and Wildlife provides an official fishery survey or report for this water. Open the source for survey dates, species observations, management findings and access information.",,,"https://www.google.com/search?q=""fishing report""+Spring Creek Reservoir+""Gunnison County""+Colorado"
9cce3fbc8c9ea0bdd83c,,date_unknown,,Hinsdale,Spring Creek Reservoir,official_fishery_survey,Colorado Parks and Wildlife,True,CPW fishery report: Spring Creek Reservoir,"Colorado Parks and Wildlife provides an official fishery survey or report for this water. Open the source for survey dates, species observations, management findings and access information.",,,"https://www.google.com/search?q=""fishing report""+Spring Creek Reservoir+""Hinsdale County""+Colorado"
14f03ac831c4b89c828c,,date_unknown,,Gunnison,Spring Creek,official_fishery_survey,Colorado Parks and Wildlife,True,CPW fishery report: Spring Creek,"Colorado Parks and Wildlife provides an official fishery survey or report for this water. Open the source for survey dates, species observations, management findings and access information.",,,"https://www.google.com/search?q=""fishing report""+Spring Creek+""Gunnison County""+Colorado"
65d6f1daecb893d68815,,date_unknown,,Jefferson,Spring Creek,official_fishery_survey,Colorado Parks and Wildlife,True,CPW fishery report: Spring Creek,"Colorado Parks and Wildlife provides an official fishery survey or report for this water. Open the source for survey dates, species observations, management findings and access information.",,,"https://www.google.com/search?q=""fishing report""+Spring Creek+""Jefferson County""+Colorado"
26e2be809b0cb197be67,,date_unknown,,Larimer,Sprague Lake,official_fishery_survey,Colorado Parks and Wildlife,True,CPW fishery report: Sprague Lake,"Colorado Parks and Wildlife provides an official fishery survey or report for this water. Open the source for survey dates, species observations, management findings and access information.",,,"https://www.google.com/search?q=""fishing report""+Sprague Lake+""Larimer County""+Colorado"
6bd9bd85984006f50914,,date_unknown,,Park,Spinney Mountain Reservoir,official_fishery_survey,Colorado Parks and Wildlife,True,CPW fishery report: Spinney Mountain Reservoir,"Colorado Parks and Wildlife provides an official fishery survey or report for this water. Open the source for survey dates, species observations, management findings and access information.",,,"https://www.google.com/search?q=""fishing report""+Spinney Mountain Reservoir+""Park County""+Colorado"
102e391e2fc581d76925,,date_unknown,,Park,"South Platte River, South Fork",official_fishery_survey,Colorado Parks and Wildlife,True,"CPW fishery report: South Platte River, South Fork","Colorado Parks and Wildlife provides an official fishery survey or report for this water. Open the source for survey dates, species observations, management findings and access information.",,,"https://www.google.com/search?q=""fishing report""+South Platte River, South Fork+""Park County""+Colorado"
9f0a19db7f81659ecb23,,date_unknown,,Jefferson,"South Platte River, North Fork",official_fishery_survey,Colorado Parks and Wildlife,True,"CPW fishery report: South Platte River, North Fork","Colorado Parks and Wildlife provides an official fishery survey or report for this water. Open the source for survey dates, species observations, management findings and access information.",,,"https://www.google.com/search?q=""fishing report""+South Platte River, North Fork+""Jefferson County""+Colorado"
c07514fa4a3b1a5c10b9,,date_unknown,,Park,"South Platte River, North Fork",official_fishery_survey,Colorado Parks and Wildlife,True,"CPW fishery report: South Platte River, North Fork","Colorado Parks and Wildlife provides an official fishery survey or report for this water. Open the source for survey dates, species observations, management findings and access information.",,,"https://www.google.com/search?q=""fishing report""+South Platte River, North Fork+""Park County""+Colorado"
cbcfcb80bd1c3b138b91,,date_unknown,,Park,"South Platte River, Middle Fork",official_fishery_survey,Colorado Parks and Wildlife,True,"CPW fishery report: South Platte River, Middle Fork","Colorado Parks and Wildlife provides an official fishery survey or report for this water. Open the source for survey dates, species observations, management findings and access information.",,,"https://www.google.com/search?q=""fishing report""+South Platte River, Middle Fork+""Park County""+Colorado"
7735ddf18f9ffd72d551,,date_unknown,,Park,South Platte River,official_fishery_survey,Colorado Parks and Wildlife,True,CPW fishery report: South Platte River,"Colorado Parks and Wildlife provides an official fishery survey or report for this water. Open the source for survey dates, species observations, management findings and access information.",,,"https://www.google.com/search?q=""fishing report""+South Platte River+""Park County""+Colorado"
ca97acf974e0ff8a1f34,,date_unknown,,Arapahoe,South Platte River,official_fishery_survey,Colorado Parks and Wildlife,True,CPW fishery report: South Platte River,"Colorado Parks and Wildlife provides an official fishery survey or report for this water. Open the source for survey dates, species observations, management findings and access information.",,,"https://www.google.com/search?q=""fishing report""+South Platte River+""Arapahoe County""+Colorado"
441fcc9c91102a4e6aac,,date_unknown,,Jefferson,South Platte River,official_fishery_survey,Colorado Parks and Wildlife,True,CPW fishery report: South Platte River,"Colorado Parks and Wildlife provides an official fishery survey or report for this water. Open the source for survey dates, species observations, management findings and access information.",,,"https://www.google.com/search?q=""fishing report""+South Platte River+""Jefferson County""+Colorado"
a5d1c0fa827b12b8915a,,date_unknown,,Arapahoe,South Platte Park Ponds,official_fishery_survey,Colorado Parks and Wildlife,True,CPW fishery report: South Platte Park Ponds,"Colorado Parks and Wildlife provides an official fishery survey or report for this water. Open the source for survey dates, species observations, management findings and access information.",,,"https://www.google.com/search?q=""fishing report""+Eaglewatch Lake+""Arapahoe County""+Colorado"
db6978367bdfa2371abd,,date_unknown,,El Paso,South Lake,official_fishery_survey,Colorado Parks and Wildlife,True,CPW fishery report: South Lake,"Colorado Parks and Wildlife provides an official fishery survey or report for this water. Open the source for survey dates, species observations, management findings and access information.",,,"https://www.google.com/search?q=""fishing report""+Quail Lake+""El Paso County""+Colorado"
4bbba9f869d6e6e47355,,date_unknown,,Custer,"South Colony Lake, Lower",official_fishery_survey,Colorado Parks and Wildlife,True,"CPW fishery report: South Colony Lake, Lower","Colorado Parks and Wildlife provides an official fishery survey or report for this water. Open the source for survey dates, species observations, management findings and access information.",,,"https://www.google.com/search?q=""fishing report""+South Colony Lake, Lower+""Custer County""+Colorado"
25a3f46ba08211dacfa2,,date_unknown,,Jefferson,Soda Lake #2,official_fishery_survey,Colorado Parks and Wildlife,True,CPW fishery report: Soda Lake #2,"Colorado Parks and Wildlife provides an official fishery survey or report for this water. Open the source for survey dates, species observations, management findings and access information.",,,"https://www.google.com/search?q=""fishing report""+Soda Lake #2+""Jefferson County""+Colorado"
83b62bf5d1f666703755,,date_unknown,,Gunnison,Soap Creek,official_fishery_survey,Colorado Parks and Wildlife,True,CPW fishery report: Soap Creek,"Colorado Parks and Wildlife provides an official fishery survey or report for this water. Open the source for survey dates, species observations, management findings and access information.",,,"https://www.google.com/search?q=""fishing report""+Soap Creek+""Gunnison County""+Colorado"
a915bd9d7b25fff6806a,,date_unknown,,Mesa,Snooks Bottom Lake,official_fishery_survey,Colorado Parks and Wildlife,True,CPW fishery report: Snooks Bottom Lake,"Colorado Parks and Wildlife provides an official fishery survey or report for this water. Open the source for survey dates, species observations, management findings and access information.",,,"https://www.google.com/search?q=""fishing report""+Snooks Bottom Lake+""Mesa County""+Colorado"
1dc48e9cb412e2bd4660,,date_unknown,,Rio Blanco,Snell Creek,official_fishery_survey,Colorado Parks and Wildlife,True,CPW fishery report: Snell Creek,"Colorado Parks and Wildlife provides an official fishery survey or report for this water. Open the source for survey dates, species observations, management findings and access information.",,,"https://www.google.com/search?q=""fishing report""+Snell Creek+""Rio Blanco County""+Colorado"
206da14341c8ee417599,,date_unknown,,Summit,"Snake River, North Fork",official_fishery_survey,Colorado Parks and Wildlife,True,"CPW fishery report: Snake River, North Fork","Colorado Parks and Wildlife provides an official fishery survey or report for this water. Open the source for survey dates, species observations, management findings and access information.",,,"https://www.google.com/search?q=""fishing report""+Snake River, North Fork+""Summit County""+Colorado"
963b0e89a5476ef125da,,date_unknown,,Costilla,Smith Reservoir,official_fishery_survey,Colorado Parks and Wildlife,True,CPW fishery report: Smith Reservoir,"Colorado Parks and Wildlife provides an official fishery survey or report for this water. Open the source for survey dates, species observations, management findings and access information.",,,"https://www.google.com/search?q=""fishing report""+Smith Reservoir+""Costilla County""+Colorado"
0faf68d7dabc32a111a3,,date_unknown,,Garfield,Smith Lake Upper,official_fishery_survey,Colorado Parks and Wildlife,True,CPW fishery report: Smith Lake Upper,"Colorado Parks and Wildlife provides an official fishery survey or report for this water. Open the source for survey dates, species observations, management findings and access information.",,,"https://www.google.com/search?q=""fishing report""+Smith Lake Upper+""Garfield County""+Colorado"
847482fa956cbd7beee0,,date_unknown,,Jefferson,Smith Lake,official_fishery_survey,Colorado Parks and Wildlife,True,CPW fishery report: Smith Lake,"Colorado Parks and Wildlife provides an official fishery survey or report for this water. Open the source for survey dates, species observations, management findings and access information.",,,"https://www.google.com/search?q=""fishing report""+Smith Lake+""Jefferson County""+Colorado"
7450f41e1e209f87d34e,,date_unknown,,Clear Creek,Smelter Gulch,official_fishery_survey,Colorado Parks and Wildlife,True,CPW fishery report: Smelter Gulch,"Colorado Parks and Wildlife provides an official fishery survey or report for this water. Open the source for survey dates, species observations, management findings and access information.",,,"https://www.google.com/search?q=""fishing report""+Smelter Gulch+""Clear Creek County""+Colorado"
b4689e7a3372ce336bb6,,date_unknown,,Gilpin,Slough Pond,official_fishery_survey,Colorado Parks and Wildlife,True,CPW fishery report: Slough Pond,"Colorado Parks and Wildlife provides an official fishery survey or report for this water. Open the source for survey dates, species observations, management findings and access information.",,,"https://www.google.com/search?q=""fishing report""+Slough Pond+""Gilpin County""+Colorado"
f5c0653482e80d238ffe,,date_unknown,,Denver,Sloans Lake,official_fishery_survey,Colorado Parks and Wildlife,True,CPW fishery report: Sloans Lake,"Colorado Parks and Wildlife provides an official fishery survey or report for this water. Open the source for survey dates, species observations, management findings and access information.",,,"https://www.google.com/search?q=""fishing report""+Sloans Lake+""Denver County""+Colorado"
b5f88e8fe8f581beddec,,date_unknown,,Rio Blanco,Sleepy Cat Ponds,official_fishery_survey,Colorado Parks and Wildlife,True,CPW fishery report: Sleepy Cat Ponds,"Colorado Parks and Wildlife provides an official fishery survey or report for this water. Open the source for survey dates, species observations, management findings and access information.",,,"https://www.google.com/search?q=""fishing report""+Sleepy Cat Ponds+""Rio Blanco County""+Colorado"
5d2ee4c9c00ee0f0d30b,,date_unknown,,Clear Creek,Slater Lake,official_fishery_survey,Colorado Parks and Wildlife,True,CPW fishery report: Slater Lake,"Colorado Parks and Wildlife provides an official fishery survey or report for this water. Open the source for survey dates, species observations, management findings and access information.",,,"https://www.google.com/search?q=""fishing report""+Slater Lake+""Clear Creek County""+Colorado"
248d5ab2ec73a64e6331,,date_unknown,,Gunnison,Slate River,official_fishery_survey,Colorado Parks and Wildlife,True,CPW fishery report: Slate River,"Colorado Parks and Wildlife provides an official fishery survey or report for this water. Open the source for survey dates, species observations, management findings and access information.",,,"https://www.google.com/search?q=""fishing report""+Slate River+""Gunnison County""+Colorado"
a7259cf0eb016cd55803,,date_unknown,,Jackson,Slack And Weiss Reservoir,official_fishery_survey,Colorado Parks and Wildlife,True,CPW fishery report: Slack And Weiss Reservoir,"Colorado Parks and Wildlife provides an official fishery survey or report for this water. Open the source for survey dates, species observations, management findings and access information.",,,"https://www.google.com/search?q=""fishing report""+Slack And Weiss Reservoir+""Jackson County""+Colorado"
f30987bd1fa4b2069510,,date_unknown,,Boulder,Skyscraper Lake,official_fishery_survey,Colorado Parks and Wildlife,True,CPW fishery report: Skyscraper Lake,"Colorado Parks and Wildlife provides an official fishery survey or report for this water. Open the source for survey dates, species observations, management findings and access information.",,,"https://www.google.com/search?q=""fishing report""+Skyscraper Lake+""Boulder County""+Colorado"
39fae09174ca66a6a90a,,date_unknown,,Teller,Skaguay Reservoir,official_fishery_survey,Colorado Parks and Wildlife,True,CPW fishery report: Skaguay Reservoir,"Colorado Parks and Wildlife provides an official fishery survey or report for this water. Open the source for survey dates, species observations, management findings and access information.",,,"https://www.google.com/search?q=""fishing report""+Skaguay Reservoir+""Teller County""+Colorado"
bb82e6fb62421b398fba,,date_unknown,,Larimer,Simpson Property Ponds,official_fishery_survey,Colorado Parks and Wildlife,True,CPW fishery report: Simpson Property Ponds,"Colorado Parks and Wildlife provides an official fishery survey or report for this water. Open the source for survey dates, species observations, management findings and access information.",,,"https://www.google.com/search?q=""fishing report""+Simpson Property Pond #3+""Larimer County""+Colorado"
e2f217df548e92c0ce89,,date_unknown,,Gunnison,Silverjack Reservoir,official_fishery_survey,Colorado Parks and Wildlife,True,CPW fishery report: Silverjack Reservoir,"Colorado Parks and Wildlife provides an official fishery survey or report for this water. Open the source for survey dates, species observations, management findings and access information.",,,"https://www.google.com/search?q=""fishing report""+Silverjack Reservoir+""Gunnison County""+Colorado"
159c429e6041f18f2c45,,date_unknown,,Mesa,Silver Lake,official_fishery_survey,Colorado Parks and Wildlife,True,CPW fishery report: Silver Lake,"Colorado Parks and Wildlife provides an official fishery survey or report for this water. Open the source for survey dates, species observations, management findings and access information.",,,"https://www.google.com/search?q=""fishing report""+Silver Lake+""Mesa County""+Colorado"
e8f3252638f1f787f5f7,,date_unknown,,Custer,Silver Lake,official_fishery_survey,Colorado Parks and Wildlife,True,CPW fishery report: Silver Lake,"Colorado Parks and Wildlife provides an official fishery survey or report for this water. Open the source for survey dates, species observations, management findings and access information.",,,"https://www.google.com/search?q=""fishing report""+Silver Lake+""Custer County""+Colorado"
665fae62934d8de6a4df,,date_unknown,,Chaffee,Silver King Lake,official_fishery_survey,Colorado Parks and Wildlife,True,CPW fishery report: Silver King Lake,"Colorado Parks and Wildlife provides an official fishery survey or report for this water. Open the source for survey dates, species observations, management findings and access information.",,,"https://www.google.com/search?q=""fishing report""+Silver King Lake+""Chaffee County""+Colorado"
df209496d4d674d60f70,,date_unknown,,Clear Creek,Silver Dollar Lake,official_fishery_survey,Colorado Parks and Wildlife,True,CPW fishery report: Silver Dollar Lake,"Colorado Parks and Wildlife provides an official fishery survey or report for this water. Open the source for survey dates, species observations, management findings and access information.",,,"https://www.google.com/search?q=""fishing report""+Silver Dollar Lake+""Clear Creek County""+Colorado"
6c58a54dd731fac14f7e,,date_unknown,,Saguache,Silver Creek,official_fishery_survey,Colorado Parks and Wildlife,True,CPW fishery report: Silver Creek,"Colorado Parks and Wildlife provides an official fishery survey or report for this water. Open the source for survey dates, species observations, management findings and access information.",,,"https://www.google.com/search?q=""fishing report""+Silver Creek+""Saguache County""+Colorado"
da21629b892f49ce8639,,date_unknown,,Clear Creek,Sherwin Lake,official_fishery_survey,Colorado Parks and Wildlife,True,CPW fishery report: Sherwin Lake,"Colorado Parks and Wildlife provides an official fishery survey or report for this water. Open the source for survey dates, species observations, management findings and access information.",,,"https://www.google.com/search?q=""fishing report""+Sherwin Lake+""Clear Creek County""+Colorado"
0378f1c7f3b96422be10,,date_unknown,,Rio Grande,Sherman Lake,official_fishery_survey,Colorado Parks and Wildlife,True,CPW fishery report: Sherman Lake,"Colorado Parks and Wildlife provides an official fishery survey or report for this water. Open the source for survey dates, species observations, management findings and access information.",,,"https://www.google.com/search?q=""fishing report""+Sherman Lake+""Rio Grande County""+Colorado"
6ed807bf613fa66bcf49,,date_unknown,,Rio Blanco,Sheriff Reservoir,official_fishery_survey,Colorado Parks and Wildlife,True,CPW fishery report: Sheriff Reservoir,"Colorado Parks and Wildlife provides an official fishery survey or report for this water. Open the source for survey dates, species observations, management findings and access information.",,,"https://www.google.com/search?q=""fishing report""+Sheriff Reservoir+""Rio Blanco County""+Colorado"
bd190b7a02972ca61c6c,,date_unknown,,Clear Creek,Shelf Lake,official_fishery_survey,Colorado Parks and Wildlife,True,CPW fishery report: Shelf Lake,"Colorado Parks and Wildlife provides an official fishery survey or report for this water. Open the source for survey dates, species observations, management findings and access information.",,,"https://www.google.com/search?q=""fishing report""+Shelf Lake+""Clear Creek County""+Colorado"
81c70c0f52fef96a7665,,date_unknown,,Larimer,Sheldon Lake,official_fishery_survey,Colorado Parks and Wildlife,True,CPW fishery report: Sheldon Lake,"Colorado Parks and Wildlife provides an official fishery survey or report for this water. Open the source for survey dates, species observations, management findings and access information.",,,"https://www.google.com/search?q=""fishing report""+Sheldon Lake+""Larimer County""+Colorado"
2fb2c11d97d6c48f7a9a,,date_unknown,,Adams,Sheets Lake,official_fishery_survey,Colorado Parks and Wildlife,True,CPW fishery report: Sheets Lake,"Colorado Parks and Wildlife provides an official fishery survey or report for this water. Open the source for survey dates, species observations, management findings and access information.",,,"https://www.google.com/search?q=""fishing report""+Sheets Lake+""Adams County""+Colorado"
90a7ebc4e2aa3d2ac485,,date_unknown,,Delta,Sheep Lake,official_fishery_survey,Colorado Parks and Wildlife,True,CPW fishery report: Sheep Lake,"Colorado Parks and Wildlife provides an official fishery survey or report for this water. Open the source for survey dates, species observations, management findings and access information.",,,"https://www.google.com/search?q=""fishing report""+Sheep Lake+""Delta County""+Colorado"
a5b051a99543e8c4a0c3,,date_unknown,,Larimer,"Sheep Creek, West Fork",official_fishery_survey,Colorado Parks and Wildlife,True,"CPW fishery report: Sheep Creek, West Fork","Colorado Parks and Wildlife provides an official fishery survey or report for this water. Open the source for survey dates, species observations, management findings and access information.",,,"https://www.google.com/search?q=""fishing report""+Sheep Creek, West Fork+""Larimer County""+Colorado"
a44f02a0c241dcec5ed5,,date_unknown,,Larimer,"Sheep Creek, East Fork",official_fishery_survey,Colorado Parks and Wildlife,True,"CPW fishery report: Sheep Creek, East Fork","Colorado Parks and Wildlife provides an official fishery survey or report for this water. Open the source for survey dates, species observations, management findings and access information.",,,"https://www.google.com/search?q=""fishing report""+Sheep Creek, East Fork+""Larimer County""+Colorado"
5f457ec6f25c98cba014,,date_unknown,,Larimer,Sheep Creek,official_fishery_survey,Colorado Parks and Wildlife,True,CPW fishery report: Sheep Creek,"Colorado Parks and Wildlife provides an official fishery survey or report for this water. Open the source for survey dates, species observations, management findings and access information.",,,"https://www.google.com/search?q=""fishing report""+Sheep Creek+""Larimer County""+Colorado"
ece58482f302de569763,,date_unknown,,Mesa,Sheep Creek,official_fishery_survey,Colorado Parks and Wildlife,True,CPW fishery report: Sheep Creek,"Colorado Parks and Wildlife provides an official fishery survey or report for this water. Open the source for survey dates, species observations, management findings and access information.",,,"https://www.google.com/search?q=""fishing report""+Sheep Creek+""Mesa County""+Colorado"
3cda1d93766daccb1416,,date_unknown,,Ouray,Shavano Pond,official_fishery_survey,Colorado Parks and Wildlife,True,CPW fishery report: Shavano Pond,"Colorado Parks and Wildlife provides an official fishery survey or report for this water. Open the source for survey dates, species observations, management findings and access information.",,,"https://www.google.com/search?q=""fishing report""+Shavano Pond+""Ouray County""+Colorado"
3d2c13a160b59684cb94,,date_unknown,,Grand,Shadow Mountain Reservoir,official_fishery_survey,Colorado Parks and Wildlife,True,CPW fishery report: Shadow Mountain Reservoir,"Colorado Parks and Wildlife provides an official fishery survey or report for this water. Open the source for survey dates, species observations, management findings and access information.",,,"https://www.google.com/search?q=""fishing report""+Shadow Mountain Reservoir+""Grand County""+Colorado"
fd07432d6b145e22fecb,,date_unknown,,Jackson,Seymour Reservoir,official_fishery_survey,Colorado Parks and Wildlife,True,CPW fishery report: Seymour Reservoir,"Colorado Parks and Wildlife provides an official fishery survey or report for this water. Open the source for survey dates, species observations, management findings and access information.",,,"https://www.google.com/search?q=""fishing report""+Seymour Reservoir+""Jackson County""+Colorado"
680f0692b3c22a2155b7,,date_unknown,,Weld,Severance City Pond,official_fishery_survey,Colorado Parks and Wildlife,True,CPW fishery report: Severance City Pond,"Colorado Parks and Wildlife provides an official fishery survey or report for this water. Open the source for survey dates, species observations, management findings and access information.",,,"https://www.google.com/search?q=""fishing report""+Severance City Pond+""Weld County""+Colorado"
913f4e420209d6d43b23,,date_unknown,,Larimer,Seaman Reservoir,official_fishery_survey,Colorado Parks and Wildlife,True,CPW fishery report: Seaman Reservoir,"Colorado Parks and Wildlife provides an official fishery survey or report for this water. Open the source for survey dates, species observations, management findings and access information.",,,"https://www.google.com/search?q=""fishing report""+Seaman Reservoir+""Larimer County""+Colorado"
18742428111606bc2b5a,,date_unknown,,El Paso,Schryver Park Pond,official_fishery_survey,Colorado Parks and Wildlife,True,CPW fishery report: Schryver Park Pond,"Colorado Parks and Wildlife provides an official fishery survey or report for this water. Open the source for survey dates, species observations, management findings and access information.",,,"https://www.google.com/search?q=""fishing report""+Schryver Park Pond+""El Paso County""+Colorado"
532153df99bb95ec8ac0,,date_unknown,,Rio Blanco,Scenery Pond,official_fishery_survey,Colorado Parks and Wildlife,True,CPW fishery report: Scenery Pond,"Colorado Parks and Wildlife provides an official fishery survey or report for this water. Open the source for survey dates, species observations, management findings and access information.",,,"https://www.google.com/search?q=""fishing report""+Scenery Pond+""Rio Blanco County""+Colorado"
72ca967a13294912e928,,date_unknown,,Summit,Sawmill Reservoir,official_fishery_survey,Colorado Parks and Wildlife,True,CPW fishery report: Sawmill Reservoir,"Colorado Parks and Wildlife provides an official fishery survey or report for this water. Open the source for survey dates, species observations, management findings and access information.",,,"https://www.google.com/search?q=""fishing report""+Sawmill Reservoir+""Summit County""+Colorado"
98903bb646096c517336,,date_unknown,,Jackson,Sawmill Creek,official_fishery_survey,Colorado Parks and Wildlife,True,CPW fishery report: Sawmill Creek,"Colorado Parks and Wildlife provides an official fishery survey or report for this water. Open the source for survey dates, species observations, management findings and access information.",,,"https://www.google.com/search?q=""fishing report""+Sawmill Creek+""Jackson County""+Colorado"
df5372792415451a5d94,,date_unknown,,Boulder,Sawhill Ponds,official_fishery_survey,Colorado Parks and Wildlife,True,CPW fishery report: Sawhill Ponds,"Colorado Parks and Wildlife provides an official fishery survey or report for this water. Open the source for survey dates, species observations, management findings and access information.",,,"https://www.google.com/search?q=""fishing report""+Sawhill Pond #6+""Boulder County""+Colorado"
1f44ef82e00ee257445f,,date_unknown,,Chaffee,Sands Lake,official_fishery_survey,Colorado Parks and Wildlife,True,CPW fishery report: Sands Lake,"Colorado Parks and Wildlife provides an official fishery survey or report for this water. Open the source for survey dates, species observations, management findings and access information.",,,"https://www.google.com/search?q=""fishing report""+Sands Lake+""Chaffee County""+Colorado"
1c94fc0ca8fef17ff5d9,,date_unknown,,Larimer,Sand Creek,official_fishery_survey,Colorado Parks and Wildlife,True,CPW fishery report: Sand Creek,"Colorado Parks and Wildlife provides an official fishery survey or report for this water. Open the source for survey dates, species observations, management findings and access information.",,,"https://www.google.com/search?q=""fishing report""+Sand Creek+""Larimer County""+Colorado"
928ec5678063f85367cb,,date_unknown,,Costilla,Sanchez Reservoir,official_fishery_survey,Colorado Parks and Wildlife,True,CPW fishery report: Sanchez Reservoir,"Colorado Parks and Wildlife provides an official fishery survey or report for this water. Open the source for survey dates, species observations, management findings and access information.",,,"https://www.google.com/search?q=""fishing report""+Sanchez Reservoir+""Costilla County""+Colorado"
db04e609e17612fb7a80,,date_unknown,,San Miguel,"San Miguel River, Lake Fork",official_fishery_survey,Colorado Parks and Wildlife,True,"CPW fishery report: San Miguel River, Lake Fork","Colorado Parks and Wildlife provides an official fishery survey or report for this water. Open the source for survey dates, species observations, management findings and access information.",,,"https://www.google.com/search?q=""fishing report""+San Miguel River, Lake Fork+""San Miguel County""+Colorado"
407935f15761856a2654,,date_unknown,,San Miguel,San Miguel River,official_fishery_survey,Colorado Parks and Wildlife,True,CPW fishery report: San Miguel River,"Colorado Parks and Wildlife provides an official fishery survey or report for this water. Open the source for survey dates, species observations, management findings and access information.",,,"https://www.google.com/search?q=""fishing report""+San Miguel River+""San Miguel County""+Colorado"
eacd36496669c33b340f,,date_unknown,,Alamosa,San Luis Lake,official_fishery_survey,Colorado Parks and Wildlife,True,CPW fishery report: San Luis Lake,"Colorado Parks and Wildlife provides an official fishery survey or report for this water. Open the source for survey dates, species observations, management findings and access information.",,,"https://www.google.com/search?q=""fishing report""+San Luis Lake+""Alamosa County""+Colorado"
d432ddb3ab604dbc2f09,,date_unknown,,Mineral,"San Juan River, West Fork",official_fishery_survey,Colorado Parks and Wildlife,True,"CPW fishery report: San Juan River, West Fork","Colorado Parks and Wildlife provides an official fishery survey or report for this water. Open the source for survey dates, species observations, management findings and access information.",,,"https://www.google.com/search?q=""fishing report""+San Juan River, West Fork+""Mineral County""+Colorado"
7ffefa04063465ff0e25,,date_unknown,,Archuleta,"San Juan River, East Fork",official_fishery_survey,Colorado Parks and Wildlife,True,"CPW fishery report: San Juan River, East Fork","Colorado Parks and Wildlife provides an official fishery survey or report for this water. Open the source for survey dates, species observations, management findings and access information.",,,"https://www.google.com/search?q=""fishing report""+San Juan River, East Fork+""Archuleta County""+Colorado"
74f3a4bbda14cbfc73e0,,date_unknown,,Archuleta,San Juan River,official_fishery_survey,Colorado Parks and Wildlife,True,CPW fishery report: San Juan River,"Colorado Parks and Wildlife provides an official fishery survey or report for this water. Open the source for survey dates, species observations, management findings and access information.",,,"https://www.google.com/search?q=""fishing report""+San Juan River+""Archuleta County""+Colorado"
773aacaab1880bf3121d,,date_unknown,,Rio Grande,"San Francisco Lakes, Upper",official_fishery_survey,Colorado Parks and Wildlife,True,"CPW fishery report: San Francisco Lakes, Upper","Colorado Parks and Wildlife provides an official fishery survey or report for this water. Open the source for survey dates, species observations, management findings and access information.",,,"https://www.google.com/search?q=""fishing report""+San Francisco Lakes, Upper+""Rio Grande County""+Colorado"
f11689460349c202f609,,date_unknown,,Chaffee,Salida Hydro Pond #2,official_fishery_survey,Colorado Parks and Wildlife,True,CPW fishery report: Salida Hydro Pond #2,"Colorado Parks and Wildlife provides an official fishery survey or report for this water. Open the source for survey dates, species observations, management findings and access information.",,,"https://www.google.com/search?q=""fishing report""+Salida Hydro Pond #2+""Chaffee County""+Colorado"
0c8591bbd2a32c97afc9,,date_unknown,,Saguache,Saguache Creek,official_fishery_survey,Colorado Parks and Wildlife,True,CPW fishery report: Saguache Creek,"Colorado Parks and Wildlife provides an official fishery survey or report for this water. Open the source for survey dates, species observations, management findings and access information.",,,"https://www.google.com/search?q=""fishing report""+Saguache Creek+""Saguache County""+Colorado"
303436764f529958c8cf,,date_unknown,,Delta,Sackett Reservoir,official_fishery_survey,Colorado Parks and Wildlife,True,CPW fishery report: Sackett Reservoir,"Colorado Parks and Wildlife provides an official fishery survey or report for this water. Open the source for survey dates, species observations, management findings and access information.",,,"https://www.google.com/search?q=""fishing report""+Sackett Reservoir+""Delta County""+Colorado"
6f38de3775cde28cd817,,date_unknown,,Otero,Ryan Ponds,official_fishery_survey,Colorado Parks and Wildlife,True,CPW fishery report: Ryan Ponds,"Colorado Parks and Wildlife provides an official fishery survey or report for this water. Open the source for survey dates, species observations, management findings and access information.",,,"https://www.google.com/search?q=""fishing report""+Ryan Pond, East+""Otero County""+Colorado"
81f2c12ad1a53c7369ea,,date_unknown,,Pueblo,Runyon Lake,official_fishery_survey,Colorado Parks and Wildlife,True,CPW fishery report: Runyon Lake,"Colorado Parks and Wildlife provides an official fishery survey or report for this water. Open the source for survey dates, species observations, management findings and access information.",,,"https://www.google.com/search?q=""fishing report""+Runyon Lake+""Pueblo County""+Colorado"
f3d7b544738eac064cce,,date_unknown,,Pitkin,Ruedi Reservoir,official_fishery_survey,Colorado Parks and Wildlife,True,CPW fishery report: Ruedi Reservoir,"Colorado Parks and Wildlife provides an official fishery survey or report for this water. Open the source for survey dates, species observations, management findings and access information.",,,"https://www.google.com/search?q=""fishing report""+Ruedi Reservoir+""Pitkin County""+Colorado"
8aae30123344027e6d8d,,date_unknown,,Gunnison,Ruby Anthracite Creek,official_fishery_survey,Colorado Parks and Wildlife,True,CPW fishery report: Ruby Anthracite Creek,"Colorado Parks and Wildlife provides an official fishery survey or report for this water. Open the source for survey dates, species observations, management findings and access information.",,,"https://www.google.com/search?q=""fishing report""+Ruby Anthracite Creek+""Gunnison County""+Colorado"
1d53ac00e2428d58bd0a,,date_unknown,,Gunnison,Rowdy Reservoir,official_fishery_survey,Colorado Parks and Wildlife,True,CPW fishery report: Rowdy Reservoir,"Colorado Parks and Wildlife provides an official fishery survey or report for this water. Open the source for survey dates, species observations, management findings and access information.",,,"https://www.google.com/search?q=""fishing report""+Rowdy Reservoir+""Gunnison County""+Colorado"
1230dd73973aac47dc05,,date_unknown,,Park,Rough and Tumbling Creek,official_fishery_survey,Colorado Parks and Wildlife,True,CPW fishery report: Rough and Tumbling Creek,"Colorado Parks and Wildlife provides an official fishery survey or report for this water. Open the source for survey dates, species observations, management findings and access information.",,,"https://www.google.com/search?q=""fishing report""+Rough and Tumbling Creek+""Park County""+Colorado"
22ee19ac60136d066df3,,date_unknown,,Adams,Rotella Park Lake,official_fishery_survey,Colorado Parks and Wildlife,True,CPW fishery report: Rotella Park Lake,"Colorado Parks and Wildlife provides an official fishery survey or report for this water. Open the source for survey dates, species observations, management findings and access information.",,,"https://www.google.com/search?q=""fishing report""+Rotella Park Lake+""Adams County""+Colorado"
ca2824ea2cff2749e348,,date_unknown,,Teller,Rosemont Reservoir,official_fishery_survey,Colorado Parks and Wildlife,True,CPW fishery report: Rosemont Reservoir,"Colorado Parks and Wildlife provides an official fishery survey or report for this water. Open the source for survey dates, species observations, management findings and access information.",,,"https://www.google.com/search?q=""fishing report""+Rosemont Reservoir+""Teller County""+Colorado"
c09b9bac81101cfcb2c3,,date_unknown,,Park,Roosevelt Lakes,official_fishery_survey,Colorado Parks and Wildlife,True,CPW fishery report: Roosevelt Lakes,"Colorado Parks and Wildlife provides an official fishery survey or report for this water. Open the source for survey dates, species observations, management findings and access information.",,,"https://www.google.com/search?q=""fishing report""+Roosevelt Lake, Lower+""Park County""+Colorado"
2436676fdb55355b8ee2,,date_unknown,,Park,Rolling Creek,official_fishery_survey,Colorado Parks and Wildlife,True,CPW fishery report: Rolling Creek,"Colorado Parks and Wildlife provides an official fishery survey or report for this water. Open the source for survey dates, species observations, management findings and access information.",,,"https://www.google.com/search?q=""fishing report""+Rolling Creek+""Park County""+Colorado"
949120ae29ff2be41bc6,,date_unknown,,Larimer,Rolland Moore Pond,official_fishery_survey,Colorado Parks and Wildlife,True,CPW fishery report: Rolland Moore Pond,"Colorado Parks and Wildlife provides an official fishery survey or report for this water. Open the source for survey dates, species observations, management findings and access information.",,,"https://www.google.com/search?q=""fishing report""+Rolland Moore Pond+""Larimer County""+Colorado"
5d61fe6cebe6e80684e5,,date_unknown,,Gilpin,Rogers Peak Lake,official_fishery_survey,Colorado Parks and Wildlife,True,CPW fishery report: Rogers Peak Lake,"Colorado Parks and Wildlife provides an official fishery survey or report for this water. Open the source for survey dates, species observations, management findings and access information.",,,"https://www.google.com/search?q=""fishing report""+Rogers Peak Lake+""Gilpin County""+Colorado"
c7578ba92610873dc0f4,,date_unknown,,Denver,Rocky Mountain Lake,official_fishery_survey,Colorado Parks and Wildlife,True,CPW fishery report: Rocky Mountain Lake,"Colorado Parks and Wildlife provides an official fishery survey or report for this water. Open the source for survey dates, species observations, management findings and access information.",,,"https://www.google.com/search?q=""fishing report""+Rocky Mountain Lake+""Denver County""+Colorado"
74be5c0d1a2000f5f1ed,,date_unknown,,Pitkin,Rocky Fork Creek,official_fishery_survey,Colorado Parks and Wildlife,True,CPW fishery report: Rocky Fork Creek,"Colorado Parks and Wildlife provides an official fishery survey or report for this water. Open the source for survey dates, species observations, management findings and access information.",,,"https://www.google.com/search?q=""fishing report""+Rocky Fork Creek+""Pitkin County""+Colorado"
90f0c2cb1edb853f23ea,,date_unknown,,Mesa,Rock Lake,official_fishery_survey,Colorado Parks and Wildlife,True,CPW fishery report: Rock Lake,"Colorado Parks and Wildlife provides an official fishery survey or report for this water. Open the source for survey dates, species observations, management findings and access information.",,,"https://www.google.com/search?q=""fishing report""+Rock Lake+""Mesa County""+Colorado"
7cbacc8eb349cc9b903e,,date_unknown,,Routt,Rock Creek,official_fishery_survey,Colorado Parks and Wildlife,True,CPW fishery report: Rock Creek,"Colorado Parks and Wildlife provides an official fishery survey or report for this water. Open the source for survey dates, species observations, management findings and access information.",,,"https://www.google.com/search?q=""fishing report""+Rock Creek+""Routt County""+Colorado"
1e7f163bda6e317fc218,,date_unknown,,Larimer,Roberts Lake,official_fishery_survey,Colorado Parks and Wildlife,True,CPW fishery report: Roberts Lake,"Colorado Parks and Wildlife provides an official fishery survey or report for this water. Open the source for survey dates, species observations, management findings and access information.",,,"https://www.google.com/search?q=""fishing report""+Roberts Lake+""Larimer County""+Colorado"
40db066483f72fc0b128,,date_unknown,,Gunnison,Roaring Judy Ponds,official_fishery_survey,Colorado Parks and Wildlife,True,CPW fishery report: Roaring Judy Ponds,"Colorado Parks and Wildlife provides an official fishery survey or report for this water. Open the source for survey dates, species observations, management findings and access information.",,,"https://www.google.com/search?q=""fishing report""+Roaring Judy Ponds+""Gunnison County""+Colorado"
b94a89797f566909d351,,date_unknown,,Montezuma,Roaring Forks Creek,official_fishery_survey,Colorado Parks and Wildlife,True,CPW fishery report: Roaring Forks Creek,"Colorado Parks and Wildlife provides an official fishery survey or report for this water. Open the source for survey dates, species observations, management findings and access information.",,,"https://www.google.com/search?q=""fishing report""+Roaring Forks Creek+""Montezuma County""+Colorado"
9cbed2ad10ee1a2cb5e9,,date_unknown,,Garfield,Roaring Fork River,official_fishery_survey,Colorado Parks and Wildlife,True,CPW fishery report: Roaring Fork River,"Colorado Parks and Wildlife provides an official fishery survey or report for this water. Open the source for survey dates, species observations, management findings and access information.",,,"https://www.google.com/search?q=""fishing report""+Roaring Fork River+""Garfield County""+Colorado"
029515fbc134aff16100,,date_unknown,,Jackson,Roaring Fork,official_fishery_survey,Colorado Parks and Wildlife,True,CPW fishery report: Roaring Fork,"Colorado Parks and Wildlife provides an official fishery survey or report for this water. Open the source for survey dates, species observations, management findings and access information.",,,"https://www.google.com/search?q=""fishing report""+Roaring Fork+""Jackson County""+Colorado"
9808811cc284fa6c4907,,date_unknown,,Larimer,Roaring Creek,official_fishery_survey,Colorado Parks and Wildlife,True,CPW fishery report: Roaring Creek,"Colorado Parks and Wildlife provides an official fishery survey or report for this water. Open the source for survey dates, species observations, management findings and access information.",,,"https://www.google.com/search?q=""fishing report""+Roaring Creek+""Larimer County""+Colorado"
d887edcffeafa8dea0cf,,date_unknown,,Mesa,Roans Pothole,official_fishery_survey,Colorado Parks and Wildlife,True,CPW fishery report: Roans Pothole,"Colorado Parks and Wildlife provides an official fishery survey or report for this water. Open the source for survey dates, species observations, management findings and access information.",,,"https://www.google.com/search?q=""fishing report""+Roans Pothole+""Mesa County""+Colorado"
f185b65bbfd49cb0f1cd,,date_unknown,,Hinsdale,Road Canyon Reservoir,official_fishery_survey,Colorado Parks and Wildlife,True,CPW fishery report: Road Canyon Reservoir,"Colorado Parks and Wildlife provides an official fishery survey or report for this water. Open the source for survey dates, species observations, management findings and access information.",,,"https://www.google.com/search?q=""fishing report""+Road Canyon Reservoir+""Hinsdale County""+Colorado"
a940d36912628c7f0956,,date_unknown,,Gunnison,Riverway Pond,official_fishery_survey,Colorado Parks and Wildlife,True,CPW fishery report: Riverway Pond,"Colorado Parks and Wildlife provides an official fishery survey or report for this water. Open the source for survey dates, species observations, management findings and access information.",,,"https://www.google.com/search?q=""fishing report""+Riverway Pond+""Gunnison County""+Colorado"
cb55106ab69c4b13bbab,,date_unknown,,Chaffee,"Riverside Pond, South",official_fishery_survey,Colorado Parks and Wildlife,True,"CPW fishery report: Riverside Pond, South","Colorado Parks and Wildlife provides an official fishery survey or report for this water. Open the source for survey dates, species observations, management findings and access information.",,,"https://www.google.com/search?q=""fishing report""+Riverside Pond, North+""Chaffee County""+Colorado"
8c3f50a6e9aa18509eca,,date_unknown,,Chaffee,"Riverside Pond, North",official_fishery_survey,Colorado Parks and Wildlife,True,"CPW fishery report: Riverside Pond, North","Colorado Parks and Wildlife provides an official fishery survey or report for this water. Open the source for survey dates, species observations, management findings and access information.",,,"https://www.google.com/search?q=""fishing report""+Riverside Pond, South+""Chaffee County""+Colorado"
25d2b5b342eea37d7e2c,,date_unknown,,Weld,Riverside Park Lake,official_fishery_survey,Colorado Parks and Wildlife,True,CPW fishery report: Riverside Park Lake,"Colorado Parks and Wildlife provides an official fishery survey or report for this water. Open the source for survey dates, species observations, management findings and access information.",,,"https://www.google.com/search?q=""fishing report""+Riverside Park Lake+""Weld County""+Colorado"
4b4dfa06badac555fad7,,date_unknown,,Larimer,Riverbend Ponds,official_fishery_survey,Colorado Parks and Wildlife,True,CPW fishery report: Riverbend Ponds,"Colorado Parks and Wildlife provides an official fishery survey or report for this water. Open the source for survey dates, species observations, management findings and access information.",,,"https://www.google.com/search?q=""fishing report""+Riverbend Pond #5+""Larimer County""+Colorado"
d9336ffd50191a934f6e,,date_unknown,,Larimer,River's Edge Natural Area Ponds,official_fishery_survey,Colorado Parks and Wildlife,True,CPW fishery report: River's Edge Natural Area Ponds,"Colorado Parks and Wildlife provides an official fishery survey or report for this water. Open the source for survey dates, species observations, management findings and access information.",,,"https://www.google.com/search?q=""fishing report""+Sandpiper Pond+""Larimer County""+Colorado"
f4e013913e37209e247e,,date_unknown,,Archuleta,River Center Pond,official_fishery_survey,Colorado Parks and Wildlife,True,CPW fishery report: River Center Pond,"Colorado Parks and Wildlife provides an official fishery survey or report for this water. Open the source for survey dates, species observations, management findings and access information.",,,"https://www.google.com/search?q=""fishing report""+River Center Pond+""Archuleta County""+Colorado"
7244b1eff362f27df9ed,,date_unknown,,Hinsdale,Rito Hondo Lake,official_fishery_survey,Colorado Parks and Wildlife,True,CPW fishery report: Rito Hondo Lake,"Colorado Parks and Wildlife provides an official fishery survey or report for this water. Open the source for survey dates, species observations, management findings and access information.",,,"https://www.google.com/search?q=""fishing report""+Rito Hondo Lake+""Hinsdale County""+Colorado"
ace1a8165d3b696bd20a,,date_unknown,,Mineral,Rio Grande River #3,official_fishery_survey,Colorado Parks and Wildlife,True,CPW fishery report: Rio Grande River #3,"Colorado Parks and Wildlife provides an official fishery survey or report for this water. Open the source for survey dates, species observations, management findings and access information.",,,"http://www.google.com/search?q=""fishing report""+Rio Grande River+""Mineral County""+Colorado"
a2304cbdd9267c734b22,,date_unknown,,Rio Grande,Rio Grande River,official_fishery_survey,Colorado Parks and Wildlife,True,CPW fishery report: Rio Grande River,"Colorado Parks and Wildlife provides an official fishery survey or report for this water. Open the source for survey dates, species observations, management findings and access information.",,,"https://www.google.com/search?q=""fishing report""+Rio Grande River+""Rio Grande County""+Colorado"
7e6b5fad8f6bfe5c76f1,,date_unknown,,Mineral,Rio Grande River,official_fishery_survey,Colorado Parks and Wildlife,True,CPW fishery report: Rio Grande River,"Colorado Parks and Wildlife provides an official fishery survey or report for this water. Open the source for survey dates, species observations, management findings and access information.",,,"https://www.google.com/search?q=""fishing report""+Rio Grande River+""Mineral County""+Colorado"
b35f52749adbf593869b,,date_unknown,,Rio Blanco,Rio Blanco Lake,official_fishery_survey,Colorado Parks and Wildlife,True,CPW fishery report: Rio Blanco Lake,"Colorado Parks and Wildlife provides an official fishery survey or report for this water. Open the source for survey dates, species observations, management findings and access information.",,,"https://www.google.com/search?q=""fishing report""+Rio Blanco Lake+""Rio Blanco County""+Colorado"
953a52b13bc02e52e0cf,,date_unknown,,Delta,Rim Rock Lake,official_fishery_survey,Colorado Parks and Wildlife,True,CPW fishery report: Rim Rock Lake,"Colorado Parks and Wildlife provides an official fishery survey or report for this water. Open the source for survey dates, species observations, management findings and access information.",,,"https://www.google.com/search?q=""fishing report""+Rim Rock Lake+""Delta County""+Colorado"
bcacf928c556223dcbd3,,date_unknown,,Garfield,Rifle Lions Pond,official_fishery_survey,Colorado Parks and Wildlife,True,CPW fishery report: Rifle Lions Pond,"Colorado Parks and Wildlife provides an official fishery survey or report for this water. Open the source for survey dates, species observations, management findings and access information.",,,"https://www.google.com/search?q=""fishing report""+South Rifle Pond+""Garfield County""+Colorado"
4f4ba6264dbaabb4ef62,,date_unknown,,Garfield,Rifle Gap Reservoir,official_fishery_survey,Colorado Parks and Wildlife,True,CPW fishery report: Rifle Gap Reservoir,"Colorado Parks and Wildlife provides an official fishery survey or report for this water. Open the source for survey dates, species observations, management findings and access information.",,,"https://www.google.com/search?q=""fishing report""+Rifle Gap Reservoir+""Garfield County""+Colorado"
28f9de8118daf315c1e9,,date_unknown,,Garfield,"Rifle Creek, East",official_fishery_survey,Colorado Parks and Wildlife,True,"CPW fishery report: Rifle Creek, East","Colorado Parks and Wildlife provides an official fishery survey or report for this water. Open the source for survey dates, species observations, management findings and access information.",,,"https://www.google.com/search?q=""fishing report""+Rifle Creek, East+""Garfield County""+Colorado"
74b30c01a8d8b75ef842,,date_unknown,,Garfield,Rifle Creek,official_fishery_survey,Colorado Parks and Wildlife,True,CPW fishery report: Rifle Creek,"Colorado Parks and Wildlife provides an official fishery survey or report for this water. Open the source for survey dates, species observations, management findings and access information.",,,"https://www.google.com/search?q=""fishing report""+Rifle Creek+""Garfield County""+Colorado"
8585606a4416b7f39524,,date_unknown,,Ouray,Ridgway Reservoir,official_fishery_survey,Colorado Parks and Wildlife,True,CPW fishery report: Ridgway Reservoir,"Colorado Parks and Wildlife provides an official fishery survey or report for this water. Open the source for survey dates, species observations, management findings and access information.",,,"https://www.google.com/search?q=""fishing report""+Ridgway Reservoir+""Ouray County""+Colorado"
bcf0b69de3b814ce1003,,date_unknown,,Arapahoe,Ridgeview Park Pond,official_fishery_survey,Colorado Parks and Wildlife,True,CPW fishery report: Ridgeview Park Pond,"Colorado Parks and Wildlife provides an official fishery survey or report for this water. Open the source for survey dates, species observations, management findings and access information.",,,"https://www.google.com/search?q=""fishing report""+Ridgeview Park Pond+""Arapahoe County""+Colorado"
ff1962d3a9dff4a512f1,,date_unknown,,Park,Rich Creek,official_fishery_survey,Colorado Parks and Wildlife,True,CPW fishery report: Rich Creek,"Colorado Parks and Wildlife provides an official fishery survey or report for this water. Open the source for survey dates, species observations, management findings and access information.",,,"https://www.google.com/search?q=""fishing report""+Rich Creek+""Park County""+Colorado"
6c1b3a1845fd6daabb7b,,date_unknown,,Clear Creek,Reynolds Lake,official_fishery_survey,Colorado Parks and Wildlife,True,CPW fishery report: Reynolds Lake,"Colorado Parks and Wildlife provides an official fishery survey or report for this water. Open the source for survey dates, species observations, management findings and access information.",,,"https://www.google.com/search?q=""fishing report""+Reynolds Lake+""Clear Creek County""+Colorado"
b2cc784333be7afa249f,,date_unknown,,Mesa,Reservoir Park,official_fishery_survey,Colorado Parks and Wildlife,True,CPW fishery report: Reservoir Park,"Colorado Parks and Wildlife provides an official fishery survey or report for this water. Open the source for survey dates, species observations, management findings and access information.",,,"https://www.google.com/search?q=""fishing report""+Reservoir Park+""Mesa County""+Colorado"
2d383b9dbf84d35639cf,,date_unknown,,Delta,Reed Reservoir,official_fishery_survey,Colorado Parks and Wildlife,True,CPW fishery report: Reed Reservoir,"Colorado Parks and Wildlife provides an official fishery survey or report for this water. Open the source for survey dates, species observations, management findings and access information.",,,"https://www.google.com/search?q=""fishing report""+Reed Reservoir+""Delta County""+Colorado"
543c1bebb4faf1a55948,,date_unknown,,Boulder,Red Rock Lake,official_fishery_survey,Colorado Parks and Wildlife,True,CPW fishery report: Red Rock Lake,"Colorado Parks and Wildlife provides an official fishery survey or report for this water. Open the source for survey dates, species observations, management findings and access information.",,,"https://www.google.com/search?q=""fishing report""+Red Rock Lake+""Boulder County""+Colorado"
939cdad4a9e8bc785c89,,date_unknown,,Grand,Red Dirt Reservoir,official_fishery_survey,Colorado Parks and Wildlife,True,CPW fishery report: Red Dirt Reservoir,"Colorado Parks and Wildlife provides an official fishery survey or report for this water. Open the source for survey dates, species observations, management findings and access information.",,,"https://www.google.com/search?q=""fishing report""+Red Dirt Reservoir+""Grand County""+Colorado"
630719567b3e366abcfc,,date_unknown,,Jackson,Ranger Lakes,official_fishery_survey,Colorado Parks and Wildlife,True,CPW fishery report: Ranger Lakes,"Colorado Parks and Wildlife provides an official fishery survey or report for this water. Open the source for survey dates, species observations, management findings and access information.",,,"https://www.google.com/search?q=""fishing report""+Ranger Lake, Upper+""Jackson County""+Colorado"
bdc754ed5323c0deafe4,,date_unknown,,Rio Blanco,Rangely Fishing Pond,official_fishery_survey,Colorado Parks and Wildlife,True,CPW fishery report: Rangely Fishing Pond,"Colorado Parks and Wildlife provides an official fishery survey or report for this water. Open the source for survey dates, species observations, management findings and access information.",,,"https://www.google.com/search?q=""fishing report""+Rangely Fishing Pond+""Rio Blanco County""+Colorado"
44561eb7cd454efb65ab,,date_unknown,,Jefferson,"Ranch Pond, Upper",official_fishery_survey,Colorado Parks and Wildlife,True,"CPW fishery report: Ranch Pond, Upper","Colorado Parks and Wildlife provides an official fishery survey or report for this water. Open the source for survey dates, species observations, management findings and access information.",,,"https://www.google.com/search?q=""fishing report""+Ranch Pond, Upper+""Jefferson County""+Colorado"
291123b07392130900e0,,date_unknown,,Jefferson,"Ranch Pond, Lower",official_fishery_survey,Colorado Parks and Wildlife,True,"CPW fishery report: Ranch Pond, Lower","Colorado Parks and Wildlife provides an official fishery survey or report for this water. Open the source for survey dates, species observations, management findings and access information.",,,"https://www.google.com/search?q=""fishing report""+Ranch Pond, Lower+""Jefferson County""+Colorado"
4a387255f9a57e0fec7b,,date_unknown,,El Paso,Rampart Reservoir,official_fishery_survey,Colorado Parks and Wildlife,True,CPW fishery report: Rampart Reservoir,"Colorado Parks and Wildlife provides an official fishery survey or report for this water. Open the source for survey dates, species observations, management findings and access information.",,,"https://www.google.com/search?q=""fishing report""+Rampart Reservoir+""El Paso County""+Colorado"
49278edc8e15cf7d178b,,date_unknown,,Gilpin,Ralston Creek,official_fishery_survey,Colorado Parks and Wildlife,True,CPW fishery report: Ralston Creek,"Colorado Parks and Wildlife provides an official fishery survey or report for this water. Open the source for survey dates, species observations, management findings and access information.",,,"https://www.google.com/search?q=""fishing report""+Ralston Creek+""Gilpin County""+Colorado"
a719ad56974ce6bce011,,date_unknown,,Boulder,Ralph Price Reservoir,official_fishery_survey,Colorado Parks and Wildlife,True,CPW fishery report: Ralph Price Reservoir,"Colorado Parks and Wildlife provides an official fishery survey or report for this water. Open the source for survey dates, species observations, management findings and access information.",,,"https://www.google.com/search?q=""fishing report""+Button Rock Reservoir+""Boulder County""+Colorado"
cabfc31be0e9df20fe66,,date_unknown,,Montrose,Rainbow Reservoir,official_fishery_survey,Colorado Parks and Wildlife,True,CPW fishery report: Rainbow Reservoir,"Colorado Parks and Wildlife provides an official fishery survey or report for this water. Open the source for survey dates, species observations, management findings and access information.",,,"https://www.google.com/search?q=""fishing report""+Rainbow Reservoir+""Montrose County""+Colorado"
7f575b773a5fab858b24,,date_unknown,,Boulder,Rainbow Lakes,official_fishery_survey,Colorado Parks and Wildlife,True,CPW fishery report: Rainbow Lakes,"Colorado Parks and Wildlife provides an official fishery survey or report for this water. Open the source for survey dates, species observations, management findings and access information.",,,"https://www.google.com/search?q=""fishing report""+Rainbow Lake #2+""Boulder County""+Colorado"
ea46173886d9e43f22c3,,date_unknown,,Custer,Rainbow Lake,official_fishery_survey,Colorado Parks and Wildlife,True,CPW fishery report: Rainbow Lake,"Colorado Parks and Wildlife provides an official fishery survey or report for this water. Open the source for survey dates, species observations, management findings and access information.",,,"https://www.google.com/search?q=""fishing report""+Rainbow Lake+""Custer County""+Colorado"
947ca3f6d4c14ab41be3,,date_unknown,,Arapahoe,Quincy Reservoir,official_fishery_survey,Colorado Parks and Wildlife,True,CPW fishery report: Quincy Reservoir,"Colorado Parks and Wildlife provides an official fishery survey or report for this water. Open the source for survey dates, species observations, management findings and access information.",,,"https://www.google.com/search?q=""fishing report""+Quincy Reservoir+""Arapahoe County""+Colorado"
b5ee04cb0cd1f378610d,,date_unknown,,Gunnison,Quartz Creek,official_fishery_survey,Colorado Parks and Wildlife,True,CPW fishery report: Quartz Creek,"Colorado Parks and Wildlife provides an official fishery survey or report for this water. Open the source for survey dates, species observations, management findings and access information.",,,"https://www.google.com/search?q=""fishing report""+Quartz Creek+""Gunnison County""+Colorado"
03b922cb048954a539ec,,date_unknown,,Montezuma,Puett Reservoir,official_fishery_survey,Colorado Parks and Wildlife,True,CPW fishery report: Puett Reservoir,"Colorado Parks and Wildlife provides an official fishery survey or report for this water. Open the source for survey dates, species observations, management findings and access information.",,,"https://www.google.com/search?q=""fishing report""+Puett Reservoir+""Montezuma County""+Colorado"
0b8eaf9fa9ac1af56eb4,,date_unknown,,Pueblo,Pueblo West Pond,official_fishery_survey,Colorado Parks and Wildlife,True,CPW fishery report: Pueblo West Pond,"Colorado Parks and Wildlife provides an official fishery survey or report for this water. Open the source for survey dates, species observations, management findings and access information.",,,"https://www.google.com/search?q=""fishing report""+Pueblo West Pond+""Pueblo County""+Colorado"
68f766b4011be8df1c4b,,date_unknown,,Pueblo,Pueblo Reservoir,official_fishery_survey,Colorado Parks and Wildlife,True,CPW fishery report: Pueblo Reservoir,"Colorado Parks and Wildlife provides an official fishery survey or report for this water. Open the source for survey dates, species observations, management findings and access information.",,,"https://www.google.com/search?q=""fishing report""+Pueblo Reservoir+""Pueblo County""+Colorado"
1abdd8e5c980518cd62b,,date_unknown,,Pueblo,Pueblo City Park Lake,official_fishery_survey,Colorado Parks and Wildlife,True,CPW fishery report: Pueblo City Park Lake,"Colorado Parks and Wildlife provides an official fishery survey or report for this water. Open the source for survey dates, species observations, management findings and access information.",,,"https://www.google.com/search?q=""fishing report""+Pueblo City Park Lake - Lake Joy+""Pueblo County""+Colorado"
7b146bbb0051266c83f4,,date_unknown,,Adams,Public Works Lake,official_fishery_survey,Colorado Parks and Wildlife,True,CPW fishery report: Public Works Lake,"Colorado Parks and Wildlife provides an official fishery survey or report for this water. Open the source for survey dates, species observations, management findings and access information.",,,"https://www.google.com/search?q=""fishing report""+Public Works Lake+""Adams County""+Colorado"
a33506b06d15813be517,,date_unknown,,Chaffee,Ptarmigan Lake,official_fishery_survey,Colorado Parks and Wildlife,True,CPW fishery report: Ptarmigan Lake,"Colorado Parks and Wildlife provides an official fishery survey or report for this water. Open the source for survey dates, species observations, management findings and access information.",,,"https://www.google.com/search?q=""fishing report""+Ptarmigan Lake+""Chaffee County""+Colorado"
49f704402c5973c6f970,,date_unknown,,Jefferson,Prospect Park Lakes,official_fishery_survey,Colorado Parks and Wildlife,True,CPW fishery report: Prospect Park Lakes,"Colorado Parks and Wildlife provides an official fishery survey or report for this water. Open the source for survey dates, species observations, management findings and access information.",,,"https://www.google.com/search?q=""fishing report""+Tabor Lake+""Jefferson County""+Colorado"
80fe458d58b8b8db3c25,,date_unknown,,El Paso,Prospect Lake,official_fishery_survey,Colorado Parks and Wildlife,True,CPW fishery report: Prospect Lake,"Colorado Parks and Wildlife provides an official fishery survey or report for this water. Open the source for survey dates, species observations, management findings and access information.",,,"https://www.google.com/search?q=""fishing report""+Prospect Lake+""El Paso County""+Colorado"
011c1a779b7bebfcdf73,,date_unknown,,Arapahoe,Progress Park Pond,official_fishery_survey,Colorado Parks and Wildlife,True,CPW fishery report: Progress Park Pond,"Colorado Parks and Wildlife provides an official fishery survey or report for this water. Open the source for survey dates, species observations, management findings and access information.",,,"https://www.google.com/search?q=""fishing report""+Progress Park Pond+""Arapahoe County""+Colorado"
f8df92e865c7085e57f8,,date_unknown,,Washington,Prewitt Reservoir,official_fishery_survey,Colorado Parks and Wildlife,True,CPW fishery report: Prewitt Reservoir,"Colorado Parks and Wildlife provides an official fishery survey or report for this water. Open the source for survey dates, species observations, management findings and access information.",,,"https://www.google.com/search?q=""fishing report""+Prewitt Reservoir+""Washington County""+Colorado"
f2208225ef68200ac9e8,,date_unknown,,Larimer,"Poudre River, North Fork #3",official_fishery_survey,Colorado Parks and Wildlife,True,"CPW fishery report: Poudre River, North Fork #3","Colorado Parks and Wildlife provides an official fishery survey or report for this water. Open the source for survey dates, species observations, management findings and access information.",,,"http://www.google.com/search?q=""fishing report""+Poudre River, North Fork+""Larimer County""+Colorado"
21bc2ab48162f0a2cb4f,,date_unknown,,Weld,Poudre Ponds,official_fishery_survey,Colorado Parks and Wildlife,True,CPW fishery report: Poudre Ponds,"Colorado Parks and Wildlife provides an official fishery survey or report for this water. Open the source for survey dates, species observations, management findings and access information.",,,"https://www.google.com/search?q=""fishing report""+Poudre Ponds+""Weld County""+Colorado"
bbac55e14d5f280fa492,,date_unknown,,Gunnison,Pothole Lake #2 (upper),official_fishery_survey,Colorado Parks and Wildlife,True,CPW fishery report: Pothole Lake #2 (upper),"Colorado Parks and Wildlife provides an official fishery survey or report for this water. Open the source for survey dates, species observations, management findings and access information.",,,"https://www.google.com/search?q=""fishing report""+Pothole Lake #2 (upper)+""Gunnison County""+Colorado"
97f4fd4bb31031722ca4,,date_unknown,,Gunnison,Pothole Lake #1 (lower),official_fishery_survey,Colorado Parks and Wildlife,True,CPW fishery report: Pothole Lake #1 (lower),"Colorado Parks and Wildlife provides an official fishery survey or report for this water. Open the source for survey dates, species observations, management findings and access information.",,,"https://www.google.com/search?q=""fishing report""+Pothole Lake #1 (lower)+""Gunnison County""+Colorado"
1de52ffa12d10d47a95e,,date_unknown,,Larimer,Portner Reservoir,official_fishery_survey,Colorado Parks and Wildlife,True,CPW fishery report: Portner Reservoir,"Colorado Parks and Wildlife provides an official fishery survey or report for this water. Open the source for survey dates, species observations, management findings and access information.",,,"https://www.google.com/search?q=""fishing report""+Portner Reservoir+""Larimer County""+Colorado"
72f0824e1a4c5917780c,,date_unknown,,Delta,Porter Reservoir Number 4,official_fishery_survey,Colorado Parks and Wildlife,True,CPW fishery report: Porter Reservoir Number 4,"Colorado Parks and Wildlife provides an official fishery survey or report for this water. Open the source for survey dates, species observations, management findings and access information.",,,"https://www.google.com/search?q=""fishing report""+Porter Reservoir Number 4+""Delta County""+Colorado"
4e7c80b6dce5bb7f4b6c,,date_unknown,,Delta,Porter Reservoir Number 1,official_fishery_survey,Colorado Parks and Wildlife,True,CPW fishery report: Porter Reservoir Number 1,"Colorado Parks and Wildlife provides an official fishery survey or report for this water. Open the source for survey dates, species observations, management findings and access information.",,,"https://www.google.com/search?q=""fishing report""+Porter Reservoir Number 1+""Delta County""+Colorado"
f97c123c7b97894315f3,,date_unknown,,Routt,Porcupine Lake,official_fishery_survey,Colorado Parks and Wildlife,True,CPW fishery report: Porcupine Lake,"Colorado Parks and Wildlife provides an official fishery survey or report for this water. Open the source for survey dates, species observations, management findings and access information.",,,"https://www.google.com/search?q=""fishing report""+Porcupine Lake+""Routt County""+Colorado"
06a9252bfa4ad8e084c2,,date_unknown,,Jackson,Porcupine Creek,official_fishery_survey,Colorado Parks and Wildlife,True,CPW fishery report: Porcupine Creek,"Colorado Parks and Wildlife provides an official fishery survey or report for this water. Open the source for survey dates, species observations, management findings and access information.",,,"https://www.google.com/search?q=""fishing report""+Porcupine Creek+""Jackson County""+Colorado"
0e64c76642a761be630a,,date_unknown,,Jefferson,Pomona Lake,official_fishery_survey,Colorado Parks and Wildlife,True,CPW fishery report: Pomona Lake,"Colorado Parks and Wildlife provides an official fishery survey or report for this water. Open the source for survey dates, species observations, management findings and access information.",,,"https://www.google.com/search?q=""fishing report""+Pomona Lake+""Jefferson County""+Colorado"
88261375154ea397bb58,,date_unknown,,Chaffee,"Pomeroy Lake, Upper",official_fishery_survey,Colorado Parks and Wildlife,True,"CPW fishery report: Pomeroy Lake, Upper","Colorado Parks and Wildlife provides an official fishery survey or report for this water. Open the source for survey dates, species observations, management findings and access information.",,,"https://www.google.com/search?q=""fishing report""+Pomeroy Lake, Upper+""Chaffee County""+Colorado"
a6c57ccf299376a786bd,,date_unknown,,Chaffee,"Pomeroy Lake, Lower",official_fishery_survey,Colorado Parks and Wildlife,True,"CPW fishery report: Pomeroy Lake, Lower","Colorado Parks and Wildlife provides an official fishery survey or report for this water. Open the source for survey dates, species observations, management findings and access information.",,,"https://www.google.com/search?q=""fishing report""+Pomeroy Lake, Lower+""Chaffee County""+Colorado"
d73d9d24fb989413a03f,,date_unknown,,Hinsdale,Pole Creek,official_fishery_survey,Colorado Parks and Wildlife,True,CPW fishery report: Pole Creek,"Colorado Parks and Wildlife provides an official fishery survey or report for this water. Open the source for survey dates, species observations, management findings and access information.",,,"https://www.google.com/search?q=""fishing report""+Pole Creek+""Hinsdale County""+Colorado"
6a450db8d57d73b73273,,date_unknown,,Rio Grande,Poage Lake,official_fishery_survey,Colorado Parks and Wildlife,True,CPW fishery report: Poage Lake,"Colorado Parks and Wildlife provides an official fishery survey or report for this water. Open the source for survey dates, species observations, management findings and access information.",,,"https://www.google.com/search?q=""fishing report""+Poage Lake+""Rio Grande County""+Colorado"
72a6e81cf8a01c69db54,,date_unknown,,Conejos,Platoro Reservoir,official_fishery_survey,Colorado Parks and Wildlife,True,CPW fishery report: Platoro Reservoir,"Colorado Parks and Wildlife provides an official fishery survey or report for this water. Open the source for survey dates, species observations, management findings and access information.",,,"https://www.google.com/search?q=""fishing report""+Platoro Reservoir+""Conejos County""+Colorado"
3cb0616ba734b33e0586,,date_unknown,,Mesa,Plateau Creek,official_fishery_survey,Colorado Parks and Wildlife,True,CPW fishery report: Plateau Creek,"Colorado Parks and Wildlife provides an official fishery survey or report for this water. Open the source for survey dates, species observations, management findings and access information.",,,"https://www.google.com/search?q=""fishing report""+Plateau Creek+""Mesa County""+Colorado"
7d2b8e77ec6640784009,,date_unknown,,Gunnison,Pitkin Kids Pond,official_fishery_survey,Colorado Parks and Wildlife,True,CPW fishery report: Pitkin Kids Pond,"Colorado Parks and Wildlife provides an official fishery survey or report for this water. Open the source for survey dates, species observations, management findings and access information.",,,"https://www.google.com/search?q=""fishing report""+Pitkin Kids Pond+""Gunnison County""+Colorado"
72468d43e59b9af4aee8,,date_unknown,,Delta,Pitcairn Reservoir,official_fishery_survey,Colorado Parks and Wildlife,True,CPW fishery report: Pitcairn Reservoir,"Colorado Parks and Wildlife provides an official fishery survey or report for this water. Open the source for survey dates, species observations, management findings and access information.",,,"https://www.google.com/search?q=""fishing report""+Pitcairn Reservoir+""Delta County""+Colorado"
2a4077f8cb77dbe7c709,,date_unknown,,Boulder,Pit D,official_fishery_survey,Colorado Parks and Wildlife,True,CPW fishery report: Pit D,"Colorado Parks and Wildlife provides an official fishery survey or report for this water. Open the source for survey dates, species observations, management findings and access information.",,,"https://www.google.com/search?q=""fishing report""+Pit D+""Boulder County""+Colorado"
10259c49190e7f1150e8,,date_unknown,,Yuma,Pioneer Lake,official_fishery_survey,Colorado Parks and Wildlife,True,CPW fishery report: Pioneer Lake,"Colorado Parks and Wildlife provides an official fishery survey or report for this water. Open the source for survey dates, species observations, management findings and access information.",,,"https://www.google.com/search?q=""fishing report""+Pioneer Lake+""Yuma County""+Colorado"
47408717310bf700313e,,date_unknown,,Eagle,Piney River,official_fishery_survey,Colorado Parks and Wildlife,True,CPW fishery report: Piney River,"Colorado Parks and Wildlife provides an official fishery survey or report for this water. Open the source for survey dates, species observations, management findings and access information.",,,"https://www.google.com/search?q=""fishing report""+Piney River+""Eagle County""+Colorado"
907681faf73c12513f2d,,date_unknown,,Eagle,Piney Lake,official_fishery_survey,Colorado Parks and Wildlife,True,CPW fishery report: Piney Lake,"Colorado Parks and Wildlife provides an official fishery survey or report for this water. Open the source for survey dates, species observations, management findings and access information.",,,"https://www.google.com/search?q=""fishing report""+Piney Lake+""Eagle County""+Colorado"
09c04d271ff6d1ddd056,,date_unknown,,Larimer,Pinewood Reservoir,official_fishery_survey,Colorado Parks and Wildlife,True,CPW fishery report: Pinewood Reservoir,"Colorado Parks and Wildlife provides an official fishery survey or report for this water. Open the source for survey dates, species observations, management findings and access information.",,,"https://www.google.com/search?q=""fishing report""+Pinewood Reservoir+""Larimer County""+Colorado"
2e92e02cbd1580e7fab0,,date_unknown,,Jefferson,Pine Valley Ranch Lake,official_fishery_survey,Colorado Parks and Wildlife,True,CPW fishery report: Pine Valley Ranch Lake,"Colorado Parks and Wildlife provides an official fishery survey or report for this water. Open the source for survey dates, species observations, management findings and access information.",,,"https://www.google.com/search?q=""fishing report""+Pine Valley Ranch Lake+""Jefferson County""+Colorado"
717cfe75f2f22d67d61e,,date_unknown,,Chaffee,Pine Creek,official_fishery_survey,Colorado Parks and Wildlife,True,CPW fishery report: Pine Creek,"Colorado Parks and Wildlife provides an official fishery survey or report for this water. Open the source for survey dates, species observations, management findings and access information.",,,"https://www.google.com/search?q=""fishing report""+Pine Creek+""Chaffee County""+Colorado"
e7c255865a18bd790f1d,,date_unknown,,Douglas,Pine Creek,official_fishery_survey,Colorado Parks and Wildlife,True,CPW fishery report: Pine Creek,"Colorado Parks and Wildlife provides an official fishery survey or report for this water. Open the source for survey dates, species observations, management findings and access information.",,,"https://www.google.com/search?q=""fishing report""+Pine Creek+""Douglas County""+Colorado"
de6b403c283a6e53abcf,,date_unknown,,El Paso,Pike View Reservoir,official_fishery_survey,Colorado Parks and Wildlife,True,CPW fishery report: Pike View Reservoir,"Colorado Parks and Wildlife provides an official fishery survey or report for this water. Open the source for survey dates, species observations, management findings and access information.",,,"https://www.google.com/search?q=""fishing report""+Pikeview Reservoir+""El Paso County""+Colorado"
d9e6725ea4d4c00e8504,,date_unknown,,Hinsdale,"Piedra River, Middle Fork",official_fishery_survey,Colorado Parks and Wildlife,True,"CPW fishery report: Piedra River, Middle Fork","Colorado Parks and Wildlife provides an official fishery survey or report for this water. Open the source for survey dates, species observations, management findings and access information.",,,"https://www.google.com/search?q=""fishing report""+Piedra River, Middle Fork+""Hinsdale County""+Colorado"
d0cc826bff4bf9c17812,,date_unknown,,Archuleta,"Piedra River, First Fork",official_fishery_survey,Colorado Parks and Wildlife,True,"CPW fishery report: Piedra River, First Fork","Colorado Parks and Wildlife provides an official fishery survey or report for this water. Open the source for survey dates, species observations, management findings and access information.",,,"https://www.google.com/search?q=""fishing report""+Piedra River, First Fork+""Archuleta County""+Colorado"
13562a97bae5e964c9e9,,date_unknown,,Ouray,Pericles Pond,official_fishery_survey,Colorado Parks and Wildlife,True,CPW fishery report: Pericles Pond,"Colorado Parks and Wildlife provides an official fishery survey or report for this water. Open the source for survey dates, species observations, management findings and access information.",,,"https://www.google.com/search?q=""fishing report""+Pericles Pond+""Ouray County""+Colorado"
efecd1fe3803048aade1,,date_unknown,,Boulder,Pella Crossing Ponds,official_fishery_survey,Colorado Parks and Wildlife,True,CPW fishery report: Pella Crossing Ponds,"Colorado Parks and Wildlife provides an official fishery survey or report for this water. Open the source for survey dates, species observations, management findings and access information.",,,"https://www.google.com/search?q=""fishing report""+Sunset Lake - Pella Crossing+""Boulder County""+Colorado"
1d5f78d8138dd783c7ab,,date_unknown,,Routt,Pearl Lake,official_fishery_survey,Colorado Parks and Wildlife,True,CPW fishery report: Pearl Lake,"Colorado Parks and Wildlife provides an official fishery survey or report for this water. Open the source for survey dates, species observations, management findings and access information.",,,"https://www.google.com/search?q=""fishing report""+Pearl Lake+""Routt County""+Colorado"
6ccebb8ffb40db04772b,,date_unknown,,Fremont,Pathfinder Park Pond,official_fishery_survey,Colorado Parks and Wildlife,True,CPW fishery report: Pathfinder Park Pond,"Colorado Parks and Wildlife provides an official fishery survey or report for this water. Open the source for survey dates, species observations, management findings and access information.",,,"https://www.google.com/search?q=""fishing report""+Pathfinder Park Pond+""Fremont County""+Colorado"
22e53ce624731fbf8a83,,date_unknown,,La Plata,Pastorius Reservoir,official_fishery_survey,Colorado Parks and Wildlife,True,CPW fishery report: Pastorius Reservoir,"Colorado Parks and Wildlife provides an official fishery survey or report for this water. Open the source for survey dates, species observations, management findings and access information.",,,"https://www.google.com/search?q=""fishing report""+Pastorius Reservoir+""La Plata County""+Colorado"
bcc4ba08f20386c7fa0b,,date_unknown,,Mineral,Pass Creek Pond,official_fishery_survey,Colorado Parks and Wildlife,True,CPW fishery report: Pass Creek Pond,"Colorado Parks and Wildlife provides an official fishery survey or report for this water. Open the source for survey dates, species observations, management findings and access information.",,,"https://www.google.com/search?q=""fishing report""+Pass Creek Pond+""Mineral County""+Colorado"
6b059df325b4c6c31668,,date_unknown,,Mineral,Pass Creek,official_fishery_survey,Colorado Parks and Wildlife,True,CPW fishery report: Pass Creek,"Colorado Parks and Wildlife provides an official fishery survey or report for this water. Open the source for survey dates, species observations, management findings and access information.",,,"https://www.google.com/search?q=""fishing report""+Pass Creek+""Mineral County""+Colorado"
2a101c4fd392d4a9adc5,,date_unknown,,Larimer,Parvin Lake,official_fishery_survey,Colorado Parks and Wildlife,True,CPW fishery report: Parvin Lake,"Colorado Parks and Wildlife provides an official fishery survey or report for this water. Open the source for survey dates, species observations, management findings and access information.",,,"https://www.google.com/search?q=""fishing report""+Parvin Lake+""Larimer County""+Colorado"
e974c9150648ce8c890f,,date_unknown,,Boulder,Park Lake,official_fishery_survey,Colorado Parks and Wildlife,True,CPW fishery report: Park Lake,"Colorado Parks and Wildlife provides an official fishery survey or report for this water. Open the source for survey dates, species observations, management findings and access information.",,,"https://www.google.com/search?q=""fishing report""+Park Lake+""Boulder County""+Colorado"
73fe257bc248a49de1e8,,date_unknown,,Mesa,Park Creek,official_fishery_survey,Colorado Parks and Wildlife,True,CPW fishery report: Park Creek,"Colorado Parks and Wildlife provides an official fishery survey or report for this water. Open the source for survey dates, species observations, management findings and access information.",,,"https://www.google.com/search?q=""fishing report""+Park Creek+""Mesa County""+Colorado"
5d2058ed0a07fa224da5,,date_unknown,,Garfield,Parachute Pond,official_fishery_survey,Colorado Parks and Wildlife,True,CPW fishery report: Parachute Pond,"Colorado Parks and Wildlife provides an official fishery survey or report for this water. Open the source for survey dates, species observations, management findings and access information.",,,"https://www.google.com/search?q=""fishing report""+Parachute Pond+""Garfield County""+Colorado"
836432e7a9a01bab2a9e,,date_unknown,,Garfield,"Parachute Creek, East Fork",official_fishery_survey,Colorado Parks and Wildlife,True,"CPW fishery report: Parachute Creek, East Fork","Colorado Parks and Wildlife provides an official fishery survey or report for this water. Open the source for survey dates, species observations, management findings and access information.",,,"https://www.google.com/search?q=""fishing report""+Parachute Creek, East Fork+""Garfield County""+Colorado"
d1decf428b5e9db5ab9e,,date_unknown,,Gunnison,Paonia Reservoir,official_fishery_survey,Colorado Parks and Wildlife,True,CPW fishery report: Paonia Reservoir,"Colorado Parks and Wildlife provides an official fishery survey or report for this water. Open the source for survey dates, species observations, management findings and access information.",,,"https://www.google.com/search?q=""fishing report""+Paonia Reservoir+""Gunnison County""+Colorado"
ce0c5bea529aa1b39004,,date_unknown,,El Paso,Palmer Lake,official_fishery_survey,Colorado Parks and Wildlife,True,CPW fishery report: Palmer Lake,"Colorado Parks and Wildlife provides an official fishery survey or report for this water. Open the source for survey dates, species observations, management findings and access information.",,,"https://www.google.com/search?q=""fishing report""+Palmer Lake+""El Paso County""+Colorado"
a339b3cf32ccdae2643d,,date_unknown,,Mesa,Palisade Riverbend Park Pond,official_fishery_survey,Colorado Parks and Wildlife,True,CPW fishery report: Palisade Riverbend Park Pond,"Colorado Parks and Wildlife provides an official fishery survey or report for this water. Open the source for survey dates, species observations, management findings and access information.",,,"https://www.google.com/search?q=""fishing report""+Palisade Riverbend Park Pond+""Mesa County""+Colorado"
74f3a9838dd72b58548f,,date_unknown,,Gunnison,Pac-Man Lake,official_fishery_survey,Colorado Parks and Wildlife,True,CPW fishery report: Pac-Man Lake,"Colorado Parks and Wildlife provides an official fishery survey or report for this water. Open the source for survey dates, species observations, management findings and access information.",,,"https://www.google.com/search?q=""fishing report""+Pac-Man Lake+""Gunnison County""+Colorado"
fd32f7c0295ac8b34173,,date_unknown,,Logan,Overland Trail Park Pond,official_fishery_survey,Colorado Parks and Wildlife,True,CPW fishery report: Overland Trail Park Pond,"Colorado Parks and Wildlife provides an official fishery survey or report for this water. Open the source for survey dates, species observations, management findings and access information.",,,"https://www.google.com/search?q=""fishing report""+Overland Trail Park Pond+""Logan County""+Colorado"
cc3ab0e43597a4b45f8f,,date_unknown,,Delta,Overland Reservoir,official_fishery_survey,Colorado Parks and Wildlife,True,CPW fishery report: Overland Reservoir,"Colorado Parks and Wildlife provides an official fishery survey or report for this water. Open the source for survey dates, species observations, management findings and access information.",,,"https://www.google.com/search?q=""fishing report""+Overland Reservoir+""Delta County""+Colorado"
8e34c1e7776162e67d33,,date_unknown,,Denver,Overland Park Pond,official_fishery_survey,Colorado Parks and Wildlife,True,CPW fishery report: Overland Park Pond,"Colorado Parks and Wildlife provides an official fishery survey or report for this water. Open the source for survey dates, species observations, management findings and access information.",,,"https://www.google.com/search?q=""fishing report""+Overland Park Pond+""Denver County""+Colorado"
28058e4c75c841024c38,,date_unknown,,Crowley,Ordway Reservoir,official_fishery_survey,Colorado Parks and Wildlife,True,CPW fishery report: Ordway Reservoir,"Colorado Parks and Wildlife provides an official fishery survey or report for this water. Open the source for survey dates, species observations, management findings and access information.",,,"https://www.google.com/search?q=""fishing report""+Ordway Reservoir+""Crowley County""+Colorado"
0142ae14e61868b2b888,,date_unknown,,Arapahoe,Orchard Hills Park Pond,official_fishery_survey,Colorado Parks and Wildlife,True,CPW fishery report: Orchard Hills Park Pond,"Colorado Parks and Wildlife provides an official fishery survey or report for this water. Open the source for survey dates, species observations, management findings and access information.",,,"https://www.google.com/search?q=""fishing report""+Orchard Hills Park Pond+""Arapahoe County""+Colorado"
9ce8d6e879239b5adcfb,,date_unknown,,Eagle,Old Pond,official_fishery_survey,Colorado Parks and Wildlife,True,CPW fishery report: Old Pond,"Colorado Parks and Wildlife provides an official fishery survey or report for this water. Open the source for survey dates, species observations, management findings and access information.",,,"https://www.google.com/search?q=""fishing report""+Old Pond+""Eagle County""+Colorado"
98a60f495e066b0f76a2,,date_unknown,,Mesa,Old Orchard,official_fishery_survey,Colorado Parks and Wildlife,True,CPW fishery report: Old Orchard,"Colorado Parks and Wildlife provides an official fishery survey or report for this water. Open the source for survey dates, species observations, management findings and access information.",,,"https://www.google.com/search?q=""fishing report""+Old Orchard+""Mesa County""+Colorado"
92853b8344da70000898,,date_unknown,,Montrose,Olathe Kids Pond,official_fishery_survey,Colorado Parks and Wildlife,True,CPW fishery report: Olathe Kids Pond,"Colorado Parks and Wildlife provides an official fishery survey or report for this water. Open the source for survey dates, species observations, management findings and access information.",,,"https://www.google.com/search?q=""fishing report""+Olathe Kids Pond+""Montrose County""+Colorado"
3a2fa045601538e9bc11,,date_unknown,,Gunnison,Ohio Creek,official_fishery_survey,Colorado Parks and Wildlife,True,CPW fishery report: Ohio Creek,"Colorado Parks and Wildlife provides an official fishery survey or report for this water. Open the source for survey dates, species observations, management findings and access information.",,,"https://www.google.com/search?q=""fishing report""+Ohio Creek+""Gunnison County""+Colorado"
b8fcb0bdfdcaf8d6fd58,,date_unknown,,Summit,Officers Gulch Pond,official_fishery_survey,Colorado Parks and Wildlife,True,CPW fishery report: Officers Gulch Pond,"Colorado Parks and Wildlife provides an official fishery survey or report for this water. Open the source for survey dates, species observations, management findings and access information.",,,"https://www.google.com/search?q=""fishing report""+Officers Gulch Pond+""Summit County""+Colorado"
6603f99efa85e97a868d,,date_unknown,,Chaffee,O'Haver Lake,official_fishery_survey,Colorado Parks and Wildlife,True,CPW fishery report: O'Haver Lake,"Colorado Parks and Wildlife provides an official fishery survey or report for this water. Open the source for survey dates, species observations, management findings and access information.",,,"https://www.google.com/search?q=""fishing report""+O'Haver Lake+""Chaffee County""+Colorado"
de513cf6d4d9dff995ba,,date_unknown,,Eagle,Nottingham Lake,official_fishery_survey,Colorado Parks and Wildlife,True,CPW fishery report: Nottingham Lake,"Colorado Parks and Wildlife provides an official fishery survey or report for this water. Open the source for survey dates, species observations, management findings and access information.",,,"https://www.google.com/search?q=""fishing report""+Nottingham Lake+""Eagle County""+Colorado"
fc73ae1dbd8767f17b38,,date_unknown,,Prowers,Northgate Ponds,official_fishery_survey,Colorado Parks and Wildlife,True,CPW fishery report: Northgate Ponds,"Colorado Parks and Wildlife provides an official fishery survey or report for this water. Open the source for survey dates, species observations, management findings and access information.",,,"https://www.google.com/search?q=""fishing report""+Northgate Pond #1+""Prowers County""+Colorado"
1302e4eb80ad22ae0d2e,,date_unknown,,Logan,North Sterling Reservoir,official_fishery_survey,Colorado Parks and Wildlife,True,CPW fishery report: North Sterling Reservoir,"Colorado Parks and Wildlife provides an official fishery survey or report for this water. Open the source for survey dates, species observations, management findings and access information.",,,"https://www.google.com/search?q=""fishing report""+North Sterling Reservoir+""Logan County""+Colorado"
48032344c7da3d4dc0d6,,date_unknown,,Jackson,"North Platte River, North Fork",official_fishery_survey,Colorado Parks and Wildlife,True,"CPW fishery report: North Platte River, North Fork","Colorado Parks and Wildlife provides an official fishery survey or report for this water. Open the source for survey dates, species observations, management findings and access information.",,,"https://www.google.com/search?q=""fishing report""+North Platte River, North Fork+""Jackson County""+Colorado"
a34ebd3555602dacbddf,,date_unknown,,Jackson,North Platte River,official_fishery_survey,Colorado Parks and Wildlife,True,CPW fishery report: North Platte River,"Colorado Parks and Wildlife provides an official fishery survey or report for this water. Open the source for survey dates, species observations, management findings and access information.",,,"https://www.google.com/search?q=""fishing report""+North Platte River+""Jackson County""+Colorado"
3b038ab0684d2e313ce4,,date_unknown,,Jackson,North Michigan Reservoir,official_fishery_survey,Colorado Parks and Wildlife,True,CPW fishery report: North Michigan Reservoir,"Colorado Parks and Wildlife provides an official fishery survey or report for this water. Open the source for survey dates, species observations, management findings and access information.",,,"https://www.google.com/search?q=""fishing report""+North Michigan Reservoir+""Jackson County""+Colorado"
f16b8fe942fee12c148e,,date_unknown,,Larimer,North Lake Park Pond,official_fishery_survey,Colorado Parks and Wildlife,True,CPW fishery report: North Lake Park Pond,"Colorado Parks and Wildlife provides an official fishery survey or report for this water. Open the source for survey dates, species observations, management findings and access information.",,,"https://www.google.com/search?q=""fishing report""+North Lake Park Pond+""Larimer County""+Colorado"
70c541366ad4db673810,,date_unknown,,Las Animas,North Lake,official_fishery_survey,Colorado Parks and Wildlife,True,CPW fishery report: North Lake,"Colorado Parks and Wildlife provides an official fishery survey or report for this water. Open the source for survey dates, species observations, management findings and access information.",,,"https://www.google.com/search?q=""fishing report""+North Lake+""Las Animas County""+Colorado"
fa5db8e17a51aff86474,,date_unknown,,Grand,North Inlet,official_fishery_survey,Colorado Parks and Wildlife,True,CPW fishery report: North Inlet,"Colorado Parks and Wildlife provides an official fishery survey or report for this water. Open the source for survey dates, species observations, management findings and access information.",,,"https://www.google.com/search?q=""fishing report""+North Inlet+""Grand County""+Colorado"
334be91d035a7426ab0b,,date_unknown,,Chaffee,North Fork Reservoir,official_fishery_survey,Colorado Parks and Wildlife,True,CPW fishery report: North Fork Reservoir,"Colorado Parks and Wildlife provides an official fishery survey or report for this water. Open the source for survey dates, species observations, management findings and access information.",,,"https://www.google.com/search?q=""fishing report""+North Fork Reservoir+""Chaffee County""+Colorado"
fb89905f0fd17e3fbfce,,date_unknown,,Custer,North Colony Lakes,official_fishery_survey,Colorado Parks and Wildlife,True,CPW fishery report: North Colony Lakes,"Colorado Parks and Wildlife provides an official fishery survey or report for this water. Open the source for survey dates, species observations, management findings and access information.",,,"https://www.google.com/search?q=""fishing report""+North Colony Lake #3+""Custer County""+Colorado"
b5570659386b8d6ddc4c,,date_unknown,,Routt,Nofstger Reservoir,official_fishery_survey,Colorado Parks and Wildlife,True,CPW fishery report: Nofstger Reservoir,"Colorado Parks and Wildlife provides an official fishery survey or report for this water. Open the source for survey dates, species observations, management findings and access information.",,,"https://www.google.com/search?q=""fishing report""+Nofstger Reservoir+""Routt County""+Colorado"
62296ac5ec0113a03ba8,,date_unknown,,Garfield,No Name Creek,official_fishery_survey,Colorado Parks and Wildlife,True,CPW fishery report: No Name Creek,"Colorado Parks and Wildlife provides an official fishery survey or report for this water. Open the source for survey dates, species observations, management findings and access information.",,,"https://www.google.com/search?q=""fishing report""+No Name Creek+""Garfield County""+Colorado"
6fa3f572230f7c8879f6,,date_unknown,,Jackson,Newcomb Creek,official_fishery_survey,Colorado Parks and Wildlife,True,CPW fishery report: Newcomb Creek,"Colorado Parks and Wildlife provides an official fishery survey or report for this water. Open the source for survey dates, species observations, management findings and access information.",,,"https://www.google.com/search?q=""fishing report""+Newcomb Creek+""Jackson County""+Colorado"
a24ea2dc47e9a7c6a72a,,date_unknown,,Mesa,Neversweat Reservoir,official_fishery_survey,Colorado Parks and Wildlife,True,CPW fishery report: Neversweat Reservoir,"Colorado Parks and Wildlife provides an official fishery survey or report for this water. Open the source for survey dates, species observations, management findings and access information.",,,"https://www.google.com/search?q=""fishing report""+Neversweat Reservoir+""Mesa County""+Colorado"
5d36777676b668ef2f3a,,date_unknown,,Boulder,"Neva Lake, Upper",official_fishery_survey,Colorado Parks and Wildlife,True,"CPW fishery report: Neva Lake, Upper","Colorado Parks and Wildlife provides an official fishery survey or report for this water. Open the source for survey dates, species observations, management findings and access information.",,,"https://www.google.com/search?q=""fishing report""+Neva Lake, Upper+""Boulder County""+Colorado"
6c79d3664214087b048d,,date_unknown,,Boulder,"Neva Lake, Lower",official_fishery_survey,Colorado Parks and Wildlife,True,"CPW fishery report: Neva Lake, Lower","Colorado Parks and Wildlife provides an official fishery survey or report for this water. Open the source for survey dates, species observations, management findings and access information.",,,"https://www.google.com/search?q=""fishing report""+Neva Lake, Lower+""Boulder County""+Colorado"
5ac32587bc2dab31d8ed,,date_unknown,,Kiowa,Neeskah Reservoir,official_fishery_survey,Colorado Parks and Wildlife,True,CPW fishery report: Neeskah Reservoir,"Colorado Parks and Wildlife provides an official fishery survey or report for this water. Open the source for survey dates, species observations, management findings and access information.",,,"https://www.google.com/search?q=""fishing report""+Neeskah Reservoir+""Kiowa County""+Colorado"
d8efefb7d562b5d7a66a,,date_unknown,,Saguache,Needle Creek Reservoir,official_fishery_survey,Colorado Parks and Wildlife,True,CPW fishery report: Needle Creek Reservoir,"Colorado Parks and Wildlife provides an official fishery survey or report for this water. Open the source for survey dates, species observations, management findings and access information.",,,"https://www.google.com/search?q=""fishing report""+Needle Creek Reservoir+""Saguache County""+Colorado"
b899f8c81e6090f67ad2,,date_unknown,,Kiowa,Nee Noshe Reservoir,official_fishery_survey,Colorado Parks and Wildlife,True,CPW fishery report: Nee Noshe Reservoir,"Colorado Parks and Wildlife provides an official fishery survey or report for this water. Open the source for survey dates, species observations, management findings and access information.",,,"https://www.google.com/search?q=""fishing report""+Nee Noshe Reservoir+""Kiowa County""+Colorado"
249a6c607f70b54b62b5,,date_unknown,,Kiowa,Nee Gronde Reservoir,official_fishery_survey,Colorado Parks and Wildlife,True,CPW fishery report: Nee Gronde Reservoir,"Colorado Parks and Wildlife provides an official fishery survey or report for this water. Open the source for survey dates, species observations, management findings and access information.",,,"https://www.google.com/search?q=""fishing report""+Nee Gronde Reservoir+""Kiowa County""+Colorado"
d201d844f5d63e5eff8a,,date_unknown,,Archuleta,Navajo Reservoir,official_fishery_survey,Colorado Parks and Wildlife,True,CPW fishery report: Navajo Reservoir,"Colorado Parks and Wildlife provides an official fishery survey or report for this water. Open the source for survey dates, species observations, management findings and access information.",,,"https://www.google.com/search?q=""fishing report""+Navajo Reservoir+""Archuleta County""+Colorado"
cde116dfb6606203b81a,,date_unknown,,Dolores,Navajo Lake,official_fishery_survey,Colorado Parks and Wildlife,True,CPW fishery report: Navajo Lake,"Colorado Parks and Wildlife provides an official fishery survey or report for this water. Open the source for survey dates, species observations, management findings and access information.",,,"https://www.google.com/search?q=""fishing report""+Navajo Lake+""Dolores County""+Colorado"
76e5194213d3f394f148,,date_unknown,,Pitkin,Nast Lake,official_fishery_survey,Colorado Parks and Wildlife,True,CPW fishery report: Nast Lake,"Colorado Parks and Wildlife provides an official fishery survey or report for this water. Open the source for survey dates, species observations, management findings and access information.",,,"https://www.google.com/search?q=""fishing report""+Nast Lake+""Pitkin County""+Colorado"
a227af9f96573735e272,,date_unknown,,Montezuma,Narraguinnep Reservoir,official_fishery_survey,Colorado Parks and Wildlife,True,CPW fishery report: Narraguinnep Reservoir,"Colorado Parks and Wildlife provides an official fishery survey or report for this water. Open the source for survey dates, species observations, management findings and access information.",,,"https://www.google.com/search?q=""fishing report""+Narraguinnep Reservoir+""Montezuma County""+Colorado"
92e1000c278c9414ec18,,date_unknown,,Clear Creek,Murray Lake,official_fishery_survey,Colorado Parks and Wildlife,True,CPW fishery report: Murray Lake,"Colorado Parks and Wildlife provides an official fishery survey or report for this water. Open the source for survey dates, species observations, management findings and access information.",,,"https://www.google.com/search?q=""fishing report""+Murray Lake+""Clear Creek County""+Colorado"
2897692d3033549a0db7,,date_unknown,,Jackson,Muddy Pass Lake,official_fishery_survey,Colorado Parks and Wildlife,True,CPW fishery report: Muddy Pass Lake,"Colorado Parks and Wildlife provides an official fishery survey or report for this water. Open the source for survey dates, species observations, management findings and access information.",,,"https://www.google.com/search?q=""fishing report""+Muddy Pass Lake+""Jackson County""+Colorado"
e3cbdd3913a5ac874d78,,date_unknown,,Lake,Mt. Elbert Forebay,official_fishery_survey,Colorado Parks and Wildlife,True,CPW fishery report: Mt. Elbert Forebay,"Colorado Parks and Wildlife provides an official fishery survey or report for this water. Open the source for survey dates, species observations, management findings and access information.",,,"https://www.google.com/search?q=""fishing report""+Mt. Elbert Forebay+""Lake County""+Colorado"
30a849d51dea697a61c8,,date_unknown,,Costilla,Mountain Home Reservoir,official_fishery_survey,Colorado Parks and Wildlife,True,CPW fishery report: Mountain Home Reservoir,"Colorado Parks and Wildlife provides an official fishery survey or report for this water. Open the source for survey dates, species observations, management findings and access information.",,,"https://www.google.com/search?q=""fishing report""+Mountain Home Reservoir+""Costilla County""+Colorado"
3aaa968ee03e06149a14,,date_unknown,,Saguache,Mosquito Lake,official_fishery_survey,Colorado Parks and Wildlife,True,CPW fishery report: Mosquito Lake,"Colorado Parks and Wildlife provides an official fishery survey or report for this water. Open the source for survey dates, species observations, management findings and access information.",,,"https://www.google.com/search?q=""fishing report""+Mosquito Lake+""Saguache County""+Colorado"
f9889b11cad83b51cce5,,date_unknown,,Mesa,Mosquito Creek,official_fishery_survey,Colorado Parks and Wildlife,True,CPW fishery report: Mosquito Creek,"Colorado Parks and Wildlife provides an official fishery survey or report for this water. Open the source for survey dates, species observations, management findings and access information.",,,"https://www.google.com/search?q=""fishing report""+Mosquito Creek+""Mesa County""+Colorado"
808d09636dfb08bd86df,,date_unknown,,Gunnison,Morrow Point Reservoir,official_fishery_survey,Colorado Parks and Wildlife,True,CPW fishery report: Morrow Point Reservoir,"Colorado Parks and Wildlife provides an official fishery survey or report for this water. Open the source for survey dates, species observations, management findings and access information.",,,"https://www.google.com/search?q=""fishing report""+Morrow Point Reservoir+""Gunnison County""+Colorado"
8fb266d5ad9902183c24,,date_unknown,,Mesa,Monument Reservoir #1,official_fishery_survey,Colorado Parks and Wildlife,True,CPW fishery report: Monument Reservoir #1,"Colorado Parks and Wildlife provides an official fishery survey or report for this water. Open the source for survey dates, species observations, management findings and access information.",,,"https://www.google.com/search?q=""fishing report""+Monument Reservoir #1+""Mesa County""+Colorado"
78cf17389077cc9df2f6,,date_unknown,,Las Animas,Monument Reservoir,official_fishery_survey,Colorado Parks and Wildlife,True,CPW fishery report: Monument Reservoir,"Colorado Parks and Wildlife provides an official fishery survey or report for this water. Open the source for survey dates, species observations, management findings and access information.",,,"https://www.google.com/search?q=""fishing report""+Monument Reservoir+""Las Animas County""+Colorado"
df9540b180a48cb73eee,,date_unknown,,El Paso,Monument Lake,official_fishery_survey,Colorado Parks and Wildlife,True,CPW fishery report: Monument Lake,"Colorado Parks and Wildlife provides an official fishery survey or report for this water. Open the source for survey dates, species observations, management findings and access information.",,,"https://www.google.com/search?q=""fishing report""+Monument Lake+""El Paso County""+Colorado"
9e04b9fd16cdf8492544,,date_unknown,,Mesa,Monument Creek,official_fishery_survey,Colorado Parks and Wildlife,True,CPW fishery report: Monument Creek,"Colorado Parks and Wildlife provides an official fishery survey or report for this water. Open the source for survey dates, species observations, management findings and access information.",,,"https://www.google.com/search?q=""fishing report""+Monument Creek+""Mesa County""+Colorado"
ffc056801ede67c64eec,,date_unknown,,Park,Montgomery Reservoir,official_fishery_survey,Colorado Parks and Wildlife,True,CPW fishery report: Montgomery Reservoir,"Colorado Parks and Wildlife provides an official fishery survey or report for this water. Open the source for survey dates, species observations, management findings and access information.",,,"https://www.google.com/search?q=""fishing report""+Montgomery Reservoir+""Park County""+Colorado"
06e951e500f232bfe0d5,,date_unknown,,Chaffee,Monarch Park Ponds,official_fishery_survey,Colorado Parks and Wildlife,True,CPW fishery report: Monarch Park Ponds,"Colorado Parks and Wildlife provides an official fishery survey or report for this water. Open the source for survey dates, species observations, management findings and access information.",,,"http://www.google.com/search?q=""fishing report""+Monarch Park Ponds+""Chaffee County""+Colorado"
8b44771c1b40c3dca3eb,,date_unknown,,Grand,Monarch Lake,official_fishery_survey,Colorado Parks and Wildlife,True,CPW fishery report: Monarch Lake,"Colorado Parks and Wildlife provides an official fishery survey or report for this water. Open the source for survey dates, species observations, management findings and access information.",,,"https://www.google.com/search?q=""fishing report""+Monarch Lake+""Grand County""+Colorado"
671b9658349cba300b31,,date_unknown,,San Juan,"Molas Lake, Big",official_fishery_survey,Colorado Parks and Wildlife,True,"CPW fishery report: Molas Lake, Big","Colorado Parks and Wildlife provides an official fishery survey or report for this water. Open the source for survey dates, species observations, management findings and access information.",,,"https://www.google.com/search?q=""fishing report""+Molas Lake, Big+""San Juan County""+Colorado"
74305b859dfc3d948efd,,date_unknown,,Mesa,Mogensen Ponds,official_fishery_survey,Colorado Parks and Wildlife,True,CPW fishery report: Mogensen Ponds,"Colorado Parks and Wildlife provides an official fishery survey or report for this water. Open the source for survey dates, species observations, management findings and access information.",,,"https://www.google.com/search?q=""fishing report""+Mogensen Ponds #1+""Mesa County""+Colorado"
aa8ee7bfc92898f19706,,date_unknown,,Conejos,Mix Lake,official_fishery_survey,Colorado Parks and Wildlife,True,CPW fishery report: Mix Lake,"Colorado Parks and Wildlife provides an official fishery survey or report for this water. Open the source for survey dates, species observations, management findings and access information.",,,"https://www.google.com/search?q=""fishing report""+Mix Lake+""Conejos County""+Colorado"
9b0426b49dbc691c2eb6,,date_unknown,,Boulder,Mitchell Lake,official_fishery_survey,Colorado Parks and Wildlife,True,CPW fishery report: Mitchell Lake,"Colorado Parks and Wildlife provides an official fishery survey or report for this water. Open the source for survey dates, species observations, management findings and access information.",,,"https://www.google.com/search?q=""fishing report""+Mitchell Lake+""Boulder County""+Colorado"
bae8b5209093b8837316,,date_unknown,,Gunnison,Mirror Lake,official_fishery_survey,Colorado Parks and Wildlife,True,CPW fishery report: Mirror Lake,"Colorado Parks and Wildlife provides an official fishery survey or report for this water. Open the source for survey dates, species observations, management findings and access information.",,,"https://www.google.com/search?q=""fishing report""+Mirror Lake+""Gunnison County""+Colorado"
11889640ae16de2afc96,,date_unknown,,San Miguel,Miramonte Reservoir,official_fishery_survey,Colorado Parks and Wildlife,True,CPW fishery report: Miramonte Reservoir,"Colorado Parks and Wildlife provides an official fishery survey or report for this water. Open the source for survey dates, species observations, management findings and access information.",,,"https://www.google.com/search?q=""fishing report""+Miramonte Reservoir+""San Miguel County""+Colorado"
f823a98e51b24f3fd140,,date_unknown,,San Juan,"Mineral Creek, South",official_fishery_survey,Colorado Parks and Wildlife,True,"CPW fishery report: Mineral Creek, South","Colorado Parks and Wildlife provides an official fishery survey or report for this water. Open the source for survey dates, species observations, management findings and access information.",,,"https://www.google.com/search?q=""fishing report""+Mineral Creek, South+""San Juan County""+Colorado"
e522136891c1b1e7e24c,,date_unknown,,Rio Grande,Million Reservoir,official_fishery_survey,Colorado Parks and Wildlife,True,CPW fishery report: Million Reservoir,"Colorado Parks and Wildlife provides an official fishery survey or report for this water. Open the source for survey dates, species observations, management findings and access information.",,,"https://www.google.com/search?q=""fishing report""+Million Reservoir+""Rio Grande County""+Colorado"
480fcdc56d180f1a8455,,date_unknown,,Larimer,Miller Fork Creek,official_fishery_survey,Colorado Parks and Wildlife,True,CPW fishery report: Miller Fork Creek,"Colorado Parks and Wildlife provides an official fishery survey or report for this water. Open the source for survey dates, species observations, management findings and access information.",,,"https://www.google.com/search?q=""fishing report""+Miller Fork Creek+""Larimer County""+Colorado"
b103de20fbc96b6081a8,,date_unknown,,Rio Blanco,Miller Creek,official_fishery_survey,Colorado Parks and Wildlife,True,CPW fishery report: Miller Creek,"Colorado Parks and Wildlife provides an official fishery survey or report for this water. Open the source for survey dates, species observations, management findings and access information.",,,"https://www.google.com/search?q=""fishing report""+Miller Creek+""Rio Blanco County""+Colorado"
ed4345ce40eed6359139,,date_unknown,,Hinsdale,Mill Creek Ponds,official_fishery_survey,Colorado Parks and Wildlife,True,CPW fishery report: Mill Creek Ponds,"Colorado Parks and Wildlife provides an official fishery survey or report for this water. Open the source for survey dates, species observations, management findings and access information.",,,"https://www.google.com/search?q=""fishing report""+Mill Creek Ponds+""Hinsdale County""+Colorado"
49dec4261bf66ef08d62,,date_unknown,,Clear Creek,Mill Creek,official_fishery_survey,Colorado Parks and Wildlife,True,CPW fishery report: Mill Creek,"Colorado Parks and Wildlife provides an official fishery survey or report for this water. Open the source for survey dates, species observations, management findings and access information.",,,"https://www.google.com/search?q=""fishing report""+Mill Creek+""Clear Creek County""+Colorado"
62ef2ddcd8db2cc6a4b3,,date_unknown,,Delta,Military Park Reservoir,official_fishery_survey,Colorado Parks and Wildlife,True,CPW fishery report: Military Park Reservoir,"Colorado Parks and Wildlife provides an official fishery survey or report for this water. Open the source for survey dates, species observations, management findings and access information.",,,"https://www.google.com/search?q=""fishing report""+Military Park Reservoir+""Delta County""+Colorado"
23d9840bf821c066ab78,,date_unknown,,Weld,Milavec Reservoir,official_fishery_survey,Colorado Parks and Wildlife,True,CPW fishery report: Milavec Reservoir,"Colorado Parks and Wildlife provides an official fishery survey or report for this water. Open the source for survey dates, species observations, management findings and access information.",,,"https://www.google.com/search?q=""fishing report""+Milavec Reservoir+""Weld County""+Colorado"
ba4cd926306686ec091c,,date_unknown,,Prowers,Midwestern Farms Pond,official_fishery_survey,Colorado Parks and Wildlife,True,CPW fishery report: Midwestern Farms Pond,"Colorado Parks and Wildlife provides an official fishery survey or report for this water. Open the source for survey dates, species observations, management findings and access information.",,,"https://www.google.com/search?q=""fishing report""+Midwestern Farms Pond+""Prowers County""+Colorado"
40f7278def3947a18c3c,,date_unknown,,Boulder,Middle St. Vrain Creek,official_fishery_survey,Colorado Parks and Wildlife,True,CPW fishery report: Middle St. Vrain Creek,"Colorado Parks and Wildlife provides an official fishery survey or report for this water. Open the source for survey dates, species observations, management findings and access information.",,,"https://www.google.com/search?q=""fishing report""+St. Vrain Creek, Middle+""Boulder County""+Colorado"
1ede01fe554293772339,,date_unknown,,Jackson,"Michigan River, North Fork",official_fishery_survey,Colorado Parks and Wildlife,True,"CPW fishery report: Michigan River, North Fork","Colorado Parks and Wildlife provides an official fishery survey or report for this water. Open the source for survey dates, species observations, management findings and access information.",,,"https://www.google.com/search?q=""fishing report""+Michigan River, North Fork+""Jackson County""+Colorado"
55e5948a5b4f5c015e08,,date_unknown,,Jackson,Michigan River,official_fishery_survey,Colorado Parks and Wildlife,True,CPW fishery report: Michigan River,"Colorado Parks and Wildlife provides an official fishery survey or report for this water. Open the source for survey dates, species observations, management findings and access information.",,,"https://www.google.com/search?q=""fishing report""+Michigan River+""Jackson County""+Colorado"
84d0a5ba4bd3f299d1a8,,date_unknown,,Mesa,Mesa Lakes,official_fishery_survey,Colorado Parks and Wildlife,True,CPW fishery report: Mesa Lakes,"Colorado Parks and Wildlife provides an official fishery survey or report for this water. Open the source for survey dates, species observations, management findings and access information.",,,"https://www.google.com/search?q=""fishing report""+Mesa Lake+""Mesa County""+Colorado"
55da29ac3455d915d167,,date_unknown,,Mesa,Mesa Creek,official_fishery_survey,Colorado Parks and Wildlife,True,CPW fishery report: Mesa Creek,"Colorado Parks and Wildlife provides an official fishery survey or report for this water. Open the source for survey dates, species observations, management findings and access information.",,,"https://www.google.com/search?q=""fishing report""+Mesa Creek+""Mesa County""+Colorado"
3c1f1f25f04fd69e80a6,,date_unknown,,Crowley,Meredith Reservoir,official_fishery_survey,Colorado Parks and Wildlife,True,CPW fishery report: Meredith Reservoir,"Colorado Parks and Wildlife provides an official fishery survey or report for this water. Open the source for survey dates, species observations, management findings and access information.",,,"https://www.google.com/search?q=""fishing report""+Meredith Reservoir+""Crowley County""+Colorado"
c711507c2b30263d4db7,,date_unknown,,Mesa,"Meadows Reservoir, Big",official_fishery_survey,Colorado Parks and Wildlife,True,"CPW fishery report: Meadows Reservoir, Big","Colorado Parks and Wildlife provides an official fishery survey or report for this water. Open the source for survey dates, species observations, management findings and access information.",,,"https://www.google.com/search?q=""fishing report""+Meadows Reservoir, Big+""Mesa County""+Colorado"
d0550d34a207cb4e4a2e,,date_unknown,,Grand,Meadow Creek Reservoir,official_fishery_survey,Colorado Parks and Wildlife,True,CPW fishery report: Meadow Creek Reservoir,"Colorado Parks and Wildlife provides an official fishery survey or report for this water. Open the source for survey dates, species observations, management findings and access information.",,,"https://www.google.com/search?q=""fishing report""+Meadow Creek Reservoir+""Grand County""+Colorado"
1e8769427291ac0dba02,,date_unknown,,Summit,Meadow Creek Park,official_fishery_survey,Colorado Parks and Wildlife,True,CPW fishery report: Meadow Creek Park,"Colorado Parks and Wildlife provides an official fishery survey or report for this water. Open the source for survey dates, species observations, management findings and access information.",,,"https://www.google.com/search?q=""fishing report""+Meadow Creek Park Pond+""Summit County""+Colorado"
a653c4ed308fe2067de3,,date_unknown,,Garfield,Meadow Creek Lake,official_fishery_survey,Colorado Parks and Wildlife,True,CPW fishery report: Meadow Creek Lake,"Colorado Parks and Wildlife provides an official fishery survey or report for this water. Open the source for survey dates, species observations, management findings and access information.",,,"https://www.google.com/search?q=""fishing report""+Meadow Lake+""Garfield County""+Colorado"
5e0eb3eb2d6e9f347ae0,,date_unknown,,Weld,Mead Ponds,official_fishery_survey,Colorado Parks and Wildlife,True,CPW fishery report: Mead Ponds,"Colorado Parks and Wildlife provides an official fishery survey or report for this water. Open the source for survey dates, species observations, management findings and access information.",,,"https://www.google.com/search?q=""fishing report""+Mead Pond #2+""Weld County""+Colorado"
fba68f082da0546bacd3,,date_unknown,,Teller,McReynolds Reservoir,official_fishery_survey,Colorado Parks and Wildlife,True,CPW fishery report: McReynolds Reservoir,"Colorado Parks and Wildlife provides an official fishery survey or report for this water. Open the source for survey dates, species observations, management findings and access information.",,,"https://www.google.com/search?q=""fishing report""+McReynolds Reservoir+""Teller County""+Colorado"
0ffff7422ed853f7a5cf,,date_unknown,,Montezuma,McPhee Reservoir,official_fishery_survey,Colorado Parks and Wildlife,True,CPW fishery report: McPhee Reservoir,"Colorado Parks and Wildlife provides an official fishery survey or report for this water. Open the source for survey dates, species observations, management findings and access information.",,,"https://www.google.com/search?q=""fishing report""+McPhee Reservoir+""Montezuma County""+Colorado"
9245163094c5704e7197,,date_unknown,,Larimer,McMurry West Pond,official_fishery_survey,Colorado Parks and Wildlife,True,CPW fishery report: McMurry West Pond,"Colorado Parks and Wildlife provides an official fishery survey or report for this water. Open the source for survey dates, species observations, management findings and access information.",,,"https://www.google.com/search?q=""fishing report""+McMurry West Pond+""Larimer County""+Colorado"
663c16a6d5bcc7da52c4,,date_unknown,,Larimer,McMurry Park Lake,official_fishery_survey,Colorado Parks and Wildlife,True,CPW fishery report: McMurry Park Lake,"Colorado Parks and Wildlife provides an official fishery survey or report for this water. Open the source for survey dates, species observations, management findings and access information.",,,"https://www.google.com/search?q=""fishing report""+McMurry Park Lake+""Larimer County""+Colorado"
f79821b379ce6d1a1923,,date_unknown,,Gunnison,McKee Lake,official_fishery_survey,Colorado Parks and Wildlife,True,CPW fishery report: McKee Lake,"Colorado Parks and Wildlife provides an official fishery survey or report for this water. Open the source for survey dates, species observations, management findings and access information.",,,"https://www.google.com/search?q=""fishing report""+McKee Lake+""Gunnison County""+Colorado"
eddd7b11913a98a333e8,,date_unknown,,Adams,McKay Lake,official_fishery_survey,Colorado Parks and Wildlife,True,CPW fishery report: McKay Lake,"Colorado Parks and Wildlife provides an official fishery survey or report for this water. Open the source for survey dates, species observations, management findings and access information.",,,"https://www.google.com/search?q=""fishing report""+McKay Lake+""Adams County""+Colorado"
a48af5dc5ffb0f369b49,,date_unknown,,Boulder,McIntosh Lake,official_fishery_survey,Colorado Parks and Wildlife,True,CPW fishery report: McIntosh Lake,"Colorado Parks and Wildlife provides an official fishery survey or report for this water. Open the source for survey dates, species observations, management findings and access information.",,,"https://www.google.com/search?q=""fishing report""+McIntosh Lake+""Boulder County""+Colorado"
d7d9e4bd9f2026a4ec77,,date_unknown,,Saguache,McDonough Reservoir,official_fishery_survey,Colorado Parks and Wildlife,True,CPW fishery report: McDonough Reservoir,"Colorado Parks and Wildlife provides an official fishery survey or report for this water. Open the source for survey dates, species observations, management findings and access information.",,,"https://www.google.com/search?q=""fishing report""+McDonough Reservoir+""Saguache County""+Colorado"
1c23eb60f137372028e2,,date_unknown,,Boulder,McCall Lake,official_fishery_survey,Colorado Parks and Wildlife,True,CPW fishery report: McCall Lake,"Colorado Parks and Wildlife provides an official fishery survey or report for this water. Open the source for survey dates, species observations, management findings and access information.",,,"https://www.google.com/search?q=""fishing report""+McCall Lake+""Boulder County""+Colorado"
ecf88b022eb280c8d14f,,date_unknown,,Teller,Mason Reservoir,official_fishery_survey,Colorado Parks and Wildlife,True,CPW fishery report: Mason Reservoir,"Colorado Parks and Wildlife provides an official fishery survey or report for this water. Open the source for survey dates, species observations, management findings and access information.",,,"https://www.google.com/search?q=""fishing report""+Mason Reservoir+""Teller County""+Colorado"
b094efc37940b92b013a,,date_unknown,,Larimer,Marys Lake,official_fishery_survey,Colorado Parks and Wildlife,True,CPW fishery report: Marys Lake,"Colorado Parks and Wildlife provides an official fishery survey or report for this water. Open the source for survey dates, species observations, management findings and access information.",,,"https://www.google.com/search?q=""fishing report""+Marys Lake+""Larimer County""+Colorado"
01add4225ac71b204f01,,date_unknown,,Huerfano,Martin Lake,official_fishery_survey,Colorado Parks and Wildlife,True,CPW fishery report: Martin Lake,"Colorado Parks and Wildlife provides an official fishery survey or report for this water. Open the source for survey dates, species observations, management findings and access information.",,,"https://www.google.com/search?q=""fishing report""+Martin Lake+""Huerfano County""+Colorado"
6b4429dc7797f36bad7b,,date_unknown,,Pitkin,Maroon Lake,official_fishery_survey,Colorado Parks and Wildlife,True,CPW fishery report: Maroon Lake,"Colorado Parks and Wildlife provides an official fishery survey or report for this water. Open the source for survey dates, species observations, management findings and access information.",,,"https://www.google.com/search?q=""fishing report""+Maroon Lake+""Pitkin County""+Colorado"
1d77af7c6078e8e6a88c,,date_unknown,,Adams,Mann-Nyholt Lake South,official_fishery_survey,Colorado Parks and Wildlife,True,CPW fishery report: Mann-Nyholt Lake South,"Colorado Parks and Wildlife provides an official fishery survey or report for this water. Open the source for survey dates, species observations, management findings and access information.",,,"https://www.google.com/search?q=""fishing report""+Mann-Nyholt Lake South+""Adams County""+Colorado"
5efdd95f06234a985f39,,date_unknown,,Adams,Mann-Nyholt Lake North,official_fishery_survey,Colorado Parks and Wildlife,True,CPW fishery report: Mann-Nyholt Lake North,"Colorado Parks and Wildlife provides an official fishery survey or report for this water. Open the source for survey dates, species observations, management findings and access information.",,,"https://www.google.com/search?q=""fishing report""+Mann-Nyholt Lake North+""Adams County""+Colorado"
f3886261d4c604348cfb,,date_unknown,,Teller,Manitou Reservoir,official_fishery_survey,Colorado Parks and Wildlife,True,CPW fishery report: Manitou Reservoir,"Colorado Parks and Wildlife provides an official fishery survey or report for this water. Open the source for survey dates, species observations, management findings and access information.",,,"https://www.google.com/search?q=""fishing report""+Manitou Park Lake+""Teller County""+Colorado"
361670f912d8474f7679,,date_unknown,,Jefferson,Main Lake,official_fishery_survey,Colorado Parks and Wildlife,True,CPW fishery report: Main Lake,"Colorado Parks and Wildlife provides an official fishery survey or report for this water. Open the source for survey dates, species observations, management findings and access information.",,,"https://www.google.com/search?q=""fishing report""+Main Lake+""Jefferson County""+Colorado"
ba1d8eb6a7c223d831bd,,date_unknown,,Mesa,Mack Mesa Lake,official_fishery_survey,Colorado Parks and Wildlife,True,CPW fishery report: Mack Mesa Lake,"Colorado Parks and Wildlife provides an official fishery survey or report for this water. Open the source for survey dates, species observations, management findings and access information.",,,"https://www.google.com/search?q=""fishing report""+Mack Mesa Lake+""Mesa County""+Colorado"
325ca5df936bc8c66149,,date_unknown,,Custer,Macey Lakes,official_fishery_survey,Colorado Parks and Wildlife,True,CPW fishery report: Macey Lakes,"Colorado Parks and Wildlife provides an official fishery survey or report for this water. Open the source for survey dates, species observations, management findings and access information.",,,"https://www.google.com/search?q=""fishing report""+Macey Lake, South+""Custer County""+Colorado"
74d0ec9bb714f1a14fe8,,date_unknown,,Adams,Lowell Ponds,official_fishery_survey,Colorado Parks and Wildlife,True,CPW fishery report: Lowell Ponds,"Colorado Parks and Wildlife provides an official fishery survey or report for this water. Open the source for survey dates, species observations, management findings and access information.",,,"https://www.google.com/search?q=""fishing report""+Lowell Pond #1 East+""Adams County""+Colorado"
287438cc7abd1cd2bbc3,,date_unknown,,Larimer,Loveland Service Center Pond,official_fishery_survey,Colorado Parks and Wildlife,True,CPW fishery report: Loveland Service Center Pond,"Colorado Parks and Wildlife provides an official fishery survey or report for this water. Open the source for survey dates, species observations, management findings and access information.",,,"https://www.google.com/search?q=""fishing report""+Loveland Service Center Pond+""Larimer County""+Colorado"
843fa0abf9daf4908319,,date_unknown,,Mineral,Love Lake,official_fishery_survey,Colorado Parks and Wildlife,True,CPW fishery report: Love Lake,"Colorado Parks and Wildlife provides an official fishery survey or report for this water. Open the source for survey dates, species observations, management findings and access information.",,,"https://www.google.com/search?q=""fishing report""+Love Lake+""Mineral County""+Colorado"
80cec48c5413ab0315f9,,date_unknown,,Pitkin,Lost Man Reservoir,official_fishery_survey,Colorado Parks and Wildlife,True,CPW fishery report: Lost Man Reservoir,"Colorado Parks and Wildlife provides an official fishery survey or report for this water. Open the source for survey dates, species observations, management findings and access information.",,,"https://www.google.com/search?q=""fishing report""+Lost Man Reservoir+""Pitkin County""+Colorado"
2372febf65f64183011c,,date_unknown,,Gunnison,Lost Lake Slough,official_fishery_survey,Colorado Parks and Wildlife,True,CPW fishery report: Lost Lake Slough,"Colorado Parks and Wildlife provides an official fishery survey or report for this water. Open the source for survey dates, species observations, management findings and access information.",,,"https://www.google.com/search?q=""fishing report""+Lost Lake Slough+""Gunnison County""+Colorado"
b113b26d13ca4e63d84b,,date_unknown,,Larimer,Lost Lake,official_fishery_survey,Colorado Parks and Wildlife,True,CPW fishery report: Lost Lake,"Colorado Parks and Wildlife provides an official fishery survey or report for this water. Open the source for survey dates, species observations, management findings and access information.",,,"https://www.google.com/search?q=""fishing report""+Lost Lake+""Larimer County""+Colorado"
7fde038dc7f466b30bc1,,date_unknown,,Mesa,Lost Lake,official_fishery_survey,Colorado Parks and Wildlife,True,CPW fishery report: Lost Lake,"Colorado Parks and Wildlife provides an official fishery survey or report for this water. Open the source for survey dates, species observations, management findings and access information.",,,"https://www.google.com/search?q=""fishing report""+Lost Lake+""Mesa County""+Colorado"
93e910add965e08541b4,,date_unknown,,Boulder,Lost Lake,official_fishery_survey,Colorado Parks and Wildlife,True,CPW fishery report: Lost Lake,"Colorado Parks and Wildlife provides an official fishery survey or report for this water. Open the source for survey dates, species observations, management findings and access information.",,,"https://www.google.com/search?q=""fishing report""+Lost Lake+""Boulder County""+Colorado"
b5ee701c1b39be7c1f7a,,date_unknown,,Park,"Lost Creek, South Fork",official_fishery_survey,Colorado Parks and Wildlife,True,"CPW fishery report: Lost Creek, South Fork","Colorado Parks and Wildlife provides an official fishery survey or report for this water. Open the source for survey dates, species observations, management findings and access information.",,,"https://www.google.com/search?q=""fishing report""+Lost Creek, North Fork+""Park County""+Colorado"
06f1373622edf5d2b6ce,,date_unknown,,Clear Creek,Lost Creek,official_fishery_survey,Colorado Parks and Wildlife,True,CPW fishery report: Lost Creek,"Colorado Parks and Wildlife provides an official fishery survey or report for this water. Open the source for survey dates, species observations, management findings and access information.",,,"https://www.google.com/search?q=""fishing report""+Lost Creek+""Clear Creek County""+Colorado"
e9ea04aeaed3ced06a3e,,date_unknown,,Hinsdale,Los Pinos River,official_fishery_survey,Colorado Parks and Wildlife,True,CPW fishery report: Los Pinos River,"Colorado Parks and Wildlife provides an official fishery survey or report for this water. Open the source for survey dates, species observations, management findings and access information.",,,"https://www.google.com/search?q=""fishing report""+Los Pinos River+""Hinsdale County""+Colorado"
cd3f45c7e864ee8224ac,,date_unknown,,Saguache,Los Pinos Creek,official_fishery_survey,Colorado Parks and Wildlife,True,CPW fishery report: Los Pinos Creek,"Colorado Parks and Wildlife provides an official fishery survey or report for this water. Open the source for survey dates, species observations, management findings and access information.",,,"https://www.google.com/search?q=""fishing report""+Los Pinos Creek+""Saguache County""+Colorado"
f7c9f4a95b0eda8128b4,,date_unknown,,Boulder,Long Lake,official_fishery_survey,Colorado Parks and Wildlife,True,CPW fishery report: Long Lake,"Colorado Parks and Wildlife provides an official fishery survey or report for this water. Open the source for survey dates, species observations, management findings and access information.",,,"https://www.google.com/search?q=""fishing report""+Long Lake+""Boulder County""+Colorado"
a54ec7b3bc3210210c36,,date_unknown,,Douglas,Long Hollow Gulch,official_fishery_survey,Colorado Parks and Wildlife,True,CPW fishery report: Long Hollow Gulch,"Colorado Parks and Wildlife provides an official fishery survey or report for this water. Open the source for survey dates, species observations, management findings and access information.",,,"https://www.google.com/search?q=""fishing report""+Long Hollow Gulch+""Douglas County""+Colorado"
a0a1ac40983fe193bb59,,date_unknown,,Larimer,Long Draw Reservoir,official_fishery_survey,Colorado Parks and Wildlife,True,CPW fishery report: Long Draw Reservoir,"Colorado Parks and Wildlife provides an official fishery survey or report for this water. Open the source for survey dates, species observations, management findings and access information.",,,"https://www.google.com/search?q=""fishing report""+Long Draw Reservoir+""Larimer County""+Colorado"
c1f85e150b8a41df0ae5,,date_unknown,,Larimer,Lon Hagler Reservoir,official_fishery_survey,Colorado Parks and Wildlife,True,CPW fishery report: Lon Hagler Reservoir,"Colorado Parks and Wildlife provides an official fishery survey or report for this water. Open the source for survey dates, species observations, management findings and access information.",,,"https://www.google.com/search?q=""fishing report""+Lon Hagler Reservoir+""Larimer County""+Colorado"
78a557217f6a96512bdc,,date_unknown,,Clear Creek,Loch Lomond Lake,official_fishery_survey,Colorado Parks and Wildlife,True,CPW fishery report: Loch Lomond Lake,"Colorado Parks and Wildlife provides an official fishery survey or report for this water. Open the source for survey dates, species observations, management findings and access information.",,,"https://www.google.com/search?q=""fishing report""+Loch Lomond Lake+""Clear Creek County""+Colorado"
af68c5b8b6cea04bc8f6,,date_unknown,,Broomfield,Loc Amora Lake (Jacobs Pond),official_fishery_survey,Colorado Parks and Wildlife,True,CPW fishery report: Loc Amora Lake (Jacobs Pond),"Colorado Parks and Wildlife provides an official fishery survey or report for this water. Open the source for survey dates, species observations, management findings and access information.",,,"https://www.google.com/search?q=""fishing report""+Josh's Pond+""Broomfield County""+Colorado"
8ceeb21c871b2e07ecb3,,date_unknown,,Arapahoe,Little's Creek Pond,official_fishery_survey,Colorado Parks and Wildlife,True,CPW fishery report: Little's Creek Pond,"Colorado Parks and Wildlife provides an official fishery survey or report for this water. Open the source for survey dates, species observations, management findings and access information.",,,"https://www.google.com/search?q=""fishing report""+Little's Creek Pond+""Arapahoe County""+Colorado"
344168f566140a579a59,,date_unknown,,Hinsdale,Little Squaw Creek,official_fishery_survey,Colorado Parks and Wildlife,True,CPW fishery report: Little Squaw Creek,"Colorado Parks and Wildlife provides an official fishery survey or report for this water. Open the source for survey dates, species observations, management findings and access information.",,,"https://www.google.com/search?q=""fishing report""+Little Squaw Creek+""Hinsdale County""+Colorado"
5b97e78b7e1f3e1bdd68,,date_unknown,,Routt,"Little Snake River, Middle Fork",official_fishery_survey,Colorado Parks and Wildlife,True,"CPW fishery report: Little Snake River, Middle Fork","Colorado Parks and Wildlife provides an official fishery survey or report for this water. Open the source for survey dates, species observations, management findings and access information.",,,"https://www.google.com/search?q=""fishing report""+Little Snake River, Middle Fork+""Routt County""+Colorado"
0ec71c76fe9ff79e8db3,,date_unknown,,Delta,Little Gem Reservoir,official_fishery_survey,Colorado Parks and Wildlife,True,CPW fishery report: Little Gem Reservoir,"Colorado Parks and Wildlife provides an official fishery survey or report for this water. Open the source for survey dates, species observations, management findings and access information.",,,"https://www.google.com/search?q=""fishing report""+Little Gem Reservoir+""Delta County""+Colorado"
bb4605199cc6fd36e971,,date_unknown,,Clear Creek,Lincoln Lake,official_fishery_survey,Colorado Parks and Wildlife,True,CPW fishery report: Lincoln Lake,"Colorado Parks and Wildlife provides an official fishery survey or report for this water. Open the source for survey dates, species observations, management findings and access information.",,,"https://www.google.com/search?q=""fishing report""+Lincoln Lake+""Clear Creek County""+Colorado"
b33e20a9f379d4485b41,,date_unknown,,San Juan,Lime Creek,official_fishery_survey,Colorado Parks and Wildlife,True,CPW fishery report: Lime Creek,"Colorado Parks and Wildlife provides an official fishery survey or report for this water. Open the source for survey dates, species observations, management findings and access information.",,,"https://www.google.com/search?q=""fishing report""+Lime Creek+""San Juan County""+Colorado"
b5d66d6044a811823f79,,date_unknown,,Eagle,Lime Creek,official_fishery_survey,Colorado Parks and Wildlife,True,CPW fishery report: Lime Creek,"Colorado Parks and Wildlife provides an official fishery survey or report for this water. Open the source for survey dates, species observations, management findings and access information.",,,"https://www.google.com/search?q=""fishing report""+Lime Creek+""Eagle County""+Colorado"
8dda2d372a0dd0019c59,,date_unknown,,Huerfano,"Lily Lake, Lower",official_fishery_survey,Colorado Parks and Wildlife,True,"CPW fishery report: Lily Lake, Lower","Colorado Parks and Wildlife provides an official fishery survey or report for this water. Open the source for survey dates, species observations, management findings and access information.",,,"https://www.google.com/search?q=""fishing report""+Lily Lake, Lower+""Huerfano County""+Colorado"
d17a8dc27286666e0b77,,date_unknown,,Mesa,Lily Lake,official_fishery_survey,Colorado Parks and Wildlife,True,CPW fishery report: Lily Lake,"Colorado Parks and Wildlife provides an official fishery survey or report for this water. Open the source for survey dates, species observations, management findings and access information.",,,"https://www.google.com/search?q=""fishing report""+Lily Lake+""Mesa County""+Colorado"
a0473fa24d17f5ec729a,,date_unknown,,Larimer,Lily Lake,official_fishery_survey,Colorado Parks and Wildlife,True,CPW fishery report: Lily Lake,"Colorado Parks and Wildlife provides an official fishery survey or report for this water. Open the source for survey dates, species observations, management findings and access information.",,,"https://www.google.com/search?q=""fishing report""+Lily Lake+""Larimer County""+Colorado"
4a52ff9a000aac9c08f3,,date_unknown,,Huerfano,"Lilly Lake, Upper",official_fishery_survey,Colorado Parks and Wildlife,True,"CPW fishery report: Lilly Lake, Upper","Colorado Parks and Wildlife provides an official fishery survey or report for this water. Open the source for survey dates, species observations, management findings and access information.",,,"https://www.google.com/search?q=""fishing report""+Lilly Lake, Upper+""Huerfano County""+Colorado"
675cd67844e6c44b3c14,,date_unknown,,Routt,Ligon Reservoir,official_fishery_survey,Colorado Parks and Wildlife,True,CPW fishery report: Ligon Reservoir,"Colorado Parks and Wildlife provides an official fishery survey or report for this water. Open the source for survey dates, species observations, management findings and access information.",,,"https://www.google.com/search?q=""fishing report""+Ligon Reservoir+""Routt County""+Colorado"
fb210abc067e5310be73,,date_unknown,,Delta,"Leroux Creek, West Fork",official_fishery_survey,Colorado Parks and Wildlife,True,"CPW fishery report: Leroux Creek, West Fork","Colorado Parks and Wildlife provides an official fishery survey or report for this water. Open the source for survey dates, species observations, management findings and access information.",,,"https://www.google.com/search?q=""fishing report""+Leroux Creek, West Fork+""Delta County""+Colorado"
359dffca702eac35dbe9,,date_unknown,,Delta,"Leroux Creek, East Fork",official_fishery_survey,Colorado Parks and Wildlife,True,"CPW fishery report: Leroux Creek, East Fork","Colorado Parks and Wildlife provides an official fishery survey or report for this water. Open the source for survey dates, species observations, management findings and access information.",,,"https://www.google.com/search?q=""fishing report""+Leroux Creek, East Fork+""Delta County""+Colorado"
980bf766a9a7d662a65f,,date_unknown,,Mesa,Leon Lake,official_fishery_survey,Colorado Parks and Wildlife,True,CPW fishery report: Leon Lake,"Colorado Parks and Wildlife provides an official fishery survey or report for this water. Open the source for survey dates, species observations, management findings and access information.",,,"https://www.google.com/search?q=""fishing report""+Leon Lake+""Mesa County""+Colorado"
f02556b3dbc33d413478,,date_unknown,,Mesa,"Leon Creek, West",official_fishery_survey,Colorado Parks and Wildlife,True,"CPW fishery report: Leon Creek, West","Colorado Parks and Wildlife provides an official fishery survey or report for this water. Open the source for survey dates, species observations, management findings and access information.",,,"https://www.google.com/search?q=""fishing report""+Leon Creek, West+""Mesa County""+Colorado"
4de9921c143ae41e6b97,,date_unknown,,Mesa,"Leon Creek, Middle",official_fishery_survey,Colorado Parks and Wildlife,True,"CPW fishery report: Leon Creek, Middle","Colorado Parks and Wildlife provides an official fishery survey or report for this water. Open the source for survey dates, species observations, management findings and access information.",,,"https://www.google.com/search?q=""fishing report""+Leon Creek, Middle+""Mesa County""+Colorado"
ff8b596fac65639bd62b,,date_unknown,,Mesa,"Leon Creek, East",official_fishery_survey,Colorado Parks and Wildlife,True,"CPW fishery report: Leon Creek, East","Colorado Parks and Wildlife provides an official fishery survey or report for this water. Open the source for survey dates, species observations, management findings and access information.",,,"https://www.google.com/search?q=""fishing report""+Leon Creek, East+""Mesa County""+Colorado"
a134eeb714879854100e,,date_unknown,,Mesa,Leon Creek,official_fishery_survey,Colorado Parks and Wildlife,True,CPW fishery report: Leon Creek,"Colorado Parks and Wildlife provides an official fishery survey or report for this water. Open the source for survey dates, species observations, management findings and access information.",,,"https://www.google.com/search?q=""fishing report""+Leon Creek+""Mesa County""+Colorado"
22914c9a1d7dac33d32a,,date_unknown,,La Plata,Lemon Reservoir,official_fishery_survey,Colorado Parks and Wildlife,True,CPW fishery report: Lemon Reservoir,"Colorado Parks and Wildlife provides an official fishery survey or report for this water. Open the source for survey dates, species observations, management findings and access information.",,,"https://www.google.com/search?q=""fishing report""+Lemon Reservoir+""La Plata County""+Colorado"
2960cd1ff73b267d21af,,date_unknown,,Boulder,Lefthand Creek,official_fishery_survey,Colorado Parks and Wildlife,True,CPW fishery report: Lefthand Creek,"Colorado Parks and Wildlife provides an official fishery survey or report for this water. Open the source for survey dates, species observations, management findings and access information.",,,"https://www.google.com/search?q=""fishing report""+Lefthand Creek+""Boulder County""+Colorado"
7974f4c73126b96bfb06,,date_unknown,,Boulder,Left Hand Park Reservoir,official_fishery_survey,Colorado Parks and Wildlife,True,CPW fishery report: Left Hand Park Reservoir,"Colorado Parks and Wildlife provides an official fishery survey or report for this water. Open the source for survey dates, species observations, management findings and access information.",,,"https://www.google.com/search?q=""fishing report""+Left Hand Park Reservoir+""Boulder County""+Colorado"
2da6e19a250ad956c082,,date_unknown,,Boulder,Left Hand Creek,official_fishery_survey,Colorado Parks and Wildlife,True,CPW fishery report: Left Hand Creek,"Colorado Parks and Wildlife provides an official fishery survey or report for this water. Open the source for survey dates, species observations, management findings and access information.",,,"https://www.google.com/search?q=""fishing report""+Left Hand Creek+""Boulder County""+Colorado"
7105bfd90d5718382973,,date_unknown,,Bent,Las Animas Pond,official_fishery_survey,Colorado Parks and Wildlife,True,CPW fishery report: Las Animas Pond,"Colorado Parks and Wildlife provides an official fishery survey or report for this water. Open the source for survey dates, species observations, management findings and access information.",,,"https://www.google.com/search?q=""fishing report""+Las Animas Pond+""Bent County""+Colorado"
3730f32f43f180042249,,date_unknown,,Larimer,Laramie River,official_fishery_survey,Colorado Parks and Wildlife,True,CPW fishery report: Laramie River,"Colorado Parks and Wildlife provides an official fishery survey or report for this water. Open the source for survey dates, species observations, management findings and access information.",,,"https://www.google.com/search?q=""fishing report""+Laramie River+""Larimer County""+Colorado"
4e2a9d5eb41f3f5327bf,,date_unknown,,Larimer,Laramie Lake,official_fishery_survey,Colorado Parks and Wildlife,True,CPW fishery report: Laramie Lake,"Colorado Parks and Wildlife provides an official fishery survey or report for this water. Open the source for survey dates, species observations, management findings and access information.",,,"https://www.google.com/search?q=""fishing report""+Laramie Lake+""Larimer County""+Colorado"
f5703cf3214664128604,,date_unknown,,Mesa,Lanning Lake,official_fishery_survey,Colorado Parks and Wildlife,True,CPW fishery report: Lanning Lake,"Colorado Parks and Wildlife provides an official fishery survey or report for this water. Open the source for survey dates, species observations, management findings and access information.",,,"https://www.google.com/search?q=""fishing report""+Lanning Lake+""Mesa County""+Colorado"
029f9e929054c44f18e5,,date_unknown,,Adams,Lambertson Lake,official_fishery_survey,Colorado Parks and Wildlife,True,CPW fishery report: Lambertson Lake,"Colorado Parks and Wildlife provides an official fishery survey or report for this water. Open the source for survey dates, species observations, management findings and access information.",,,"https://www.google.com/search?q=""fishing report""+Lambertson Lake+""Adams County""+Colorado"
74f19b72b50612b296ac,,date_unknown,,Hinsdale,Lake San Cristobal,official_fishery_survey,Colorado Parks and Wildlife,True,CPW fishery report: Lake San Cristobal,"Colorado Parks and Wildlife provides an official fishery survey or report for this water. Open the source for survey dates, species observations, management findings and access information.",,,"https://www.google.com/search?q=""fishing report""+Lake San Cristobal+""Hinsdale County""+Colorado"
663ad1100dfd063c9089,,date_unknown,,Garfield,Lake Of The Woods,official_fishery_survey,Colorado Parks and Wildlife,True,CPW fishery report: Lake Of The Woods,"Colorado Parks and Wildlife provides an official fishery survey or report for this water. Open the source for survey dates, species observations, management findings and access information.",,,"https://www.google.com/search?q=""fishing report""+Lake Of The Woods+""Garfield County""+Colorado"
0023203d913c31dd5ba5,,date_unknown,,Custer,"Lake Of The Clouds, Upper",official_fishery_survey,Colorado Parks and Wildlife,True,"CPW fishery report: Lake Of The Clouds, Upper","Colorado Parks and Wildlife provides an official fishery survey or report for this water. Open the source for survey dates, species observations, management findings and access information.",,,"https://www.google.com/search?q=""fishing report""+Lake Of The Clouds, Upper+""Custer County""+Colorado"
623f3b14f097405c95bd,,date_unknown,,Custer,"Lake Of The Clouds, Middle",official_fishery_survey,Colorado Parks and Wildlife,True,"CPW fishery report: Lake Of The Clouds, Middle","Colorado Parks and Wildlife provides an official fishery survey or report for this water. Open the source for survey dates, species observations, management findings and access information.",,,"https://www.google.com/search?q=""fishing report""+Lake Of The Clouds, Middle+""Custer County""+Colorado"
9917648080d4ca44b941,,date_unknown,,Custer,"Lake Of The Clouds, Lower",official_fishery_survey,Colorado Parks and Wildlife,True,"CPW fishery report: Lake Of The Clouds, Lower","Colorado Parks and Wildlife provides an official fishery survey or report for this water. Open the source for survey dates, species observations, management findings and access information.",,,"https://www.google.com/search?q=""fishing report""+Lake Of The Clouds, Lower+""Custer County""+Colorado"
09dbb663685ec74f9d39,,date_unknown,,Pueblo,Lake Minnequa,official_fishery_survey,Colorado Parks and Wildlife,True,CPW fishery report: Lake Minnequa,"Colorado Parks and Wildlife provides an official fishery survey or report for this water. Open the source for survey dates, species observations, management findings and access information.",,,"https://www.google.com/search?q=""fishing report""+Lake Minnequa+""Pueblo County""+Colorado"
254329ead00e28700a2d,,date_unknown,,Larimer,Lake Loveland,official_fishery_survey,Colorado Parks and Wildlife,True,CPW fishery report: Lake Loveland,"Colorado Parks and Wildlife provides an official fishery survey or report for this water. Open the source for survey dates, species observations, management findings and access information.",,,"https://www.google.com/search?q=""fishing report""+Lake Loveland+""Larimer County""+Colorado"
4a428d04a8c5ab6896ab,,date_unknown,,Jackson,Lake John,official_fishery_survey,Colorado Parks and Wildlife,True,CPW fishery report: Lake John,"Colorado Parks and Wildlife provides an official fishery survey or report for this water. Open the source for survey dates, species observations, management findings and access information.",,,"https://www.google.com/search?q=""fishing report""+Lake John+""Jackson County""+Colorado"
f874019c713e0d6d54aa,,date_unknown,,Custer,Lake Isabel,official_fishery_survey,Colorado Parks and Wildlife,True,CPW fishery report: Lake Isabel,"Colorado Parks and Wildlife provides an official fishery survey or report for this water. Open the source for survey dates, species observations, management findings and access information.",,,"https://www.google.com/search?q=""fishing report""+Lake Isabel+""Custer County""+Colorado"
0cd41109d55c45009d67,,date_unknown,,Grand,Lake Granby,official_fishery_survey,Colorado Parks and Wildlife,True,CPW fishery report: Lake Granby,"Colorado Parks and Wildlife provides an official fishery survey or report for this water. Open the source for survey dates, species observations, management findings and access information.",,,"https://www.google.com/search?q=""fishing report""+Lake Granby+""Grand County""+Colorado"
c8b998d89b7e1c261402,,date_unknown,,Larimer,Lake Estes,official_fishery_survey,Colorado Parks and Wildlife,True,CPW fishery report: Lake Estes,"Colorado Parks and Wildlife provides an official fishery survey or report for this water. Open the source for survey dates, species observations, management findings and access information.",,,"https://www.google.com/search?q=""fishing report""+Lake Estes+""Larimer County""+Colorado"
26813cea71dc052898ec,,date_unknown,,Las Animas,Lake Dorothey,official_fishery_survey,Colorado Parks and Wildlife,True,CPW fishery report: Lake Dorothey,"Colorado Parks and Wildlife provides an official fishery survey or report for this water. Open the source for survey dates, species observations, management findings and access information.",,,"https://www.google.com/search?q=""fishing report""+Lake Dorothey+""Las Animas County""+Colorado"
38362ed8de5148d7ec6a,,date_unknown,,Lake,"Lake Creek, North Fork",official_fishery_survey,Colorado Parks and Wildlife,True,"CPW fishery report: Lake Creek, North Fork","Colorado Parks and Wildlife provides an official fishery survey or report for this water. Open the source for survey dates, species observations, management findings and access information.",,,"https://www.google.com/search?q=""fishing report""+Lake Creek, North Fork+""Lake County""+Colorado"
d03f75127504df5afba7,,date_unknown,,Jefferson,Lake Arbor,official_fishery_survey,Colorado Parks and Wildlife,True,CPW fishery report: Lake Arbor,"Colorado Parks and Wildlife provides an official fishery survey or report for this water. Open the source for survey dates, species observations, management findings and access information.",,,"https://www.google.com/search?q=""fishing report""+Lake Arbor+""Jefferson County""+Colorado"
aa87c83cebdde4885316,,date_unknown,,Jackson,Lake Agnes,official_fishery_survey,Colorado Parks and Wildlife,True,CPW fishery report: Lake Agnes,"Colorado Parks and Wildlife provides an official fishery survey or report for this water. Open the source for survey dates, species observations, management findings and access information.",,,"https://www.google.com/search?q=""fishing report""+Lake Agnes+""Jackson County""+Colorado"
a723c4f7710265cf9932,,date_unknown,,Boulder,Lagerman Reservoir,official_fishery_survey,Colorado Parks and Wildlife,True,CPW fishery report: Lagerman Reservoir,"Colorado Parks and Wildlife provides an official fishery survey or report for this water. Open the source for survey dates, species observations, management findings and access information.",,,"https://www.google.com/search?q=""fishing report""+Lagerman Reservoir+""Boulder County""+Colorado"
cba9252d35de2bc5dadc,,date_unknown,,Otero,La Junta Kids Pond,official_fishery_survey,Colorado Parks and Wildlife,True,CPW fishery report: La Junta Kids Pond,"Colorado Parks and Wildlife provides an official fishery survey or report for this water. Open the source for survey dates, species observations, management findings and access information.",,,"https://www.google.com/search?q=""fishing report""+La Junta Kids Pond+""Otero County""+Colorado"
89aafc8eb049b729ba9c,,date_unknown,,Conejos,La Jara Reservoir,official_fishery_survey,Colorado Parks and Wildlife,True,CPW fishery report: La Jara Reservoir,"Colorado Parks and Wildlife provides an official fishery survey or report for this water. Open the source for survey dates, species observations, management findings and access information.",,,"https://www.google.com/search?q=""fishing report""+La Jara Reservoir+""Conejos County""+Colorado"
29c2c31c9f065a663098,,date_unknown,,Conejos,La Jara Creek,official_fishery_survey,Colorado Parks and Wildlife,True,CPW fishery report: La Jara Creek,"Colorado Parks and Wildlife provides an official fishery survey or report for this water. Open the source for survey dates, species observations, management findings and access information.",,,"https://www.google.com/search?q=""fishing report""+La Jara Creek+""Conejos County""+Colorado"
a55fe768dcfa5490fae5,,date_unknown,,Saguache,La Garita Creek,official_fishery_survey,Colorado Parks and Wildlife,True,CPW fishery report: La Garita Creek,"Colorado Parks and Wildlife provides an official fishery survey or report for this water. Open the source for survey dates, species observations, management findings and access information.",,,"https://www.google.com/search?q=""fishing report""+La Garita Creek+""Saguache County""+Colorado"
13ea27df989037beda93,,date_unknown,,Chaffee,Kroenke Lake,official_fishery_survey,Colorado Parks and Wildlife,True,CPW fishery report: Kroenke Lake,"Colorado Parks and Wildlife provides an official fishery survey or report for this water. Open the source for survey dates, species observations, management findings and access information.",,,"https://www.google.com/search?q=""fishing report""+Kroenke Lake+""Chaffee County""+Colorado"
5dc58707ef341373d397,,date_unknown,,Gilpin,Kriley Pond,official_fishery_survey,Colorado Parks and Wildlife,True,CPW fishery report: Kriley Pond,"Colorado Parks and Wildlife provides an official fishery survey or report for this water. Open the source for survey dates, species observations, management findings and access information.",,,"https://www.google.com/search?q=""fishing report""+Kriley Pond+""Gilpin County""+Colorado"
9b0fec24fa0d45e3968e,,date_unknown,,Boulder,Klubert Warembourg Pond,official_fishery_survey,Colorado Parks and Wildlife,True,CPW fishery report: Klubert Warembourg Pond,"Colorado Parks and Wildlife provides an official fishery survey or report for this water. Open the source for survey dates, species observations, management findings and access information.",,,"https://www.google.com/search?q=""fishing report""+Klubert Warembourg Pond+""Boulder County""+Colorado"
55ce9bf98cc16bf3fe34,,date_unknown,,Mesa,Kitson Reservoir,official_fishery_survey,Colorado Parks and Wildlife,True,CPW fishery report: Kitson Reservoir,"Colorado Parks and Wildlife provides an official fishery survey or report for this water. Open the source for survey dates, species observations, management findings and access information.",,,"https://www.google.com/search?q=""fishing report""+Kitson Reservoir+""Mesa County""+Colorado"
0918bb0e674c27c03d4c,,date_unknown,,Lincoln,Kissel Pond,official_fishery_survey,Colorado Parks and Wildlife,True,CPW fishery report: Kissel Pond,"Colorado Parks and Wildlife provides an official fishery survey or report for this water. Open the source for survey dates, species observations, management findings and access information.",,,"https://www.google.com/search?q=""fishing report""+Kissel Pond+""Lincoln County""+Colorado"
f8e767b811f35f8c4bc6,,date_unknown,,Delta,Kiser Slough Reservoir,official_fishery_survey,Colorado Parks and Wildlife,True,CPW fishery report: Kiser Slough Reservoir,"Colorado Parks and Wildlife provides an official fishery survey or report for this water. Open the source for survey dates, species observations, management findings and access information.",,,"https://www.google.com/search?q=""fishing report""+Kiser Slough Reservoir+""Delta County""+Colorado"
0fc2fc1c77347e9c56c6,,date_unknown,,Delta,Kiser Creek,official_fishery_survey,Colorado Parks and Wildlife,True,CPW fishery report: Kiser Creek,"Colorado Parks and Wildlife provides an official fishery survey or report for this water. Open the source for survey dates, species observations, management findings and access information.",,,"https://www.google.com/search?q=""fishing report""+Kiser Creek+""Delta County""+Colorado"
c2c65ef6b71e968e628b,,date_unknown,,Park,Kirby Gulch,official_fishery_survey,Colorado Parks and Wildlife,True,CPW fishery report: Kirby Gulch,"Colorado Parks and Wildlife provides an official fishery survey or report for this water. Open the source for survey dates, species observations, management findings and access information.",,,"https://www.google.com/search?q=""fishing report""+Kirby Gulch+""Park County""+Colorado"
55f7ed9e12e58918ab8b,,date_unknown,,Lincoln,Kinney Lake,official_fishery_survey,Colorado Parks and Wildlife,True,CPW fishery report: Kinney Lake,"Colorado Parks and Wildlife provides an official fishery survey or report for this water. Open the source for survey dates, species observations, management findings and access information.",,,"https://www.google.com/search?q=""fishing report""+Kinney Lake+""Lincoln County""+Colorado"
fb82d3293dee8b265ccd,,date_unknown,,Routt,King Solomon Creek,official_fishery_survey,Colorado Parks and Wildlife,True,CPW fishery report: King Solomon Creek,"Colorado Parks and Wildlife provides an official fishery survey or report for this water. Open the source for survey dates, species observations, management findings and access information.",,,"https://www.google.com/search?q=""fishing report""+King Solomon Creek+""Routt County""+Colorado"
a069b6c4eb2fabfe032d,,date_unknown,,Boulder,King Lake,official_fishery_survey,Colorado Parks and Wildlife,True,CPW fishery report: King Lake,"Colorado Parks and Wildlife provides an official fishery survey or report for this water. Open the source for survey dates, species observations, management findings and access information.",,,"https://www.google.com/search?q=""fishing report""+King Lake+""Boulder County""+Colorado"
37acdf217dec5c716757,,date_unknown,,Arapahoe,Ketring Lake,official_fishery_survey,Colorado Parks and Wildlife,True,CPW fishery report: Ketring Lake,"Colorado Parks and Wildlife provides an official fishery survey or report for this water. Open the source for survey dates, species observations, management findings and access information.",,,"https://www.google.com/search?q=""fishing report""+Ketring Lake+""Arapahoe County""+Colorado"
8893a003a5295fd717e7,,date_unknown,,Jefferson,Ketner Lake,official_fishery_survey,Colorado Parks and Wildlife,True,CPW fishery report: Ketner Lake,"Colorado Parks and Wildlife provides an official fishery survey or report for this water. Open the source for survey dates, species observations, management findings and access information.",,,"https://www.google.com/search?q=""fishing report""+Ketner Lake+""Jefferson County""+Colorado"
87d56add273449d3d6c4,,date_unknown,,Conejos,Kerr Lake,official_fishery_survey,Colorado Parks and Wildlife,True,CPW fishery report: Kerr Lake,"Colorado Parks and Wildlife provides an official fishery survey or report for this water. Open the source for survey dates, species observations, management findings and access information.",,,"https://www.google.com/search?q=""fishing report""+Kerr Lake+""Conejos County""+Colorado"
faebfb6fd342d4637b90,,date_unknown,,Rio Blanco,Kenney Reservoir,official_fishery_survey,Colorado Parks and Wildlife,True,CPW fishery report: Kenney Reservoir,"Colorado Parks and Wildlife provides an official fishery survey or report for this water. Open the source for survey dates, species observations, management findings and access information.",,,"https://www.google.com/search?q=""fishing report""+Kenney Reservoir+""Rio Blanco County""+Colorado"
8cdf9ea32f39d59b3ec7,,date_unknown,,Mesa,Kenney Creek Reservoir,official_fishery_survey,Colorado Parks and Wildlife,True,CPW fishery report: Kenney Creek Reservoir,"Colorado Parks and Wildlife provides an official fishery survey or report for this water. Open the source for survey dates, species observations, management findings and access information.",,,"https://www.google.com/search?q=""fishing report""+Kenney Creek Reservoir+""Mesa County""+Colorado"
accfeba6b858317bd030,,date_unknown,,Jefferson,Kendrick Reservoir,official_fishery_survey,Colorado Parks and Wildlife,True,CPW fishery report: Kendrick Reservoir,"Colorado Parks and Wildlife provides an official fishery survey or report for this water. Open the source for survey dates, species observations, management findings and access information.",,,"https://www.google.com/search?q=""fishing report""+Kendrick Reservoir+""Jefferson County""+Colorado"
6f200b70bbef0e4f34b0,,date_unknown,,Adams,Ken Mitchell Lake,official_fishery_survey,Colorado Parks and Wildlife,True,CPW fishery report: Ken Mitchell Lake,"Colorado Parks and Wildlife provides an official fishery survey or report for this water. Open the source for survey dates, species observations, management findings and access information.",,,"https://www.google.com/search?q=""fishing report""+Ken Mitchell Lake+""Adams County""+Colorado"
cd3008bd196b6d5d4088,,date_unknown,,Jackson,Kelly Lake,official_fishery_survey,Colorado Parks and Wildlife,True,CPW fishery report: Kelly Lake,"Colorado Parks and Wildlife provides an official fishery survey or report for this water. Open the source for survey dates, species observations, management findings and access information.",,,"https://www.google.com/search?q=""fishing report""+Kelly Lake+""Jackson County""+Colorado"
9622dfda81a4a12adfdd,,date_unknown,,Lincoln,Karval Reservoir,official_fishery_survey,Colorado Parks and Wildlife,True,CPW fishery report: Karval Reservoir,"Colorado Parks and Wildlife provides an official fishery survey or report for this water. Open the source for survey dates, species observations, management findings and access information.",,,"https://www.google.com/search?q=""fishing report""+Karval Reservoir+""Lincoln County""+Colorado"
4627e7437e55023553a7,,date_unknown,,Mesa,Kannah Creek,official_fishery_survey,Colorado Parks and Wildlife,True,CPW fishery report: Kannah Creek,"Colorado Parks and Wildlife provides an official fishery survey or report for this water. Open the source for survey dates, species observations, management findings and access information.",,,"https://www.google.com/search?q=""fishing report""+Kannah Creek+""Mesa County""+Colorado"
1b4d9fb9b5741e61baed,,date_unknown,,Boulder,KOA Lake - Boulder,official_fishery_survey,Colorado Parks and Wildlife,True,CPW fishery report: KOA Lake - Boulder,"Colorado Parks and Wildlife provides an official fishery survey or report for this water. Open the source for survey dates, species observations, management findings and access information.",,,"https://www.google.com/search?q=""fishing report""+KOA Lake - Boulder+""Boulder County""+Colorado"
3273bff2bafef0f45ec4,,date_unknown,,Mesa,Juniata Reservoir,official_fishery_survey,Colorado Parks and Wildlife,True,CPW fishery report: Juniata Reservoir,"Colorado Parks and Wildlife provides an official fishery survey or report for this water. Open the source for survey dates, species observations, management findings and access information.",,,"https://www.google.com/search?q=""fishing report""+Juniata Reservoir+""Mesa County""+Colorado"
f51851410ea51b78b2ce,,date_unknown,,Sedgwick,Jumbo Reservoir,official_fishery_survey,Colorado Parks and Wildlife,True,CPW fishery report: Jumbo Reservoir,"Colorado Parks and Wildlife provides an official fishery survey or report for this water. Open the source for survey dates, species observations, management findings and access information.",,,"https://www.google.com/search?q=""fishing report""+Jumbo Reservoir+""Sedgwick County""+Colorado"
a6dcafcf5a97aa31e0ef,,date_unknown,,Logan,Jumbo Annex,official_fishery_survey,Colorado Parks and Wildlife,True,CPW fishery report: Jumbo Annex,"Colorado Parks and Wildlife provides an official fishery survey or report for this water. Open the source for survey dates, species observations, management findings and access information.",,,"https://www.google.com/search?q=""fishing report""+Jumbo Annex+""Logan County""+Colorado"
c225694a065879275530,,date_unknown,,Weld,Johnstown Reservoir,official_fishery_survey,Colorado Parks and Wildlife,True,CPW fishery report: Johnstown Reservoir,"Colorado Parks and Wildlife provides an official fishery survey or report for this water. Open the source for survey dates, species observations, management findings and access information.",,,"https://www.google.com/search?q=""fishing report""+Johnstown Reservoir+""Weld County""+Colorado"
6aaf4dceea495c4fe104,,date_unknown,,Jefferson,Johnston Reservoir,official_fishery_survey,Colorado Parks and Wildlife,True,CPW fishery report: Johnston Reservoir,"Colorado Parks and Wildlife provides an official fishery survey or report for this water. Open the source for survey dates, species observations, management findings and access information.",,,"https://www.google.com/search?q=""fishing report""+Johnston Reservoir+""Jefferson County""+Colorado"
60c7bcde426314bbe875,,date_unknown,,Douglas,Johnny's Pond,official_fishery_survey,Colorado Parks and Wildlife,True,CPW fishery report: Johnny's Pond,"Colorado Parks and Wildlife provides an official fishery survey or report for this water. Open the source for survey dates, species observations, management findings and access information.",,,"https://www.google.com/search?q=""fishing report""+Johnny's Pond+""Douglas County""+Colorado"
c87a171a6e1ab7bd288c,,date_unknown,,Arapahoe,John Meade Park Lake,official_fishery_survey,Colorado Parks and Wildlife,True,CPW fishery report: John Meade Park Lake,"Colorado Parks and Wildlife provides an official fishery survey or report for this water. Open the source for survey dates, species observations, management findings and access information.",,,"https://www.google.com/search?q=""fishing report""+John Meade Park Lake (South)+""Arapahoe County""+Colorado"
b064579919a774816aa9,,date_unknown,,Bent,John Martin Reservoir,official_fishery_survey,Colorado Parks and Wildlife,True,CPW fishery report: John Martin Reservoir,"Colorado Parks and Wildlife provides an official fishery survey or report for this water. Open the source for survey dates, species observations, management findings and access information.",,,"https://www.google.com/search?q=""fishing report""+John Martin Reservoir+""Bent County""+Colorado"
dbf6a0884649a98f4f1c,,date_unknown,,Larimer,Joe Wright Reservoir,official_fishery_survey,Colorado Parks and Wildlife,True,CPW fishery report: Joe Wright Reservoir,"Colorado Parks and Wildlife provides an official fishery survey or report for this water. Open the source for survey dates, species observations, management findings and access information.",,,"https://www.google.com/search?q=""fishing report""+Joe Wright Reservoir+""Larimer County""+Colorado"
04436e8c9dfb491e8acb,,date_unknown,,Montezuma,Joe Moore Reservoir,official_fishery_survey,Colorado Parks and Wildlife,True,CPW fishery report: Joe Moore Reservoir,"Colorado Parks and Wildlife provides an official fishery survey or report for this water. Open the source for survey dates, species observations, management findings and access information.",,,"https://www.google.com/search?q=""fishing report""+Joe Moore Reservoir+""Montezuma County""+Colorado"
2fc150b6749744c38291,,date_unknown,,Adams,Jim Baker Reservoir,official_fishery_survey,Colorado Parks and Wildlife,True,CPW fishery report: Jim Baker Reservoir,"Colorado Parks and Wildlife provides an official fishery survey or report for this water. Open the source for survey dates, species observations, management findings and access information.",,,"https://www.google.com/search?q=""fishing report""+Jim Baker Reservoir+""Adams County""+Colorado"
68dcf483d701e6b09330,,date_unknown,,Jefferson,Jewel Park Pond,official_fishery_survey,Colorado Parks and Wildlife,True,CPW fishery report: Jewel Park Pond,"Colorado Parks and Wildlife provides an official fishery survey or report for this water. Open the source for survey dates, species observations, management findings and access information.",,,"https://www.google.com/search?q=""fishing report""+Jewel Park Pond+""Jefferson County""+Colorado"
1c0353bc36942a000279,,date_unknown,,Mesa,Jerry Creek Reservoir,official_fishery_survey,Colorado Parks and Wildlife,True,CPW fishery report: Jerry Creek Reservoir,"Colorado Parks and Wildlife provides an official fishery survey or report for this water. Open the source for survey dates, species observations, management findings and access information.",,,"https://www.google.com/search?q=""fishing report""+Jerry Creek Reservoir #2+""Mesa County""+Colorado"
fa594c9cd8398921faf5,,date_unknown,,Mesa,Jerry Creek Reservoir,official_fishery_survey,Colorado Parks and Wildlife,True,CPW fishery report: Jerry Creek Reservoir,"Colorado Parks and Wildlife provides an official fishery survey or report for this water. Open the source for survey dates, species observations, management findings and access information.",,,"https://www.google.com/search?q=""fishing report""+Jerry Creek Reservoir #1+""Mesa County""+Colorado"
856cefd36c519499993e,,date_unknown,,Boulder,Jenny Lake,official_fishery_survey,Colorado Parks and Wildlife,True,CPW fishery report: Jenny Lake,"Colorado Parks and Wildlife provides an official fishery survey or report for this water. Open the source for survey dates, species observations, management findings and access information.",,,"https://www.google.com/search?q=""fishing report""+Jenny Lake+""Boulder County""+Colorado"
5d8d3a959aa5127beb09,,date_unknown,,Gilpin,Jenny Creek,official_fishery_survey,Colorado Parks and Wildlife,True,CPW fishery report: Jenny Creek,"Colorado Parks and Wildlife provides an official fishery survey or report for this water. Open the source for survey dates, species observations, management findings and access information.",,,"https://www.google.com/search?q=""fishing report""+Jenny Creek+""Gilpin County""+Colorado"
fc892480357837c6b4e5,,date_unknown,,Park,Jefferson Lake,official_fishery_survey,Colorado Parks and Wildlife,True,CPW fishery report: Jefferson Lake,"Colorado Parks and Wildlife provides an official fishery survey or report for this water. Open the source for survey dates, species observations, management findings and access information.",,,"https://www.google.com/search?q=""fishing report""+Jefferson Lake+""Park County""+Colorado"
f4f19650e170e1e82200,,date_unknown,,Logan,Jeff's Pond,official_fishery_survey,Colorado Parks and Wildlife,True,CPW fishery report: Jeff's Pond,"Colorado Parks and Wildlife provides an official fishery survey or report for this water. Open the source for survey dates, species observations, management findings and access information.",,,"https://www.google.com/search?q=""fishing report""+Jeff's Pond+""Logan County""+Colorado"
eebcf66b05dcf3bf7890,,date_unknown,,Boulder,Jasper Lake,official_fishery_survey,Colorado Parks and Wildlife,True,CPW fishery report: Jasper Lake,"Colorado Parks and Wildlife provides an official fishery survey or report for this water. Open the source for survey dates, species observations, management findings and access information.",,,"https://www.google.com/search?q=""fishing report""+Jasper Lake+""Boulder County""+Colorado"
f789a75decfabeb3d8ed,,date_unknown,,Boulder,Jasper Creek,official_fishery_survey,Colorado Parks and Wildlife,True,CPW fishery report: Jasper Creek,"Colorado Parks and Wildlife provides an official fishery survey or report for this water. Open the source for survey dates, species observations, management findings and access information.",,,"https://www.google.com/search?q=""fishing report""+Jasper Creek+""Boulder County""+Colorado"
f45a7be5d24f1a58cba5,,date_unknown,,Gilpin,James Peak Lake,official_fishery_survey,Colorado Parks and Wildlife,True,CPW fishery report: James Peak Lake,"Colorado Parks and Wildlife provides an official fishery survey or report for this water. Open the source for survey dates, species observations, management findings and access information.",,,"https://www.google.com/search?q=""fishing report""+James Peak Lake+""Gilpin County""+Colorado"
47c9fc59b6e2ed86f372,,date_unknown,,Kiowa,Jackson's Pond,official_fishery_survey,Colorado Parks and Wildlife,True,CPW fishery report: Jackson's Pond,"Colorado Parks and Wildlife provides an official fishery survey or report for this water. Open the source for survey dates, species observations, management findings and access information.",,,"https://www.google.com/search?q=""fishing report""+Jackson's Pond+""Kiowa County""+Colorado"
af5b0ec7c40e407db02c,,date_unknown,,Morgan,Jackson Reservoir,official_fishery_survey,Colorado Parks and Wildlife,True,CPW fishery report: Jackson Reservoir,"Colorado Parks and Wildlife provides an official fishery survey or report for this water. Open the source for survey dates, species observations, management findings and access information.",,,"https://www.google.com/search?q=""fishing report""+Jackson Reservoir+""Morgan County""+Colorado"
2ba0f9ae28aa3ac9b98f,,date_unknown,,Montezuma,Jackson Gulch Reservoir,official_fishery_survey,Colorado Parks and Wildlife,True,CPW fishery report: Jackson Gulch Reservoir,"Colorado Parks and Wildlife provides an official fishery survey or report for this water. Open the source for survey dates, species observations, management findings and access information.",,,"https://www.google.com/search?q=""fishing report""+Jackson Gulch Reservoir+""Montezuma County""+Colorado"
b58e14c073bcbd6a1b0e,,date_unknown,,Douglas,"Jackson Creek, North Fork",official_fishery_survey,Colorado Parks and Wildlife,True,"CPW fishery report: Jackson Creek, North Fork","Colorado Parks and Wildlife provides an official fishery survey or report for this water. Open the source for survey dates, species observations, management findings and access information.",,,"https://www.google.com/search?q=""fishing report""+Jackson Creek, North Fork+""Douglas County""+Colorado"
081b1f30dd97c8590959,,date_unknown,,Douglas,Jackson Creek,official_fishery_survey,Colorado Parks and Wildlife,True,CPW fishery report: Jackson Creek,"Colorado Parks and Wildlife provides an official fishery survey or report for this water. Open the source for survey dates, species observations, management findings and access information.",,,"https://www.google.com/search?q=""fishing report""+Jackson Creek+""Douglas County""+Colorado"
8b6582ce3c7d28bb2305,,date_unknown,,Jackson,Jack Creek,official_fishery_survey,Colorado Parks and Wildlife,True,CPW fishery report: Jack Creek,"Colorado Parks and Wildlife provides an official fishery survey or report for this water. Open the source for survey dates, species observations, management findings and access information.",,,"https://www.google.com/search?q=""fishing report""+Jack Creek+""Jackson County""+Colorado"
5d8f656a1787af366e38,,date_unknown,,Boulder,Izaak Walton Longmont Pond,official_fishery_survey,Colorado Parks and Wildlife,True,CPW fishery report: Izaak Walton Longmont Pond,"Colorado Parks and Wildlife provides an official fishery survey or report for this water. Open the source for survey dates, species observations, management findings and access information.",,,"https://www.google.com/search?q=""fishing report""+Izaak Walton Longmont Pond+""Boulder County""+Colorado"
96ef4cdca577046d203c,,date_unknown,,Mineral,Ivy Creek,official_fishery_survey,Colorado Parks and Wildlife,True,CPW fishery report: Ivy Creek,"Colorado Parks and Wildlife provides an official fishery survey or report for this water. Open the source for survey dates, species observations, management findings and access information.",,,"https://www.google.com/search?q=""fishing report""+Ivy Creek+""Mineral County""+Colorado"
a045004674d3800afae8,,date_unknown,,Pitkin,Ivanhoe Lake,official_fishery_survey,Colorado Parks and Wildlife,True,CPW fishery report: Ivanhoe Lake,"Colorado Parks and Wildlife provides an official fishery survey or report for this water. Open the source for survey dates, species observations, management findings and access information.",,,"https://www.google.com/search?q=""fishing report""+Ivanhoe Lake+""Pitkin County""+Colorado"
48f80fb462e84a2c2024,,date_unknown,,Pitkin,Ivanhoe Creek,official_fishery_survey,Colorado Parks and Wildlife,True,CPW fishery report: Ivanhoe Creek,"Colorado Parks and Wildlife provides an official fishery survey or report for this water. Open the source for survey dates, species observations, management findings and access information.",,,"https://www.google.com/search?q=""fishing report""+Ivanhoe Creek+""Pitkin County""+Colorado"
24d5049cda72cee2e70f,,date_unknown,,Delta,Island Lake,official_fishery_survey,Colorado Parks and Wildlife,True,CPW fishery report: Island Lake,"Colorado Parks and Wildlife provides an official fishery survey or report for this water. Open the source for survey dates, species observations, management findings and access information.",,,"https://www.google.com/search?q=""fishing report""+Island Lake+""Delta County""+Colorado"
4f9f9aaa70020be1be08,,date_unknown,,Gunnison,Island Lake,official_fishery_survey,Colorado Parks and Wildlife,True,CPW fishery report: Island Lake,"Colorado Parks and Wildlife provides an official fishery survey or report for this water. Open the source for survey dates, species observations, management findings and access information.",,,"https://www.google.com/search?q=""fishing report""+Island Lake+""Gunnison County""+Colorado"
dd1b53e394bbf5c32ce6,,date_unknown,,Boulder,Isabelle Lake,official_fishery_survey,Colorado Parks and Wildlife,True,CPW fishery report: Isabelle Lake,"Colorado Parks and Wildlife provides an official fishery survey or report for this water. Open the source for survey dates, species observations, management findings and access information.",,,"https://www.google.com/search?q=""fishing report""+Isabelle Lake+""Boulder County""+Colorado"
989a278898af178801c8,,date_unknown,,Gunnison,Irwin Lake,official_fishery_survey,Colorado Parks and Wildlife,True,CPW fishery report: Irwin Lake,"Colorado Parks and Wildlife provides an official fishery survey or report for this water. Open the source for survey dates, species observations, management findings and access information.",,,"https://www.google.com/search?q=""fishing report""+Irwin Lake+""Gunnison County""+Colorado"
986e24282f629198bdda,,date_unknown,,Lake,Iowa Gulch,official_fishery_survey,Colorado Parks and Wildlife,True,CPW fishery report: Iowa Gulch,"Colorado Parks and Wildlife provides an official fishery survey or report for this water. Open the source for survey dates, species observations, management findings and access information.",,,"https://www.google.com/search?q=""fishing report""+Iowa Gulch+""Lake County""+Colorado"
aa53ff0de663b56cd270,,date_unknown,,Jackson,Illinois River,official_fishery_survey,Colorado Parks and Wildlife,True,CPW fishery report: Illinois River,"Colorado Parks and Wildlife provides an official fishery survey or report for this water. Open the source for survey dates, species observations, management findings and access information.",,,"https://www.google.com/search?q=""fishing report""+Illinois River+""Jackson County""+Colorado"
90cec659af8b5478b48a,,date_unknown,,Clear Creek,Idaho Springs Reservoir,official_fishery_survey,Colorado Parks and Wildlife,True,CPW fishery report: Idaho Springs Reservoir,"Colorado Parks and Wildlife provides an official fishery survey or report for this water. Open the source for survey dates, species observations, management findings and access information.",,,"https://www.google.com/search?q=""fishing report""+Idaho Springs Reservoir+""Clear Creek County""+Colorado"
aac0e9c1212ef9837e68,,date_unknown,,Gilpin,Iceberg Lakes,official_fishery_survey,Colorado Parks and Wildlife,True,CPW fishery report: Iceberg Lakes,"Colorado Parks and Wildlife provides an official fishery survey or report for this water. Open the source for survey dates, species observations, management findings and access information.",,,"https://www.google.com/search?q=""fishing report""+Iceberg Lake, South+""Gilpin County""+Colorado"
0db31bd59fe0d7a124ad,,date_unknown,,Clear Creek,Ice Lake,official_fishery_survey,Colorado Parks and Wildlife,True,CPW fishery report: Ice Lake,"Colorado Parks and Wildlife provides an official fishery survey or report for this water. Open the source for survey dates, species observations, management findings and access information.",,,"https://www.google.com/search?q=""fishing report""+Ice Lake+""Clear Creek County""+Colorado"
021336abb899a82ad4f8,,date_unknown,,Jefferson,Hyland Ponds,official_fishery_survey,Colorado Parks and Wildlife,True,CPW fishery report: Hyland Ponds,"Colorado Parks and Wildlife provides an official fishery survey or report for this water. Open the source for survey dates, species observations, management findings and access information.",,,"https://www.google.com/search?q=""fishing report""+Hyland Ponds 2+""Jefferson County""+Colorado"
69e83a02e3e09e891e79,,date_unknown,,Jefferson,Hyland Ponds,official_fishery_survey,Colorado Parks and Wildlife,True,CPW fishery report: Hyland Ponds,"Colorado Parks and Wildlife provides an official fishery survey or report for this water. Open the source for survey dates, species observations, management findings and access information.",,,"https://www.google.com/search?q=""fishing report""+Hyland Ponds 1+""Jefferson County""+Colorado"
b3d46a8be2a3cfe36817,,date_unknown,,Denver,Huston Park Lake,official_fishery_survey,Colorado Parks and Wildlife,True,CPW fishery report: Huston Park Lake,"Colorado Parks and Wildlife provides an official fishery survey or report for this water. Open the source for survey dates, species observations, management findings and access information.",,,"https://www.google.com/search?q=""fishing report""+Huston Park Lake+""Denver County""+Colorado"
e866bf83f04808cf2f79,,date_unknown,,Adams,Hunters Glen Lake,official_fishery_survey,Colorado Parks and Wildlife,True,CPW fishery report: Hunters Glen Lake,"Colorado Parks and Wildlife provides an official fishery survey or report for this water. Open the source for survey dates, species observations, management findings and access information.",,,"https://www.google.com/search?q=""fishing report""+Hunters Glen Lake+""Adams County""+Colorado"
0d1d2bb02d2a68d7603a,,date_unknown,,Mesa,Hunter Reservoir,official_fishery_survey,Colorado Parks and Wildlife,True,CPW fishery report: Hunter Reservoir,"Colorado Parks and Wildlife provides an official fishery survey or report for this water. Open the source for survey dates, species observations, management findings and access information.",,,"https://www.google.com/search?q=""fishing report""+Hunter Reservoir+""Mesa County""+Colorado"
73941f58875ebd1e0ec7,,date_unknown,,Chaffee,Hunt Lake,official_fishery_survey,Colorado Parks and Wildlife,True,CPW fishery report: Hunt Lake,"Colorado Parks and Wildlife provides an official fishery survey or report for this water. Open the source for survey dates, species observations, management findings and access information.",,,"https://www.google.com/search?q=""fishing report""+Hunt Lake+""Chaffee County""+Colorado"
24f2b313d0a3ad11d2a3,,date_unknown,,Lincoln,Hugo SWA Ponds,official_fishery_survey,Colorado Parks and Wildlife,True,CPW fishery report: Hugo SWA Ponds,"Colorado Parks and Wildlife provides an official fishery survey or report for this water. Open the source for survey dates, species observations, management findings and access information.",,,"https://www.google.com/search?q=""fishing report""+Hugo SWA Pond #6+""Lincoln County""+Colorado"
13773b6b5917b341e02e,,date_unknown,,Lincoln,Hugo Ponds,official_fishery_survey,Colorado Parks and Wildlife,True,CPW fishery report: Hugo Ponds,"Colorado Parks and Wildlife provides an official fishery survey or report for this water. Open the source for survey dates, species observations, management findings and access information.",,,"https://www.google.com/search?q=""fishing report""+Hugo SWA Pond #2+""Lincoln County""+Colorado"
82d603e06bb81f19a959,,date_unknown,,Huerfano,Huerfano River,official_fishery_survey,Colorado Parks and Wildlife,True,CPW fishery report: Huerfano River,"Colorado Parks and Wildlife provides an official fishery survey or report for this water. Open the source for survey dates, species observations, management findings and access information.",,,"https://www.google.com/search?q=""fishing report""+Huerfano River+""Huerfano County""+Colorado"
3d1eefacdcd6e57a1c20,,date_unknown,,Weld,Hudson Town Pond,official_fishery_survey,Colorado Parks and Wildlife,True,CPW fishery report: Hudson Town Pond,"Colorado Parks and Wildlife provides an official fishery survey or report for this water. Open the source for survey dates, species observations, management findings and access information.",,,"https://www.google.com/search?q=""fishing report""+Hudson Town Pond+""Weld County""+Colorado"
e21a9b8c3fbab38b650b,,date_unknown,,Delta,Hotel Twin Lake,official_fishery_survey,Colorado Parks and Wildlife,True,CPW fishery report: Hotel Twin Lake,"Colorado Parks and Wildlife provides an official fishery survey or report for this water. Open the source for survey dates, species observations, management findings and access information.",,,"https://www.google.com/search?q=""fishing report""+Hotel Twin Lake+""Delta County""+Colorado"
a296d90bc15a187666e3,,date_unknown,,Gunnison,Hot Springs Reservoir,official_fishery_survey,Colorado Parks and Wildlife,True,CPW fishery report: Hot Springs Reservoir,"Colorado Parks and Wildlife provides an official fishery survey or report for this water. Open the source for survey dates, species observations, management findings and access information.",,,"https://www.google.com/search?q=""fishing report""+Hot Springs Reservoir+""Gunnison County""+Colorado"
fbf741c08a3200059677,,date_unknown,,Larimer,Horsetooth Reservoir,official_fishery_survey,Colorado Parks and Wildlife,True,CPW fishery report: Horsetooth Reservoir,"Colorado Parks and Wildlife provides an official fishery survey or report for this water. Open the source for survey dates, species observations, management findings and access information.",,,"https://www.google.com/search?q=""fishing report""+Horsetooth Reservoir+""Larimer County""+Colorado"
b6f1b1f53655e6d7e080,,date_unknown,,Huerfano,Horseshoe Reservoir,official_fishery_survey,Colorado Parks and Wildlife,True,CPW fishery report: Horseshoe Reservoir,"Colorado Parks and Wildlife provides an official fishery survey or report for this water. Open the source for survey dates, species observations, management findings and access information.",,,"https://www.google.com/search?q=""fishing report""+Horseshoe Reservoir+""Huerfano County""+Colorado"
5ed4dd92d2739aec3c4f,,date_unknown,,Custer,Horseshoe Lake,official_fishery_survey,Colorado Parks and Wildlife,True,CPW fishery report: Horseshoe Lake,"Colorado Parks and Wildlife provides an official fishery survey or report for this water. Open the source for survey dates, species observations, management findings and access information.",,,"https://www.google.com/search?q=""fishing report""+Horseshoe Lake+""Custer County""+Colorado"
a42233c02b5962784f06,,date_unknown,,Boulder,Horseshoe Creek,official_fishery_survey,Colorado Parks and Wildlife,True,CPW fishery report: Horseshoe Creek,"Colorado Parks and Wildlife provides an official fishery survey or report for this water. Open the source for survey dates, species observations, management findings and access information.",,,"https://www.google.com/search?q=""fishing report""+Horseshoe Creek+""Boulder County""+Colorado"
edcca58a0a205f4487a8,,date_unknown,,Douglas,Horse Creek,official_fishery_survey,Colorado Parks and Wildlife,True,CPW fishery report: Horse Creek,"Colorado Parks and Wildlife provides an official fishery survey or report for this water. Open the source for survey dates, species observations, management findings and access information.",,,"https://www.google.com/search?q=""fishing report""+Horse Creek+""Douglas County""+Colorado"
e6b27828c004f033315b,,date_unknown,,Custer,"Horn Lake, Little",official_fishery_survey,Colorado Parks and Wildlife,True,"CPW fishery report: Horn Lake, Little","Colorado Parks and Wildlife provides an official fishery survey or report for this water. Open the source for survey dates, species observations, management findings and access information.",,,"https://www.google.com/search?q=""fishing report""+Horn Lake, Little+""Custer County""+Colorado"
d9d00dc5d07971f7a48a,,date_unknown,,Custer,Horn Lake,official_fishery_survey,Colorado Parks and Wildlife,True,CPW fishery report: Horn Lake,"Colorado Parks and Wildlife provides an official fishery survey or report for this water. Open the source for survey dates, species observations, management findings and access information.",,,"https://www.google.com/search?q=""fishing report""+Horn Lake+""Custer County""+Colorado"
3d08b0c54964390f0456,,date_unknown,,El Paso,Homestead Ranch Park Pond,official_fishery_survey,Colorado Parks and Wildlife,True,CPW fishery report: Homestead Ranch Park Pond,"Colorado Parks and Wildlife provides an official fishery survey or report for this water. Open the source for survey dates, species observations, management findings and access information.",,,"https://www.google.com/search?q=""fishing report""+Homestead Ranch Park Pond+""El Paso County""+Colorado"
5aa9c8d728e0123142e4,,date_unknown,,Eagle,Homestake Creek,official_fishery_survey,Colorado Parks and Wildlife,True,CPW fishery report: Homestake Creek,"Colorado Parks and Wildlife provides an official fishery survey or report for this water. Open the source for survey dates, species observations, management findings and access information.",,,"https://www.google.com/search?q=""fishing report""+Homestake Creek+""Eagle County""+Colorado"
41aba74a8bfa4e496672,,date_unknown,,Phillips,Holyoke City Lake,official_fishery_survey,Colorado Parks and Wildlife,True,CPW fishery report: Holyoke City Lake,"Colorado Parks and Wildlife provides an official fishery survey or report for this water. Open the source for survey dates, species observations, management findings and access information.",,,"https://www.google.com/search?q=""fishing report""+Holyoke City Lake+""Phillips County""+Colorado"
e387ef3bdf57068b04b8,,date_unknown,,Larimer,"Hohnholz Lake #3, Big",official_fishery_survey,Colorado Parks and Wildlife,True,"CPW fishery report: Hohnholz Lake #3, Big","Colorado Parks and Wildlife provides an official fishery survey or report for this water. Open the source for survey dates, species observations, management findings and access information.",,,"https://www.google.com/search?q=""fishing report""+Hohnholz Lake #3, Big+""Larimer County""+Colorado"
bf8ca21cc07cb535aba0,,date_unknown,,Larimer,"Hohnholz Lake #2, Little",official_fishery_survey,Colorado Parks and Wildlife,True,"CPW fishery report: Hohnholz Lake #2, Little","Colorado Parks and Wildlife provides an official fishery survey or report for this water. Open the source for survey dates, species observations, management findings and access information.",,,"https://www.google.com/search?q=""fishing report""+Hohnholz Lake #2, Little+""Larimer County""+Colorado"
0ae3d89291fd11bbaa5c,,date_unknown,,Larimer,"Hohnholz Lake #1, East",official_fishery_survey,Colorado Parks and Wildlife,True,"CPW fishery report: Hohnholz Lake #1, East","Colorado Parks and Wildlife provides an official fishery survey or report for this water. Open the source for survey dates, species observations, management findings and access information.",,,"https://www.google.com/search?q=""fishing report""+Hohnholz Lake #1, East+""Larimer County""+Colorado"
5e00af535044ef651ee1,,date_unknown,,Jefferson,Hine Lake,official_fishery_survey,Colorado Parks and Wildlife,True,CPW fishery report: Hine Lake,"Colorado Parks and Wildlife provides an official fishery survey or report for this water. Open the source for survey dates, species observations, management findings and access information.",,,"https://www.google.com/search?q=""fishing report""+Hine Lake+""Jefferson County""+Colorado"
f6370fc67253a6b4ace8,,date_unknown,,Mesa,Highline Lake,official_fishery_survey,Colorado Parks and Wildlife,True,CPW fishery report: Highline Lake,"Colorado Parks and Wildlife provides an official fishery survey or report for this water. Open the source for survey dates, species observations, management findings and access information.",,,"https://www.google.com/search?q=""fishing report""+Highline Lake+""Mesa County""+Colorado"
f5395e2389396ef5f494,,date_unknown,,La Plata,Hermosa Creek,official_fishery_survey,Colorado Parks and Wildlife,True,CPW fishery report: Hermosa Creek,"Colorado Parks and Wildlife provides an official fishery survey or report for this water. Open the source for survey dates, species observations, management findings and access information.",,,"https://www.google.com/search?q=""fishing report""+Hermosa Creek+""La Plata County""+Colorado"
f7bf24b27d228def5218,,date_unknown,,Custer,Hermit Lake,official_fishery_survey,Colorado Parks and Wildlife,True,CPW fishery report: Hermit Lake,"Colorado Parks and Wildlife provides an official fishery survey or report for this water. Open the source for survey dates, species observations, management findings and access information.",,,"https://www.google.com/search?q=""fishing report""+Hermit Lake+""Custer County""+Colorado"
3c5d75165f601f0a316b,,date_unknown,,Crowley,Henry Lake,official_fishery_survey,Colorado Parks and Wildlife,True,CPW fishery report: Henry Lake,"Colorado Parks and Wildlife provides an official fishery survey or report for this water. Open the source for survey dates, species observations, management findings and access information.",,,"https://www.google.com/search?q=""fishing report""+Henry Lake+""Crowley County""+Colorado"
0890bee2a601c756d196,,date_unknown,,La Plata,Henderson Lake,official_fishery_survey,Colorado Parks and Wildlife,True,CPW fishery report: Henderson Lake,"Colorado Parks and Wildlife provides an official fishery survey or report for this water. Open the source for survey dates, species observations, management findings and access information.",,,"https://www.google.com/search?q=""fishing report""+Henderson Lake+""La Plata County""+Colorado"
592787098d7b2b01687e,,date_unknown,,Larimer,Heinricy Lake,official_fishery_survey,Colorado Parks and Wildlife,True,CPW fishery report: Heinricy Lake,"Colorado Parks and Wildlife provides an official fishery survey or report for this water. Open the source for survey dates, species observations, management findings and access information.",,,"https://www.google.com/search?q=""fishing report""+Heinricy Lake+""Larimer County""+Colorado"
e49dcd563ac43e4b5f61,,date_unknown,,Gilpin,Heart Lake,official_fishery_survey,Colorado Parks and Wildlife,True,CPW fishery report: Heart Lake,"Colorado Parks and Wildlife provides an official fishery survey or report for this water. Open the source for survey dates, species observations, management findings and access information.",,,"https://www.google.com/search?q=""fishing report""+Heart Lake+""Gilpin County""+Colorado"
66879877ef2a173a7872,,date_unknown,,Garfield,Heart Lake,official_fishery_survey,Colorado Parks and Wildlife,True,CPW fishery report: Heart Lake,"Colorado Parks and Wildlife provides an official fishery survey or report for this water. Open the source for survey dates, species observations, management findings and access information.",,,"https://www.google.com/search?q=""fishing report""+Heart Lake+""Garfield County""+Colorado"
2a9fed05b25b26039f2c,,date_unknown,,Lake,Hayden Meadows Reservoir,official_fishery_survey,Colorado Parks and Wildlife,True,CPW fishery report: Hayden Meadows Reservoir,"Colorado Parks and Wildlife provides an official fishery survey or report for this water. Open the source for survey dates, species observations, management findings and access information.",,,"https://www.google.com/search?q=""fishing report""+Hayden Meadows Reservoir+""Lake County""+Colorado"
796bd0696237444777b8,,date_unknown,,Phillips,Haxtun Gun Club Lake,official_fishery_survey,Colorado Parks and Wildlife,True,CPW fishery report: Haxtun Gun Club Lake,"Colorado Parks and Wildlife provides an official fishery survey or report for this water. Open the source for survey dates, species observations, management findings and access information.",,,"https://www.google.com/search?q=""fishing report""+Haxtun Gun Club Lake+""Phillips County""+Colorado"
154bc249d99f0ca5cf65,,date_unknown,,La Plata,Haviland Lake,official_fishery_survey,Colorado Parks and Wildlife,True,CPW fishery report: Haviland Lake,"Colorado Parks and Wildlife provides an official fishery survey or report for this water. Open the source for survey dates, species observations, management findings and access information.",,,"https://www.google.com/search?q=""fishing report""+Haviland Lake+""La Plata County""+Colorado"
62ede1f5509fdca33187,,date_unknown,,Clear Creek,Hassell Lake,official_fishery_survey,Colorado Parks and Wildlife,True,CPW fishery report: Hassell Lake,"Colorado Parks and Wildlife provides an official fishery survey or report for this water. Open the source for survey dates, species observations, management findings and access information.",,,"https://www.google.com/search?q=""fishing report""+Hassell Lake+""Clear Creek County""+Colorado"
58441e1cea2d57af511d,,date_unknown,,Denver,Harvey Lake,official_fishery_survey,Colorado Parks and Wildlife,True,CPW fishery report: Harvey Lake,"Colorado Parks and Wildlife provides an official fishery survey or report for this water. Open the source for survey dates, species observations, management findings and access information.",,,"https://www.google.com/search?q=""fishing report""+Harvey Lake+""Denver County""+Colorado"
5843e4fce1ad1a4bba5e,,date_unknown,,Garfield,Harvey Gap Reservoir,official_fishery_survey,Colorado Parks and Wildlife,True,CPW fishery report: Harvey Gap Reservoir,"Colorado Parks and Wildlife provides an official fishery survey or report for this water. Open the source for survey dates, species observations, management findings and access information.",,,"https://www.google.com/search?q=""fishing report""+Harvey Gap Reservoir+""Garfield County""+Colorado"
6637c7722b2338e15ac1,,date_unknown,,Chaffee,Hartenstein Lake,official_fishery_survey,Colorado Parks and Wildlife,True,CPW fishery report: Hartenstein Lake,"Colorado Parks and Wildlife provides an official fishery survey or report for this water. Open the source for survey dates, species observations, management findings and access information.",,,"https://www.google.com/search?q=""fishing report""+Hartenstein Lake+""Chaffee County""+Colorado"
a0fdadf4773dfb0a718d,,date_unknown,,Jefferson,Harriman Lake,official_fishery_survey,Colorado Parks and Wildlife,True,CPW fishery report: Harriman Lake,"Colorado Parks and Wildlife provides an official fishery survey or report for this water. Open the source for survey dates, species observations, management findings and access information.",,,"https://www.google.com/search?q=""fishing report""+Harriman Lake+""Jefferson County""+Colorado"
8c3f000e74fe106ea371,,date_unknown,,Boulder,Harper Lake,official_fishery_survey,Colorado Parks and Wildlife,True,CPW fishery report: Harper Lake,"Colorado Parks and Wildlife provides an official fishery survey or report for this water. Open the source for survey dates, species observations, management findings and access information.",,,"https://www.google.com/search?q=""fishing report""+Harper Lake+""Boulder County""+Colorado"
b889a0e51354575ca4c4,,date_unknown,,Jefferson,Hankins Gulch,official_fishery_survey,Colorado Parks and Wildlife,True,CPW fishery report: Hankins Gulch,"Colorado Parks and Wildlife provides an official fishery survey or report for this water. Open the source for survey dates, species observations, management findings and access information.",,,"https://www.google.com/search?q=""fishing report""+Hankins Gulch+""Jefferson County""+Colorado"
d957cce6efb0ef84a4da,,date_unknown,,Lake,Hallenbeck Ponds,official_fishery_survey,Colorado Parks and Wildlife,True,CPW fishery report: Hallenbeck Ponds,"Colorado Parks and Wildlife provides an official fishery survey or report for this water. Open the source for survey dates, species observations, management findings and access information.",,,"https://www.google.com/search?q=""fishing report""+Hallenbeck Ponds+""Lake County""+Colorado"
ca10e4eaad88091b24c3,,date_unknown,,Routt,Hahns Peak Lake,official_fishery_survey,Colorado Parks and Wildlife,True,CPW fishery report: Hahns Peak Lake,"Colorado Parks and Wildlife provides an official fishery survey or report for this water. Open the source for survey dates, species observations, management findings and access information.",,,"https://www.google.com/search?q=""fishing report""+Hahns Peak Lake+""Routt County""+Colorado"
9d53f6cbc58f39865f85,,date_unknown,,Eagle,Gypsum Ponds,official_fishery_survey,Colorado Parks and Wildlife,True,CPW fishery report: Gypsum Ponds,"Colorado Parks and Wildlife provides an official fishery survey or report for this water. Open the source for survey dates, species observations, management findings and access information.",,,"https://www.google.com/search?q=""fishing report""+Gypsum Ponds+""Eagle County""+Colorado"
bb30c1d3e54c0bdf7f2b,,date_unknown,,Gunnison,"Gunnison River, Lake Fork #2",official_fishery_survey,Colorado Parks and Wildlife,True,"CPW fishery report: Gunnison River, Lake Fork #2","Colorado Parks and Wildlife provides an official fishery survey or report for this water. Open the source for survey dates, species observations, management findings and access information.",,,"http://www.google.com/search?q=""fishing report""+Gunnison River, Lake Fork+""Gunnison County""+Colorado"
4a5f9a91798535199c3a,,date_unknown,,Hinsdale,"Gunnison River, Lake Fork",official_fishery_survey,Colorado Parks and Wildlife,True,"CPW fishery report: Gunnison River, Lake Fork","Colorado Parks and Wildlife provides an official fishery survey or report for this water. Open the source for survey dates, species observations, management findings and access information.",,,"https://www.google.com/search?q=""fishing report""+Gunnison River, Lake Fork+""Hinsdale County""+Colorado"
17accc41993071987d31,,date_unknown,,Delta,Gunnison River,official_fishery_survey,Colorado Parks and Wildlife,True,CPW fishery report: Gunnison River,"Colorado Parks and Wildlife provides an official fishery survey or report for this water. Open the source for survey dates, species observations, management findings and access information.",,,"https://www.google.com/search?q=""fishing report""+Gunnison River+""Delta County""+Colorado"
1cf78ce0c05fc677d80f,,date_unknown,,Gunnison,Gunnison River,official_fishery_survey,Colorado Parks and Wildlife,True,CPW fishery report: Gunnison River,"Colorado Parks and Wildlife provides an official fishery survey or report for this water. Open the source for survey dates, species observations, management findings and access information.",,,"https://www.google.com/search?q=""fishing report""+Gunnison River+""Gunnison County""+Colorado"
15756784e394aa00035d,,date_unknown,,Montrose,Gunnison River,official_fishery_survey,Colorado Parks and Wildlife,True,CPW fishery report: Gunnison River,"Colorado Parks and Wildlife provides an official fishery survey or report for this water. Open the source for survey dates, species observations, management findings and access information.",,,"https://www.google.com/search?q=""fishing report""+Gunnison River+""Montrose County""+Colorado"
9104e0fbb49463ab5419,,date_unknown,,Gunnison,Gunnison Pond,official_fishery_survey,Colorado Parks and Wildlife,True,CPW fishery report: Gunnison Pond,"Colorado Parks and Wildlife provides an official fishery survey or report for this water. Open the source for survey dates, species observations, management findings and access information.",,,"https://www.google.com/search?q=""fishing report""+Gunnison Pond+""Gunnison County""+Colorado"
257fbb790038fa00d5b9,,date_unknown,,Dolores,Groundhog Reservoir,official_fishery_survey,Colorado Parks and Wildlife,True,CPW fishery report: Groundhog Reservoir,"Colorado Parks and Wildlife provides an official fishery survey or report for this water. Open the source for survey dates, species observations, management findings and access information.",,,"https://www.google.com/search?q=""fishing report""+Groundhog Reservoir+""Dolores County""+Colorado"
8b0b3dc6781f3c7cdd31,,date_unknown,,Saguache,Groundhog Creek,official_fishery_survey,Colorado Parks and Wildlife,True,CPW fishery report: Groundhog Creek,"Colorado Parks and Wildlife provides an official fishery survey or report for this water. Open the source for survey dates, species observations, management findings and access information.",,,"https://www.google.com/search?q=""fishing report""+Groundhog Creek+""Saguache County""+Colorado"
edf939ec8b7bc88ec7f5,,date_unknown,,Boulder,Gross Reservoir,official_fishery_survey,Colorado Parks and Wildlife,True,CPW fishery report: Gross Reservoir,"Colorado Parks and Wildlife provides an official fishery survey or report for this water. Open the source for survey dates, species observations, management findings and access information.",,,"https://www.google.com/search?q=""fishing report""+Gross Reservoir+""Boulder County""+Colorado"
f464e21cb1d4f5c5b7ef,,date_unknown,,Pitkin,Grizzly Reservoir,official_fishery_survey,Colorado Parks and Wildlife,True,CPW fishery report: Grizzly Reservoir,"Colorado Parks and Wildlife provides an official fishery survey or report for this water. Open the source for survey dates, species observations, management findings and access information.",,,"https://www.google.com/search?q=""fishing report""+Grizzly Reservoir+""Pitkin County""+Colorado"
d9538e9059678ab8d84e,,date_unknown,,Summit,Green Mountain Reservoir,official_fishery_survey,Colorado Parks and Wildlife,True,CPW fishery report: Green Mountain Reservoir,"Colorado Parks and Wildlife provides an official fishery survey or report for this water. Open the source for survey dates, species observations, management findings and access information.",,,"https://www.google.com/search?q=""fishing report""+Green Mountain Reservoir+""Summit County""+Colorado"
914e722396080f538ddc,,date_unknown,,El Paso,Green Mountain Falls Lake,official_fishery_survey,Colorado Parks and Wildlife,True,CPW fishery report: Green Mountain Falls Lake,"Colorado Parks and Wildlife provides an official fishery survey or report for this water. Open the source for survey dates, species observations, management findings and access information.",,,"https://www.google.com/search?q=""fishing report""+Green Mountain Falls Lake+""El Paso County""+Colorado"
1a7d19105748d16637d4,,date_unknown,,Jefferson,Green Gables Park Pond,official_fishery_survey,Colorado Parks and Wildlife,True,CPW fishery report: Green Gables Park Pond,"Colorado Parks and Wildlife provides an official fishery survey or report for this water. Open the source for survey dates, species observations, management findings and access information.",,,"https://www.google.com/search?q=""fishing report""+Green Gables Park Pond+""Jefferson County""+Colorado"
7675d424a39865959df4,,date_unknown,,Fremont,Grape Creek #1A,official_fishery_survey,Colorado Parks and Wildlife,True,CPW fishery report: Grape Creek #1A,"Colorado Parks and Wildlife provides an official fishery survey or report for this water. Open the source for survey dates, species observations, management findings and access information.",,,"http://www.google.com/search?q=""fishing report""+Grape Creek+""Fremont County""+Colorado"
6a9a67c3b40ac02e817e,,date_unknown,,Fremont,Grape Creek,official_fishery_survey,Colorado Parks and Wildlife,True,CPW fishery report: Grape Creek,"Colorado Parks and Wildlife provides an official fishery survey or report for this water. Open the source for survey dates, species observations, management findings and access information.",,,"https://www.google.com/search?q=""fishing report""+Grape Creek+""Fremont County""+Colorado"
ba6ccee6b2ce0733365b,,date_unknown,,Adams,Grandview Ponds,official_fishery_survey,Colorado Parks and Wildlife,True,CPW fishery report: Grandview Ponds,"Colorado Parks and Wildlife provides an official fishery survey or report for this water. Open the source for survey dates, species observations, management findings and access information.",,,"https://www.google.com/search?q=""fishing report""+Grandview Pond #3+""Adams County""+Colorado"
cf3d2a259d49812c7b0b,,date_unknown,,Grand,Grand Lake,official_fishery_survey,Colorado Parks and Wildlife,True,CPW fishery report: Grand Lake,"Colorado Parks and Wildlife provides an official fishery survey or report for this water. Open the source for survey dates, species observations, management findings and access information.",,,"https://www.google.com/search?q=""fishing report""+Grand Lake+""Grand County""+Colorado"
66f556d1b2ebb7ed326b,,date_unknown,,Grand,Granby Town Pond #1,official_fishery_survey,Colorado Parks and Wildlife,True,CPW fishery report: Granby Town Pond #1,"Colorado Parks and Wildlife provides an official fishery survey or report for this water. Open the source for survey dates, species observations, management findings and access information.",,,"https://www.google.com/search?q=""fishing report""+Granby Town Pond #1+""Grand County""+Colorado"
8c1de4bc0f0eae01bd56,,date_unknown,,Delta,Granby Reservoirs,official_fishery_survey,Colorado Parks and Wildlife,True,CPW fishery report: Granby Reservoirs,"Colorado Parks and Wildlife provides an official fishery survey or report for this water. Open the source for survey dates, species observations, management findings and access information.",,,"https://www.google.com/search?q=""fishing report""+Granby Res #4, 5, 10 & 11+""Delta County""+Colorado"
a345762ab1e207493feb,,date_unknown,,Grand,Granby City Pond,official_fishery_survey,Colorado Parks and Wildlife,True,CPW fishery report: Granby City Pond,"Colorado Parks and Wildlife provides an official fishery survey or report for this water. Open the source for survey dates, species observations, management findings and access information.",,,"https://www.google.com/search?q=""fishing report""+Granby City Pond+""Grand County""+Colorado"
a6a41c6714c6a6af1491,,date_unknown,,Eagle,Gore Creek,official_fishery_survey,Colorado Parks and Wildlife,True,CPW fishery report: Gore Creek,"Colorado Parks and Wildlife provides an official fishery survey or report for this water. Open the source for survey dates, species observations, management findings and access information.",,,"https://www.google.com/search?q=""fishing report""+Gore Creek+""Eagle County""+Colorado"
df66bc5e7386307ff5af,,date_unknown,,Jefferson,Goose Creek,official_fishery_survey,Colorado Parks and Wildlife,True,CPW fishery report: Goose Creek,"Colorado Parks and Wildlife provides an official fishery survey or report for this water. Open the source for survey dates, species observations, management findings and access information.",,,"https://www.google.com/search?q=""fishing report""+Goose Creek+""Jefferson County""+Colorado"
639d63de3b349c6ba085,,date_unknown,,Custer,Goodwin Lakes,official_fishery_survey,Colorado Parks and Wildlife,True,CPW fishery report: Goodwin Lakes,"Colorado Parks and Wildlife provides an official fishery survey or report for this water. Open the source for survey dates, species observations, management findings and access information.",,,"https://www.google.com/search?q=""fishing report""+Goodwin Lake, Lower+""Custer County""+Colorado"
2129d134e0d869bd038a,,date_unknown,,Boulder,Golden Ponds,official_fishery_survey,Colorado Parks and Wildlife,True,CPW fishery report: Golden Ponds,"Colorado Parks and Wildlife provides an official fishery survey or report for this water. Open the source for survey dates, species observations, management findings and access information.",,,"https://www.google.com/search?q=""fishing report""+Golden Gravel Pond #2+""Boulder County""+Colorado"
c903eb2147e83d489f82,,date_unknown,,Larimer,Golden Meadows Pond,official_fishery_survey,Colorado Parks and Wildlife,True,CPW fishery report: Golden Meadows Pond,"Colorado Parks and Wildlife provides an official fishery survey or report for this water. Open the source for survey dates, species observations, management findings and access information.",,,"https://www.google.com/search?q=""fishing report""+Golden Meadows Pond+""Larimer County""+Colorado"
79a7c9acff38576e6006,,date_unknown,,Weld,Glenmere Lake,official_fishery_survey,Colorado Parks and Wildlife,True,CPW fishery report: Glenmere Lake,"Colorado Parks and Wildlife provides an official fishery survey or report for this water. Open the source for survey dates, species observations, management findings and access information.",,,"https://www.google.com/search?q=""fishing report""+Glenmere Lake+""Weld County""+Colorado"
8a4db4119da4fbe0b71a,,date_unknown,,Lake,Glacier Creek,official_fishery_survey,Colorado Parks and Wildlife,True,CPW fishery report: Glacier Creek,"Colorado Parks and Wildlife provides an official fishery survey or report for this water. Open the source for survey dates, species observations, management findings and access information.",,,"https://www.google.com/search?q=""fishing report""+Glacier Creek+""Lake County""+Colorado"
24fa4eb30b986617210f,,date_unknown,,Park,Gibson Lake,official_fishery_survey,Colorado Parks and Wildlife,True,CPW fishery report: Gibson Lake,"Colorado Parks and Wildlife provides an official fishery survey or report for this water. Open the source for survey dates, species observations, management findings and access information.",,,"https://www.google.com/search?q=""fishing report""+Gibson Lake+""Park County""+Colorado"
ac03a0a8af8130da9172,,date_unknown,,Clear Creek,Georgetown Lake,official_fishery_survey,Colorado Parks and Wildlife,True,CPW fishery report: Georgetown Lake,"Colorado Parks and Wildlife provides an official fishery survey or report for this water. Open the source for survey dates, species observations, management findings and access information.",,,"https://www.google.com/search?q=""fishing report""+Georgetown Lake+""Clear Creek County""+Colorado"
4394649ea98219aed846,,date_unknown,,Arapahoe,Geneva Lake,official_fishery_survey,Colorado Parks and Wildlife,True,CPW fishery report: Geneva Lake,"Colorado Parks and Wildlife provides an official fishery survey or report for this water. Open the source for survey dates, species observations, management findings and access information.",,,"https://www.google.com/search?q=""fishing report""+Geneva Lake+""Arapahoe County""+Colorado"
d54ba610db1367f36641,,date_unknown,,Park,Geneva Creek,official_fishery_survey,Colorado Parks and Wildlife,True,CPW fishery report: Geneva Creek,"Colorado Parks and Wildlife provides an official fishery survey or report for this water. Open the source for survey dates, species observations, management findings and access information.",,,"https://www.google.com/search?q=""fishing report""+Geneva Creek+""Park County""+Colorado"
2d983d22f19dd4ab4386,,date_unknown,,Denver,Garland Park Lake,official_fishery_survey,Colorado Parks and Wildlife,True,CPW fishery report: Garland Park Lake,"Colorado Parks and Wildlife provides an official fishery survey or report for this water. Open the source for survey dates, species observations, management findings and access information.",,,"https://www.google.com/search?q=""fishing report""+Garland Park Lake+""Denver County""+Colorado"
c2cbdf90b77774595dd2,,date_unknown,,Denver,Garfield Lake,official_fishery_survey,Colorado Parks and Wildlife,True,CPW fishery report: Garfield Lake,"Colorado Parks and Wildlife provides an official fishery survey or report for this water. Open the source for survey dates, species observations, management findings and access information.",,,"https://www.google.com/search?q=""fishing report""+Garfield Lake+""Denver County""+Colorado"
4f33b8a10f708710effe,,date_unknown,,Routt,Gardner Park Reservoir,official_fishery_survey,Colorado Parks and Wildlife,True,CPW fishery report: Gardner Park Reservoir,"Colorado Parks and Wildlife provides an official fishery survey or report for this water. Open the source for survey dates, species observations, management findings and access information.",,,"https://www.google.com/search?q=""fishing report""+Gardner Park Reservoir+""Routt County""+Colorado"
ebda56f6743e815c684c,,date_unknown,,San Juan,Fuller Lake,official_fishery_survey,Colorado Parks and Wildlife,True,CPW fishery report: Fuller Lake,"Colorado Parks and Wildlife provides an official fishery survey or report for this water. Open the source for survey dates, species observations, management findings and access information.",,,"https://www.google.com/search?q=""fishing report""+Fuller Lake+""San Juan County""+Colorado"
6c0739b475a6119f882d,,date_unknown,,Pitkin,"Fryingpan River, North Fork",official_fishery_survey,Colorado Parks and Wildlife,True,"CPW fishery report: Fryingpan River, North Fork","Colorado Parks and Wildlife provides an official fishery survey or report for this water. Open the source for survey dates, species observations, management findings and access information.",,,"https://www.google.com/search?q=""fishing report""+Fryingpan River, North Fork+""Pitkin County""+Colorado"
31ae1cacd257366ff41d,,date_unknown,,Eagle,Fryingpan River,official_fishery_survey,Colorado Parks and Wildlife,True,CPW fishery report: Fryingpan River,"Colorado Parks and Wildlife provides an official fishery survey or report for this water. Open the source for survey dates, species observations, management findings and access information.",,,"https://www.google.com/search?q=""fishing report""+Fryingpan River+""Eagle County""+Colorado"
de3ac00390428ea5e415,,date_unknown,,Pitkin,Fryingpan River,official_fishery_survey,Colorado Parks and Wildlife,True,CPW fishery report: Fryingpan River,"Colorado Parks and Wildlife provides an official fishery survey or report for this water. Open the source for survey dates, species observations, management findings and access information.",,,"https://www.google.com/search?q=""fishing report""+Fryingpan River+""Pitkin County""+Colorado"
c0191da2ae0216843d3e,,date_unknown,,Mesa,Fruita Reservoir #3,official_fishery_survey,Colorado Parks and Wildlife,True,CPW fishery report: Fruita Reservoir #3,"Colorado Parks and Wildlife provides an official fishery survey or report for this water. Open the source for survey dates, species observations, management findings and access information.",,,"https://www.google.com/search?q=""fishing report""+Fruita Reservoir #3+""Mesa County""+Colorado"
48b9ac2ab49f84a5d098,,date_unknown,,Mesa,Fruita Reservoir #1,official_fishery_survey,Colorado Parks and Wildlife,True,CPW fishery report: Fruita Reservoir #1,"Colorado Parks and Wildlife provides an official fishery survey or report for this water. Open the source for survey dates, species observations, management findings and access information.",,,"https://www.google.com/search?q=""fishing report""+Fruita Reservoir #1+""Mesa County""+Colorado"
ae1e4e6b44107fcbfc03,,date_unknown,,Mesa,Fruita Red Rocks Lake,official_fishery_survey,Colorado Parks and Wildlife,True,CPW fishery report: Fruita Red Rocks Lake,"Colorado Parks and Wildlife provides an official fishery survey or report for this water. Open the source for survey dates, species observations, management findings and access information.",,,"https://www.google.com/search?q=""fishing report""+Fruita Red Rocks Lake+""Mesa County""+Colorado"
94ca0ba173ebba76695e,,date_unknown,,Clear Creek,Frozen Lake,official_fishery_survey,Colorado Parks and Wildlife,True,CPW fishery report: Frozen Lake,"Colorado Parks and Wildlife provides an official fishery survey or report for this water. Open the source for survey dates, species observations, management findings and access information.",,,"https://www.google.com/search?q=""fishing report""+Frozen Lake+""Clear Creek County""+Colorado"
76e43324f65e797a65f3,,date_unknown,,Park,French Creek,official_fishery_survey,Colorado Parks and Wildlife,True,CPW fishery report: French Creek,"Colorado Parks and Wildlife provides an official fishery survey or report for this water. Open the source for survey dates, species observations, management findings and access information.",,,"https://www.google.com/search?q=""fishing report""+French Creek+""Park County""+Colorado"
a587d52539da2b5bcbd6,,date_unknown,,Moffat,Freeman Reservoir,official_fishery_survey,Colorado Parks and Wildlife,True,CPW fishery report: Freeman Reservoir,"Colorado Parks and Wildlife provides an official fishery survey or report for this water. Open the source for survey dates, species observations, management findings and access information.",,,"https://www.google.com/search?q=""fishing report""+Freeman Reservoir+""Moffat County""+Colorado"
49f52a074523ecb30265,,date_unknown,,Grand,Fraser River,official_fishery_survey,Colorado Parks and Wildlife,True,CPW fishery report: Fraser River,"Colorado Parks and Wildlife provides an official fishery survey or report for this water. Open the source for survey dates, species observations, management findings and access information.",,,"https://www.google.com/search?q=""fishing report""+Fraser River+""Grand County""+Colorado"
8a3e9189093515841ef9,,date_unknown,,Grand,Fraser Pond #1,official_fishery_survey,Colorado Parks and Wildlife,True,CPW fishery report: Fraser Pond #1,"Colorado Parks and Wildlife provides an official fishery survey or report for this water. Open the source for survey dates, species observations, management findings and access information.",,,"https://www.google.com/search?q=""fishing report""+Fraser Pond #1+""Grand County""+Colorado"
f9b2c757a5138f2f9c77,,date_unknown,,Grand,Fraser Lions Club Pond,official_fishery_survey,Colorado Parks and Wildlife,True,CPW fishery report: Fraser Lions Club Pond,"Colorado Parks and Wildlife provides an official fishery survey or report for this water. Open the source for survey dates, species observations, management findings and access information.",,,"https://www.google.com/search?q=""fishing report""+Fraser Lions Club Kids Pond+""Grand County""+Colorado"
3fd17c4400923243d3ed,,date_unknown,,Grand,Fraser Lions Club Pond,official_fishery_survey,Colorado Parks and Wildlife,True,CPW fishery report: Fraser Lions Club Pond,"Colorado Parks and Wildlife provides an official fishery survey or report for this water. Open the source for survey dates, species observations, management findings and access information.",,,"https://www.google.com/search?q=""fishing report""+Fraser Lions Club Pond+""Grand County""+Colorado"
1a1bda0bf916da72d605,,date_unknown,,Chaffee,Frantz Lake,official_fishery_survey,Colorado Parks and Wildlife,True,CPW fishery report: Frantz Lake,"Colorado Parks and Wildlife provides an official fishery survey or report for this water. Open the source for survey dates, species observations, management findings and access information.",,,"https://www.google.com/search?q=""fishing report""+Frantz Lake+""Chaffee County""+Colorado"
75d8460b0bdf310866a5,,date_unknown,,Weld,Frank Easement Pond #2,official_fishery_survey,Colorado Parks and Wildlife,True,CPW fishery report: Frank Easement Pond #2,"Colorado Parks and Wildlife provides an official fishery survey or report for this water. Open the source for survey dates, species observations, management findings and access information.",,,"https://www.google.com/search?q=""fishing report""+Frank Easement Pond #2+""Weld County""+Colorado"
db622443237fda317844,,date_unknown,,Larimer,Fox Creek,official_fishery_survey,Colorado Parks and Wildlife,True,CPW fishery report: Fox Creek,"Colorado Parks and Wildlife provides an official fishery survey or report for this water. Open the source for survey dates, species observations, management findings and access information.",,,"https://www.google.com/search?q=""fishing report""+Fox Creek+""Larimer County""+Colorado"
3fc867865d33c68c0eb5,,date_unknown,,Park,Fourmile Creek,official_fishery_survey,Colorado Parks and Wildlife,True,CPW fishery report: Fourmile Creek,"Colorado Parks and Wildlife provides an official fishery survey or report for this water. Open the source for survey dates, species observations, management findings and access information.",,,"https://www.google.com/search?q=""fishing report""+Fourmile Creek+""Park County""+Colorado"
f387e09dc77479e366ae,,date_unknown,,Pueblo,Fountain Lake,official_fishery_survey,Colorado Parks and Wildlife,True,CPW fishery report: Fountain Lake,"Colorado Parks and Wildlife provides an official fishery survey or report for this water. Open the source for survey dates, species observations, management findings and access information.",,,"https://www.google.com/search?q=""fishing report""+Fountain Lake+""Pueblo County""+Colorado"
1524610eb0357a8a126e,,date_unknown,,Mesa,Forty Acre Lake,official_fishery_survey,Colorado Parks and Wildlife,True,CPW fishery report: Forty Acre Lake,"Colorado Parks and Wildlife provides an official fishery survey or report for this water. Open the source for survey dates, species observations, management findings and access information.",,,"https://www.google.com/search?q=""fishing report""+Forty Acre Lake+""Mesa County""+Colorado"
99a4f2bb6a44315c6d08,,date_unknown,,Morgan,Fort Morgan Ponds (2),official_fishery_survey,Colorado Parks and Wildlife,True,CPW fishery report: Fort Morgan Ponds (2),"Colorado Parks and Wildlife provides an official fishery survey or report for this water. Open the source for survey dates, species observations, management findings and access information.",,,"https://www.google.com/search?q=""fishing report""+Fort Morgan Pond East+""Morgan County""+Colorado"
eb81c91c9c28fd54f3f2,,date_unknown,,Morgan,Fort Morgan Ponds (2),official_fishery_survey,Colorado Parks and Wildlife,True,CPW fishery report: Fort Morgan Ponds (2),"Colorado Parks and Wildlife provides an official fishery survey or report for this water. Open the source for survey dates, species observations, management findings and access information.",,,"https://www.google.com/search?q=""fishing report""+Fort Morgan Pond West+""Morgan County""+Colorado"
9a2fd7cae48dea45377a,,date_unknown,,Jefferson,Forgotten Valley Pond,official_fishery_survey,Colorado Parks and Wildlife,True,CPW fishery report: Forgotten Valley Pond,"Colorado Parks and Wildlife provides an official fishery survey or report for this water. Open the source for survey dates, species observations, management findings and access information.",,,"https://www.google.com/search?q=""fishing report""+Forgotten Valley Pond+""Jefferson County""+Colorado"
e6c099edee205b5ee7cf,,date_unknown,,Gilpin,Forest Lakes,official_fishery_survey,Colorado Parks and Wildlife,True,CPW fishery report: Forest Lakes,"Colorado Parks and Wildlife provides an official fishery survey or report for this water. Open the source for survey dates, species observations, management findings and access information.",,,"https://www.google.com/search?q=""fishing report""+Forest Lake #2+""Gilpin County""+Colorado"
34d395d4222934d563ad,,date_unknown,,Gilpin,Forest Lakes,official_fishery_survey,Colorado Parks and Wildlife,True,CPW fishery report: Forest Lakes,"Colorado Parks and Wildlife provides an official fishery survey or report for this water. Open the source for survey dates, species observations, management findings and access information.",,,"https://www.google.com/search?q=""fishing report""+Forest Lake #1+""Gilpin County""+Colorado"
1f3d73a01cb1c902c11a,,date_unknown,,Douglas,Flyin' B Pond,official_fishery_survey,Colorado Parks and Wildlife,True,CPW fishery report: Flyin' B Pond,"Colorado Parks and Wildlife provides an official fishery survey or report for this water. Open the source for survey dates, species observations, management findings and access information.",,,"https://www.google.com/search?q=""fishing report""+Flyin' B Pond+""Douglas County""+Colorado"
9e401aa9a36bee559a09,,date_unknown,,Larimer,Flatiron Reservoir,official_fishery_survey,Colorado Parks and Wildlife,True,CPW fishery report: Flatiron Reservoir,"Colorado Parks and Wildlife provides an official fishery survey or report for this water. Open the source for survey dates, species observations, management findings and access information.",,,"https://www.google.com/search?q=""fishing report""+Flatiron Reservoir+""Larimer County""+Colorado"
2c0816419eecf0ba182f,,date_unknown,,Archuleta,Fish Creek,official_fishery_survey,Colorado Parks and Wildlife,True,CPW fishery report: Fish Creek,"Colorado Parks and Wildlife provides an official fishery survey or report for this water. Open the source for survey dates, species observations, management findings and access information.",,,"https://www.google.com/search?q=""fishing report""+Fish Creek+""Archuleta County""+Colorado"
7acdd0188a660035638d,,date_unknown,,Mesa,Finney Cut Lake #2,official_fishery_survey,Colorado Parks and Wildlife,True,CPW fishery report: Finney Cut Lake #2,"Colorado Parks and Wildlife provides an official fishery survey or report for this water. Open the source for survey dates, species observations, management findings and access information.",,,"https://www.google.com/search?q=""fishing report""+Finney Cut Lake #2+""Mesa County""+Colorado"
12cc421854a6fabc7c19,,date_unknown,,Mesa,Finney Cut Lake #1,official_fishery_survey,Colorado Parks and Wildlife,True,CPW fishery report: Finney Cut Lake #1,"Colorado Parks and Wildlife provides an official fishery survey or report for this water. Open the source for survey dates, species observations, management findings and access information.",,,"https://www.google.com/search?q=""fishing report""+Finney Cut Lake #1+""Mesa County""+Colorado"
dcd68571063ef1c143ee,,date_unknown,,Routt,Fetcher City Pond,official_fishery_survey,Colorado Parks and Wildlife,True,CPW fishery report: Fetcher City Pond,"Colorado Parks and Wildlife provides an official fishery survey or report for this water. Open the source for survey dates, species observations, management findings and access information.",,,"https://www.google.com/search?q=""fishing report""+Fetcher City Pond+""Routt County""+Colorado"
c2afe6b78f09fbe71f94,,date_unknown,,Douglas,Fern Creek,official_fishery_survey,Colorado Parks and Wildlife,True,CPW fishery report: Fern Creek,"Colorado Parks and Wildlife provides an official fishery survey or report for this water. Open the source for survey dates, species observations, management findings and access information.",,,"https://www.google.com/search?q=""fishing report""+Fern Creek+""Douglas County""+Colorado"
430843e5e550e5878b48,,date_unknown,,Rio Blanco,Fawn Creek,official_fishery_survey,Colorado Parks and Wildlife,True,CPW fishery report: Fawn Creek,"Colorado Parks and Wildlife provides an official fishery survey or report for this water. Open the source for survey dates, species observations, management findings and access information.",,,"https://www.google.com/search?q=""fishing report""+Fawn Creek+""Rio Blanco County""+Colorado"
715dc531b32ca6111b17,,date_unknown,,Jefferson,Faversham Park Pond,official_fishery_survey,Colorado Parks and Wildlife,True,CPW fishery report: Faversham Park Pond,"Colorado Parks and Wildlife provides an official fishery survey or report for this water. Open the source for survey dates, species observations, management findings and access information.",,,"https://www.google.com/search?q=""fishing report""+Faversham Park Pond+""Jefferson County""+Colorado"
e15dc6d6e0d0110338bd,,date_unknown,,Clear Creek,Fall River Reservoir,official_fishery_survey,Colorado Parks and Wildlife,True,CPW fishery report: Fall River Reservoir,"Colorado Parks and Wildlife provides an official fishery survey or report for this water. Open the source for survey dates, species observations, management findings and access information.",,,"https://www.google.com/search?q=""fishing report""+Fall River Reservoir+""Clear Creek County""+Colorado"
5d2e8e4fd787863f95b7,,date_unknown,,Clear Creek,Fall River,official_fishery_survey,Colorado Parks and Wildlife,True,CPW fishery report: Fall River,"Colorado Parks and Wildlife provides an official fishery survey or report for this water. Open the source for survey dates, species observations, management findings and access information.",,,"https://www.google.com/search?q=""fishing report""+Fall River+""Clear Creek County""+Colorado"
8a788fce7632b325fbc8,,date_unknown,,San Miguel,Fall Creek,official_fishery_survey,Colorado Parks and Wildlife,True,CPW fishery report: Fall Creek,"Colorado Parks and Wildlife provides an official fishery survey or report for this water. Open the source for survey dates, species observations, management findings and access information.",,,"https://www.google.com/search?q=""fishing report""+Fall Creek+""San Miguel County""+Colorado"
520632fd5c91bb772303,,date_unknown,,Gunnison,Fall Creek,official_fishery_survey,Colorado Parks and Wildlife,True,CPW fishery report: Fall Creek,"Colorado Parks and Wildlife provides an official fishery survey or report for this water. Open the source for survey dates, species observations, management findings and access information.",,,"https://www.google.com/search?q=""fishing report""+Fall Creek+""Gunnison County""+Colorado"
125f885a53b1003b1560,,date_unknown,,Jefferson,Fairview Reservoir #1,official_fishery_survey,Colorado Parks and Wildlife,True,CPW fishery report: Fairview Reservoir #1,"Colorado Parks and Wildlife provides an official fishery survey or report for this water. Open the source for survey dates, species observations, management findings and access information.",,,"https://www.google.com/search?q=""fishing report""+Fairview Reservoir #1+""Jefferson County""+Colorado"
7e5b634245e7416767ea,,date_unknown,,Park,Fairplay Kids Pond,official_fishery_survey,Colorado Parks and Wildlife,True,CPW fishery report: Fairplay Kids Pond,"Colorado Parks and Wildlife provides an official fishery survey or report for this water. Open the source for survey dates, species observations, management findings and access information.",,,"https://www.google.com/search?q=""fishing report""+Fairplay Pond+""Park County""+Colorado"
e94b0c6fa1ce7563d6a1,,date_unknown,,Boulder,Fairgrounds Lake,official_fishery_survey,Colorado Parks and Wildlife,True,CPW fishery report: Fairgrounds Lake,"Colorado Parks and Wildlife provides an official fishery survey or report for this water. Open the source for survey dates, species observations, management findings and access information.",,,"https://www.google.com/search?q=""fishing report""+Boulder County Fairgrounds Lake+""Boulder County""+Colorado"
f9d24b9e2675f5d99fa4,,date_unknown,,Arapahoe,Exposition Park Pond,official_fishery_survey,Colorado Parks and Wildlife,True,CPW fishery report: Exposition Park Pond,"Colorado Parks and Wildlife provides an official fishery survey or report for this water. Open the source for survey dates, species observations, management findings and access information.",,,"https://www.google.com/search?q=""fishing report""+Exposition Park Pond+""Arapahoe County""+Colorado"
d841056450f91ed89ed8,,date_unknown,,Boulder,Evert Pierson Kids Fishing Pond,official_fishery_survey,Colorado Parks and Wildlife,True,CPW fishery report: Evert Pierson Kids Fishing Pond,"Colorado Parks and Wildlife provides an official fishery survey or report for this water. Open the source for survey dates, species observations, management findings and access information.",,,"https://www.google.com/search?q=""fishing report""+Boulder Kids Pond+""Boulder County""+Colorado"
288bc06913487749fddd,,date_unknown,,Jefferson,Evergreen Lake,official_fishery_survey,Colorado Parks and Wildlife,True,CPW fishery report: Evergreen Lake,"Colorado Parks and Wildlife provides an official fishery survey or report for this water. Open the source for survey dates, species observations, management findings and access information.",,,"https://www.google.com/search?q=""fishing report""+Evergreen Lake+""Jefferson County""+Colorado"
b6695b452e2187e425a9,,date_unknown,,Custer,Eureka Lake,official_fishery_survey,Colorado Parks and Wildlife,True,CPW fishery report: Eureka Lake,"Colorado Parks and Wildlife provides an official fishery survey or report for this water. Open the source for survey dates, species observations, management findings and access information.",,,"https://www.google.com/search?q=""fishing report""+Eureka Lake+""Custer County""+Colorado"
7acf595e57d2b8841d02,,date_unknown,,Clear Creek,Ethel Lake,official_fishery_survey,Colorado Parks and Wildlife,True,CPW fishery report: Ethel Lake,"Colorado Parks and Wildlife provides an official fishery survey or report for this water. Open the source for survey dates, species observations, management findings and access information.",,,"https://www.google.com/search?q=""fishing report""+Ethel Lake+""Clear Creek County""+Colorado"
d348eb9974292fd3c71b,,date_unknown,,Boulder,Erie Lake,official_fishery_survey,Colorado Parks and Wildlife,True,CPW fishery report: Erie Lake,"Colorado Parks and Wildlife provides an official fishery survey or report for this water. Open the source for survey dates, species observations, management findings and access information.",,,"https://www.google.com/search?q=""fishing report""+Erie Lake+""Boulder County""+Colorado"
8f12d9bada6300012e60,,date_unknown,,Mesa,Enochs Lake,official_fishery_survey,Colorado Parks and Wildlife,True,CPW fishery report: Enochs Lake,"Colorado Parks and Wildlife provides an official fishery survey or report for this water. Open the source for survey dates, species observations, management findings and access information.",,,"https://www.google.com/search?q=""fishing report""+Enochs Lake+""Mesa County""+Colorado"
be0580fcd70b7b3187b5,,date_unknown,,Adams,Engineers Lake,official_fishery_survey,Colorado Parks and Wildlife,True,CPW fishery report: Engineers Lake,"Colorado Parks and Wildlife provides an official fishery survey or report for this water. Open the source for survey dates, species observations, management findings and access information.",,,"https://www.google.com/search?q=""fishing report""+Engineer Lake+""Adams County""+Colorado"
b408a505e29c34c4fb28,,date_unknown,,Lake,Empire Gulch,official_fishery_survey,Colorado Parks and Wildlife,True,CPW fishery report: Empire Gulch,"Colorado Parks and Wildlife provides an official fishery survey or report for this water. Open the source for survey dates, species observations, management findings and access information.",,,"https://www.google.com/search?q=""fishing report""+Empire Gulch+""Lake County""+Colorado"
acc2825a22fea16a5d9d,,date_unknown,,Hinsdale,"Emerald Lake, Little",official_fishery_survey,Colorado Parks and Wildlife,True,"CPW fishery report: Emerald Lake, Little","Colorado Parks and Wildlife provides an official fishery survey or report for this water. Open the source for survey dates, species observations, management findings and access information.",,,"https://www.google.com/search?q=""fishing report""+Emerald Lake, Little+""Hinsdale County""+Colorado"
fe702b17b23150acd8e4,,date_unknown,,Lake,Emerald Lake,official_fishery_survey,Colorado Parks and Wildlife,True,CPW fishery report: Emerald Lake,"Colorado Parks and Wildlife provides an official fishery survey or report for this water. Open the source for survey dates, species observations, management findings and access information.",,,"https://www.google.com/search?q=""fishing report""+Emerald Lake+""Lake County""+Colorado"
de8d956b9c9e84c6b5c1,,date_unknown,,Hinsdale,Emerald Lake,official_fishery_survey,Colorado Parks and Wildlife,True,CPW fishery report: Emerald Lake,"Colorado Parks and Wildlife provides an official fishery survey or report for this water. Open the source for survey dates, species observations, management findings and access information.",,,"https://www.google.com/search?q=""fishing report""+Emerald Lake+""Hinsdale County""+Colorado"
0705969d6c9ef7e0e8e8,,date_unknown,,Moffat,Elkhead Reservoir,official_fishery_survey,Colorado Parks and Wildlife,True,CPW fishery report: Elkhead Reservoir,"Colorado Parks and Wildlife provides an official fishery survey or report for this water. Open the source for survey dates, species observations, management findings and access information.",,,"https://www.google.com/search?q=""fishing report""+Elkhead Reservoir+""Moffat County""+Colorado"
2d335a3160a3a9b8c5b6,,date_unknown,,Routt,"Elk River, South Fork",official_fishery_survey,Colorado Parks and Wildlife,True,"CPW fishery report: Elk River, South Fork","Colorado Parks and Wildlife provides an official fishery survey or report for this water. Open the source for survey dates, species observations, management findings and access information.",,,"https://www.google.com/search?q=""fishing report""+Elk River, South Fork+""Routt County""+Colorado"
b6c1f3972c3d5ebfca7c,,date_unknown,,Routt,"Elk River, North Fork",official_fishery_survey,Colorado Parks and Wildlife,True,"CPW fishery report: Elk River, North Fork","Colorado Parks and Wildlife provides an official fishery survey or report for this water. Open the source for survey dates, species observations, management findings and access information.",,,"https://www.google.com/search?q=""fishing report""+Elk River, North Fork+""Routt County""+Colorado"
5384ae1fe2f4b6bcce5b,,date_unknown,,Routt,Elk River #1,official_fishery_survey,Colorado Parks and Wildlife,True,CPW fishery report: Elk River #1,"Colorado Parks and Wildlife provides an official fishery survey or report for this water. Open the source for survey dates, species observations, management findings and access information.",,,"http://www.google.com/search?q=""fishing report""+Elk River+""Routt County""+Colorado"
5b1ac929e2aaa2f964fa,,date_unknown,,Routt,Elk River,official_fishery_survey,Colorado Parks and Wildlife,True,CPW fishery report: Elk River,"Colorado Parks and Wildlife provides an official fishery survey or report for this water. Open the source for survey dates, species observations, management findings and access information.",,,"https://www.google.com/search?q=""fishing report""+Elk River+""Routt County""+Colorado"
3bdbe62835b5d910a9da,,date_unknown,,Delta,Elk Park Reservoir,official_fishery_survey,Colorado Parks and Wildlife,True,CPW fishery report: Elk Park Reservoir,"Colorado Parks and Wildlife provides an official fishery survey or report for this water. Open the source for survey dates, species observations, management findings and access information.",,,"https://www.google.com/search?q=""fishing report""+Elk Park Reservoir+""Delta County""+Colorado"
b9173eddf11f14134867,,date_unknown,,Park,Elk Falls Pond,official_fishery_survey,Colorado Parks and Wildlife,True,CPW fishery report: Elk Falls Pond,"Colorado Parks and Wildlife provides an official fishery survey or report for this water. Open the source for survey dates, species observations, management findings and access information.",,,"https://www.google.com/search?q=""fishing report""+Elk Falls Pond+""Park County""+Colorado"
e5b658409e532cef3775,,date_unknown,,Garfield,"Elk Creek, East",official_fishery_survey,Colorado Parks and Wildlife,True,"CPW fishery report: Elk Creek, East","Colorado Parks and Wildlife provides an official fishery survey or report for this water. Open the source for survey dates, species observations, management findings and access information.",,,"https://www.google.com/search?q=""fishing report""+Elk Creek, East+""Garfield County""+Colorado"
710842d60711299099aa,,date_unknown,,Conejos,Elk Creek,official_fishery_survey,Colorado Parks and Wildlife,True,CPW fishery report: Elk Creek,"Colorado Parks and Wildlife provides an official fishery survey or report for this water. Open the source for survey dates, species observations, management findings and access information.",,,"https://www.google.com/search?q=""fishing report""+Elk Creek+""Conejos County""+Colorado"
bceff4dff4204d24b3bb,,date_unknown,,Garfield,Elk Creek,official_fishery_survey,Colorado Parks and Wildlife,True,CPW fishery report: Elk Creek,"Colorado Parks and Wildlife provides an official fishery survey or report for this water. Open the source for survey dates, species observations, management findings and access information.",,,"https://www.google.com/search?q=""fishing report""+Elk Creek+""Garfield County""+Colorado"
15e9545f41d77953ee11,,date_unknown,,Park,Elevenmile Reservoir,official_fishery_survey,Colorado Parks and Wildlife,True,CPW fishery report: Elevenmile Reservoir,"Colorado Parks and Wildlife provides an official fishery survey or report for this water. Open the source for survey dates, species observations, management findings and access information.",,,"https://www.google.com/search?q=""fishing report""+Elevenmile Reservoir+""Park County""+Colorado"
b54fc8f9ac54e976dd08,,date_unknown,,Weld,Ehrlich Lake,official_fishery_survey,Colorado Parks and Wildlife,True,CPW fishery report: Ehrlich Lake,"Colorado Parks and Wildlife provides an official fishery survey or report for this water. Open the source for survey dates, species observations, management findings and access information.",,,"https://www.google.com/search?q=""fishing report""+Ehrlich Lake+""Weld County""+Colorado"
1d37cc909aca49e0b615,,date_unknown,,Delta,"Eggleston Lake, Big",official_fishery_survey,Colorado Parks and Wildlife,True,"CPW fishery report: Eggleston Lake, Big","Colorado Parks and Wildlife provides an official fishery survey or report for this water. Open the source for survey dates, species observations, management findings and access information.",,,"https://www.google.com/search?q=""fishing report""+Eggleston Lake, Big+""Delta County""+Colorado"
3266a512298c79c12499,,date_unknown,,Delta,Eggleston Lake Little,official_fishery_survey,Colorado Parks and Wildlife,True,CPW fishery report: Eggleston Lake Little,"Colorado Parks and Wildlife provides an official fishery survey or report for this water. Open the source for survey dates, species observations, management findings and access information.",,,"https://www.google.com/search?q=""fishing report""+Eggleston Lake Little+""Delta County""+Colorado"
f5fcff4e617ab7908913,,date_unknown,,Gilpin,"Echo Lake, Little",official_fishery_survey,Colorado Parks and Wildlife,True,"CPW fishery report: Echo Lake, Little","Colorado Parks and Wildlife provides an official fishery survey or report for this water. Open the source for survey dates, species observations, management findings and access information.",,,"https://www.google.com/search?q=""fishing report""+Echo Lake, Little+""Gilpin County""+Colorado"
82cbfd22712094573213,,date_unknown,,Clear Creek,Echo Lake,official_fishery_survey,Colorado Parks and Wildlife,True,CPW fishery report: Echo Lake,"Colorado Parks and Wildlife provides an official fishery survey or report for this water. Open the source for survey dates, species observations, management findings and access information.",,,"https://www.google.com/search?q=""fishing report""+Echo Lake+""Clear Creek County""+Colorado"
99ee3930da9cd331b922,,date_unknown,,Archuleta,Echo Canyon Reservoir,official_fishery_survey,Colorado Parks and Wildlife,True,CPW fishery report: Echo Canyon Reservoir,"Colorado Parks and Wildlife provides an official fishery survey or report for this water. Open the source for survey dates, species observations, management findings and access information.",,,"https://www.google.com/search?q=""fishing report""+Echo Canyon Reservoir+""Archuleta County""+Colorado"
6bdc8bed5e54630f7004,,date_unknown,,Gunnison,East River,official_fishery_survey,Colorado Parks and Wildlife,True,CPW fishery report: East River,"Colorado Parks and Wildlife provides an official fishery survey or report for this water. Open the source for survey dates, species observations, management findings and access information.",,,"https://www.google.com/search?q=""fishing report""+East River+""Gunnison County""+Colorado"
d98ebc7e72b87e47f648,,date_unknown,,Eagle,Eagle River,official_fishery_survey,Colorado Parks and Wildlife,True,CPW fishery report: Eagle River,"Colorado Parks and Wildlife provides an official fishery survey or report for this water. Open the source for survey dates, species observations, management findings and access information.",,,"https://www.google.com/search?q=""fishing report""+Eagle River+""Eagle County""+Colorado"
79c378fdc4ae8e2706f9,,date_unknown,,Eagle,Eagle Ranch Children's Pond,official_fishery_survey,Colorado Parks and Wildlife,True,CPW fishery report: Eagle Ranch Children's Pond,"Colorado Parks and Wildlife provides an official fishery survey or report for this water. Open the source for survey dates, species observations, management findings and access information.",,,"https://www.google.com/search?q=""fishing report""+Eagle Ranch Children's Pond+""Eagle County""+Colorado"
1a891c5b007052177b23,,date_unknown,,Grand,Dumont Lake,official_fishery_survey,Colorado Parks and Wildlife,True,CPW fishery report: Dumont Lake,"Colorado Parks and Wildlife provides an official fishery survey or report for this water. Open the source for survey dates, species observations, management findings and access information.",,,"https://www.google.com/search?q=""fishing report""+Dumont Lake+""Grand County""+Colorado"
282ea46a0ec5ef47bb62,,date_unknown,,Mesa,Duke Lake,official_fishery_survey,Colorado Parks and Wildlife,True,CPW fishery report: Duke Lake,"Colorado Parks and Wildlife provides an official fishery survey or report for this water. Open the source for survey dates, species observations, management findings and access information.",,,"https://www.google.com/search?q=""fishing report""+Duke Lake+""Mesa County""+Colorado"
69b45d5b0823867be5f4,,date_unknown,,Gilpin,Dudes Hole Lake,official_fishery_survey,Colorado Parks and Wildlife,True,CPW fishery report: Dudes Hole Lake,"Colorado Parks and Wildlife provides an official fishery survey or report for this water. Open the source for survey dates, species observations, management findings and access information.",,,"https://www.google.com/search?q=""fishing report""+Dudes Hole Lake+""Gilpin County""+Colorado"
9d9446a4341e0cba0eb2,,date_unknown,,El Paso,Duckwood Pond,official_fishery_survey,Colorado Parks and Wildlife,True,CPW fishery report: Duckwood Pond,"Colorado Parks and Wildlife provides an official fishery survey or report for this water. Open the source for survey dates, species observations, management findings and access information.",,,"https://www.google.com/search?q=""fishing report""+Duckwood Pond+""El Paso County""+Colorado"
8260112c490a83da2dce,,date_unknown,,Park,Duck Creek,official_fishery_survey,Colorado Parks and Wildlife,True,CPW fishery report: Duck Creek,"Colorado Parks and Wildlife provides an official fishery survey or report for this water. Open the source for survey dates, species observations, management findings and access information.",,,"https://www.google.com/search?q=""fishing report""+Duck Creek+""Park County""+Colorado"
ba6fe32dbc9c890dfe44,,date_unknown,,Custer,Dry Lakes,official_fishery_survey,Colorado Parks and Wildlife,True,CPW fishery report: Dry Lakes,"Colorado Parks and Wildlife provides an official fishery survey or report for this water. Open the source for survey dates, species observations, management findings and access information.",,,"https://www.google.com/search?q=""fishing report""+Dry Lake, Lower+""Custer County""+Colorado"
00890f3bfe8f2dd19d8e,,date_unknown,,Routt,Dry Creek Pond,official_fishery_survey,Colorado Parks and Wildlife,True,CPW fishery report: Dry Creek Pond,"Colorado Parks and Wildlife provides an official fishery survey or report for this water. Open the source for survey dates, species observations, management findings and access information.",,,"https://www.google.com/search?q=""fishing report""+Dry Creek Pond+""Routt County""+Colorado"
2062d5aa18beb1915c1f,,date_unknown,,Teller,Dragonfly Pond,official_fishery_survey,Colorado Parks and Wildlife,True,CPW fishery report: Dragonfly Pond,"Colorado Parks and Wildlife provides an official fishery survey or report for this water. Open the source for survey dates, species observations, management findings and access information.",,,"https://www.google.com/search?q=""fishing report""+Dragonfly Pond+""Teller County""+Colorado"
55116034e284ed94ec86,,date_unknown,,Elbert,Dragon Fly Pond,official_fishery_survey,Colorado Parks and Wildlife,True,CPW fishery report: Dragon Fly Pond,"Colorado Parks and Wildlife provides an official fishery survey or report for this water. Open the source for survey dates, species observations, management findings and access information.",,,"https://www.google.com/search?q=""fishing report""+Dragon Fly Pond+""Elbert County""+Colorado"
870c904ca8c6e7853420,,date_unknown,,Larimer,Dowdy Lake,official_fishery_survey,Colorado Parks and Wildlife,True,CPW fishery report: Dowdy Lake,"Colorado Parks and Wildlife provides an official fishery survey or report for this water. Open the source for survey dates, species observations, management findings and access information.",,,"https://www.google.com/search?q=""fishing report""+Dowdy Lake+""Larimer County""+Colorado"
fb0f77c0679bb774809c,,date_unknown,,Larimer,Douglas Reservoir,official_fishery_survey,Colorado Parks and Wildlife,True,CPW fishery report: Douglas Reservoir,"Colorado Parks and Wildlife provides an official fishery survey or report for this water. Open the source for survey dates, species observations, management findings and access information.",,,"https://www.google.com/search?q=""fishing report""+Douglas Reservoir+""Larimer County""+Colorado"
2f9166b773600179815a,,date_unknown,,Rio Blanco,"Douglas Creek, East",official_fishery_survey,Colorado Parks and Wildlife,True,"CPW fishery report: Douglas Creek, East","Colorado Parks and Wildlife provides an official fishery survey or report for this water. Open the source for survey dates, species observations, management findings and access information.",,,"https://www.google.com/search?q=""fishing report""+Douglas Creek, East+""Rio Blanco County""+Colorado"
d6880ef6cc41b7390eb3,,date_unknown,,Delta,Doughty Reservoir,official_fishery_survey,Colorado Parks and Wildlife,True,CPW fishery report: Doughty Reservoir,"Colorado Parks and Wildlife provides an official fishery survey or report for this water. Open the source for survey dates, species observations, management findings and access information.",,,"https://www.google.com/search?q=""fishing report""+Doughty Reservoir+""Delta County""+Colorado"
f2079a88df0204499f04,,date_unknown,,Delta,Doughspoon Reservoir #1,official_fishery_survey,Colorado Parks and Wildlife,True,CPW fishery report: Doughspoon Reservoir #1,"Colorado Parks and Wildlife provides an official fishery survey or report for this water. Open the source for survey dates, species observations, management findings and access information.",,,"https://www.google.com/search?q=""fishing report""+Doughspoon Reservoir #1+""Delta County""+Colorado"
66b45d34328024c9f4b6,,date_unknown,,Morgan,Doty Park Pond,official_fishery_survey,Colorado Parks and Wildlife,True,CPW fishery report: Doty Park Pond,"Colorado Parks and Wildlife provides an official fishery survey or report for this water. Open the source for survey dates, species observations, management findings and access information.",,,"https://www.google.com/search?q=""fishing report""+Doty Park Pond+""Morgan County""+Colorado"
b23ca1db4ff14571712d,,date_unknown,,Boulder,Dorothy Lake,official_fishery_survey,Colorado Parks and Wildlife,True,CPW fishery report: Dorothy Lake,"Colorado Parks and Wildlife provides an official fishery survey or report for this water. Open the source for survey dates, species observations, management findings and access information.",,,"https://www.google.com/search?q=""fishing report""+Dorothy Lake+""Boulder County""+Colorado"
ee1b31e6187e471f4558,,date_unknown,,Saguache,"Dome Lake, Upper",official_fishery_survey,Colorado Parks and Wildlife,True,"CPW fishery report: Dome Lake, Upper","Colorado Parks and Wildlife provides an official fishery survey or report for this water. Open the source for survey dates, species observations, management findings and access information.",,,"https://www.google.com/search?q=""fishing report""+Dome Lake, Upper+""Saguache County""+Colorado"
497694d04db3c335923d,,date_unknown,,Saguache,"Dome Lake, Lower",official_fishery_survey,Colorado Parks and Wildlife,True,"CPW fishery report: Dome Lake, Lower","Colorado Parks and Wildlife provides an official fishery survey or report for this water. Open the source for survey dates, species observations, management findings and access information.",,,"https://www.google.com/search?q=""fishing report""+Dome Lake, Lower+""Saguache County""+Colorado"
06b5cf12999f122e279d,,date_unknown,,Dolores,"Dolores River, West Fork",official_fishery_survey,Colorado Parks and Wildlife,True,"CPW fishery report: Dolores River, West Fork","Colorado Parks and Wildlife provides an official fishery survey or report for this water. Open the source for survey dates, species observations, management findings and access information.",,,"https://www.google.com/search?q=""fishing report""+Dolores River, West Fork+""Dolores County""+Colorado"
e6f4780d94c25e3d69b8,,date_unknown,,Montezuma,Dolores River #3B,official_fishery_survey,Colorado Parks and Wildlife,True,CPW fishery report: Dolores River #3B,"Colorado Parks and Wildlife provides an official fishery survey or report for this water. Open the source for survey dates, species observations, management findings and access information.",,,"http://www.google.com/search?q=""fishing report""+Dolores River+""Montezuma County""+Colorado"
c4bee74ef423cd514442,,date_unknown,,Montezuma,Dolores River,official_fishery_survey,Colorado Parks and Wildlife,True,CPW fishery report: Dolores River,"Colorado Parks and Wildlife provides an official fishery survey or report for this water. Open the source for survey dates, species observations, management findings and access information.",,,"https://www.google.com/search?q=""fishing report""+Dolores River+""Montezuma County""+Colorado"
72909a5960969f82bba7,,date_unknown,,Dolores,Dolores River,official_fishery_survey,Colorado Parks and Wildlife,True,CPW fishery report: Dolores River,"Colorado Parks and Wildlife provides an official fishery survey or report for this water. Open the source for survey dates, species observations, management findings and access information.",,,"https://www.google.com/search?q=""fishing report""+Dolores River+""Dolores County""+Colorado"
57c3f80a2c7c08aeb3a7,,date_unknown,,Larimer,Dixon Lake,official_fishery_survey,Colorado Parks and Wildlife,True,CPW fishery report: Dixon Lake,"Colorado Parks and Wildlife provides an official fishery survey or report for this water. Open the source for survey dates, species observations, management findings and access information.",,,"https://www.google.com/search?q=""fishing report""+Dixon Lake+""Larimer County""+Colorado"
2e5ad3c7f0267328e8fa,,date_unknown,,Delta,Dirty George Creek,official_fishery_survey,Colorado Parks and Wildlife,True,CPW fishery report: Dirty George Creek,"Colorado Parks and Wildlife provides an official fishery survey or report for this water. Open the source for survey dates, species observations, management findings and access information.",,,"https://www.google.com/search?q=""fishing report""+Dirty George Creek+""Delta County""+Colorado"
1c74b9426a253e9fc14e,,date_unknown,,Pitkin,Dinkle Lake,official_fishery_survey,Colorado Parks and Wildlife,True,CPW fishery report: Dinkle Lake,"Colorado Parks and Wildlife provides an official fishery survey or report for this water. Open the source for survey dates, species observations, management findings and access information.",,,"https://www.google.com/search?q=""fishing report""+Dinkle Lake+""Pitkin County""+Colorado"
28072440d40253ff33dc,,date_unknown,,Summit,Dillon Reservoir,official_fishery_survey,Colorado Parks and Wildlife,True,CPW fishery report: Dillon Reservoir,"Colorado Parks and Wildlife provides an official fishery survey or report for this water. Open the source for survey dates, species observations, management findings and access information.",,,"https://www.google.com/search?q=""fishing report""+Dillon Reservoir+""Summit County""+Colorado"
fa70f29350618be8ba8c,,date_unknown,,Boulder,"Diamond Lake, Upper",official_fishery_survey,Colorado Parks and Wildlife,True,"CPW fishery report: Diamond Lake, Upper","Colorado Parks and Wildlife provides an official fishery survey or report for this water. Open the source for survey dates, species observations, management findings and access information.",,,"https://www.google.com/search?q=""fishing report""+Diamond Lake, Upper+""Boulder County""+Colorado"
a7ba5fe4bc0a6c78c475,,date_unknown,,Boulder,"Diamond Lake, Lower",official_fishery_survey,Colorado Parks and Wildlife,True,"CPW fishery report: Diamond Lake, Lower","Colorado Parks and Wildlife provides an official fishery survey or report for this water. Open the source for survey dates, species observations, management findings and access information.",,,"https://www.google.com/search?q=""fishing report""+Diamond Lake, Lower+""Boulder County""+Colorado"
455333af7eb6dd6f07f6,,date_unknown,,Boulder,Devils Thumb Lake,official_fishery_survey,Colorado Parks and Wildlife,True,CPW fishery report: Devils Thumb Lake,"Colorado Parks and Wildlife provides an official fishery survey or report for this water. Open the source for survey dates, species observations, management findings and access information.",,,"https://www.google.com/search?q=""fishing report""+Devils Thumb Lake+""Boulder County""+Colorado"
d4ecaca2ba8aa9422ed2,,date_unknown,,Garfield,"Derby Creek, Middle Fork",official_fishery_survey,Colorado Parks and Wildlife,True,"CPW fishery report: Derby Creek, Middle Fork","Colorado Parks and Wildlife provides an official fishery survey or report for this water. Open the source for survey dates, species observations, management findings and access information.",,,"https://www.google.com/search?q=""fishing report""+Derby Creek, Middle Fork+""Garfield County""+Colorado"
6905992c455e15d2ea6d,,date_unknown,,Montezuma,Denny Lake,official_fishery_survey,Colorado Parks and Wildlife,True,CPW fishery report: Denny Lake,"Colorado Parks and Wildlife provides an official fishery survey or report for this water. Open the source for survey dates, species observations, management findings and access information.",,,"https://www.google.com/search?q=""fishing report""+Denny Lake+""Montezuma County""+Colorado"
1faeee063b666ffc5566,,date_unknown,,Jackson,"Delaney Buttes Lake, South",official_fishery_survey,Colorado Parks and Wildlife,True,"CPW fishery report: Delaney Buttes Lake, South","Colorado Parks and Wildlife provides an official fishery survey or report for this water. Open the source for survey dates, species observations, management findings and access information.",,,"https://www.google.com/search?q=""fishing report""+Delaney Buttes Lake, South+""Jackson County""+Colorado"
0a8ddc0dcd82a3ad8f37,,date_unknown,,Jackson,"Delaney Buttes Lake, North",official_fishery_survey,Colorado Parks and Wildlife,True,"CPW fishery report: Delaney Buttes Lake, North","Colorado Parks and Wildlife provides an official fishery survey or report for this water. Open the source for survey dates, species observations, management findings and access information.",,,"https://www.google.com/search?q=""fishing report""+Delaney Buttes Lake, North+""Jackson County""+Colorado"
175186f55fc4d731bf1e,,date_unknown,,Jackson,"Delaney Buttes Lake, East",official_fishery_survey,Colorado Parks and Wildlife,True,"CPW fishery report: Delaney Buttes Lake, East","Colorado Parks and Wildlife provides an official fishery survey or report for this water. Open the source for survey dates, species observations, management findings and access information.",,,"https://www.google.com/search?q=""fishing report""+Delaney Buttes Lake, East+""Jackson County""+Colorado"
39dc7e747c2db07fa687,,date_unknown,,Hinsdale,Deer Lakes,official_fishery_survey,Colorado Parks and Wildlife,True,CPW fishery report: Deer Lakes,"Colorado Parks and Wildlife provides an official fishery survey or report for this water. Open the source for survey dates, species observations, management findings and access information.",,,"https://www.google.com/search?q=""fishing report""+Deer Lakes+""Hinsdale County""+Colorado"
b3a192ba644bc607d8b1,,date_unknown,,Park,Deer Creek,official_fishery_survey,Colorado Parks and Wildlife,True,CPW fishery report: Deer Creek,"Colorado Parks and Wildlife provides an official fishery survey or report for this water. Open the source for survey dates, species observations, management findings and access information.",,,"https://www.google.com/search?q=""fishing report""+Deer Creek+""Park County""+Colorado"
6804043717fe62923f18,,date_unknown,,Delta,Deep Ward Lake,official_fishery_survey,Colorado Parks and Wildlife,True,CPW fishery report: Deep Ward Lake,"Colorado Parks and Wildlife provides an official fishery survey or report for this water. Open the source for survey dates, species observations, management findings and access information.",,,"https://www.google.com/search?q=""fishing report""+Deep Ward Lake+""Delta County""+Colorado"
b1c9a286d37049c53b2a,,date_unknown,,Delta,Deep Slough Lake,official_fishery_survey,Colorado Parks and Wildlife,True,CPW fishery report: Deep Slough Lake,"Colorado Parks and Wildlife provides an official fishery survey or report for this water. Open the source for survey dates, species observations, management findings and access information.",,,"https://www.google.com/search?q=""fishing report""+Deep Slough Lake+""Delta County""+Colorado"
59d1788438c940ebfb20,,date_unknown,,Boulder,Deep Lake,official_fishery_survey,Colorado Parks and Wildlife,True,CPW fishery report: Deep Lake,"Colorado Parks and Wildlife provides an official fishery survey or report for this water. Open the source for survey dates, species observations, management findings and access information.",,,"https://www.google.com/search?q=""fishing report""+Deep Lake+""Boulder County""+Colorado"
2dd405a77ed5eb4a3b00,,date_unknown,,Garfield,Deep Lake,official_fishery_survey,Colorado Parks and Wildlife,True,CPW fishery report: Deep Lake,"Colorado Parks and Wildlife provides an official fishery survey or report for this water. Open the source for survey dates, species observations, management findings and access information.",,,"https://www.google.com/search?q=""fishing report""+Deep Lake+""Garfield County""+Colorado"
4199dac8396564f04fa9,,date_unknown,,Garfield,Deep Creek,official_fishery_survey,Colorado Parks and Wildlife,True,CPW fishery report: Deep Creek,"Colorado Parks and Wildlife provides an official fishery survey or report for this water. Open the source for survey dates, species observations, management findings and access information.",,,"https://www.google.com/search?q=""fishing report""+Deep Creek+""Garfield County""+Colorado"
1a61e682e852f1403ed1,,date_unknown,,Larimer,Deadman Creek,official_fishery_survey,Colorado Parks and Wildlife,True,CPW fishery report: Deadman Creek,"Colorado Parks and Wildlife provides an official fishery survey or report for this water. Open the source for survey dates, species observations, management findings and access information.",,,"https://www.google.com/search?q=""fishing report""+Deadman Creek+""Larimer County""+Colorado"
455dfaa9aaf37736aed9,,date_unknown,,Sedgwick,DePoorter Lake,official_fishery_survey,Colorado Parks and Wildlife,True,CPW fishery report: DePoorter Lake,"Colorado Parks and Wildlife provides an official fishery survey or report for this water. Open the source for survey dates, species observations, management findings and access information.",,,"https://www.google.com/search?q=""fishing report""+DePoorter Lake+""Sedgwick County""+Colorado"
9ec833e9aa1f7da5eb2e,,date_unknown,,Custer,De Weese Reservoir,official_fishery_survey,Colorado Parks and Wildlife,True,CPW fishery report: De Weese Reservoir,"Colorado Parks and Wildlife provides an official fishery survey or report for this water. Open the source for survey dates, species observations, management findings and access information.",,,"https://www.google.com/search?q=""fishing report""+DeWeese Reservoir+""Custer County""+Colorado"
a8f041f0a3aec083ca03,,date_unknown,,Mesa,De Camp Reservoir,official_fishery_survey,Colorado Parks and Wildlife,True,CPW fishery report: De Camp Reservoir,"Colorado Parks and Wildlife provides an official fishery survey or report for this water. Open the source for survey dates, species observations, management findings and access information.",,,"https://www.google.com/search?q=""fishing report""+De Camp Reservoir+""Mesa County""+Colorado"
7cd05ac61ac51a973c91,,date_unknown,,Bent,Dawn Pond,official_fishery_survey,Colorado Parks and Wildlife,True,CPW fishery report: Dawn Pond,"Colorado Parks and Wildlife provides an official fishery survey or report for this water. Open the source for survey dates, species observations, management findings and access information.",,,"https://www.google.com/search?q=""fishing report""+Dawn Pond+""Bent County""+Colorado"
dcae9ea3e27d7dcd1c2f,,date_unknown,,Jefferson,Davis Pond #1,official_fishery_survey,Colorado Parks and Wildlife,True,CPW fishery report: Davis Pond #1,"Colorado Parks and Wildlife provides an official fishery survey or report for this water. Open the source for survey dates, species observations, management findings and access information.",,,"https://www.google.com/search?q=""fishing report""+Davis Ponds+""Jefferson County""+Colorado"
c7d2c0d1a8c7eb4fdc40,,date_unknown,,Huerfano,Daigre Reservoir,official_fishery_survey,Colorado Parks and Wildlife,True,CPW fishery report: Daigre Reservoir,"Colorado Parks and Wildlife provides an official fishery survey or report for this water. Open the source for survey dates, species observations, management findings and access information.",,,"https://www.google.com/search?q=""fishing report""+Daigre Reservoir+""Huerfano County""+Colorado"
d82583cffcc9f5b4024a,,date_unknown,,Summit,Curtain Ponds,official_fishery_survey,Colorado Parks and Wildlife,True,CPW fishery report: Curtain Ponds,"Colorado Parks and Wildlife provides an official fishery survey or report for this water. Open the source for survey dates, species observations, management findings and access information.",,,"https://www.google.com/search?q=""fishing report""+Curtain Ponds+""Summit County""+Colorado"
8d894c1a8379b8485d3f,,date_unknown,,Gunnison,Curecanti Creek,official_fishery_survey,Colorado Parks and Wildlife,True,CPW fishery report: Curecanti Creek,"Colorado Parks and Wildlife provides an official fishery survey or report for this water. Open the source for survey dates, species observations, management findings and access information.",,,"https://www.google.com/search?q=""fishing report""+Curecanti Creek+""Gunnison County""+Colorado"
cee9894b60f79cd1b21f,,date_unknown,,Gunnison,Crystal River,official_fishery_survey,Colorado Parks and Wildlife,True,CPW fishery report: Crystal River,"Colorado Parks and Wildlife provides an official fishery survey or report for this water. Open the source for survey dates, species observations, management findings and access information.",,,"https://www.google.com/search?q=""fishing report""+Crystal River+""Gunnison County""+Colorado"
baf4c7f7b7c871e98f76,,date_unknown,,Pitkin,Crystal River,official_fishery_survey,Colorado Parks and Wildlife,True,CPW fishery report: Crystal River,"Colorado Parks and Wildlife provides an official fishery survey or report for this water. Open the source for survey dates, species observations, management findings and access information.",,,"https://www.google.com/search?q=""fishing report""+Crystal River+""Pitkin County""+Colorado"
5eabbdcfe45f3a8e7c7b,,date_unknown,,Montrose,Crystal Reservoir,official_fishery_survey,Colorado Parks and Wildlife,True,CPW fishery report: Crystal Reservoir,"Colorado Parks and Wildlife provides an official fishery survey or report for this water. Open the source for survey dates, species observations, management findings and access information.",,,"https://www.google.com/search?q=""fishing report""+Crystal Reservoir+""Montrose County""+Colorado"
67fd7ae3e8bf20fcc9fc,,date_unknown,,Lake,Crystal Lake,official_fishery_survey,Colorado Parks and Wildlife,True,CPW fishery report: Crystal Lake,"Colorado Parks and Wildlife provides an official fishery survey or report for this water. Open the source for survey dates, species observations, management findings and access information.",,,"https://www.google.com/search?q=""fishing report""+Crystal Lake+""Lake County""+Colorado"
e7ffdaba53e662b3bdec,,date_unknown,,Teller,Crystal Creek Reservoir,official_fishery_survey,Colorado Parks and Wildlife,True,CPW fishery report: Crystal Creek Reservoir,"Colorado Parks and Wildlife provides an official fishery survey or report for this water. Open the source for survey dates, species observations, management findings and access information.",,,"https://www.google.com/search?q=""fishing report""+Crystal Creek Reservoir+""Teller County""+Colorado"
84d71523e46af61e6762,,date_unknown,,Jefferson,Crown Hill Lake,official_fishery_survey,Colorado Parks and Wildlife,True,CPW fishery report: Crown Hill Lake,"Colorado Parks and Wildlife provides an official fishery survey or report for this water. Open the source for survey dates, species observations, management findings and access information.",,,"https://www.google.com/search?q=""fishing report""+Crown Hill Lake+""Jefferson County""+Colorado"
28ea2446ac295acd8698,,date_unknown,,Rio Blanco,Crosho Lake,official_fishery_survey,Colorado Parks and Wildlife,True,CPW fishery report: Crosho Lake,"Colorado Parks and Wildlife provides an official fishery survey or report for this water. Open the source for survey dates, species observations, management findings and access information.",,,"https://www.google.com/search?q=""fishing report""+Crosho Lake+""Rio Blanco County""+Colorado"
95378072d58e81bda34f,,date_unknown,,Adams,Croke Lake,official_fishery_survey,Colorado Parks and Wildlife,True,CPW fishery report: Croke Lake,"Colorado Parks and Wildlife provides an official fishery survey or report for this water. Open the source for survey dates, species observations, management findings and access information.",,,"https://www.google.com/search?q=""fishing report""+Croke Lake+""Adams County""+Colorado"
749429ba25477c17c52c,,date_unknown,,Delta,Crawford Reservoir,official_fishery_survey,Colorado Parks and Wildlife,True,CPW fishery report: Crawford Reservoir,"Colorado Parks and Wildlife provides an official fishery survey or report for this water. Open the source for survey dates, species observations, management findings and access information.",,,"https://www.google.com/search?q=""fishing report""+Crawford Reservoir+""Delta County""+Colorado"
fc2f8e51c0f733c59533,,date_unknown,,Gilpin,Crater Lakes,official_fishery_survey,Colorado Parks and Wildlife,True,CPW fishery report: Crater Lakes,"Colorado Parks and Wildlife provides an official fishery survey or report for this water. Open the source for survey dates, species observations, management findings and access information.",,,"https://www.google.com/search?q=""fishing report""+Crater Lake #2, Mid North+""Gilpin County""+Colorado"
e8e920c44a2a074cc5ac,,date_unknown,,Moffat,Craig Justice Center Pond,official_fishery_survey,Colorado Parks and Wildlife,True,CPW fishery report: Craig Justice Center Pond,"Colorado Parks and Wildlife provides an official fishery survey or report for this water. Open the source for survey dates, species observations, management findings and access information.",,,"https://www.google.com/search?q=""fishing report""+Craig Justice Center Pond+""Moffat County""+Colorado"
0cd942572bee9bad6490,,date_unknown,,Park,Craig Creek,official_fishery_survey,Colorado Parks and Wildlife,True,CPW fishery report: Craig Creek,"Colorado Parks and Wildlife provides an official fishery survey or report for this water. Open the source for survey dates, species observations, management findings and access information.",,,"https://www.google.com/search?q=""fishing report""+Craig Creek+""Park County""+Colorado"
7d0c5572b2e676edf378,,date_unknown,,Moffat,Craig City Ponds,official_fishery_survey,Colorado Parks and Wildlife,True,CPW fishery report: Craig City Ponds,"Colorado Parks and Wildlife provides an official fishery survey or report for this water. Open the source for survey dates, species observations, management findings and access information.",,,"https://www.google.com/search?q=""fishing report""+Craig City Ponds+""Moffat County""+Colorado"
38b57247c24669730f7a,,date_unknown,,Jackson,Cowdrey Lake,official_fishery_survey,Colorado Parks and Wildlife,True,CPW fishery report: Cowdrey Lake,"Colorado Parks and Wildlife provides an official fishery survey or report for this water. Open the source for survey dates, species observations, management findings and access information.",,,"https://www.google.com/search?q=""fishing report""+Cowdrey Lake+""Jackson County""+Colorado"
7ff6004c026d4630f356,,date_unknown,,Ouray,Cow Creek,official_fishery_survey,Colorado Parks and Wildlife,True,CPW fishery report: Cow Creek,"Colorado Parks and Wildlife provides an official fishery survey or report for this water. Open the source for survey dates, species observations, management findings and access information.",,,"https://www.google.com/search?q=""fishing report""+Cow Creek+""Ouray County""+Colorado"
575a0bc23be765725c95,,date_unknown,,Boulder,Cow Creek,official_fishery_survey,Colorado Parks and Wildlife,True,CPW fishery report: Cow Creek,"Colorado Parks and Wildlife provides an official fishery survey or report for this water. Open the source for survey dates, species observations, management findings and access information.",,,"https://www.google.com/search?q=""fishing report""+Cow Creek+""Boulder County""+Colorado"
b4b8aa0237e9c4286d6e,,date_unknown,,Jefferson,Cottonwood Park Lake,official_fishery_survey,Colorado Parks and Wildlife,True,CPW fishery report: Cottonwood Park Lake,"Colorado Parks and Wildlife provides an official fishery survey or report for this water. Open the source for survey dates, species observations, management findings and access information.",,,"https://www.google.com/search?q=""fishing report""+Cottonwood Park Lake+""Jefferson County""+Colorado"
fe3f85ca5e65c3ba8ef1,,date_unknown,,Mesa,Cottonwood Lake #5,official_fishery_survey,Colorado Parks and Wildlife,True,CPW fishery report: Cottonwood Lake #5,"Colorado Parks and Wildlife provides an official fishery survey or report for this water. Open the source for survey dates, species observations, management findings and access information.",,,"https://www.google.com/search?q=""fishing report""+Cottonwood Lake #5+""Mesa County""+Colorado"
e8be1473758b809aa16e,,date_unknown,,Mesa,Cottonwood Lake #4,official_fishery_survey,Colorado Parks and Wildlife,True,CPW fishery report: Cottonwood Lake #4,"Colorado Parks and Wildlife provides an official fishery survey or report for this water. Open the source for survey dates, species observations, management findings and access information.",,,"https://www.google.com/search?q=""fishing report""+Cottonwood Lake #4+""Mesa County""+Colorado"
a51a12d7f6f602897ca2,,date_unknown,,Mesa,Cottonwood Lake #2,official_fishery_survey,Colorado Parks and Wildlife,True,CPW fishery report: Cottonwood Lake #2,"Colorado Parks and Wildlife provides an official fishery survey or report for this water. Open the source for survey dates, species observations, management findings and access information.",,,"https://www.google.com/search?q=""fishing report""+Cottonwood Lake #2+""Mesa County""+Colorado"
742fbedbfcc0c262c029,,date_unknown,,Mesa,Cottonwood Lake #1,official_fishery_survey,Colorado Parks and Wildlife,True,CPW fishery report: Cottonwood Lake #1,"Colorado Parks and Wildlife provides an official fishery survey or report for this water. Open the source for survey dates, species observations, management findings and access information.",,,"https://www.google.com/search?q=""fishing report""+Cottonwood Lake #1+""Mesa County""+Colorado"
4b374ae24975371b413c,,date_unknown,,Chaffee,Cottonwood Lake,official_fishery_survey,Colorado Parks and Wildlife,True,CPW fishery report: Cottonwood Lake,"Colorado Parks and Wildlife provides an official fishery survey or report for this water. Open the source for survey dates, species observations, management findings and access information.",,,"https://www.google.com/search?q=""fishing report""+Cottonwood Lake+""Chaffee County""+Colorado"
584b683d7e55f989a8b4,,date_unknown,,Weld,Cottonwood Lake,official_fishery_survey,Colorado Parks and Wildlife,True,CPW fishery report: Cottonwood Lake,"Colorado Parks and Wildlife provides an official fishery survey or report for this water. Open the source for survey dates, species observations, management findings and access information.",,,"https://www.google.com/search?q=""fishing report""+Cottonwood Lake+""Weld County""+Colorado"
a88e41dbb907d2b19a00,,date_unknown,,Chaffee,"Cottonwood Creek, North",official_fishery_survey,Colorado Parks and Wildlife,True,"CPW fishery report: Cottonwood Creek, North","Colorado Parks and Wildlife provides an official fishery survey or report for this water. Open the source for survey dates, species observations, management findings and access information.",,,"https://www.google.com/search?q=""fishing report""+Cottonwood Creek, North+""Chaffee County""+Colorado"
240e03b5d1a27c98212f,,date_unknown,,Chaffee,"Cottonwood Creek, Middle",official_fishery_survey,Colorado Parks and Wildlife,True,"CPW fishery report: Cottonwood Creek, Middle","Colorado Parks and Wildlife provides an official fishery survey or report for this water. Open the source for survey dates, species observations, management findings and access information.",,,"https://www.google.com/search?q=""fishing report""+Cottonwood Creek, Middle+""Chaffee County""+Colorado"
70c5686cf58b37fec3eb,,date_unknown,,Chaffee,Cottonwood Creek,official_fishery_survey,Colorado Parks and Wildlife,True,CPW fishery report: Cottonwood Creek,"Colorado Parks and Wildlife provides an official fishery survey or report for this water. Open the source for survey dates, species observations, management findings and access information.",,,"https://www.google.com/search?q=""fishing report""+Cottonwood Creek+""Chaffee County""+Colorado"
970b2c17fb6e2a486f7b,,date_unknown,,Mesa,Cottonwood Creek,official_fishery_survey,Colorado Parks and Wildlife,True,CPW fishery report: Cottonwood Creek,"Colorado Parks and Wildlife provides an official fishery survey or report for this water. Open the source for survey dates, species observations, management findings and access information.",,,"https://www.google.com/search?q=""fishing report""+Cottonwood Creek+""Mesa County""+Colorado"
b8efdf3cfb610c4e50f4,,date_unknown,,Mesa,Corn Lake,official_fishery_survey,Colorado Parks and Wildlife,True,CPW fishery report: Corn Lake,"Colorado Parks and Wildlife provides an official fishery survey or report for this water. Open the source for survey dates, species observations, management findings and access information.",,,"https://www.google.com/search?q=""fishing report""+Corn Lake+""Mesa County""+Colorado"
d32fbad70d4ae88400d3,,date_unknown,,Gunnison,Copper Creek,official_fishery_survey,Colorado Parks and Wildlife,True,CPW fishery report: Copper Creek,"Colorado Parks and Wildlife provides an official fishery survey or report for this water. Open the source for survey dates, species observations, management findings and access information.",,,"https://www.google.com/search?q=""fishing report""+Copper Creek+""Gunnison County""+Colorado"
008eaf9b6a0bdd653596,,date_unknown,,Boulder,Coot Lake,official_fishery_survey,Colorado Parks and Wildlife,True,CPW fishery report: Coot Lake,"Colorado Parks and Wildlife provides an official fishery survey or report for this water. Open the source for survey dates, species observations, management findings and access information.",,,"https://www.google.com/search?q=""fishing report""+Coot Lake+""Boulder County""+Colorado"
d774780feae3d0157d79,,date_unknown,,Hinsdale,Cooper Lake,official_fishery_survey,Colorado Parks and Wildlife,True,CPW fishery report: Cooper Lake,"Colorado Parks and Wildlife provides an official fishery survey or report for this water. Open the source for survey dates, species observations, management findings and access information.",,,"https://www.google.com/search?q=""fishing report""+Cooper Lake+""Hinsdale County""+Colorado"
d93eeb05e66c54a37108,,date_unknown,,Hinsdale,Continental Reservoir,official_fishery_survey,Colorado Parks and Wildlife,True,CPW fishery report: Continental Reservoir,"Colorado Parks and Wildlife provides an official fishery survey or report for this water. Open the source for survey dates, species observations, management findings and access information.",,,"https://www.google.com/search?q=""fishing report""+Continental Reservoir+""Hinsdale County""+Colorado"
afaa03ca047f2e8ac5d4,,date_unknown,,Mesa,Connected Lakes,official_fishery_survey,Colorado Parks and Wildlife,True,CPW fishery report: Connected Lakes,"Colorado Parks and Wildlife provides an official fishery survey or report for this water. Open the source for survey dates, species observations, management findings and access information.",,,"https://www.google.com/search?q=""fishing report""+Connected Lakes+""Mesa County""+Colorado"
a6cff25105f77a3193bb,,date_unknown,,Delta,Confluence Lake,official_fishery_survey,Colorado Parks and Wildlife,True,CPW fishery report: Confluence Lake,"Colorado Parks and Wildlife provides an official fishery survey or report for this water. Open the source for survey dates, species observations, management findings and access information.",,,"https://www.google.com/search?q=""fishing report""+Confluence Lake+""Delta County""+Colorado"
704d8dee9638197b9c2b,,date_unknown,,Conejos,Conejos River,official_fishery_survey,Colorado Parks and Wildlife,True,CPW fishery report: Conejos River,"Colorado Parks and Wildlife provides an official fishery survey or report for this water. Open the source for survey dates, species observations, management findings and access information.",,,"https://www.google.com/search?q=""fishing report""+Conejos River+""Conejos County""+Colorado"
955d86fa911b511ccf12,,date_unknown,,Clear Creek,Cone Lake,official_fishery_survey,Colorado Parks and Wildlife,True,CPW fishery report: Cone Lake,"Colorado Parks and Wildlife provides an official fishery survey or report for this water. Open the source for survey dates, species observations, management findings and access information.",,,"https://www.google.com/search?q=""fishing report""+Cone Lake+""Clear Creek County""+Colorado"
d0a09f87ff2df1295090,,date_unknown,,Adams,Community College Pond,official_fishery_survey,Colorado Parks and Wildlife,True,CPW fishery report: Community College Pond,"Colorado Parks and Wildlife provides an official fishery survey or report for this water. Open the source for survey dates, species observations, management findings and access information.",,,"https://www.google.com/search?q=""fishing report""+Community College Pond+""Adams County""+Colorado"
674c12a73c6854f428c4,,date_unknown,,Custer,Comanche Lake,official_fishery_survey,Colorado Parks and Wildlife,True,CPW fishery report: Comanche Lake,"Colorado Parks and Wildlife provides an official fishery survey or report for this water. Open the source for survey dates, species observations, management findings and access information.",,,"https://www.google.com/search?q=""fishing report""+Comanche Lake+""Custer County""+Colorado"
6eb765ad0dbdd317880f,,date_unknown,,Montrose,Columbine Ponds,official_fishery_survey,Colorado Parks and Wildlife,True,CPW fishery report: Columbine Ponds,"Colorado Parks and Wildlife provides an official fishery survey or report for this water. Open the source for survey dates, species observations, management findings and access information.",,,"https://www.google.com/search?q=""fishing report""+Columbine Ponds+""Montrose County""+Colorado"
ed5ee59aa0f7dd2a1620,,date_unknown,,Park,Columbia Reservoir,official_fishery_survey,Colorado Parks and Wildlife,True,CPW fishery report: Columbia Reservoir,"Colorado Parks and Wildlife provides an official fishery survey or report for this water. Open the source for survey dates, species observations, management findings and access information.",,,"https://www.google.com/search?q=""fishing report""+Columbia Reservoir+""Park County""+Colorado"
b186b56b4a9a7295351b,,date_unknown,,Garfield,Colorado River,official_fishery_survey,Colorado Parks and Wildlife,True,CPW fishery report: Colorado River,"Colorado Parks and Wildlife provides an official fishery survey or report for this water. Open the source for survey dates, species observations, management findings and access information.",,,"https://www.google.com/search?q=""fishing report""+Colorado River+""Garfield County""+Colorado"
345d347b1418383fb407,,date_unknown,,Mesa,Colorado River,official_fishery_survey,Colorado Parks and Wildlife,True,CPW fishery report: Colorado River,"Colorado Parks and Wildlife provides an official fishery survey or report for this water. Open the source for survey dates, species observations, management findings and access information.",,,"https://www.google.com/search?q=""fishing report""+Colorado River+""Mesa County""+Colorado"
da9aa2425030a45997ea,,date_unknown,,Eagle,Colorado River,official_fishery_survey,Colorado Parks and Wildlife,True,CPW fishery report: Colorado River,"Colorado Parks and Wildlife provides an official fishery survey or report for this water. Open the source for survey dates, species observations, management findings and access information.",,,"https://www.google.com/search?q=""fishing report""+Colorado River+""Eagle County""+Colorado"
adf5cb6c64c9094fba97,,date_unknown,,Delta,Cole Reservoirs,official_fishery_survey,Colorado Parks and Wildlife,True,CPW fishery report: Cole Reservoirs,"Colorado Parks and Wildlife provides an official fishery survey or report for this water. Open the source for survey dates, species observations, management findings and access information.",,,"https://www.google.com/search?q=""fishing report""+Cole Reservoir #1+""Delta County""+Colorado"
9cd084cb010189144fa8,,date_unknown,,Garfield,Cold Springs Pond,official_fishery_survey,Colorado Parks and Wildlife,True,CPW fishery report: Cold Springs Pond,"Colorado Parks and Wildlife provides an official fishery survey or report for this water. Open the source for survey dates, species observations, management findings and access information.",,,"https://www.google.com/search?q=""fishing report""+Cold Springs Pond+""Garfield County""+Colorado"
9a20a2d647aff4960954,,date_unknown,,Mesa,Colby Horse Park Reservoir,official_fishery_survey,Colorado Parks and Wildlife,True,CPW fishery report: Colby Horse Park Reservoir,"Colorado Parks and Wildlife provides an official fishery survey or report for this water. Open the source for survey dates, species observations, management findings and access information.",,,"https://www.google.com/search?q=""fishing report""+Colby Horse Park Reservoir+""Mesa County""+Colorado"
1959d55f49914fd6a2e4,,date_unknown,,Saguache,Cochetopa Creek,official_fishery_survey,Colorado Parks and Wildlife,True,CPW fishery report: Cochetopa Creek,"Colorado Parks and Wildlife provides an official fishery survey or report for this water. Open the source for survey dates, species observations, management findings and access information.",,,"https://www.google.com/search?q=""fishing report""+Cochetopa Creek+""Saguache County""+Colorado"
7600b5fd3d547d1b8264,,date_unknown,,Delta,Cobbett Lake,official_fishery_survey,Colorado Parks and Wildlife,True,CPW fishery report: Cobbett Lake,"Colorado Parks and Wildlife provides an official fishery survey or report for this water. Open the source for survey dates, species observations, management findings and access information.",,,"https://www.google.com/search?q=""fishing report""+Cobbett Lake+""Delta County""+Colorado"
e39bdc2ed13d731b19b8,,date_unknown,,Gunnison,Coal Creek,official_fishery_survey,Colorado Parks and Wildlife,True,CPW fishery report: Coal Creek,"Colorado Parks and Wildlife provides an official fishery survey or report for this water. Open the source for survey dates, species observations, management findings and access information.",,,"https://www.google.com/search?q=""fishing report""+Coal Creek+""Gunnison County""+Colorado"
62ce496162e75bf160c9,,date_unknown,,Mesa,Coal Creek,official_fishery_survey,Colorado Parks and Wildlife,True,CPW fishery report: Coal Creek,"Colorado Parks and Wildlife provides an official fishery survey or report for this water. Open the source for survey dates, species observations, management findings and access information.",,,"https://www.google.com/search?q=""fishing report""+Coal Creek+""Mesa County""+Colorado"
5e72a6abb4ad41986f2f,,date_unknown,,Mesa,Clifton Nature Park Pond,official_fishery_survey,Colorado Parks and Wildlife,True,CPW fishery report: Clifton Nature Park Pond,"Colorado Parks and Wildlife provides an official fishery survey or report for this water. Open the source for survey dates, species observations, management findings and access information.",,,"https://www.google.com/search?q=""fishing report""+Clifton Nature Park Pond+""Mesa County""+Colorado"
524b9c5e79a88a72af02,,date_unknown,,Gunnison,Cliff Creek,official_fishery_survey,Colorado Parks and Wildlife,True,CPW fishery report: Cliff Creek,"Colorado Parks and Wildlife provides an official fishery survey or report for this water. Open the source for survey dates, species observations, management findings and access information.",,,"https://www.google.com/search?q=""fishing report""+Cliff Creek+""Gunnison County""+Colorado"
2a4d958c090d3f49b4a6,,date_unknown,,Clear Creek,Clear Lake,official_fishery_survey,Colorado Parks and Wildlife,True,CPW fishery report: Clear Lake,"Colorado Parks and Wildlife provides an official fishery survey or report for this water. Open the source for survey dates, species observations, management findings and access information.",,,"https://www.google.com/search?q=""fishing report""+Clear Lake+""Clear Creek County""+Colorado"
4d25b751fbd4d4f1d8d3,,date_unknown,,Jackson,Clear Lake,official_fishery_survey,Colorado Parks and Wildlife,True,CPW fishery report: Clear Lake,"Colorado Parks and Wildlife provides an official fishery survey or report for this water. Open the source for survey dates, species observations, management findings and access information.",,,"https://www.google.com/search?q=""fishing report""+Clear Lake+""Jackson County""+Colorado"
39a216abe6a21cb8bd85,,date_unknown,,Clear Creek,"Clear Creek, West Fork",official_fishery_survey,Colorado Parks and Wildlife,True,"CPW fishery report: Clear Creek, West Fork","Colorado Parks and Wildlife provides an official fishery survey or report for this water. Open the source for survey dates, species observations, management findings and access information.",,,"https://www.google.com/search?q=""fishing report""+Clear Creek, West Fork+""Clear Creek County""+Colorado"
92a48ff1dbc8a1da4487,,date_unknown,,Chaffee,"Clear Creek, South Fork",official_fishery_survey,Colorado Parks and Wildlife,True,"CPW fishery report: Clear Creek, South Fork","Colorado Parks and Wildlife provides an official fishery survey or report for this water. Open the source for survey dates, species observations, management findings and access information.",,,"https://www.google.com/search?q=""fishing report""+Clear Creek, South Fork+""Chaffee County""+Colorado"
3301fdf16a46e4812d3d,,date_unknown,,Clear Creek,"Clear Creek, South Fork",official_fishery_survey,Colorado Parks and Wildlife,True,"CPW fishery report: Clear Creek, South Fork","Colorado Parks and Wildlife provides an official fishery survey or report for this water. Open the source for survey dates, species observations, management findings and access information.",,,"https://www.google.com/search?q=""fishing report""+Clear Creek, South Fork+""Clear Creek County""+Colorado"
7bdc5e075c3dabdc65ca,,date_unknown,,Chaffee,"Clear Creek, North Fork",official_fishery_survey,Colorado Parks and Wildlife,True,"CPW fishery report: Clear Creek, North Fork","Colorado Parks and Wildlife provides an official fishery survey or report for this water. Open the source for survey dates, species observations, management findings and access information.",,,"https://www.google.com/search?q=""fishing report""+Clear Creek, North Fork+""Chaffee County""+Colorado"
b1942c23e56d8d525880,,date_unknown,,Gilpin,"Clear Creek, North Fork",official_fishery_survey,Colorado Parks and Wildlife,True,"CPW fishery report: Clear Creek, North Fork","Colorado Parks and Wildlife provides an official fishery survey or report for this water. Open the source for survey dates, species observations, management findings and access information.",,,"https://www.google.com/search?q=""fishing report""+Clear Creek, North Fork+""Gilpin County""+Colorado"
98951b17470755b332dd,,date_unknown,,Chaffee,Clear Creek Reservoir,official_fishery_survey,Colorado Parks and Wildlife,True,CPW fishery report: Clear Creek Reservoir,"Colorado Parks and Wildlife provides an official fishery survey or report for this water. Open the source for survey dates, species observations, management findings and access information.",,,"https://www.google.com/search?q=""fishing report""+Clear Creek Reservoir+""Chaffee County""+Colorado"
ab74084690dac8217eb5,,date_unknown,,Adams,Clear Creek Pond,official_fishery_survey,Colorado Parks and Wildlife,True,CPW fishery report: Clear Creek Pond,"Colorado Parks and Wildlife provides an official fishery survey or report for this water. Open the source for survey dates, species observations, management findings and access information.",,,"https://www.google.com/search?q=""fishing report""+Clear Creek Pond+""Adams County""+Colorado"
ca9b2247ab6183257dac,,date_unknown,,Clear Creek,Clear Creek,official_fishery_survey,Colorado Parks and Wildlife,True,CPW fishery report: Clear Creek,"Colorado Parks and Wildlife provides an official fishery survey or report for this water. Open the source for survey dates, species observations, management findings and access information.",,,"https://www.google.com/search?q=""fishing report""+Clear Creek+""Clear Creek County""+Colorado"
155c8e7f4ca885e3b9a3,,date_unknown,,Gilpin,Clayton Lake,official_fishery_survey,Colorado Parks and Wildlife,True,CPW fishery report: Clayton Lake,"Colorado Parks and Wildlife provides an official fishery survey or report for this water. Open the source for survey dates, species observations, management findings and access information.",,,"https://www.google.com/search?q=""fishing report""+Clayton Lake+""Gilpin County""+Colorado"
3b5c76a407c538d72d5d,,date_unknown,,Prowers,Clay Creek Pond,official_fishery_survey,Colorado Parks and Wildlife,True,CPW fishery report: Clay Creek Pond,"Colorado Parks and Wildlife provides an official fishery survey or report for this water. Open the source for survey dates, species observations, management findings and access information.",,,"https://www.google.com/search?q=""fishing report""+Clay Creek Pond+""Prowers County""+Colorado"
012a4ae16d1621f438a4,,date_unknown,,Adams,Civic Center Park Lake,official_fishery_survey,Colorado Parks and Wildlife,True,CPW fishery report: Civic Center Park Lake,"Colorado Parks and Wildlife provides an official fishery survey or report for this water. Open the source for survey dates, species observations, management findings and access information.",,,"https://www.google.com/search?q=""fishing report""+Civic Center Park Lake+""Adams County""+Colorado"
e2112bc1451ea2b53c5a,,date_unknown,,Denver,City Park Lake,official_fishery_survey,Colorado Parks and Wildlife,True,CPW fishery report: City Park Lake,"Colorado Parks and Wildlife provides an official fishery survey or report for this water. Open the source for survey dates, species observations, management findings and access information.",,,"https://www.google.com/search?q=""fishing report""+City Park Lake+""Denver County""+Colorado"
32fe4f42bec8c81131ec,,date_unknown,,Rio Blanco,Circle Park Pond,official_fishery_survey,Colorado Parks and Wildlife,True,CPW fishery report: Circle Park Pond,"Colorado Parks and Wildlife provides an official fishery survey or report for this water. Open the source for survey dates, species observations, management findings and access information.",,,"https://www.google.com/search?q=""fishing report""+Meeker Kids Pond+""Rio Blanco County""+Colorado"
ccb7b23056d83a0db204,,date_unknown,,Gunnison,"Cimarron River, West Fork",official_fishery_survey,Colorado Parks and Wildlife,True,"CPW fishery report: Cimarron River, West Fork","Colorado Parks and Wildlife provides an official fishery survey or report for this water. Open the source for survey dates, species observations, management findings and access information.",,,"https://www.google.com/search?q=""fishing report""+Cimarron River, West Fork+""Gunnison County""+Colorado"
2ceb3849000f7d863d81,,date_unknown,,Gunnison,"Cimarron River, Middle Fork",official_fishery_survey,Colorado Parks and Wildlife,True,"CPW fishery report: Cimarron River, Middle Fork","Colorado Parks and Wildlife provides an official fishery survey or report for this water. Open the source for survey dates, species observations, management findings and access information.",,,"https://www.google.com/search?q=""fishing report""+Cimarron River, Middle Fork+""Gunnison County""+Colorado"
c0434d76284a83f03ca8,,date_unknown,,Gunnison,"Cimarron River, Little",official_fishery_survey,Colorado Parks and Wildlife,True,"CPW fishery report: Cimarron River, Little","Colorado Parks and Wildlife provides an official fishery survey or report for this water. Open the source for survey dates, species observations, management findings and access information.",,,"https://www.google.com/search?q=""fishing report""+Cimarron River, Little+""Gunnison County""+Colorado"
2dfe0b393c3e580e20be,,date_unknown,,Gunnison,"Cimarron River, East Fork",official_fishery_survey,Colorado Parks and Wildlife,True,"CPW fishery report: Cimarron River, East Fork","Colorado Parks and Wildlife provides an official fishery survey or report for this water. Open the source for survey dates, species observations, management findings and access information.",,,"https://www.google.com/search?q=""fishing report""+Cimarron River, East Fork+""Gunnison County""+Colorado"
195432a5509e770a5dc5,,date_unknown,,Montrose,Cimarron River,official_fishery_survey,Colorado Parks and Wildlife,True,CPW fishery report: Cimarron River,"Colorado Parks and Wildlife provides an official fishery survey or report for this water. Open the source for survey dates, species observations, management findings and access information.",,,"https://www.google.com/search?q=""fishing report""+Cimarron River+""Montrose County""+Colorado"
cdd4613283c98d1ebaf2,,date_unknown,,Montrose,Chipeta Lake,official_fishery_survey,Colorado Parks and Wildlife,True,CPW fishery report: Chipeta Lake,"Colorado Parks and Wildlife provides an official fishery survey or report for this water. Open the source for survey dates, species observations, management findings and access information.",,,"https://www.google.com/search?q=""fishing report""+Chipeta Lake+""Montrose County""+Colorado"
cc34846b8272404a21ad,,date_unknown,,Clear Creek,Chinns Lake,official_fishery_survey,Colorado Parks and Wildlife,True,CPW fishery report: Chinns Lake,"Colorado Parks and Wildlife provides an official fishery survey or report for this water. Open the source for survey dates, species observations, management findings and access information.",,,"https://www.google.com/search?q=""fishing report""+Chinns Lake+""Clear Creek County""+Colorado"
8e8949e6ede7ecdcaa53,,date_unknown,,Clear Creek,Chicago Lakes,official_fishery_survey,Colorado Parks and Wildlife,True,CPW fishery report: Chicago Lakes,"Colorado Parks and Wildlife provides an official fishery survey or report for this water. Open the source for survey dates, species observations, management findings and access information.",,,"https://www.google.com/search?q=""fishing report""+Chicago Lake, Lower+""Clear Creek County""+Colorado"
96c887e3bb1dbc409d28,,date_unknown,,Clear Creek,"Chicago Creek, West Fork",official_fishery_survey,Colorado Parks and Wildlife,True,"CPW fishery report: Chicago Creek, West Fork","Colorado Parks and Wildlife provides an official fishery survey or report for this water. Open the source for survey dates, species observations, management findings and access information.",,,"https://www.google.com/search?q=""fishing report""+Chicago Creek, West Fork+""Clear Creek County""+Colorado"
bc4326e4b362baa612b6,,date_unknown,,Clear Creek,Chicago Creek,official_fishery_survey,Colorado Parks and Wildlife,True,CPW fishery report: Chicago Creek,"Colorado Parks and Wildlife provides an official fishery survey or report for this water. Open the source for survey dates, species observations, management findings and access information.",,,"https://www.google.com/search?q=""fishing report""+Chicago Creek+""Clear Creek County""+Colorado"
3facbda58500994ca690,,date_unknown,,Arapahoe,Cherry Knolls Pond,official_fishery_survey,Colorado Parks and Wildlife,True,CPW fishery report: Cherry Knolls Pond,"Colorado Parks and Wildlife provides an official fishery survey or report for this water. Open the source for survey dates, species observations, management findings and access information.",,,"https://www.google.com/search?q=""fishing report""+Cherry Knolls Pond+""Arapahoe County""+Colorado"
780b59172471efafade8,,date_unknown,,Arapahoe,Cherry Creek Reservoir,official_fishery_survey,Colorado Parks and Wildlife,True,CPW fishery report: Cherry Creek Reservoir,"Colorado Parks and Wildlife provides an official fishery survey or report for this water. Open the source for survey dates, species observations, management findings and access information.",,,"https://www.google.com/search?q=""fishing report""+Cherry Creek Reservoir+""Arapahoe County""+Colorado"
67f6804ef93e630442eb,,date_unknown,,Douglas,Cheesman Reservoir,official_fishery_survey,Colorado Parks and Wildlife,True,CPW fishery report: Cheesman Reservoir,"Colorado Parks and Wildlife provides an official fishery survey or report for this water. Open the source for survey dates, species observations, management findings and access information.",,,"https://www.google.com/search?q=""fishing report""+Cheesman Reservoir+""Douglas County""+Colorado"
d3ed01b572fc7eb5a7a6,,date_unknown,,Douglas,Chatfield Reservoir,official_fishery_survey,Colorado Parks and Wildlife,True,CPW fishery report: Chatfield Reservoir,"Colorado Parks and Wildlife provides an official fishery survey or report for this water. Open the source for survey dates, species observations, management findings and access information.",,,"https://www.google.com/search?q=""fishing report""+Chatfield Reservoir+""Douglas County""+Colorado"
cd7e042259550b62d682,,date_unknown,,Rio Blanco,Chatfield Reservoir,official_fishery_survey,Colorado Parks and Wildlife,True,CPW fishery report: Chatfield Reservoir,"Colorado Parks and Wildlife provides an official fishery survey or report for this water. Open the source for survey dates, species observations, management findings and access information.",,,"https://www.google.com/search?q=""fishing report""+Chatfield Reservoir+""Rio Blanco County""+Colorado"
5c50c30d4b364dd95d1a,,date_unknown,,Douglas,Chatfield Ponds,official_fishery_survey,Colorado Parks and Wildlife,True,CPW fishery report: Chatfield Ponds,"Colorado Parks and Wildlife provides an official fishery survey or report for this water. Open the source for survey dates, species observations, management findings and access information.",,,"https://www.google.com/search?q=""fishing report""+Chatfield Pond #4+""Douglas County""+Colorado"
68da643654dff495ef40,,date_unknown,,Morgan,Chartiers Pond,official_fishery_survey,Colorado Parks and Wildlife,True,CPW fishery report: Chartiers Pond,"Colorado Parks and Wildlife provides an official fishery survey or report for this water. Open the source for survey dates, species observations, management findings and access information.",,,"https://www.google.com/search?q=""fishing report""+Chartiers Pond+""Morgan County""+Colorado"
6f5cb08f2e2fa124515d,,date_unknown,,Pitkin,Chapman Reservoir,official_fishery_survey,Colorado Parks and Wildlife,True,CPW fishery report: Chapman Reservoir,"Colorado Parks and Wildlife provides an official fishery survey or report for this water. Open the source for survey dates, species observations, management findings and access information.",,,"https://www.google.com/search?q=""fishing report""+Chapman Reservoir+""Pitkin County""+Colorado"
8b76617f7dcfbbf1d529,,date_unknown,,Larimer,Chambers Lake,official_fishery_survey,Colorado Parks and Wildlife,True,CPW fishery report: Chambers Lake,"Colorado Parks and Wildlife provides an official fishery survey or report for this water. Open the source for survey dates, species observations, management findings and access information.",,,"https://www.google.com/search?q=""fishing report""+Chambers Lake+""Larimer County""+Colorado"
46636833c4c9a0e9e97a,,date_unknown,,Chaffee,Chalk Lake,official_fishery_survey,Colorado Parks and Wildlife,True,CPW fishery report: Chalk Lake,"Colorado Parks and Wildlife provides an official fishery survey or report for this water. Open the source for survey dates, species observations, management findings and access information.",,,"https://www.google.com/search?q=""fishing report""+Chalk Lake+""Chaffee County""+Colorado"
5b363fd0d00ab1f1b782,,date_unknown,,Arapahoe,Centennial Park Lake,official_fishery_survey,Colorado Parks and Wildlife,True,CPW fishery report: Centennial Park Lake,"Colorado Parks and Wildlife provides an official fishery survey or report for this water. Open the source for survey dates, species observations, management findings and access information.",,,"https://www.google.com/search?q=""fishing report""+Centennial Park Lake+""Arapahoe County""+Colorado"
8d4572791c907a89348d,,date_unknown,,Weld,Centennial Lake,official_fishery_survey,Colorado Parks and Wildlife,True,CPW fishery report: Centennial Lake,"Colorado Parks and Wildlife provides an official fishery survey or report for this water. Open the source for survey dates, species observations, management findings and access information.",,,"https://www.google.com/search?q=""fishing report""+Centennial Lake+""Weld County""+Colorado"
d76e4077be63b7b44313,,date_unknown,,Gunnison,Cement Creek,official_fishery_survey,Colorado Parks and Wildlife,True,CPW fishery report: Cement Creek,"Colorado Parks and Wildlife provides an official fishery survey or report for this water. Open the source for survey dates, species observations, management findings and access information.",,,"https://www.google.com/search?q=""fishing report""+Cement Creek+""Gunnison County""+Colorado"
47e2f8dff3646e833260,,date_unknown,,Delta,Cedar Mesa Reservoir,official_fishery_survey,Colorado Parks and Wildlife,True,CPW fishery report: Cedar Mesa Reservoir,"Colorado Parks and Wildlife provides an official fishery survey or report for this water. Open the source for survey dates, species observations, management findings and access information.",,,"https://www.google.com/search?q=""fishing report""+Cedar Mesa Reservoir+""Delta County""+Colorado"
6712b058f8ac7ffb09b4,,date_unknown,,Hinsdale,Cebolla Creek,official_fishery_survey,Colorado Parks and Wildlife,True,CPW fishery report: Cebolla Creek,"Colorado Parks and Wildlife provides an official fishery survey or report for this water. Open the source for survey dates, species observations, management findings and access information.",,,"https://www.google.com/search?q=""fishing report""+Cebolla Creek+""Hinsdale County""+Colorado"
d8dff036cf111da5905b,,date_unknown,,Summit,Cataract Creek,official_fishery_survey,Colorado Parks and Wildlife,True,CPW fishery report: Cataract Creek,"Colorado Parks and Wildlife provides an official fishery survey or report for this water. Open the source for survey dates, species observations, management findings and access information.",,,"https://www.google.com/search?q=""fishing report""+Cataract Creek+""Summit County""+Colorado"
a05916ed0cb59e61b4c4,,date_unknown,,Teller,Catamount Reservoir South,official_fishery_survey,Colorado Parks and Wildlife,True,CPW fishery report: Catamount Reservoir South,"Colorado Parks and Wildlife provides an official fishery survey or report for this water. Open the source for survey dates, species observations, management findings and access information.",,,"https://www.google.com/search?q=""fishing report""+Catamount Reservoir South+""Teller County""+Colorado"
02773323bf9e9b2bc375,,date_unknown,,Teller,Catamount Reservoir North,official_fishery_survey,Colorado Parks and Wildlife,True,CPW fishery report: Catamount Reservoir North,"Colorado Parks and Wildlife provides an official fishery survey or report for this water. Open the source for survey dates, species observations, management findings and access information.",,,"https://www.google.com/search?q=""fishing report""+Catamount Reservoir North+""Teller County""+Colorado"
62ed85600ebe3bb5564e,,date_unknown,,Chaffee,Castlerock Ponds,official_fishery_survey,Colorado Parks and Wildlife,True,CPW fishery report: Castlerock Ponds,"Colorado Parks and Wildlife provides an official fishery survey or report for this water. Open the source for survey dates, species observations, management findings and access information.",,,"https://www.google.com/search?q=""fishing report""+Castlerock Pond #2+""Chaffee County""+Colorado"
f43ee8f58678ddbbdc01,,date_unknown,,Routt,Casey's Pond,official_fishery_survey,Colorado Parks and Wildlife,True,CPW fishery report: Casey's Pond,"Colorado Parks and Wildlife provides an official fishery survey or report for this water. Open the source for survey dates, species observations, management findings and access information.",,,"https://www.google.com/search?q=""fishing report""+Casey Pond+""Routt County""+Colorado"
29f7d45a626a4dbe2628,,date_unknown,,Larimer,Carter Lake,official_fishery_survey,Colorado Parks and Wildlife,True,CPW fishery report: Carter Lake,"Colorado Parks and Wildlife provides an official fishery survey or report for this water. Open the source for survey dates, species observations, management findings and access information.",,,"https://www.google.com/search?q=""fishing report""+Carter Lake+""Larimer County""+Colorado"
83f49bc6e527e0f7f709,,date_unknown,,Mesa,Carson Lake,official_fishery_survey,Colorado Parks and Wildlife,True,CPW fishery report: Carson Lake,"Colorado Parks and Wildlife provides an official fishery survey or report for this water. Open the source for survey dates, species observations, management findings and access information.",,,"https://www.google.com/search?q=""fishing report""+Carson Lake+""Mesa County""+Colorado"
bc0e3a0d37bd96fe0371,,date_unknown,,Clear Creek,Caroline Lake,official_fishery_survey,Colorado Parks and Wildlife,True,CPW fishery report: Caroline Lake,"Colorado Parks and Wildlife provides an official fishery survey or report for this water. Open the source for survey dates, species observations, management findings and access information.",,,"https://www.google.com/search?q=""fishing report""+Caroline Lake+""Clear Creek County""+Colorado"
c5342022b4ced6670bef,,date_unknown,,Jefferson,Carmody Park Pond,official_fishery_survey,Colorado Parks and Wildlife,True,CPW fishery report: Carmody Park Pond,"Colorado Parks and Wildlife provides an official fishery survey or report for this water. Open the source for survey dates, species observations, management findings and access information.",,,"https://www.google.com/search?q=""fishing report""+Carmody Park Pond+""Jefferson County""+Colorado"
51d548a9be2731529cd2,,date_unknown,,Adams,Carl Park Pond,official_fishery_survey,Colorado Parks and Wildlife,True,CPW fishery report: Carl Park Pond,"Colorado Parks and Wildlife provides an official fishery survey or report for this water. Open the source for survey dates, species observations, management findings and access information.",,,"https://www.google.com/search?q=""fishing report""+Carl Park Pond+""Adams County""+Colorado"
95436ac8b61b76078036,,date_unknown,,Boulder,Caribou Creek,official_fishery_survey,Colorado Parks and Wildlife,True,CPW fishery report: Caribou Creek,"Colorado Parks and Wildlife provides an official fishery survey or report for this water. Open the source for survey dates, species observations, management findings and access information.",,,"https://www.google.com/search?q=""fishing report""+Caribou Creek+""Boulder County""+Colorado"
beda975ed0c08bfce094,,date_unknown,,Gunnison,Carbon Creek,official_fishery_survey,Colorado Parks and Wildlife,True,CPW fishery report: Carbon Creek,"Colorado Parks and Wildlife provides an official fishery survey or report for this water. Open the source for survey dates, species observations, management findings and access information.",,,"https://www.google.com/search?q=""fishing report""+Carbon Creek+""Gunnison County""+Colorado"
046167358878eea586a6,,date_unknown,,Garfield,"Canyon Creek, East",official_fishery_survey,Colorado Parks and Wildlife,True,"CPW fishery report: Canyon Creek, East","Colorado Parks and Wildlife provides an official fishery survey or report for this water. Open the source for survey dates, species observations, management findings and access information.",,,"https://www.google.com/search?q=""fishing report""+Canyon Creek, East+""Garfield County""+Colorado"
696f2206f5c837371464,,date_unknown,,Garfield,Canyon Creek,official_fishery_survey,Colorado Parks and Wildlife,True,CPW fishery report: Canyon Creek,"Colorado Parks and Wildlife provides an official fishery survey or report for this water. Open the source for survey dates, species observations, management findings and access information.",,,"https://www.google.com/search?q=""fishing report""+Canyon Creek+""Garfield County""+Colorado"
fb6eb12a9763f6169c3f,,date_unknown,,Fremont,Canon City Kids Pond,official_fishery_survey,Colorado Parks and Wildlife,True,CPW fishery report: Canon City Kids Pond,"Colorado Parks and Wildlife provides an official fishery survey or report for this water. Open the source for survey dates, species observations, management findings and access information.",,,"https://www.google.com/search?q=""fishing report""+Canon City Kids Pond+""Fremont County""+Colorado"
f07b2c966ce6497b5b37,,date_unknown,,Eagle,Camp Hale Pond,official_fishery_survey,Colorado Parks and Wildlife,True,CPW fishery report: Camp Hale Pond,"Colorado Parks and Wildlife provides an official fishery survey or report for this water. Open the source for survey dates, species observations, management findings and access information.",,,"https://www.google.com/search?q=""fishing report""+Camp Hale Pond+""Eagle County""+Colorado"
cadcf2a8cd5acbaafeed,,date_unknown,,Adams,Camenisch Lake,official_fishery_survey,Colorado Parks and Wildlife,True,CPW fishery report: Camenisch Lake,"Colorado Parks and Wildlife provides an official fishery survey or report for this water. Open the source for survey dates, species observations, management findings and access information.",,,"https://www.google.com/search?q=""fishing report""+Camenisch Lake+""Adams County""+Colorado"
44849967d406879f0c7d,,date_unknown,,Larimer,"Cache la Poudre River, North Fork",official_fishery_survey,Colorado Parks and Wildlife,True,"CPW fishery report: Cache la Poudre River, North Fork","Colorado Parks and Wildlife provides an official fishery survey or report for this water. Open the source for survey dates, species observations, management findings and access information.",,,"https://www.google.com/search?q=""fishing report""+Cache la Poudre River, North Fork+""Larimer County""+Colorado"
342b89966665c5d49056,,date_unknown,,Larimer,Cache la Poudre River,official_fishery_survey,Colorado Parks and Wildlife,True,CPW fishery report: Cache la Poudre River,"Colorado Parks and Wildlife provides an official fishery survey or report for this water. Open the source for survey dates, species observations, management findings and access information.",,,"https://www.google.com/search?q=""fishing report""+Cache la Poudre River+""Larimer County""+Colorado"
f10017e3579b31069df5,,date_unknown,,Boulder,Cabin Creek,official_fishery_survey,Colorado Parks and Wildlife,True,CPW fishery report: Cabin Creek,"Colorado Parks and Wildlife provides an official fishery survey or report for this water. Open the source for survey dates, species observations, management findings and access information.",,,"https://www.google.com/search?q=""fishing report""+Cabin Creek+""Boulder County""+Colorado"
70eb2c0431d6e49cbc2a,,date_unknown,,Clear Creek,Byron Lake,official_fishery_survey,Colorado Parks and Wildlife,True,CPW fishery report: Byron Lake,"Colorado Parks and Wildlife provides an official fishery survey or report for this water. Open the source for survey dates, species observations, management findings and access information.",,,"https://www.google.com/search?q=""fishing report""+Byron Lake+""Clear Creek County""+Colorado"
865aa9c613633e6c95aa,,date_unknown,,Mesa,Buzzard Creek,official_fishery_survey,Colorado Parks and Wildlife,True,CPW fishery report: Buzzard Creek,"Colorado Parks and Wildlife provides an official fishery survey or report for this water. Open the source for survey dates, species observations, management findings and access information.",,,"https://www.google.com/search?q=""fishing report""+Buzzard Creek+""Mesa County""+Colorado"
91185dd6d14b75a570b3,,date_unknown,,Delta,Butts Lake,official_fishery_survey,Colorado Parks and Wildlife,True,CPW fishery report: Butts Lake,"Colorado Parks and Wildlife provides an official fishery survey or report for this water. Open the source for survey dates, species observations, management findings and access information.",,,"https://www.google.com/search?q=""fishing report""+Butts Lake+""Delta County""+Colorado"
afbf1d9b953c8c442c5b,,date_unknown,,Park,Burning Bear Creek,official_fishery_survey,Colorado Parks and Wildlife,True,CPW fishery report: Burning Bear Creek,"Colorado Parks and Wildlife provides an official fishery survey or report for this water. Open the source for survey dates, species observations, management findings and access information.",,,"https://www.google.com/search?q=""fishing report""+Burning Bear Creek+""Park County""+Colorado"
8177ecf5ca09e80e64fd,,date_unknown,,Mesa,Bull Creek Reservoir #5,official_fishery_survey,Colorado Parks and Wildlife,True,CPW fishery report: Bull Creek Reservoir #5,"Colorado Parks and Wildlife provides an official fishery survey or report for this water. Open the source for survey dates, species observations, management findings and access information.",,,"https://www.google.com/search?q=""fishing report""+Bull Creek Reservoir #5+""Mesa County""+Colorado"
4b4f774e61474e216264,,date_unknown,,Mesa,Bull Creek Reservoir #2,official_fishery_survey,Colorado Parks and Wildlife,True,CPW fishery report: Bull Creek Reservoir #2,"Colorado Parks and Wildlife provides an official fishery survey or report for this water. Open the source for survey dates, species observations, management findings and access information.",,,"https://www.google.com/search?q=""fishing report""+Bull Creek Reservoir #2+""Mesa County""+Colorado"
1f98a93565d5e535bb24,,date_unknown,,Mesa,Bull Creek Reservoir #1,official_fishery_survey,Colorado Parks and Wildlife,True,CPW fishery report: Bull Creek Reservoir #1,"Colorado Parks and Wildlife provides an official fishery survey or report for this water. Open the source for survey dates, species observations, management findings and access information.",,,"https://www.google.com/search?q=""fishing report""+Bull Creek Reservoir #1+""Mesa County""+Colorado"
5304e113cdb75dda6428,,date_unknown,,Mesa,Bull Creek,official_fishery_survey,Colorado Parks and Wildlife,True,CPW fishery report: Bull Creek,"Colorado Parks and Wildlife provides an official fishery survey or report for this water. Open the source for survey dates, species observations, management findings and access information.",,,"https://www.google.com/search?q=""fishing report""+Bull Creek+""Mesa County""+Colorado"
dde37716800b9dc73512,,date_unknown,,Mesa,Bull Basin Reservoir #1,official_fishery_survey,Colorado Parks and Wildlife,True,CPW fishery report: Bull Basin Reservoir #1,"Colorado Parks and Wildlife provides an official fishery survey or report for this water. Open the source for survey dates, species observations, management findings and access information.",,,"https://www.google.com/search?q=""fishing report""+Bull Basin Reservoir #1+""Mesa County""+Colorado"
f7165d6f29348554ad16,,date_unknown,,Jefferson,Buffalo Creek,official_fishery_survey,Colorado Parks and Wildlife,True,CPW fishery report: Buffalo Creek,"Colorado Parks and Wildlife provides an official fishery survey or report for this water. Open the source for survey dates, species observations, management findings and access information.",,,"https://www.google.com/search?q=""fishing report""+Buffalo Creek+""Jefferson County""+Colorado"
1100c04e1ee365d57b3c,,date_unknown,,Chaffee,Buena Vista Kids Pond,official_fishery_survey,Colorado Parks and Wildlife,True,CPW fishery report: Buena Vista Kids Pond,"Colorado Parks and Wildlife provides an official fishery survey or report for this water. Open the source for survey dates, species observations, management findings and access information.",,,"https://www.google.com/search?q=""fishing report""+Buena Vista Kids Pond+""Chaffee County""+Colorado"
ebdad2faabe82bbb1d3a,,date_unknown,,Montrose,Buckhorn Lakes,official_fishery_survey,Colorado Parks and Wildlife,True,CPW fishery report: Buckhorn Lakes,"Colorado Parks and Wildlife provides an official fishery survey or report for this water. Open the source for survey dates, species observations, management findings and access information.",,,"https://www.google.com/search?q=""fishing report""+Buckhorn Lake, Big+""Montrose County""+Colorado"
ad11bb54a91957d2638c,,date_unknown,,Montrose,Buckeye Reservoir,official_fishery_survey,Colorado Parks and Wildlife,True,CPW fishery report: Buckeye Reservoir,"Colorado Parks and Wildlife provides an official fishery survey or report for this water. Open the source for survey dates, species observations, management findings and access information.",,,"https://www.google.com/search?q=""fishing report""+Buckeye Reservoir+""Montrose County""+Colorado"
34f7e17050011135f483,,date_unknown,,Fremont,Brush Hollow Reservoir,official_fishery_survey,Colorado Parks and Wildlife,True,CPW fishery report: Brush Hollow Reservoir,"Colorado Parks and Wildlife provides an official fishery survey or report for this water. Open the source for survey dates, species observations, management findings and access information.",,,"https://www.google.com/search?q=""fishing report""+Brush Hollow Reservoir+""Fremont County""+Colorado"
a0e298019d750a8d5f43,,date_unknown,,Eagle,"Brush Creek, West",official_fishery_survey,Colorado Parks and Wildlife,True,"CPW fishery report: Brush Creek, West","Colorado Parks and Wildlife provides an official fishery survey or report for this water. Open the source for survey dates, species observations, management findings and access information.",,,"https://www.google.com/search?q=""fishing report""+Brush Creek, West+""Eagle County""+Colorado"
05a4063790457ca7aa21,,date_unknown,,Custer,Brush Creek Lakes,official_fishery_survey,Colorado Parks and Wildlife,True,CPW fishery report: Brush Creek Lakes,"Colorado Parks and Wildlife provides an official fishery survey or report for this water. Open the source for survey dates, species observations, management findings and access information.",,,"https://www.google.com/search?q=""fishing report""+Brush Creek Lake, Lower+""Custer County""+Colorado"
334369c7134b5cfc6d2e,,date_unknown,,Custer,"Brush Creek Lake, South Branch",official_fishery_survey,Colorado Parks and Wildlife,True,"CPW fishery report: Brush Creek Lake, South Branch","Colorado Parks and Wildlife provides an official fishery survey or report for this water. Open the source for survey dates, species observations, management findings and access information.",,,"https://www.google.com/search?q=""fishing report""+Brush Creek Lake, South Branch+""Custer County""+Colorado"
9e0740377183ccc6a09d,,date_unknown,,Gunnison,Brush Creek,official_fishery_survey,Colorado Parks and Wildlife,True,CPW fishery report: Brush Creek,"Colorado Parks and Wildlife provides an official fishery survey or report for this water. Open the source for survey dates, species observations, management findings and access information.",,,"https://www.google.com/search?q=""fishing report""+Brush Creek+""Gunnison County""+Colorado"
6cdb6aa866d810ee335b,,date_unknown,,Park,Bruno Gulch,official_fishery_survey,Colorado Parks and Wildlife,True,CPW fishery report: Bruno Gulch,"Colorado Parks and Wildlife provides an official fishery survey or report for this water. Open the source for survey dates, species observations, management findings and access information.",,,"https://www.google.com/search?q=""fishing report""+Bruno Gulch+""Park County""+Colorado"
3e2d9ea0b231cbbefb24,,date_unknown,,Chaffee,Browns Creek,official_fishery_survey,Colorado Parks and Wildlife,True,CPW fishery report: Browns Creek,"Colorado Parks and Wildlife provides an official fishery survey or report for this water. Open the source for survey dates, species observations, management findings and access information.",,,"https://www.google.com/search?q=""fishing report""+Browns Creek+""Chaffee County""+Colorado"
706dd52c0fa01a0001d6,,date_unknown,,Mesa,Brook Creek,official_fishery_survey,Colorado Parks and Wildlife,True,CPW fishery report: Brook Creek,"Colorado Parks and Wildlife provides an official fishery survey or report for this water. Open the source for survey dates, species observations, management findings and access information.",,,"https://www.google.com/search?q=""fishing report""+Brook Creek+""Mesa County""+Colorado"
59fccdc280c1e2ad3ec0,,date_unknown,,Adams,Brighton Park Lake,official_fishery_survey,Colorado Parks and Wildlife,True,CPW fishery report: Brighton Park Lake,"Colorado Parks and Wildlife provides an official fishery survey or report for this water. Open the source for survey dates, species observations, management findings and access information.",,,"https://www.google.com/search?q=""fishing report""+Brighton Park Lake+""Adams County""+Colorado"
9e8771893bcff5100457,,date_unknown,,Grand,Breeze Pond,official_fishery_survey,Colorado Parks and Wildlife,True,CPW fishery report: Breeze Pond,"Colorado Parks and Wildlife provides an official fishery survey or report for this water. Open the source for survey dates, species observations, management findings and access information.",,,"https://www.google.com/search?q=""fishing report""+Breeze Pond+""Grand County""+Colorado"
cd0eae60e6a73664b09d,,date_unknown,,Boulder,Brainard Lake,official_fishery_survey,Colorado Parks and Wildlife,True,CPW fishery report: Brainard Lake,"Colorado Parks and Wildlife provides an official fishery survey or report for this water. Open the source for survey dates, species observations, management findings and access information.",,,"https://www.google.com/search?q=""fishing report""+Brainard Lake+""Boulder County""+Colorado"
cac77f886ea4d66d4501,,date_unknown,,Larimer,Boyd Lake,official_fishery_survey,Colorado Parks and Wildlife,True,CPW fishery report: Boyd Lake,"Colorado Parks and Wildlife provides an official fishery survey or report for this water. Open the source for survey dates, species observations, management findings and access information.",,,"https://www.google.com/search?q=""fishing report""+Boyd Lake+""Larimer County""+Colorado"
f52a2bcaca5d8ee0836d,,date_unknown,,Larimer,Boxelder Lake #3,official_fishery_survey,Colorado Parks and Wildlife,True,CPW fishery report: Boxelder Lake #3,"Colorado Parks and Wildlife provides an official fishery survey or report for this water. Open the source for survey dates, species observations, management findings and access information.",,,"https://www.google.com/search?q=""fishing report""+Boxelder Lake #3+""Larimer County""+Colorado"
b5a73ddfcbe037ff50e4,,date_unknown,,Arapahoe,Bowles Grove Pond,official_fishery_survey,Colorado Parks and Wildlife,True,CPW fishery report: Bowles Grove Pond,"Colorado Parks and Wildlife provides an official fishery survey or report for this water. Open the source for survey dates, species observations, management findings and access information.",,,"https://www.google.com/search?q=""fishing report""+Bowles Grove Pond+""Arapahoe County""+Colorado"
f3e911f65b51d9dc5cef,,date_unknown,,Boulder,Boulder Ponds (2),official_fishery_survey,Colorado Parks and Wildlife,True,CPW fishery report: Boulder Ponds (2),"Colorado Parks and Wildlife provides an official fishery survey or report for this water. Open the source for survey dates, species observations, management findings and access information.",,,"https://www.google.com/search?q=""fishing report""+Boulder Ponds (2)+""Boulder County""+Colorado"
72bcb833a8e179bf6639,,date_unknown,,Boulder,"Boulder Creek, South",official_fishery_survey,Colorado Parks and Wildlife,True,"CPW fishery report: Boulder Creek, South","Colorado Parks and Wildlife provides an official fishery survey or report for this water. Open the source for survey dates, species observations, management findings and access information.",,,"https://www.google.com/search?q=""fishing report""+Boulder Creek, South+""Boulder County""+Colorado"
5d9e188e3e4d5398ec09,,date_unknown,,Gilpin,"Boulder Creek, South",official_fishery_survey,Colorado Parks and Wildlife,True,"CPW fishery report: Boulder Creek, South","Colorado Parks and Wildlife provides an official fishery survey or report for this water. Open the source for survey dates, species observations, management findings and access information.",,,"https://www.google.com/search?q=""fishing report""+Boulder Creek, South+""Gilpin County""+Colorado"
302d2fb7b7d5e6ad08ed,,date_unknown,,Boulder,"Boulder Creek, Middle, South Fork",official_fishery_survey,Colorado Parks and Wildlife,True,"CPW fishery report: Boulder Creek, Middle, South Fork","Colorado Parks and Wildlife provides an official fishery survey or report for this water. Open the source for survey dates, species observations, management findings and access information.",,,"https://www.google.com/search?q=""fishing report""+Boulder Creek, Middle, South Fork+""Boulder County""+Colorado"
c07000d48999bf1b7521,,date_unknown,,Boulder,"Boulder Creek, Middle, North Fork",official_fishery_survey,Colorado Parks and Wildlife,True,"CPW fishery report: Boulder Creek, Middle, North Fork","Colorado Parks and Wildlife provides an official fishery survey or report for this water. Open the source for survey dates, species observations, management findings and access information.",,,"https://www.google.com/search?q=""fishing report""+Boulder Creek, Middle, North Fork+""Boulder County""+Colorado"
90142be43bf22345aae9,,date_unknown,,Boulder,Boulder Creek,official_fishery_survey,Colorado Parks and Wildlife,True,CPW fishery report: Boulder Creek,"Colorado Parks and Wildlife provides an official fishery survey or report for this water. Open the source for survey dates, species observations, management findings and access information.",,,"https://www.google.com/search?q=""fishing report""+Boulder Creek+""Boulder County""+Colorado"
e45c877c1e3bd5397ede,,date_unknown,,Boulder,Boulder City Reservoir,official_fishery_survey,Colorado Parks and Wildlife,True,CPW fishery report: Boulder City Reservoir,"Colorado Parks and Wildlife provides an official fishery survey or report for this water. Open the source for survey dates, species observations, management findings and access information.",,,"https://www.google.com/search?q=""fishing report""+Boulder City Reservoir+""Boulder County""+Colorado"
852e8e121697b2021cfb,,date_unknown,,Chaffee,Boss Lake Reservoir,official_fishery_survey,Colorado Parks and Wildlife,True,CPW fishery report: Boss Lake Reservoir,"Colorado Parks and Wildlife provides an official fishery survey or report for this water. Open the source for survey dates, species observations, management findings and access information.",,,"https://www.google.com/search?q=""fishing report""+Boss Lake Reservoir+""Chaffee County""+Colorado"
f7aa614d497ecc2fcd27,,date_unknown,,Delta,Bonita Creek,official_fishery_survey,Colorado Parks and Wildlife,True,CPW fishery report: Bonita Creek,"Colorado Parks and Wildlife provides an official fishery survey or report for this water. Open the source for survey dates, species observations, management findings and access information.",,,"https://www.google.com/search?q=""fishing report""+Bonita Creek+""Delta County""+Colorado"
6bcfbd7a3d8642ca7dea,,date_unknown,,Mesa,Bonham Reservoir,official_fishery_survey,Colorado Parks and Wildlife,True,CPW fishery report: Bonham Reservoir,"Colorado Parks and Wildlife provides an official fishery survey or report for this water. Open the source for survey dates, species observations, management findings and access information.",,,"https://www.google.com/search?q=""fishing report""+Bonham Reservoir+""Mesa County""+Colorado"
552f22f7760fb07060b8,,date_unknown,,Larimer,Boedecker Reservoir,official_fishery_survey,Colorado Parks and Wildlife,True,CPW fishery report: Boedecker Reservoir,"Colorado Parks and Wildlife provides an official fishery survey or report for this water. Open the source for survey dates, species observations, management findings and access information.",,,"https://www.google.com/search?q=""fishing report""+Boedecker Reservoir+""Larimer County""+Colorado"
de2aecba96425c3f77ed,,date_unknown,,Boulder,Bob Lake,official_fishery_survey,Colorado Parks and Wildlife,True,CPW fishery report: Bob Lake,"Colorado Parks and Wildlife provides an official fishery survey or report for this water. Open the source for survey dates, species observations, management findings and access information.",,,"https://www.google.com/search?q=""fishing report""+Bob Lake+""Boulder County""+Colorado"
f4987cd3e36920694860,,date_unknown,,Summit,Blue River,official_fishery_survey,Colorado Parks and Wildlife,True,CPW fishery report: Blue River,"Colorado Parks and Wildlife provides an official fishery survey or report for this water. Open the source for survey dates, species observations, management findings and access information.",,,"https://www.google.com/search?q=""fishing report""+Blue River+""Summit County""+Colorado"
a5194173ac85636cb21a,,date_unknown,,Gunnison,Blue Mesa Reservoir,official_fishery_survey,Colorado Parks and Wildlife,True,CPW fishery report: Blue Mesa Reservoir,"Colorado Parks and Wildlife provides an official fishery survey or report for this water. Open the source for survey dates, species observations, management findings and access information.",,,"https://www.google.com/search?q=""fishing report""+Blue Mesa Reservoir+""Gunnison County""+Colorado"
b868bd10a07671da598f,,date_unknown,,Huerfano,Blue Lake Lower,official_fishery_survey,Colorado Parks and Wildlife,True,CPW fishery report: Blue Lake Lower,"Colorado Parks and Wildlife provides an official fishery survey or report for this water. Open the source for survey dates, species observations, management findings and access information.",,,"https://www.google.com/search?q=""fishing report""+Blue Lake, Lower+""Huerfano County""+Colorado"
7f78d54af34f95382fe2,,date_unknown,,Mesa,Blue Lake,official_fishery_survey,Colorado Parks and Wildlife,True,CPW fishery report: Blue Lake,"Colorado Parks and Wildlife provides an official fishery survey or report for this water. Open the source for survey dates, species observations, management findings and access information.",,,"https://www.google.com/search?q=""fishing report""+Blue Lake+""Mesa County""+Colorado"
a62ec88dfdebc964e4d5,,date_unknown,,Boulder,Blue Lake,official_fishery_survey,Colorado Parks and Wildlife,True,CPW fishery report: Blue Lake,"Colorado Parks and Wildlife provides an official fishery survey or report for this water. Open the source for survey dates, species observations, management findings and access information.",,,"https://www.google.com/search?q=""fishing report""+Blue Lake+""Boulder County""+Colorado"
2c8941ef55a2df2c4186,,date_unknown,,Huerfano,Blue Lake,official_fishery_survey,Colorado Parks and Wildlife,True,CPW fishery report: Blue Lake,"Colorado Parks and Wildlife provides an official fishery survey or report for this water. Open the source for survey dates, species observations, management findings and access information.",,,"https://www.google.com/search?q=""fishing report""+Blue Lake+""Huerfano County""+Colorado"
f761bef060ca0e8bb97a,,date_unknown,,Grand,Blacktail Creek,official_fishery_survey,Colorado Parks and Wildlife,True,CPW fishery report: Blacktail Creek,"Colorado Parks and Wildlife provides an official fishery survey or report for this water. Open the source for survey dates, species observations, management findings and access information.",,,"https://www.google.com/search?q=""fishing report""+Blacktail Creek+""Grand County""+Colorado"
b3d1e5ec1e9a3147962e,,date_unknown,,Larimer,Black Hollow Creek,official_fishery_survey,Colorado Parks and Wildlife,True,CPW fishery report: Black Hollow Creek,"Colorado Parks and Wildlife provides an official fishery survey or report for this water. Open the source for survey dates, species observations, management findings and access information.",,,"https://www.google.com/search?q=""fishing report""+Black Hollow Creek+""Larimer County""+Colorado"
43b7121c53e4614b01dc,,date_unknown,,Baca,Black Hole at Two Buttes,official_fishery_survey,Colorado Parks and Wildlife,True,CPW fishery report: Black Hole at Two Buttes,"Colorado Parks and Wildlife provides an official fishery survey or report for this water. Open the source for survey dates, species observations, management findings and access information.",,,"https://www.google.com/search?q=""fishing report""+Black Hole at Two Buttes+""Baca County""+Colorado"
db29ae4d01499a89b8d3,,date_unknown,,Weld,Bittersweet Lake,official_fishery_survey,Colorado Parks and Wildlife,True,CPW fishery report: Bittersweet Lake,"Colorado Parks and Wildlife provides an official fishery survey or report for this water. Open the source for survey dates, species observations, management findings and access information.",,,"https://www.google.com/search?q=""fishing report""+Bittersweet Lake+""Weld County""+Colorado"
a2451052cfd5d0eece96,,date_unknown,,Jefferson,Birdland Lake,official_fishery_survey,Colorado Parks and Wildlife,True,CPW fishery report: Birdland Lake,"Colorado Parks and Wildlife provides an official fishery survey or report for this water. Open the source for survey dates, species observations, management findings and access information.",,,"https://www.google.com/search?q=""fishing report""+Birdland Lake+""Jefferson County""+Colorado"
968a1745771b63488030,,date_unknown,,Ouray,Billy Creek Lake,official_fishery_survey,Colorado Parks and Wildlife,True,CPW fishery report: Billy Creek Lake,"Colorado Parks and Wildlife provides an official fishery survey or report for this water. Open the source for survey dates, species observations, management findings and access information.",,,"https://www.google.com/search?q=""fishing report""+Billy Creek Lake+""Ouray County""+Colorado"
c76b726a2126698fae3c,,date_unknown,,Larimer,"Big Thompson River, North Fork",official_fishery_survey,Colorado Parks and Wildlife,True,"CPW fishery report: Big Thompson River, North Fork","Colorado Parks and Wildlife provides an official fishery survey or report for this water. Open the source for survey dates, species observations, management findings and access information.",,,"https://www.google.com/search?q=""fishing report""+Big Thompson River, North Fork+""Larimer County""+Colorado"
73d9f6dd75244793b09c,,date_unknown,,Larimer,Big Thompson River,official_fishery_survey,Colorado Parks and Wildlife,True,CPW fishery report: Big Thompson River,"Colorado Parks and Wildlife provides an official fishery survey or report for this water. Open the source for survey dates, species observations, management findings and access information.",,,"https://www.google.com/search?q=""fishing report""+Big Thompson River+""Larimer County""+Colorado"
484cdd6f6c7990dcfd23,,date_unknown,,Mineral,Big Meadows Reservoir,official_fishery_survey,Colorado Parks and Wildlife,True,CPW fishery report: Big Meadows Reservoir,"Colorado Parks and Wildlife provides an official fishery survey or report for this water. Open the source for survey dates, species observations, management findings and access information.",,,"https://www.google.com/search?q=""fishing report""+Big Meadows Reservoir+""Mineral County""+Colorado"
e460fc155e7e0c669e91,,date_unknown,,Otero,Big Mac Pond,official_fishery_survey,Colorado Parks and Wildlife,True,CPW fishery report: Big Mac Pond,"Colorado Parks and Wildlife provides an official fishery survey or report for this water. Open the source for survey dates, species observations, management findings and access information.",,,"https://www.google.com/search?q=""fishing report""+Big Mac Pond+""Otero County""+Colorado"
05736e7ed1965e050c35,,date_unknown,,Mesa,Big Creek Reservoir #1,official_fishery_survey,Colorado Parks and Wildlife,True,CPW fishery report: Big Creek Reservoir #1,"Colorado Parks and Wildlife provides an official fishery survey or report for this water. Open the source for survey dates, species observations, management findings and access information.",,,"https://www.google.com/search?q=""fishing report""+Big Creek Reservoir #1+""Mesa County""+Colorado"
5b869ea5c39571b4efd8,,date_unknown,,Jackson,Big Creek Lakes,official_fishery_survey,Colorado Parks and Wildlife,True,CPW fishery report: Big Creek Lakes,"Colorado Parks and Wildlife provides an official fishery survey or report for this water. Open the source for survey dates, species observations, management findings and access information.",,,"https://www.google.com/search?q=""fishing report""+Big Creek Lake, Lower+""Jackson County""+Colorado"
addff8bb3896b79015be,,date_unknown,,Mesa,Big Creek,official_fishery_survey,Colorado Parks and Wildlife,True,CPW fishery report: Big Creek,"Colorado Parks and Wildlife provides an official fishery survey or report for this water. Open the source for survey dates, species observations, management findings and access information.",,,"https://www.google.com/search?q=""fishing report""+Big Creek+""Mesa County""+Colorado"
d003e350a5c23a8851d2,,date_unknown,,Gunnison,Big Blue Creek,official_fishery_survey,Colorado Parks and Wildlife,True,CPW fishery report: Big Blue Creek,"Colorado Parks and Wildlife provides an official fishery survey or report for this water. Open the source for survey dates, species observations, management findings and access information.",,,"https://www.google.com/search?q=""fishing report""+Big Blue Creek+""Gunnison County""+Colorado"
bce2055c53b54525b06d,,date_unknown,,Boulder,Betty Lake,official_fishery_survey,Colorado Parks and Wildlife,True,CPW fishery report: Betty Lake,"Colorado Parks and Wildlife provides an official fishery survey or report for this water. Open the source for survey dates, species observations, management findings and access information.",,,"https://www.google.com/search?q=""fishing report""+Betty Lake+""Boulder County""+Colorado"
ee0aa856d62a9e257eaa,,date_unknown,,Eagle,Berry Creek Pond,official_fishery_survey,Colorado Parks and Wildlife,True,CPW fishery report: Berry Creek Pond,"Colorado Parks and Wildlife provides an official fishery survey or report for this water. Open the source for survey dates, species observations, management findings and access information.",,,"https://www.google.com/search?q=""fishing report""+Berry Creek Pond+""Eagle County""+Colorado"
d5abd60e8e8940110551,,date_unknown,,Denver,Berkeley Lake,official_fishery_survey,Colorado Parks and Wildlife,True,CPW fishery report: Berkeley Lake,"Colorado Parks and Wildlife provides an official fishery survey or report for this water. Open the source for survey dates, species observations, management findings and access information.",,,"https://www.google.com/search?q=""fishing report""+Berkeley Lake+""Denver County""+Colorado"
9c518370d4f346de1b40,,date_unknown,,Park,Ben Tyler Gulch,official_fishery_survey,Colorado Parks and Wildlife,True,CPW fishery report: Ben Tyler Gulch,"Colorado Parks and Wildlife provides an official fishery survey or report for this water. Open the source for survey dates, species observations, management findings and access information.",,,"https://www.google.com/search?q=""fishing report""+Ben Tyler Gulch+""Park County""+Colorado"
23932f8c693f4f067016,,date_unknown,,Larimer,Bellaire Lake,official_fishery_survey,Colorado Parks and Wildlife,True,CPW fishery report: Bellaire Lake,"Colorado Parks and Wildlife provides an official fishery survey or report for this water. Open the source for survey dates, species observations, management findings and access information.",,,"https://www.google.com/search?q=""fishing report""+Bellaire Lake+""Larimer County""+Colorado"
2ed9db455653e61973cc,,date_unknown,,Pueblo,Beckwith Reservoir,official_fishery_survey,Colorado Parks and Wildlife,True,CPW fishery report: Beckwith Reservoir,"Colorado Parks and Wildlife provides an official fishery survey or report for this water. Open the source for survey dates, species observations, management findings and access information.",,,"https://www.google.com/search?q=""fishing report""+Beckwith Reservoir+""Pueblo County""+Colorado"
7c2e236614e67e86867f,,date_unknown,,Gunnison,Beaver Lake,official_fishery_survey,Colorado Parks and Wildlife,True,CPW fishery report: Beaver Lake,"Colorado Parks and Wildlife provides an official fishery survey or report for this water. Open the source for survey dates, species observations, management findings and access information.",,,"https://www.google.com/search?q=""fishing report""+Beaver Lake+""Gunnison County""+Colorado"
a41f9569b7ceeab2405c,,date_unknown,,Rio Blanco,"Beaver Creek, Big",official_fishery_survey,Colorado Parks and Wildlife,True,"CPW fishery report: Beaver Creek, Big","Colorado Parks and Wildlife provides an official fishery survey or report for this water. Open the source for survey dates, species observations, management findings and access information.",,,"https://www.google.com/search?q=""fishing report""+Beaver Creek, Big+""Rio Blanco County""+Colorado"
08e51fc46e73d1eeb9c8,,date_unknown,,Rio Grande,Beaver Creek Reservoir,official_fishery_survey,Colorado Parks and Wildlife,True,CPW fishery report: Beaver Creek Reservoir,"Colorado Parks and Wildlife provides an official fishery survey or report for this water. Open the source for survey dates, species observations, management findings and access information.",,,"https://www.google.com/search?q=""fishing report""+Beaver Creek Reservoir+""Rio Grande County""+Colorado"
e0c90549073ef581c97d,,date_unknown,,Gunnison,Beaver Creek,official_fishery_survey,Colorado Parks and Wildlife,True,CPW fishery report: Beaver Creek,"Colorado Parks and Wildlife provides an official fishery survey or report for this water. Open the source for survey dates, species observations, management findings and access information.",,,"https://www.google.com/search?q=""fishing report""+Beaver Creek+""Gunnison County""+Colorado"
a9e2537695015acffcfe,,date_unknown,,Mineral,Beaver Creek,official_fishery_survey,Colorado Parks and Wildlife,True,CPW fishery report: Beaver Creek,"Colorado Parks and Wildlife provides an official fishery survey or report for this water. Open the source for survey dates, species observations, management findings and access information.",,,"https://www.google.com/search?q=""fishing report""+Beaver Creek+""Mineral County""+Colorado"
3615aed3babfdd8718c5,,date_unknown,,Fremont,Beaver Creek,official_fishery_survey,Colorado Parks and Wildlife,True,CPW fishery report: Beaver Creek,"Colorado Parks and Wildlife provides an official fishery survey or report for this water. Open the source for survey dates, species observations, management findings and access information.",,,"https://www.google.com/search?q=""fishing report""+Beaver Creek+""Fremont County""+Colorado"
47289a33512df92be90b,,date_unknown,,Park,Beaver Creek,official_fishery_survey,Colorado Parks and Wildlife,True,CPW fishery report: Beaver Creek,"Colorado Parks and Wildlife provides an official fishery survey or report for this water. Open the source for survey dates, species observations, management findings and access information.",,,"https://www.google.com/search?q=""fishing report""+Beaver Creek+""Park County""+Colorado"
9168ba497298b7ab353d,,date_unknown,,Clear Creek,Beartrack Lakes,official_fishery_survey,Colorado Parks and Wildlife,True,CPW fishery report: Beartrack Lakes,"Colorado Parks and Wildlife provides an official fishery survey or report for this water. Open the source for survey dates, species observations, management findings and access information.",,,"https://www.google.com/search?q=""fishing report""+Beartrack Lake, Lower+""Clear Creek County""+Colorado"
ca2e1200121b3d38b640,,date_unknown,,Garfield,Bear River,official_fishery_survey,Colorado Parks and Wildlife,True,CPW fishery report: Bear River,"Colorado Parks and Wildlife provides an official fishery survey or report for this water. Open the source for survey dates, species observations, management findings and access information.",,,"https://www.google.com/search?q=""fishing report""+Bear River+""Garfield County""+Colorado"
0a6261f648c24c2d8eab,,date_unknown,,Garfield,Bear Lake,official_fishery_survey,Colorado Parks and Wildlife,True,CPW fishery report: Bear Lake,"Colorado Parks and Wildlife provides an official fishery survey or report for this water. Open the source for survey dates, species observations, management findings and access information.",,,"https://www.google.com/search?q=""fishing report""+Bear Lake+""Garfield County""+Colorado"
f23d2a3349ee84b4991c,,date_unknown,,Huerfano,Bear Lake,official_fishery_survey,Colorado Parks and Wildlife,True,CPW fishery report: Bear Lake,"Colorado Parks and Wildlife provides an official fishery survey or report for this water. Open the source for survey dates, species observations, management findings and access information.",,,"https://www.google.com/search?q=""fishing report""+Bear Lake+""Huerfano County""+Colorado"
b948c2fc3fc4b0b50073,,date_unknown,,Jefferson,Bear Creek Reservoir,official_fishery_survey,Colorado Parks and Wildlife,True,CPW fishery report: Bear Creek Reservoir,"Colorado Parks and Wildlife provides an official fishery survey or report for this water. Open the source for survey dates, species observations, management findings and access information.",,,"https://www.google.com/search?q=""fishing report""+Bear Creek Reservoir+""Jefferson County""+Colorado"
b924c5146399eb739ea0,,date_unknown,,Jefferson,Bear Creek Ponds,official_fishery_survey,Colorado Parks and Wildlife,True,CPW fishery report: Bear Creek Ponds,"Colorado Parks and Wildlife provides an official fishery survey or report for this water. Open the source for survey dates, species observations, management findings and access information.",,,"https://www.google.com/search?q=""fishing report""+Bear Creek Pond #1+""Jefferson County""+Colorado"
0f794197167e360c7041,,date_unknown,,Jefferson,Bear Creek,official_fishery_survey,Colorado Parks and Wildlife,True,CPW fishery report: Bear Creek,"Colorado Parks and Wildlife provides an official fishery survey or report for this water. Open the source for survey dates, species observations, management findings and access information.",,,"https://www.google.com/search?q=""fishing report""+Bear Creek+""Jefferson County""+Colorado"
a06b4f65bde9cbd80efc,,date_unknown,,Clear Creek,Bear Creek,official_fishery_survey,Colorado Parks and Wildlife,True,CPW fishery report: Bear Creek,"Colorado Parks and Wildlife provides an official fishery survey or report for this water. Open the source for survey dates, species observations, management findings and access information.",,,"https://www.google.com/search?q=""fishing report""+Bear Creek+""Clear Creek County""+Colorado"
34fc6acacf7567afb6fd,,date_unknown,,Douglas,Bear Creek,official_fishery_survey,Colorado Parks and Wildlife,True,CPW fishery report: Bear Creek,"Colorado Parks and Wildlife provides an official fishery survey or report for this water. Open the source for survey dates, species observations, management findings and access information.",,,"https://www.google.com/search?q=""fishing report""+Bear Creek+""Douglas County""+Colorado"
8aea356a04a60b0efc82,,date_unknown,,Montezuma,Bear Creek,official_fishery_survey,Colorado Parks and Wildlife,True,CPW fishery report: Bear Creek,"Colorado Parks and Wildlife provides an official fishery survey or report for this water. Open the source for survey dates, species observations, management findings and access information.",,,"https://www.google.com/search?q=""fishing report""+Bear Creek+""Montezuma County""+Colorado"
e9a98bf4dd1cfcc3f394,,date_unknown,,Delta,"Battlement Reservoir, Little",official_fishery_survey,Colorado Parks and Wildlife,True,"CPW fishery report: Battlement Reservoir, Little","Colorado Parks and Wildlife provides an official fishery survey or report for this water. Open the source for survey dates, species observations, management findings and access information.",,,"https://www.google.com/search?q=""fishing report""+Battlement Reservoir, Little+""Delta County""+Colorado"
4be27307a574c045f832,,date_unknown,,Delta,"Battlement Reservoir, Big",official_fishery_survey,Colorado Parks and Wildlife,True,"CPW fishery report: Battlement Reservoir, Big","Colorado Parks and Wildlife provides an official fishery survey or report for this water. Open the source for survey dates, species observations, management findings and access information.",,,"https://www.google.com/search?q=""fishing report""+Battlement Reservoir, Big+""Delta County""+Colorado"
6ec836257a75880a24aa,,date_unknown,,Garfield,Battlement Reservoir #7,official_fishery_survey,Colorado Parks and Wildlife,True,CPW fishery report: Battlement Reservoir #7,"Colorado Parks and Wildlife provides an official fishery survey or report for this water. Open the source for survey dates, species observations, management findings and access information.",,,"https://www.google.com/search?q=""fishing report""+Battlement Reservoir #7+""Garfield County""+Colorado"
603d59cadddaaf4343eb,,date_unknown,,Garfield,Battlement Reservoir #5,official_fishery_survey,Colorado Parks and Wildlife,True,CPW fishery report: Battlement Reservoir #5,"Colorado Parks and Wildlife provides an official fishery survey or report for this water. Open the source for survey dates, species observations, management findings and access information.",,,"https://www.google.com/search?q=""fishing report""+W & G Reservoir+""Garfield County""+Colorado"
7aaaf769ca8abf55657a,,date_unknown,,Garfield,Battlement Reservoir #3,official_fishery_survey,Colorado Parks and Wildlife,True,CPW fishery report: Battlement Reservoir #3,"Colorado Parks and Wildlife provides an official fishery survey or report for this water. Open the source for survey dates, species observations, management findings and access information.",,,"https://www.google.com/search?q=""fishing report""+Battlement Reservoir #3+""Garfield County""+Colorado"
e709a3b24e1775147f6e,,date_unknown,,Garfield,Battlement Reservoir #2,official_fishery_survey,Colorado Parks and Wildlife,True,CPW fishery report: Battlement Reservoir #2,"Colorado Parks and Wildlife provides an official fishery survey or report for this water. Open the source for survey dates, species observations, management findings and access information.",,,"https://www.google.com/search?q=""fishing report""+Battlement Reservoir #1+""Garfield County""+Colorado"
1dd5c077ff3303d9a1ba,,date_unknown,,Adams,Barr Lake,official_fishery_survey,Colorado Parks and Wildlife,True,CPW fishery report: Barr Lake,"Colorado Parks and Wildlife provides an official fishery survey or report for this water. Open the source for survey dates, species observations, management findings and access information.",,,"https://www.google.com/search?q=""fishing report""+Barr Lake+""Adams County""+Colorado"
426c343bf36a172c1fe6,,date_unknown,,Delta,Baron Lake,official_fishery_survey,Colorado Parks and Wildlife,True,CPW fishery report: Baron Lake,"Colorado Parks and Wildlife provides an official fishery survey or report for this water. Open the source for survey dates, species observations, management findings and access information.",,,"https://www.google.com/search?q=""fishing report""+Baron Lake+""Delta County""+Colorado"
9336478dd5a9fdd1ace6,,date_unknown,,Denver,Barnum Pond,official_fishery_survey,Colorado Parks and Wildlife,True,CPW fishery report: Barnum Pond,"Colorado Parks and Wildlife provides an official fishery survey or report for this water. Open the source for survey dates, species observations, management findings and access information.",,,"https://www.google.com/search?q=""fishing report""+Barnum Pond+""Denver County""+Colorado"
c7fa9de23e5a36839ef6,,date_unknown,,Larimer,Barnes Meadow Reservoir,official_fishery_survey,Colorado Parks and Wildlife,True,CPW fishery report: Barnes Meadow Reservoir,"Colorado Parks and Wildlife provides an official fishery survey or report for this water. Open the source for survey dates, species observations, management findings and access information.",,,"https://www.google.com/search?q=""fishing report""+Barnes Meadow Reservoir+""Larimer County""+Colorado"
04a7540aa399998efe80,,date_unknown,,Boulder,Barker Reservoir,official_fishery_survey,Colorado Parks and Wildlife,True,CPW fishery report: Barker Reservoir,"Colorado Parks and Wildlife provides an official fishery survey or report for this water. Open the source for survey dates, species observations, management findings and access information.",,,"https://www.google.com/search?q=""fishing report""+Barker Reservoir+""Boulder County""+Colorado"
7ca6d5b474c8fdd830ea,,date_unknown,,Clear Creek,Bard Creek,official_fishery_survey,Colorado Parks and Wildlife,True,CPW fishery report: Bard Creek,"Colorado Parks and Wildlife provides an official fishery survey or report for this water. Open the source for survey dates, species observations, management findings and access information.",,,"https://www.google.com/search?q=""fishing report""+Bard Creek+""Clear Creek County""+Colorado"
53594a2dea0b65f7a2f0,,date_unknown,,Weld,Banner Lakes,official_fishery_survey,Colorado Parks and Wildlife,True,CPW fishery report: Banner Lakes,"Colorado Parks and Wildlife provides an official fishery survey or report for this water. Open the source for survey dates, species observations, management findings and access information.",,,"https://www.google.com/search?q=""fishing report""+Banner Lakes # 6+""Weld County""+Colorado"
bc030af32ba2a3a75cb7,,date_unknown,,Boulder,Banana Lake,official_fishery_survey,Colorado Parks and Wildlife,True,CPW fishery report: Banana Lake,"Colorado Parks and Wildlife provides an official fishery survey or report for this water. Open the source for survey dates, species observations, management findings and access information.",,,"https://www.google.com/search?q=""fishing report""+Banana Lake+""Boulder County""+Colorado"
45fb5f47f3c0743e3c8b,,date_unknown,,Jefferson,Balsam Pond,official_fishery_survey,Colorado Parks and Wildlife,True,CPW fishery report: Balsam Pond,"Colorado Parks and Wildlife provides an official fishery survey or report for this water. Open the source for survey dates, species observations, management findings and access information.",,,"https://www.google.com/search?q=""fishing report""+Balsam Pond+""Jefferson County""+Colorado"
fec1cb4b5bc8192967fc,,date_unknown,,Custer,Balman Reservoir,official_fishery_survey,Colorado Parks and Wildlife,True,CPW fishery report: Balman Reservoir,"Colorado Parks and Wildlife provides an official fishery survey or report for this water. Open the source for survey dates, species observations, management findings and access information.",,,"https://www.google.com/search?q=""fishing report""+Balman Reservoir+""Custer County""+Colorado"
8b3e048c649baa354929,,date_unknown,,Delta,Bailey Reservoir,official_fishery_survey,Colorado Parks and Wildlife,True,CPW fishery report: Bailey Reservoir,"Colorado Parks and Wildlife provides an official fishery survey or report for this water. Open the source for survey dates, species observations, management findings and access information.",,,"https://www.google.com/search?q=""fishing report""+Bailey Reservoir+""Delta County""+Colorado"
4b2b3e556ab00b9f2b61,,date_unknown,,Fremont,Badger Creek,official_fishery_survey,Colorado Parks and Wildlife,True,CPW fishery report: Badger Creek,"Colorado Parks and Wildlife provides an official fishery survey or report for this water. Open the source for survey dates, species observations, management findings and access information.",,,"https://www.google.com/search?q=""fishing report""+Badger Creek+""Fremont County""+Colorado"
12bcdac7f6dfefeed43b,,date_unknown,,Moffat,Axial Basin Lake,official_fishery_survey,Colorado Parks and Wildlife,True,CPW fishery report: Axial Basin Lake,"Colorado Parks and Wildlife provides an official fishery survey or report for this water. Open the source for survey dates, species observations, management findings and access information.",,,"https://www.google.com/search?q=""fishing report""+Axial Basin Lake+""Moffat County""+Colorado"
52978dd14e824ea21748,,date_unknown,,Larimer,Avery Pond,official_fishery_survey,Colorado Parks and Wildlife,True,CPW fishery report: Avery Pond,"Colorado Parks and Wildlife provides an official fishery survey or report for this water. Open the source for survey dates, species observations, management findings and access information.",,,"https://www.google.com/search?q=""fishing report""+Avery Pond+""Larimer County""+Colorado"
8a7eb73addd1922e64ab,,date_unknown,,Arapahoe,Aurora Reservoir,official_fishery_survey,Colorado Parks and Wildlife,True,CPW fishery report: Aurora Reservoir,"Colorado Parks and Wildlife provides an official fishery survey or report for this water. Open the source for survey dates, species observations, management findings and access information.",,,"https://www.google.com/search?q=""fishing report""+Aurora Reservoir+""Arapahoe County""+Colorado"
8048355e1bed7b80c56f,,date_unknown,,Mesa,Atkinson Reservoir,official_fishery_survey,Colorado Parks and Wildlife,True,CPW fishery report: Atkinson Reservoir,"Colorado Parks and Wildlife provides an official fishery survey or report for this water. Open the source for survey dates, species observations, management findings and access information.",,,"https://www.google.com/search?q=""fishing report""+Atkinson Reservoir+""Mesa County""+Colorado"
b24f23d607cd1c93b490,,date_unknown,,Mesa,Atkinson Creek,official_fishery_survey,Colorado Parks and Wildlife,True,CPW fishery report: Atkinson Creek,"Colorado Parks and Wildlife provides an official fishery survey or report for this water. Open the source for survey dates, species observations, management findings and access information.",,,"https://www.google.com/search?q=""fishing report""+Atkinson Creek+""Mesa County""+Colorado"
4d291cff1ed0a7e5aafd,,date_unknown,,Jefferson,Arvada Reservoir,official_fishery_survey,Colorado Parks and Wildlife,True,CPW fishery report: Arvada Reservoir,"Colorado Parks and Wildlife provides an official fishery survey or report for this water. Open the source for survey dates, species observations, management findings and access information.",,,"https://www.google.com/search?q=""fishing report""+Arvada Reservoir+""Jefferson County""+Colorado"
4398d648903409ada4cf,,date_unknown,,Chaffee,Arthur Lake,official_fishery_survey,Colorado Parks and Wildlife,True,CPW fishery report: Arthur Lake,"Colorado Parks and Wildlife provides an official fishery survey or report for this water. Open the source for survey dates, species observations, management findings and access information.",,,"https://www.google.com/search?q=""fishing report""+Arthur Lake+""Chaffee County""+Colorado"
46c134e41c8180cc1e10,,date_unknown,,Dolores,Arrowhead Lake,official_fishery_survey,Colorado Parks and Wildlife,True,CPW fishery report: Arrowhead Lake,"Colorado Parks and Wildlife provides an official fishery survey or report for this water. Open the source for survey dates, species observations, management findings and access information.",,,"https://www.google.com/search?q=""fishing report""+Arrowhead Lake+""Dolores County""+Colorado"
1e98fec243e3aa47bb13,,date_unknown,,Lake,Arkansas River,official_fishery_survey,Colorado Parks and Wildlife,True,CPW fishery report: Arkansas River,"Colorado Parks and Wildlife provides an official fishery survey or report for this water. Open the source for survey dates, species observations, management findings and access information.",,,"https://www.google.com/search?q=""fishing report""+Arkansas River+""Lake County""+Colorado"
d2feb73073c48d1b7372,,date_unknown,,Chaffee,Arkansas River,official_fishery_survey,Colorado Parks and Wildlife,True,CPW fishery report: Arkansas River,"Colorado Parks and Wildlife provides an official fishery survey or report for this water. Open the source for survey dates, species observations, management findings and access information.",,,"https://www.google.com/search?q=""fishing report""+Arkansas River+""Chaffee County""+Colorado"
ffc8b5674bcbda8e953b,,date_unknown,,Fremont,Arkansas River,official_fishery_survey,Colorado Parks and Wildlife,True,CPW fishery report: Arkansas River,"Colorado Parks and Wildlife provides an official fishery survey or report for this water. Open the source for survey dates, species observations, management findings and access information.",,,"https://www.google.com/search?q=""fishing report""+Arkansas River+""Fremont County""+Colorado"
d045bb7e2c1ab72dacd8,,date_unknown,,Pueblo,Arkansas River,official_fishery_survey,Colorado Parks and Wildlife,True,CPW fishery report: Arkansas River,"Colorado Parks and Wildlife provides an official fishery survey or report for this water. Open the source for survey dates, species observations, management findings and access information.",,,"https://www.google.com/search?q=""fishing report""+Arkansas River+""Pueblo County""+Colorado"
9eaf4d79559f8331b29f,,date_unknown,,Gilpin,Arapahoe Lakes,official_fishery_survey,Colorado Parks and Wildlife,True,CPW fishery report: Arapahoe Lakes,"Colorado Parks and Wildlife provides an official fishery survey or report for this water. Open the source for survey dates, species observations, management findings and access information.",,,"https://www.google.com/search?q=""fishing report""+Arapahoe Lake #2+""Gilpin County""+Colorado"
ae7a178eef2e782855d2,,date_unknown,,Larimer,Arapahoe Bend Natural Area Ponds,official_fishery_survey,Colorado Parks and Wildlife,True,CPW fishery report: Arapahoe Bend Natural Area Ponds,"Colorado Parks and Wildlife provides an official fishery survey or report for this water. Open the source for survey dates, species observations, management findings and access information.",,,"https://www.google.com/search?q=""fishing report""+Arapahoe Bend Snapper Pond+""Larimer County""+Colorado"
f070f8a368c7d292c111,,date_unknown,,Grand,Arapaho Creek,official_fishery_survey,Colorado Parks and Wildlife,True,CPW fishery report: Arapaho Creek,"Colorado Parks and Wildlife provides an official fishery survey or report for this water. Open the source for survey dates, species observations, management findings and access information.",,,"https://www.google.com/search?q=""fishing report""+Arapaho Creek+""Grand County""+Colorado"
01e6ed3d42d791be2a76,,date_unknown,,San Miguel,Applebaugh Pond,official_fishery_survey,Colorado Parks and Wildlife,True,CPW fishery report: Applebaugh Pond,"Colorado Parks and Wildlife provides an official fishery survey or report for this water. Open the source for survey dates, species observations, management findings and access information.",,,"https://www.google.com/search?q=""fishing report""+Applebaugh Pond+""San Miguel County""+Colorado"
80ac81a6157cc0d3405d,,date_unknown,,Pueblo,Anticline Pond,official_fishery_survey,Colorado Parks and Wildlife,True,CPW fishery report: Anticline Pond,"Colorado Parks and Wildlife provides an official fishery survey or report for this water. Open the source for survey dates, species observations, management findings and access information.",,,"https://www.google.com/search?q=""fishing report""+Anticline Pond+""Pueblo County""+Colorado"
d87692a1df65364d97c1,,date_unknown,,Gunnison,Anthracite Creek,official_fishery_survey,Colorado Parks and Wildlife,True,CPW fishery report: Anthracite Creek,"Colorado Parks and Wildlife provides an official fishery survey or report for this water. Open the source for survey dates, species observations, management findings and access information.",,,"https://www.google.com/search?q=""fishing report""+Anthracite Creek+""Gunnison County""+Colorado"
74ef9002f050c463f61a,,date_unknown,,Park,Antero Reservoir,official_fishery_survey,Colorado Parks and Wildlife,True,CPW fishery report: Antero Reservoir,"Colorado Parks and Wildlife provides an official fishery survey or report for this water. Open the source for survey dates, species observations, management findings and access information.",,,"https://www.google.com/search?q=""fishing report""+Antero Reservoir+""Park County""+Colorado"
de4f72e51753b3c0fa8a,,date_unknown,,La Plata,Animas River,official_fishery_survey,Colorado Parks and Wildlife,True,CPW fishery report: Animas River,"Colorado Parks and Wildlife provides an official fishery survey or report for this water. Open the source for survey dates, species observations, management findings and access information.",,,"https://www.google.com/search?q=""fishing report""+Animas River+""La Plata County""+Colorado"
16ad99ba225e57596fd8,,date_unknown,,San Juan,Andrews Lake,official_fishery_survey,Colorado Parks and Wildlife,True,CPW fishery report: Andrews Lake,"Colorado Parks and Wildlife provides an official fishery survey or report for this water. Open the source for survey dates, species observations, management findings and access information.",,,"https://www.google.com/search?q=""fishing report""+Andrews Lake+""San Juan County""+Colorado"
496bdc39a1c95bcfe7c8,,date_unknown,,San Miguel,Alta Lake Lower,official_fishery_survey,Colorado Parks and Wildlife,True,CPW fishery report: Alta Lake Lower,"Colorado Parks and Wildlife provides an official fishery survey or report for this water. Open the source for survey dates, species observations, management findings and access information.",,,"https://www.google.com/search?q=""fishing report""+Alta Lake Lower+""San Miguel County""+Colorado"
d71db1babc1cb2fb4037,,date_unknown,,Weld,Allen Park Lake,official_fishery_survey,Colorado Parks and Wildlife,True,CPW fishery report: Allen Park Lake,"Colorado Parks and Wildlife provides an official fishery survey or report for this water. Open the source for survey dates, species observations, management findings and access information.",,,"https://www.google.com/search?q=""fishing report""+Allen Park Lake+""Weld County""+Colorado"
28d0402cd4ac59d55a12,,date_unknown,,Delta,Alexander Lake,official_fishery_survey,Colorado Parks and Wildlife,True,CPW fishery report: Alexander Lake,"Colorado Parks and Wildlife provides an official fishery survey or report for this water. Open the source for survey dates, species observations, management findings and access information.",,,"https://www.google.com/search?q=""fishing report""+Alexander Lake+""Delta County""+Colorado"
b089cab81930025796d2,,date_unknown,,Mineral,Alberta Park Reservoir,official_fishery_survey,Colorado Parks and Wildlife,True,CPW fishery report: Alberta Park Reservoir,"Colorado Parks and Wildlife provides an official fishery survey or report for this water. Open the source for survey dates, species observations, management findings and access information.",,,"https://www.google.com/search?q=""fishing report""+Alberta Park Reservoir+""Mineral County""+Colorado"
7546485ee3db1d2f1801,,date_unknown,,Washington,Akron Pond,official_fishery_survey,Colorado Parks and Wildlife,True,CPW fishery report: Akron Pond,"Colorado Parks and Wildlife provides an official fishery survey or report for this water. Open the source for survey dates, species observations, management findings and access information.",,,"https://www.google.com/search?q=""fishing report""+Akron City Lake+""Washington County""+Colorado"
f97ace96e70387df75b2,,date_unknown,,Jackson,"Agnes Lake, Upper",official_fishery_survey,Colorado Parks and Wildlife,True,"CPW fishery report: Agnes Lake, Upper","Colorado Parks and Wildlife provides an official fishery survey or report for this water. Open the source for survey dates, species observations, management findings and access information.",,,"https://www.google.com/search?q=""fishing report""+Agnes Lake, Upper+""Jackson County""+Colorado"
0bc314dc6e5363894798,,date_unknown,,Clear Creek,Abyss Lake,official_fishery_survey,Colorado Parks and Wildlife,True,CPW fishery report: Abyss Lake,"Colorado Parks and Wildlife provides an official fishery survey or report for this water. Open the source for survey dates, species observations, management findings and access information.",,,"https://www.google.com/search?q=""fishing report""+Abyss Lake+""Clear Creek County""+Colorado"
