county_number,county,record_kind,water_name,water_type,access_point_name,access_status,access_category,latitude,longitude,camping,restroom,boat_ramp,dock,ada_fishing,foot_access_only,day_use_only,pack_in_pack_out,private_land_nearby,public_access_verification,water_name_match_status,access_details,directions_url,official_source_name,official_source_url,source_record_id,source_water_id,source_site_id,last_generated
1,Ada,access_point,Boise River,river,Eagle Hatchery,Active,Fishing,43.6765916,-116.4034504,False,,False,False,False,True,True,True,True,active_official_IDFG_managed_or_co_managed_access_site,parsed_from_official_notes,Provides access to the Boise River. Much of the surrounding area is private property; please obey all signs and markers. Access is limited to foot traffic only. Day use only. Please pack out what you pack in.,"https://www.google.com/maps/search/?api=1&query=43.6765916,-116.4034504",IDFG Fishing and Boating Access Sites Public,https://idfg.idaho.gov/visit/fish-boat-guide,105,,105,2026-07-26T02:39:14Z
1,Ada,access_point,Indian Creek Reservoir,reservoir,Indian Creek Reservoir,Active,Boating,43.3859464,-116.0099611,False,True,True,False,False,False,True,True,False,active_official_IDFG_managed_or_co_managed_access_site,derived_from_access_site_name,Gravel boat ramp available. Area roads may become very slick when wet or snow covered. Day use only.Please pack out what you pack in.,"https://www.google.com/maps/search/?api=1&query=43.3859464,-116.0099611",IDFG Fishing and Boating Access Sites Public,https://idfg.idaho.gov/visit/fish-boat-guide,115,,115,2026-07-26T02:39:14Z
2,Adams,access_point,C Ben Ross Reservoir_demo,unknown,C Ben Ross Reservoir_demo,Active,Boating,44.5216662,-116.4487916,False,False,True,True,False,False,True,True,True,active_official_IDFG_managed_or_co_managed_access_site,derived_from_access_site_name,Much of the surrounding area is private property; please obey all signs and markers. Day use only. Please pack out what you pack in.,"https://www.google.com/maps/search/?api=1&query=44.5216662,-116.4487916",IDFG Fishing and Boating Access Sites Public,https://idfg.idaho.gov/visit/fish-boat-guide,80,,80,2026-07-26T02:39:14Z
2,Adams,access_point,Fall Creek,creek,Fall Creek,Active,Fishing,45.2232929,-116.3209096,False,False,False,False,False,False,False,False,False,active_official_IDFG_managed_or_co_managed_access_site,derived_from_access_site_name,,"https://www.google.com/maps/search/?api=1&query=45.2232929,-116.3209096",IDFG Fishing and Boating Access Sites Public,https://idfg.idaho.gov/visit/fish-boat-guide,75,,75,2026-07-26T02:39:14Z
2,Adams,access_point,Hazzard Creek,creek,Hazzard Creek,Active,Fishing,45.1806353,-116.3011142,True,,False,False,False,False,False,False,False,active_official_IDFG_managed_or_co_managed_access_site,derived_from_access_site_name,"Use permit required at site for 15 or more people in group, Fish & Game 208-799-5010.","https://www.google.com/maps/search/?api=1&query=45.1806353,-116.3011142",IDFG Fishing and Boating Access Sites Public,https://idfg.idaho.gov/visit/fish-boat-guide,63,,63,2026-07-26T02:39:14Z
2,Adams,access_point,Trail Creek,creek,Trail Creek,Active,Fishing,45.1859136,-116.3022943,True,,False,False,False,False,False,False,False,active_official_IDFG_managed_or_co_managed_access_site,derived_from_access_site_name,Camping limited along highway 95.,"https://www.google.com/maps/search/?api=1&query=45.1859136,-116.3022943",IDFG Fishing and Boating Access Sites Public,https://idfg.idaho.gov/visit/fish-boat-guide,62,,62,2026-07-26T02:39:14Z
3,Bannock,access_point,,unknown,Edson Fichter Nature Area,Active,Fishing,42.8216241,-112.4032908,False,,False,True,False,False,False,False,False,active_official_IDFG_managed_or_co_managed_access_site,not_identified,,"https://www.google.com/maps/search/?api=1&query=42.8216241,-112.4032908",IDFG Fishing and Boating Access Sites Public,https://idfg.idaho.gov/visit/fish-boat-guide,171,,171,2026-07-26T02:39:14Z
3,Bannock,access_point,,unknown,Portneuf - Lower,Active,Fishing,42.6420171,-112.0037925,True,True,False,False,False,False,False,False,False,active_official_IDFG_managed_or_co_managed_access_site,not_identified,,"https://www.google.com/maps/search/?api=1&query=42.6420171,-112.0037925",IDFG Fishing and Boating Access Sites Public,https://idfg.idaho.gov/visit/fish-boat-guide,170,,170,2026-07-26T02:39:14Z
3,Bannock,access_point,,unknown,Portneuf - Upper,Active,Fishing,42.7094977,-112.0136652,False,False,False,False,False,False,False,False,False,active_official_IDFG_managed_or_co_managed_access_site,not_identified,,"https://www.google.com/maps/search/?api=1&query=42.7094977,-112.0136652",IDFG Fishing and Boating Access Sites Public,https://idfg.idaho.gov/visit/fish-boat-guide,169,,169,2026-07-26T02:39:14Z
3,Bannock,access_point,,unknown,Topaz Landing,Active,Fishing,42.6220231,-112.0749866,False,False,False,False,False,False,False,False,False,active_official_IDFG_managed_or_co_managed_access_site,not_identified,,"https://www.google.com/maps/search/?api=1&query=42.6220231,-112.0749866",IDFG Fishing and Boating Access Sites Public,https://idfg.idaho.gov/visit/fish-boat-guide,355,,352,2026-07-26T02:39:14Z
3,Bannock,access_point,Crane Creek,creek,Crane Creek,Active,Fishing,42.7242067,-112.2078141,False,False,False,False,False,False,False,False,False,active_official_IDFG_managed_or_co_managed_access_site,derived_from_access_site_name,,"https://www.google.com/maps/search/?api=1&query=42.7242067,-112.2078141",IDFG Fishing and Boating Access Sites Public,https://idfg.idaho.gov/visit/fish-boat-guide,172,,172,2026-07-26T02:39:14Z
3,Bannock,access_point,Hawkins Reservoir,reservoir,Hawkins Reservoir,Active,Boating,42.5119136,-112.3314958,True,True,True,True,False,False,False,False,False,active_official_IDFG_managed_or_co_managed_access_site,derived_from_access_site_name,,"https://www.google.com/maps/search/?api=1&query=42.5119136,-112.3314958",IDFG Fishing and Boating Access Sites Public,https://idfg.idaho.gov/visit/fish-boat-guide,198,,198,2026-07-26T02:39:14Z
4,Bear Lake,access_point,,unknown,Montpelier WMA,Active,Fishing,42.3257901,-111.2432038,False,False,False,False,False,False,False,False,False,active_official_IDFG_managed_or_co_managed_access_site,not_identified,,"https://www.google.com/maps/search/?api=1&query=42.3257901,-111.2432038",IDFG Fishing and Boating Access Sites Public,https://idfg.idaho.gov/visit/fish-boat-guide,177,,177,2026-07-26T02:39:14Z
5,Benewah,access_point,Round Lake - O'Gara Bay Road,lake,Round Lake - O'Gara Bay Road,Active,Boating,47.3750622,-116.7368964,False,,True,False,False,False,False,False,False,active_official_IDFG_managed_or_co_managed_access_site,derived_from_access_site_name,,"https://www.google.com/maps/search/?api=1&query=47.3750622,-116.7368964",IDFG Fishing and Boating Access Sites Public,https://idfg.idaho.gov/visit/fish-boat-guide,33,,33,2026-07-26T02:39:14Z
5,Benewah,access_point,St Maries River / Spicer Pond,pond,St Maries River / Spicer Pond,Active,Boating,47.3072766,-116.5416705,True,,True,True,False,False,False,False,False,active_official_IDFG_managed_or_co_managed_access_site,derived_from_access_site_name,This is a shared acces site with Spicer Pond. Spicer pond has no boat ramp or dock.,"https://www.google.com/maps/search/?api=1&query=47.3072766,-116.5416705",IDFG Fishing and Boating Access Sites Public,https://idfg.idaho.gov/visit/fish-boat-guide,34,,34,2026-07-26T02:39:14Z
6,Bingham,access_point,,unknown,Cherry Plant,Active,Boating,43.1868345,-112.3953326,False,False,True,False,False,False,False,False,False,active_official_IDFG_managed_or_co_managed_access_site,not_identified,,"https://www.google.com/maps/search/?api=1&query=43.1868345,-112.3953326",IDFG Fishing and Boating Access Sites Public,https://idfg.idaho.gov/visit/fish-boat-guide,185,,185,2026-07-26T02:39:14Z
6,Bingham,access_point,,unknown,Ferry Butte,Active,Boating,43.1275563,-112.5152153,False,True,True,False,False,False,False,False,False,active_official_IDFG_managed_or_co_managed_access_site,not_identified,,"https://www.google.com/maps/search/?api=1&query=43.1275563,-112.5152153",IDFG Fishing and Boating Access Sites Public,https://idfg.idaho.gov/visit/fish-boat-guide,163,,163,2026-07-26T02:39:14Z
6,Bingham,access_point,,unknown,Firth Bridge,Active,Boating,43.3116214,-112.182591,False,,True,False,False,False,False,False,False,active_official_IDFG_managed_or_co_managed_access_site,not_identified,,"https://www.google.com/maps/search/?api=1&query=43.3116214,-112.182591",IDFG Fishing and Boating Access Sites Public,https://idfg.idaho.gov/visit/fish-boat-guide,190,,190,2026-07-26T02:39:14Z
6,Bingham,access_point,,unknown,Firth City Park,Active,Boating,43.3082334,-112.2002236,False,False,False,False,False,False,False,False,False,active_official_IDFG_managed_or_co_managed_access_site,not_identified,,"https://www.google.com/maps/search/?api=1&query=43.3082334,-112.2002236",IDFG Fishing and Boating Access Sites Public,https://idfg.idaho.gov/visit/fish-boat-guide,191,,191,2026-07-26T02:39:14Z
6,Bingham,access_point,,unknown,Gem State,Active,Fishing,43.4214294,-112.1025315,False,True,False,False,False,True,True,True,False,active_official_IDFG_managed_or_co_managed_access_site,not_identified,Pets must be on a leash at all times. Campfires not allowed. Access is limited to foot traffic only. Please pack out what you pack in.Day use only.,"https://www.google.com/maps/search/?api=1&query=43.4214294,-112.1025315",IDFG Fishing and Boating Access Sites Public,https://idfg.idaho.gov/visit/fish-boat-guide,225,,225,2026-07-26T02:39:14Z
6,Bingham,access_point,,unknown,Pingree,Active,Fishing,43.0467246,-112.6012486,False,False,False,False,False,False,False,False,False,active_official_IDFG_managed_or_co_managed_access_site,not_identified,High water access only.,"https://www.google.com/maps/search/?api=1&query=43.0467246,-112.6012486",IDFG Fishing and Boating Access Sites Public,https://idfg.idaho.gov/visit/fish-boat-guide,162,,162,2026-07-26T02:39:14Z
6,Bingham,access_point,,unknown,Porterville Bridge,Active,Boating,43.2312273,-112.3277408,False,True,True,False,False,False,False,False,False,active_official_IDFG_managed_or_co_managed_access_site,not_identified,,"https://www.google.com/maps/search/?api=1&query=43.2312273,-112.3277408",IDFG Fishing and Boating Access Sites Public,https://idfg.idaho.gov/visit/fish-boat-guide,187,,187,2026-07-26T02:39:14Z
6,Bingham,access_point,,unknown,Shelley Park,Active,Boating,43.3753384,-112.167716,False,,True,False,False,False,False,False,False,active_official_IDFG_managed_or_co_managed_access_site,not_identified,,"https://www.google.com/maps/search/?api=1&query=43.3753384,-112.167716",IDFG Fishing and Boating Access Sites Public,https://idfg.idaho.gov/visit/fish-boat-guide,189,,189,2026-07-26T02:39:14Z
6,Bingham,access_point,,unknown,Sportsman Park,Active,Boating,42.9494808,-112.773953,True,True,True,True,False,False,False,False,False,active_official_IDFG_managed_or_co_managed_access_site,not_identified,Seasonal access fees,"https://www.google.com/maps/search/?api=1&query=42.9494808,-112.773953",IDFG Fishing and Boating Access Sites Public,https://idfg.idaho.gov/visit/fish-boat-guide,183,,183,2026-07-26T02:39:14Z
6,Bingham,access_point,,unknown,Twin Bridges,Active,Boating,43.1972023,-112.3680769,False,False,True,False,False,False,False,False,False,active_official_IDFG_managed_or_co_managed_access_site,not_identified,,"https://www.google.com/maps/search/?api=1&query=43.1972023,-112.3680769",IDFG Fishing and Boating Access Sites Public,https://idfg.idaho.gov/visit/fish-boat-guide,186,,186,2026-07-26T02:39:14Z
6,Bingham,access_point,Crystal Springs Pond,pond,Crystal Springs Pond,Active,Fishing,43.0618019,-112.6551419,False,True,False,True,True,False,False,False,False,active_official_IDFG_managed_or_co_managed_access_site,derived_from_access_site_name,,"https://www.google.com/maps/search/?api=1&query=43.0618019,-112.6551419",IDFG Fishing and Boating Access Sites Public,https://idfg.idaho.gov/visit/fish-boat-guide,179,,179,2026-07-26T02:39:14Z
6,Bingham,access_point,McTucker Pond,pond,McTucker Pond,Active,Boating,43.0358034,-112.6492582,True,,False,True,False,False,False,False,False,active_official_IDFG_managed_or_co_managed_access_site,derived_from_access_site_name,,"https://www.google.com/maps/search/?api=1&query=43.0358034,-112.6492582",IDFG Fishing and Boating Access Sites Public,https://idfg.idaho.gov/visit/fish-boat-guide,184,,184,2026-07-26T02:39:14Z
6,Bingham,access_point,Poison Creek,creek,Poison Creek,Active,Boating,43.0244664,-111.7104339,True,False,True,False,False,False,False,False,False,active_official_IDFG_managed_or_co_managed_access_site,derived_from_access_site_name,,"https://www.google.com/maps/search/?api=1&query=43.0244664,-111.7104339",IDFG Fishing and Boating Access Sites Public,https://idfg.idaho.gov/visit/fish-boat-guide,192,,192,2026-07-26T02:39:14Z
6,Bingham,access_point,Riverton,unknown,Riverton,Active,Boating,43.1461738,-112.4584126,False,,True,False,False,False,False,False,False,active_official_IDFG_managed_or_co_managed_access_site,derived_from_access_site_name,,"https://www.google.com/maps/search/?api=1&query=43.1461738,-112.4584126",IDFG Fishing and Boating Access Sites Public,https://idfg.idaho.gov/visit/fish-boat-guide,164,,164,2026-07-26T02:39:14Z
6,Bingham,access_point,Rose Pond,pond,Rose Pond,Active,Fishing,43.2468124,-112.3153812,False,,False,False,False,False,False,False,False,active_official_IDFG_managed_or_co_managed_access_site,derived_from_access_site_name,,"https://www.google.com/maps/search/?api=1&query=43.2468124,-112.3153812",IDFG Fishing and Boating Access Sites Public,https://idfg.idaho.gov/visit/fish-boat-guide,188,,188,2026-07-26T02:39:14Z
6,Bingham,access_point,Springfield Lake,lake,Springfield Lake,Active,Boating,43.0789257,-112.6857087,False,True,True,True,False,False,False,False,False,active_official_IDFG_managed_or_co_managed_access_site,derived_from_access_site_name,,"https://www.google.com/maps/search/?api=1&query=43.0789257,-112.6857087",IDFG Fishing and Boating Access Sites Public,https://idfg.idaho.gov/visit/fish-boat-guide,161,,161,2026-07-26T02:39:14Z
7,Blaine,access_point,,unknown,Gaver Lagoon,Active,Fishing,43.3386066,-114.1471305,True,True,False,False,False,False,False,False,False,active_official_IDFG_managed_or_co_managed_access_site,not_identified,,"https://www.google.com/maps/search/?api=1&query=43.3386066,-114.1471305",IDFG Fishing and Boating Access Sites Public,https://idfg.idaho.gov/visit/fish-boat-guide,126,,126,2026-07-26T02:39:14Z
7,Blaine,access_point,,unknown,Lava Point,Active,Boating,43.2904669,-114.3889392,True,True,True,True,False,False,False,False,False,active_official_IDFG_managed_or_co_managed_access_site,not_identified,,"https://www.google.com/maps/search/?api=1&query=43.2904669,-114.3889392",IDFG Fishing and Boating Access Sites Public,https://idfg.idaho.gov/visit/fish-boat-guide,154,,154,2026-07-26T02:39:14Z
7,Blaine,access_point,,unknown,Moonstone,Active,Boating,43.3355946,-114.4329252,True,True,True,True,False,False,False,False,False,active_official_IDFG_managed_or_co_managed_access_site,not_identified,,"https://www.google.com/maps/search/?api=1&query=43.3355946,-114.4329252",IDFG Fishing and Boating Access Sites Public,https://idfg.idaho.gov/visit/fish-boat-guide,123,,123,2026-07-26T02:39:14Z
7,Blaine,access_point,,unknown,Sheep Bridge,Active,Fishing,43.3296635,-114.3596687,False,False,False,False,False,False,False,False,False,active_official_IDFG_managed_or_co_managed_access_site,not_identified,,"https://www.google.com/maps/search/?api=1&query=43.3296635,-114.3596687",IDFG Fishing and Boating Access Sites Public,https://idfg.idaho.gov/visit/fish-boat-guide,124,,124,2026-07-26T02:39:14Z
7,Blaine,access_point,,unknown,Stanton Crossing,Active,Fishing,43.3294606,-114.321002,True,True,False,False,False,False,False,False,False,active_official_IDFG_managed_or_co_managed_access_site,not_identified,,"https://www.google.com/maps/search/?api=1&query=43.3294606,-114.321002",IDFG Fishing and Boating Access Sites Public,https://idfg.idaho.gov/visit/fish-boat-guide,125,,125,2026-07-26T02:39:14Z
7,Blaine,access_point,Carey Lake WMA,lake,Carey Lake WMA,Active,Fishing,43.3337372,-113.9211384,False,True,True,False,False,False,False,False,False,active_official_IDFG_managed_or_co_managed_access_site,derived_from_access_site_name,,"https://www.google.com/maps/search/?api=1&query=43.3337372,-113.9211384",IDFG Fishing and Boating Access Sites Public,https://idfg.idaho.gov/visit/fish-boat-guide,129,,129,2026-07-26T02:39:14Z
7,Blaine,access_point,Hot Springs Landing / Rock Creek,creek,Hot Springs Landing / Rock Creek,Active,Fishing,43.3283096,-114.3986877,False,False,True,False,False,False,False,False,False,active_official_IDFG_managed_or_co_managed_access_site,derived_from_access_site_name,,"https://www.google.com/maps/search/?api=1&query=43.3283096,-114.3986877",IDFG Fishing and Boating Access Sites Public,https://idfg.idaho.gov/visit/fish-boat-guide,150,,150,2026-07-26T02:39:14Z
7,Blaine,access_point,Silver Creek East,creek,Silver Creek East,Active,Fishing,43.3307009,-114.0905429,True,True,False,False,False,False,False,False,False,active_official_IDFG_managed_or_co_managed_access_site,derived_from_access_site_name,,"https://www.google.com/maps/search/?api=1&query=43.3307009,-114.0905429",IDFG Fishing and Boating Access Sites Public,https://idfg.idaho.gov/visit/fish-boat-guide,128,,128,2026-07-26T02:39:14Z
7,Blaine,access_point,Silver Creek West,creek,Silver Creek West,Active,Fishing,43.3253866,-114.104344,True,True,False,False,False,False,False,False,False,active_official_IDFG_managed_or_co_managed_access_site,derived_from_access_site_name,,"https://www.google.com/maps/search/?api=1&query=43.3253866,-114.104344",IDFG Fishing and Boating Access Sites Public,https://idfg.idaho.gov/visit/fish-boat-guide,127,,127,2026-07-26T02:39:14Z
8,Boise,access_point,Horseshoe Bend Mill Pond,pond,Horseshoe Bend Mill Pond,Active,Fishing,43.9343864,-116.1855547,False,,True,True,True,False,False,True,False,active_official_IDFG_managed_or_co_managed_access_site,derived_from_access_site_name,Closed sunset to sunrise.Please pack out what you pack in.,"https://www.google.com/maps/search/?api=1&query=43.9343864,-116.1855547",IDFG Fishing and Boating Access Sites Public,https://idfg.idaho.gov/visit/fish-boat-guide,93,,93,2026-07-26T02:39:14Z
8,Boise,access_point,Lowman Nature Pond,pond,Lowman Nature Pond,Active,Fishing,44.1159005,-115.4082565,False,True,False,False,True,False,False,True,False,active_official_IDFG_managed_or_co_managed_access_site,derived_from_access_site_name,Area roads may become very slick when wet or snow covered. Please pack out what you pack in.,"https://www.google.com/maps/search/?api=1&query=44.1159005,-115.4082565",IDFG Fishing and Boating Access Sites Public,https://idfg.idaho.gov/visit/fish-boat-guide,120,,120,2026-07-26T02:39:14Z
8,Boise,access_point,South Fork of the Payette River,river,Alder Creek,Active,Fishing,44.0705415,-115.9459857,False,False,False,False,False,False,True,True,True,active_official_IDFG_managed_or_co_managed_access_site,parsed_from_official_notes,Provides access to the South Fork of the Payette River. Much of the surrounding area is private property; please obey all signs and markers. Day use only. Please pack out what you pack in.,"https://www.google.com/maps/search/?api=1&query=44.0705415,-115.9459857",IDFG Fishing and Boating Access Sites Public,https://idfg.idaho.gov/visit/fish-boat-guide,94,,94,2026-07-26T02:39:14Z
9,Bonner,access_point,,unknown,Bonner,Active,Fishing,46.2096119,-116.0822027,False,False,False,False,False,False,False,False,False,active_official_IDFG_managed_or_co_managed_access_site,not_identified,,"https://www.google.com/maps/search/?api=1&query=46.2096119,-116.0822027",IDFG Fishing and Boating Access Sites Public,https://idfg.idaho.gov/visit/fish-boat-guide,71,,71,2026-07-26T02:39:14Z
9,Bonner,access_point,,unknown,Clark Fork Driftyard,Active,Boating,48.173592,-116.2318259,True,,True,True,True,False,False,False,False,active_official_IDFG_managed_or_co_managed_access_site,not_identified,Camping in large parking lot or on adjacent access road.,"https://www.google.com/maps/search/?api=1&query=48.173592,-116.2318259",IDFG Fishing and Boating Access Sites Public,https://idfg.idaho.gov/visit/fish-boat-guide,4,,4,2026-07-26T02:39:14Z
9,Bonner,access_point,,unknown,Garfield Bay,Active,Boating,48.1880404,-116.4372917,True,,True,True,True,False,False,False,False,active_official_IDFG_managed_or_co_managed_access_site,not_identified,Bonner County runs access site.,"https://www.google.com/maps/search/?api=1&query=48.1880404,-116.4372917",IDFG Fishing and Boating Access Sites Public,https://idfg.idaho.gov/visit/fish-boat-guide,12,,12,2026-07-26T02:39:14Z
9,Bonner,access_point,,unknown,Pringle Park - East Hope,Active,Boating,48.2391502,-116.293418,False,,True,True,True,False,False,False,False,active_official_IDFG_managed_or_co_managed_access_site,not_identified,,"https://www.google.com/maps/search/?api=1&query=48.2391502,-116.293418",IDFG Fishing and Boating Access Sites Public,https://idfg.idaho.gov/visit/fish-boat-guide,9,,9,2026-07-26T02:39:14Z
9,Bonner,access_point,,unknown,Sunnyside Park,Active,Boating,48.2798222,-116.3833315,False,False,True,False,False,False,False,False,False,active_official_IDFG_managed_or_co_managed_access_site,not_identified,Access only. No parking. Ramp in poor condition.,"https://www.google.com/maps/search/?api=1&query=48.2798222,-116.3833315",IDFG Fishing and Boating Access Sites Public,https://idfg.idaho.gov/visit/fish-boat-guide,8,,8,2026-07-26T02:39:14Z
9,Bonner,access_point,Bonner Lake,lake,Bonner Lake,Active,Fishing,48.7278674,-116.11177,False,True,True,False,False,False,False,False,False,active_official_IDFG_managed_or_co_managed_access_site,derived_from_access_site_name,Earthen boat launch. Closet style outhouse non ADA.,"https://www.google.com/maps/search/?api=1&query=48.7278674,-116.11177",IDFG Fishing and Boating Access Sites Public,https://idfg.idaho.gov/visit/fish-boat-guide,3,,3,2026-07-26T02:39:14Z
9,Bonner,access_point,Chase Lake,lake,Chase Lake,Active,Fishing,48.4575098,-116.8284762,True,True,True,True,True,False,False,False,False,active_official_IDFG_managed_or_co_managed_access_site,derived_from_access_site_name,Earthen ramp. Primitive camping.,"https://www.google.com/maps/search/?api=1&query=48.4575098,-116.8284762",IDFG Fishing and Boating Access Sites Public,https://idfg.idaho.gov/visit/fish-boat-guide,6,,6,2026-07-26T02:39:14Z
9,Bonner,access_point,Cocolalla Lake,lake,Cocolalla Lake,Active,Boating,48.138675,-116.6024754,False,,True,True,True,False,False,False,False,active_official_IDFG_managed_or_co_managed_access_site,derived_from_access_site_name,Shallow ramp.,"https://www.google.com/maps/search/?api=1&query=48.138675,-116.6024754",IDFG Fishing and Boating Access Sites Public,https://idfg.idaho.gov/visit/fish-boat-guide,16,,16,2026-07-26T02:39:14Z
9,Bonner,access_point,Crystal Lake,lake,Crystal Lake,Active,Fishing,48.1760162,-116.8796941,False,,False,True,True,False,False,False,False,active_official_IDFG_managed_or_co_managed_access_site,derived_from_access_site_name,,"https://www.google.com/maps/search/?api=1&query=48.1760162,-116.8796941",IDFG Fishing and Boating Access Sites Public,https://idfg.idaho.gov/visit/fish-boat-guide,37,,37,2026-07-26T02:39:14Z
9,Bonner,access_point,Denton Slough,slough,Denton Slough,Active,Boating,48.1930843,-116.2465812,False,,False,False,False,False,False,False,False,active_official_IDFG_managed_or_co_managed_access_site,derived_from_access_site_name,Canoe/raft access.,"https://www.google.com/maps/search/?api=1&query=48.1930843,-116.2465812",IDFG Fishing and Boating Access Sites Public,https://idfg.idaho.gov/visit/fish-boat-guide,35,,35,2026-07-26T02:39:14Z
9,Bonner,access_point,Freeman Lake,lake,Freeman Lake,Active,Fishing,48.2229496,-117.0328809,False,,True,True,True,False,False,False,False,active_official_IDFG_managed_or_co_managed_access_site,derived_from_access_site_name,Earthen Ramp.,"https://www.google.com/maps/search/?api=1&query=48.2229496,-117.0328809",IDFG Fishing and Boating Access Sites Public,https://idfg.idaho.gov/visit/fish-boat-guide,10,,10,2026-07-26T02:39:14Z
9,Bonner,access_point,Granite Lake,lake,Granite Lake,Active,Fishing,48.0062267,-116.6890096,True,,True,True,False,False,False,False,False,active_official_IDFG_managed_or_co_managed_access_site,derived_from_access_site_name,Earthen ramp.,"https://www.google.com/maps/search/?api=1&query=48.0062267,-116.6890096",IDFG Fishing and Boating Access Sites Public,https://idfg.idaho.gov/visit/fish-boat-guide,19,,19,2026-07-26T02:39:14Z
9,Bonner,access_point,Hawkins Point - Pack River,river,Hawkins Point - Pack River,Active,Boating,48.2827751,-116.3787764,False,,True,True,False,False,False,False,False,active_official_IDFG_managed_or_co_managed_access_site,derived_from_access_site_name,"Small site, limited parking.","https://www.google.com/maps/search/?api=1&query=48.2827751,-116.3787764",IDFG Fishing and Boating Access Sites Public,https://idfg.idaho.gov/visit/fish-boat-guide,7,,7,2026-07-26T02:39:14Z
9,Bonner,access_point,Hoodoo Creek,creek,Hoodoo Creek,Active,Boating,48.1578761,-116.7525615,False,False,False,False,False,False,False,False,False,active_official_IDFG_managed_or_co_managed_access_site,derived_from_access_site_name,Not maintained or developed. Unimproved river access.,"https://www.google.com/maps/search/?api=1&query=48.1578761,-116.7525615",IDFG Fishing and Boating Access Sites Public,https://idfg.idaho.gov/visit/fish-boat-guide,15,,15,2026-07-26T02:39:14Z
9,Bonner,access_point,Jewell Lake,lake,Jewell Lake,Active,Fishing,48.1387568,-116.7227044,False,,True,True,False,False,False,False,False,active_official_IDFG_managed_or_co_managed_access_site,derived_from_access_site_name,Earthen ramp.,"https://www.google.com/maps/search/?api=1&query=48.1387568,-116.7227044",IDFG Fishing and Boating Access Sites Public,https://idfg.idaho.gov/visit/fish-boat-guide,17,,17,2026-07-26T02:39:14Z
9,Bonner,access_point,Johnson Creek,creek,Johnson Creek,Active,Boating,48.1389709,-116.2285868,True,,True,True,True,False,False,False,False,active_official_IDFG_managed_or_co_managed_access_site,derived_from_access_site_name,,"https://www.google.com/maps/search/?api=1&query=48.1389709,-116.2285868",IDFG Fishing and Boating Access Sites Public,https://idfg.idaho.gov/visit/fish-boat-guide,13,,13,2026-07-26T02:39:14Z
9,Bonner,access_point,Kelso Lake,lake,Kelso Lake,Active,Fishing,48.0115872,-116.7098406,False,,True,True,True,False,False,False,False,active_official_IDFG_managed_or_co_managed_access_site,derived_from_access_site_name,,"https://www.google.com/maps/search/?api=1&query=48.0115872,-116.7098406",IDFG Fishing and Boating Access Sites Public,https://idfg.idaho.gov/visit/fish-boat-guide,18,,18,2026-07-26T02:39:14Z
9,Bonner,access_point,McArthur Lake WMA,lake,McArthur Lake WMA,Active,Boating,48.5208088,-116.4417447,False,True,True,True,False,False,False,False,False,active_official_IDFG_managed_or_co_managed_access_site,derived_from_access_site_name,Shallow ramp. Fishing docks.,"https://www.google.com/maps/search/?api=1&query=48.5208088,-116.4417447",IDFG Fishing and Boating Access Sites Public,https://idfg.idaho.gov/visit/fish-boat-guide,5,,5,2026-07-26T02:39:14Z
9,Bonner,access_point,Morton Slough,slough,Morton Slough,Active,Boating,48.1805802,-116.7143454,False,,True,True,True,False,False,False,False,active_official_IDFG_managed_or_co_managed_access_site,derived_from_access_site_name,,"https://www.google.com/maps/search/?api=1&query=48.1805802,-116.7143454",IDFG Fishing and Boating Access Sites Public,https://idfg.idaho.gov/visit/fish-boat-guide,14,,14,2026-07-26T02:39:14Z
9,Bonner,access_point,Shepherd Lake,lake,Shepherd Lake,Active,Fishing,48.185587,-116.5242703,False,,True,True,True,False,False,False,False,active_official_IDFG_managed_or_co_managed_access_site,derived_from_access_site_name,"Boat ramp, ADA restroom, . ADA restroom and fishing access on west side.","https://www.google.com/maps/search/?api=1&query=48.185587,-116.5242703",IDFG Fishing and Boating Access Sites Public,https://idfg.idaho.gov/visit/fish-boat-guide,11,,11,2026-07-26T02:39:14Z
10,Bonneville,access_point,,unknown,Byington,Active,Boating,43.622605,-111.6656041,False,,True,True,False,False,True,True,False,active_official_IDFG_managed_or_co_managed_access_site,not_identified,Please pack out what you pack in. Pets must be on a leash at all times. Day use only.,"https://www.google.com/maps/search/?api=1&query=43.622605,-111.6656041",IDFG Fishing and Boating Access Sites Public,https://idfg.idaho.gov/visit/fish-boat-guide,231,,231,2026-07-26T02:39:14Z
10,Bonneville,access_point,,unknown,Clowards Crossing,Active,Fishing,43.4435677,-111.7865181,True,False,False,False,False,False,False,True,False,active_official_IDFG_managed_or_co_managed_access_site,not_identified,Area roads may become very slick when wet or snow covered. Camping is limited to no more than 10 days within any 30 day period. Pets must be on a leash at all times. Please pack out what you pack in. Groups of 15 people or larger must obtain a permit at the IDFG Regional Office.,"https://www.google.com/maps/search/?api=1&query=43.4435677,-111.7865181",IDFG Fishing and Boating Access Sites Public,https://idfg.idaho.gov/visit/fish-boat-guide,233,,233,2026-07-26T02:39:14Z
10,Bonneville,access_point,,unknown,Conant Valley,Active,Boating,43.4639635,-111.4276177,False,,True,True,False,False,True,False,False,active_official_IDFG_managed_or_co_managed_access_site,not_identified,Pets must be on a leash at all times. Day use only.,"https://www.google.com/maps/search/?api=1&query=43.4639635,-111.4276177",IDFG Fishing and Boating Access Sites Public,https://idfg.idaho.gov/visit/fish-boat-guide,258,,258,2026-07-26T02:39:14Z
10,Bonneville,access_point,,unknown,Gem State,Active,Fishing,43.4214294,-112.1025315,False,True,False,False,False,True,True,True,False,active_official_IDFG_managed_or_co_managed_access_site,not_identified,Pets must be on a leash at all times. Campfires not allowed. Access is limited to foot traffic only. Please pack out what you pack in.Day use only.,"https://www.google.com/maps/search/?api=1&query=43.4214294,-112.1025315",IDFG Fishing and Boating Access Sites Public,https://idfg.idaho.gov/visit/fish-boat-guide,225,,225,2026-07-26T02:39:14Z
10,Bonneville,access_point,,unknown,Kepps Crossing,Active,Fishing,43.408276,-111.783257,True,False,False,False,False,True,False,True,False,active_official_IDFG_managed_or_co_managed_access_site,not_identified,Area roads may become very slick when wet or snow covered. Camping is limited to no more than 10 days within any 30 day period. Pets must be on a leash at all times. Access is limited to foot traffic only. Please pack out what you pack in.,"https://www.google.com/maps/search/?api=1&query=43.408276,-111.783257",IDFG Fishing and Boating Access Sites Public,https://idfg.idaho.gov/visit/fish-boat-guide,259,,259,2026-07-26T02:39:14Z
10,Bonneville,access_point,Becker Pond (Ryder,pond,Becker Pond (Ryder Park Pond),Active,Fishing,43.4669937,-112.0719878,False,,False,True,True,False,False,False,False,active_official_IDFG_managed_or_co_managed_access_site,derived_from_access_site_name,,"https://www.google.com/maps/search/?api=1&query=43.4669937,-112.0719878",IDFG Fishing and Boating Access Sites Public,https://idfg.idaho.gov/visit/fish-boat-guide,330,,330,2026-07-26T02:39:14Z
10,Bonneville,access_point,Grays Lake Outlet,lake,Grays Lake Outlet,Active,Fishing,43.1353588,-111.4964965,True,False,False,False,False,False,False,True,True,active_official_IDFG_managed_or_co_managed_access_site,derived_from_access_site_name,Much of the surrounding area is private property; please obey all signs and markers. Area roads may become very slick when wet or snow covered. Please pack out what you pack in.,"https://www.google.com/maps/search/?api=1&query=43.1353588,-111.4964965",IDFG Fishing and Boating Access Sites Public,https://idfg.idaho.gov/visit/fish-boat-guide,234,,234,2026-07-26T02:39:14Z
10,Bonneville,access_point,Palisades Creek,creek,Palisades Creek,Active,Boating,43.3658823,-111.237124,True,,True,True,True,False,False,True,False,active_official_IDFG_managed_or_co_managed_access_site,derived_from_access_site_name,Camping is limited to no more than 10 days within any 30 day period. Pets must be on a leash at all times. Fires only in approved fire pits. Please pack out what you pack in. Groups of 15 people or larger must obtain a permit at the IDFG Regional Office. Camping only in designated campsites.,"https://www.google.com/maps/search/?api=1&query=43.3658823,-111.237124",IDFG Fishing and Boating Access Sites Public,https://idfg.idaho.gov/visit/fish-boat-guide,232,,232,2026-07-26T02:39:14Z
10,Bonneville,access_point,West River Road,river,West River Road,Active,Boating,43.5842258,-112.0575498,False,,True,True,True,False,True,False,False,active_official_IDFG_managed_or_co_managed_access_site,derived_from_access_site_name,Pets must be on a leash at all times. Day use only. Fires only in approved fire pits.,"https://www.google.com/maps/search/?api=1&query=43.5842258,-112.0575498",IDFG Fishing and Boating Access Sites Public,https://idfg.idaho.gov/visit/fish-boat-guide,235,,235,2026-07-26T02:39:14Z
12,Butte,access_point,Little Lost River,river,Little Lost River,Active,Fishing,44.103109,-113.2387281,True,False,False,False,False,False,False,True,False,active_official_IDFG_managed_or_co_managed_access_site,derived_from_access_site_name,Camping is limited to no more than 10 days within any 30 day period. Please pack out what you pack in.,"https://www.google.com/maps/search/?api=1&query=44.103109,-113.2387281",IDFG Fishing and Boating Access Sites Public,https://idfg.idaho.gov/visit/fish-boat-guide,215,,215,2026-07-26T02:39:14Z
13,Camas,access_point,Camas Creek,creek,Camas Creek,Active,Fishing,43.3371647,-114.5987243,True,False,False,False,False,False,False,False,False,active_official_IDFG_managed_or_co_managed_access_site,derived_from_access_site_name,,"https://www.google.com/maps/search/?api=1&query=43.3371647,-114.5987243",IDFG Fishing and Boating Access Sites Public,https://idfg.idaho.gov/visit/fish-boat-guide,153,,153,2026-07-26T02:39:14Z
13,Camas,access_point,Camas Prairie Kids Pond,pond,Camas Prairie Kids Pond,Active,Fishing,43.3446243,-114.7716624,False,True,False,True,False,False,False,False,False,active_official_IDFG_managed_or_co_managed_access_site,derived_from_access_site_name,,"https://www.google.com/maps/search/?api=1&query=43.3446243,-114.7716624",IDFG Fishing and Boating Access Sites Public,https://idfg.idaho.gov/visit/fish-boat-guide,152,,152,2026-07-26T02:39:14Z
13,Camas,access_point,Mormon Reservoir,reservoir,Mormon Reservoir,Active,Boating,43.2805737,-114.8023028,True,True,True,True,False,False,False,False,False,active_official_IDFG_managed_or_co_managed_access_site,derived_from_access_site_name,,"https://www.google.com/maps/search/?api=1&query=43.2805737,-114.8023028",IDFG Fishing and Boating Access Sites Public,https://idfg.idaho.gov/visit/fish-boat-guide,133,,133,2026-07-26T02:39:14Z
14,Canyon,access_point,,unknown,Duff Lane,Active,Fishing,43.6982975,-116.5926627,False,,True,True,True,False,False,True,True,active_official_IDFG_managed_or_co_managed_access_site,not_identified,Much of the surrounding area is private property; please obey all signs and markers. Closed sunset to sunrise. Please pack out what you pack in.,"https://www.google.com/maps/search/?api=1&query=43.6982975,-116.5926627",IDFG Fishing and Boating Access Sites Public,https://idfg.idaho.gov/visit/fish-boat-guide,103,,103,2026-07-26T02:39:14Z
14,Canyon,access_point,,unknown,Wilson Springs,Active,Fishing,43.5361882,-116.5533409,False,,False,True,True,True,False,True,False,active_official_IDFG_managed_or_co_managed_access_site,not_identified,Closed sunset to sunrise. Access is limited to foot traffic only. Please pack out what you pack in.,"https://www.google.com/maps/search/?api=1&query=43.5361882,-116.5533409",IDFG Fishing and Boating Access Sites Public,https://idfg.idaho.gov/visit/fish-boat-guide,117,,117,2026-07-26T02:39:14Z
14,Canyon,access_point,Boise River,river,Airport,Active,Fishing,43.6921709,-116.6329808,False,False,False,False,False,True,True,True,True,active_official_IDFG_managed_or_co_managed_access_site,parsed_from_official_notes,Provides access to the Boise River. Access is limited to foot traffic only. Much of the surrounding area is private property; please obey all signs and markers. Day use only. Please pack out what you pack in.,"https://www.google.com/maps/search/?api=1&query=43.6921709,-116.6329808",IDFG Fishing and Boating Access Sites Public,https://idfg.idaho.gov/visit/fish-boat-guide,101,,101,2026-07-26T02:39:14Z
14,Canyon,access_point,Boise River,river,Dixie,Active,Fishing,43.7309289,-116.8865912,False,False,False,False,False,True,True,True,False,active_official_IDFG_managed_or_co_managed_access_site,parsed_from_official_notes,Provides access to the Boise River. Access is limited to foot traffic only. Day use only. Please pack out what you pack in.,"https://www.google.com/maps/search/?api=1&query=43.7309289,-116.8865912",IDFG Fishing and Boating Access Sites Public,https://idfg.idaho.gov/visit/fish-boat-guide,99,,99,2026-07-26T02:39:14Z
14,Canyon,access_point,Boise River,river,Immigration,Active,Fishing,43.7817119,-116.9709327,False,False,False,False,False,True,True,False,True,active_official_IDFG_managed_or_co_managed_access_site,parsed_from_official_notes,Provides access to the Boise River. Much of the surrounding area is private property; please obey all signs and markers. Day use only. Access is limited to foot traffic only.,"https://www.google.com/maps/search/?api=1&query=43.7817119,-116.9709327",IDFG Fishing and Boating Access Sites Public,https://idfg.idaho.gov/visit/fish-boat-guide,98,,98,2026-07-26T02:39:14Z
14,Canyon,access_point,Boise River,river,Lansing Lane,Active,Fishing,43.6849278,-116.5736279,False,False,False,False,False,False,True,True,True,active_official_IDFG_managed_or_co_managed_access_site,parsed_from_official_notes,Provides access to the Boise River. Much of the surrounding area is private property; please obey all signs and markers. Day use only. Please pack out what you pack in. Suitable for small float boats for launch or takeout.,"https://www.google.com/maps/search/?api=1&query=43.6849278,-116.5736279",IDFG Fishing and Boating Access Sites Public,https://idfg.idaho.gov/visit/fish-boat-guide,104,,104,2026-07-26T02:39:14Z
14,Canyon,access_point,Boise River,river,Midland Road,Active,Fishing,43.6868629,-116.5933922,False,False,False,False,False,True,True,True,True,active_official_IDFG_managed_or_co_managed_access_site,parsed_from_official_notes,Provides access to the Boise River. Much of the surrounding area is private property; please obey all signs and markers. Access is limited to foot traffic only. Day use only. Please pack out what you pack in.,"https://www.google.com/maps/search/?api=1&query=43.6868629,-116.5933922",IDFG Fishing and Boating Access Sites Public,https://idfg.idaho.gov/visit/fish-boat-guide,102,,102,2026-07-26T02:39:14Z
14,Canyon,access_point,Boise River,river,Takatori,Active,Fishing,43.7979763,-116.9926372,False,False,False,False,False,False,True,True,False,active_official_IDFG_managed_or_co_managed_access_site,parsed_from_official_notes,Provides access to the Boise River. Day use only. Please pack out what you pack in.,"https://www.google.com/maps/search/?api=1&query=43.7979763,-116.9926372",IDFG Fishing and Boating Access Sites Public,https://idfg.idaho.gov/visit/fish-boat-guide,97,,97,2026-07-26T02:39:14Z
14,Canyon,access_point,Caldwell Ponds,unknown,Caldwell Ponds,Active,Fishing,43.6904467,-116.7084025,False,,False,True,True,False,True,True,False,active_official_IDFG_managed_or_co_managed_access_site,derived_from_access_site_name,Day use only. Please pack out what you pack in.,"https://www.google.com/maps/search/?api=1&query=43.6904467,-116.7084025",IDFG Fishing and Boating Access Sites Public,https://idfg.idaho.gov/visit/fish-boat-guide,100,,100,2026-07-26T02:39:14Z
14,Canyon,access_point,Redtop Pond,pond,Redtop Pond,Active,Fishing,43.6929141,-116.7784869,False,True,True,True,False,False,False,False,False,active_official_IDFG_managed_or_co_managed_access_site,derived_from_access_site_name,,"https://www.google.com/maps/search/?api=1&query=43.6929141,-116.7784869",IDFG Fishing and Boating Access Sites Public,https://idfg.idaho.gov/visit/fish-boat-guide,346,,346,2026-07-26T02:39:14Z
14,Canyon,access_point,Snake River,river,Clarks Island,Active,Boating,43.5888821,-116.8746834,False,False,False,False,False,False,True,True,True,active_official_IDFG_managed_or_co_managed_access_site,parsed_from_official_notes,Provides access to the Snake River. Seasonal gravel boat ramp provided during waterfowl season. Much of the surrounding area is private property; please obey all signs and markers. Day use only. Please pack out what you pack in.,"https://www.google.com/maps/search/?api=1&query=43.5888821,-116.8746834",IDFG Fishing and Boating Access Sites Public,https://idfg.idaho.gov/visit/fish-boat-guide,107,,107,2026-07-26T02:39:14Z
14,Canyon,access_point,Snake River,river,Lava Point,Active,Fishing,43.3720795,-116.6238217,False,False,False,False,False,False,True,True,False,active_official_IDFG_managed_or_co_managed_access_site,parsed_from_official_notes,Provides access to the Snake River. Day use only. Please pack out what you pack in.,"https://www.google.com/maps/search/?api=1&query=43.3720795,-116.6238217",IDFG Fishing and Boating Access Sites Public,https://idfg.idaho.gov/visit/fish-boat-guide,112,,112,2026-07-26T02:39:14Z
14,Canyon,access_point,Snake River,river,Map Rock,Active,Boating,43.4054104,-116.6821429,False,True,True,False,False,False,False,False,False,active_official_IDFG_managed_or_co_managed_access_site,parsed_from_official_notes,Provides access to the Snake River. Camping is no longer allowed.,"https://www.google.com/maps/search/?api=1&query=43.4054104,-116.6821429",IDFG Fishing and Boating Access Sites Public,https://idfg.idaho.gov/visit/fish-boat-guide,110,,110,2026-07-26T02:39:14Z
14,Canyon,access_point,Snake River,river,Noble Island,Active,Fishing,43.3060321,-116.5709556,False,False,True,False,False,False,True,True,False,active_official_IDFG_managed_or_co_managed_access_site,parsed_from_official_notes,Provides access to the Snake River. Day use only. Please pack out what you pack in.,"https://www.google.com/maps/search/?api=1&query=43.3060321,-116.5709556",IDFG Fishing and Boating Access Sites Public,https://idfg.idaho.gov/visit/fish-boat-guide,114,,114,2026-07-26T02:39:14Z
14,Canyon,access_point,Snake River,river,Old Fort Boise,Active,Boating,43.8229998,-117.0196844,False,,True,False,False,False,True,True,False,active_official_IDFG_managed_or_co_managed_access_site,parsed_from_official_notes,"Provides access to the Snake River. Day use only. Special hunting or fishing regulations, please check your current regulations. Please pack out what you pack in.","https://www.google.com/maps/search/?api=1&query=43.8229998,-117.0196844",IDFG Fishing and Boating Access Sites Public,https://idfg.idaho.gov/visit/fish-boat-guide,95,,95,2026-07-26T02:39:14Z
14,Canyon,access_point,Snake River,river,Trappers Flat,Active,Boating,43.4539087,-116.7420659,False,True,True,False,False,False,False,False,False,active_official_IDFG_managed_or_co_managed_access_site,parsed_from_official_notes,Provides access to the Snake River.,"https://www.google.com/maps/search/?api=1&query=43.4539087,-116.7420659",IDFG Fishing and Boating Access Sites Public,https://idfg.idaho.gov/visit/fish-boat-guide,109,,109,2026-07-26T02:39:14Z
14,Canyon,access_point,Snake and Boise Rivers,unknown,Martin Landing,Active,Fishing,43.811573,-117.0221844,True,,True,False,False,False,True,True,False,active_official_IDFG_managed_or_co_managed_access_site,parsed_from_official_notes,Provides access to the Snake and Boise Rivers. Day use only. Please pack out what you pack in.,"https://www.google.com/maps/search/?api=1&query=43.811573,-117.0221844",IDFG Fishing and Boating Access Sites Public,https://idfg.idaho.gov/visit/fish-boat-guide,96,,96,2026-07-26T02:39:14Z
15,Caribou,access_point,,unknown,Black Canyon,Active,Fishing,42.5430497,-111.798272,False,,False,False,False,False,False,False,False,active_official_IDFG_managed_or_co_managed_access_site,not_identified,difficult wading and subject to abrupt whitewater boating flows between 1 April and 3 June.,"https://www.google.com/maps/search/?api=1&query=42.5430497,-111.798272",IDFG Fishing and Boating Access Sites Public,https://idfg.idaho.gov/visit/fish-boat-guide,167,,167,2026-07-26T02:39:14Z
15,Caribou,access_point,,unknown,Hopkins Landing,Active,Boating,42.8858174,-111.6301207,True,,True,False,False,False,False,False,False,active_official_IDFG_managed_or_co_managed_access_site,not_identified,,"https://www.google.com/maps/search/?api=1&query=42.8858174,-111.6301207",IDFG Fishing and Boating Access Sites Public,https://idfg.idaho.gov/visit/fish-boat-guide,194,,194,2026-07-26T02:39:14Z
15,Caribou,access_point,,unknown,Mikes Place,Active,Fishing,42.7505966,-112.0020983,False,False,False,False,False,False,False,False,False,active_official_IDFG_managed_or_co_managed_access_site,not_identified,,"https://www.google.com/maps/search/?api=1&query=42.7505966,-112.0020983",IDFG Fishing and Boating Access Sites Public,https://idfg.idaho.gov/visit/fish-boat-guide,168,,168,2026-07-26T02:39:14Z
15,Caribou,access_point,,unknown,Pebble Beach,Active,Boating,42.9547514,-111.639582,True,,True,False,False,False,False,False,False,active_official_IDFG_managed_or_co_managed_access_site,not_identified,,"https://www.google.com/maps/search/?api=1&query=42.9547514,-111.639582",IDFG Fishing and Boating Access Sites Public,https://idfg.idaho.gov/visit/fish-boat-guide,193,,193,2026-07-26T02:39:14Z
15,Caribou,access_point,Blackfoot,unknown,Blackfoot River Park,Active,Fishing,42.8211935,-111.5524058,,,False,False,False,False,False,False,False,active_official_IDFG_managed_or_co_managed_access_site,derived_from_access_site_name,,"https://www.google.com/maps/search/?api=1&query=42.8211935,-111.5524058",IDFG Fishing and Boating Access Sites Public,https://idfg.idaho.gov/visit/fish-boat-guide,165,,165,2026-07-26T02:39:14Z
15,Caribou,access_point,Blackfoot River WMA,river,Blackfoot River WMA,Active,Boating,42.8286099,-111.3483166,False,,False,False,False,False,False,False,False,active_official_IDFG_managed_or_co_managed_access_site,derived_from_access_site_name,About 6 miles of continuous river access. There are several sportsman access parking areas.,"https://www.google.com/maps/search/?api=1&query=42.8286099,-111.3483166",IDFG Fishing and Boating Access Sites Public,https://idfg.idaho.gov/visit/fish-boat-guide,166,,166,2026-07-26T02:39:14Z
15,Caribou,access_point,Chesterfield Reservoir,reservoir,Chesterfield Reservoir,Active,Boating,42.8832441,-111.9532618,False,True,True,True,True,False,False,False,False,active_official_IDFG_managed_or_co_managed_access_site,derived_from_access_site_name,,"https://www.google.com/maps/search/?api=1&query=42.8832441,-111.9532618",IDFG Fishing and Boating Access Sites Public,https://idfg.idaho.gov/visit/fish-boat-guide,196,,196,2026-07-26T02:39:14Z
15,Caribou,access_point,Dike Lake (Blackfoot Reservoir),reservoir,Dike Lake (Blackfoot Reservoir),Active,Boating,42.8445535,-111.6023432,True,True,True,True,False,False,False,False,False,active_official_IDFG_managed_or_co_managed_access_site,derived_from_access_site_name,,"https://www.google.com/maps/search/?api=1&query=42.8445535,-111.6023432",IDFG Fishing and Boating Access Sites Public,https://idfg.idaho.gov/visit/fish-boat-guide,195,,195,2026-07-26T02:39:14Z
15,Caribou,access_point,Twenty-four Mile Reservoir,reservoir,Twenty-four Mile Reservoir,Active,Fishing,42.9055666,-111.8862924,True,False,False,False,False,False,False,False,False,active_official_IDFG_managed_or_co_managed_access_site,derived_from_access_site_name,,"https://www.google.com/maps/search/?api=1&query=42.9055666,-111.8862924",IDFG Fishing and Boating Access Sites Public,https://idfg.idaho.gov/visit/fish-boat-guide,197,,197,2026-07-26T02:39:14Z
16,Cassia,access_point,,unknown,Big Cottonwood WMA,Active,Fishing,42.3045416,-114.0100275,False,False,False,False,False,False,False,False,False,active_official_IDFG_managed_or_co_managed_access_site,not_identified,,"https://www.google.com/maps/search/?api=1&query=42.3045416,-114.0100275",IDFG Fishing and Boating Access Sites Public,https://idfg.idaho.gov/visit/fish-boat-guide,137,,137,2026-07-26T02:39:14Z
16,Cassia,access_point,,unknown,Gifford Springs,Active,Fishing,42.6289762,-113.2105489,True,,True,False,False,False,False,False,False,active_official_IDFG_managed_or_co_managed_access_site,not_identified,,"https://www.google.com/maps/search/?api=1&query=42.6289762,-113.2105489",IDFG Fishing and Boating Access Sites Public,https://idfg.idaho.gov/visit/fish-boat-guide,212,,212,2026-07-26T02:39:14Z
16,Cassia,access_point,,unknown,Peterson Island,Active,Fishing,42.5529787,-113.6367635,False,False,False,False,False,False,False,False,False,active_official_IDFG_managed_or_co_managed_access_site,not_identified,,"https://www.google.com/maps/search/?api=1&query=42.5529787,-113.6367635",IDFG Fishing and Boating Access Sites Public,https://idfg.idaho.gov/visit/fish-boat-guide,147,,147,2026-07-26T02:39:14Z
16,Cassia,access_point,Sublett Reservoir,reservoir,Sublett Reservoir,Active,Boating,42.3239683,-113.0465846,True,True,False,False,False,False,False,False,False,active_official_IDFG_managed_or_co_managed_access_site,derived_from_access_site_name,,"https://www.google.com/maps/search/?api=1&query=42.3239683,-113.0465846",IDFG Fishing and Boating Access Sites Public,https://idfg.idaho.gov/visit/fish-boat-guide,155,,155,2026-07-26T02:39:14Z
17,Clark,access_point,,unknown,Kaufman,Active,Fishing,44.2308612,-112.9757644,True,,False,False,False,False,False,True,False,active_official_IDFG_managed_or_co_managed_access_site,not_identified,Camping is limited to no more than 10 days within any 30 day period. Pets must be on a leash at all times. Please pack out what you pack in. Groups of 15 people or larger must obtain a permit at the IDFG Regional Office.,"https://www.google.com/maps/search/?api=1&query=44.2308612,-112.9757644",IDFG Fishing and Boating Access Sites Public,https://idfg.idaho.gov/visit/fish-boat-guide,216,,216,2026-07-26T02:39:14Z
17,Clark,access_point,Birch Creek,creek,Birch Creek,Active,Fishing,44.1396826,-112.8979318,True,,False,False,False,False,False,False,False,active_official_IDFG_managed_or_co_managed_access_site,derived_from_access_site_name,,"https://www.google.com/maps/search/?api=1&query=44.1396826,-112.8979318",IDFG Fishing and Boating Access Sites Public,https://idfg.idaho.gov/visit/fish-boat-guide,318,,318,2026-07-26T02:39:14Z
18,Clearwater,access_point,,unknown,Ahsahka,Active,Boating,46.5006504,-116.3160589,True,,True,False,False,False,False,False,False,active_official_IDFG_managed_or_co_managed_access_site,not_identified,Use permit required for 15 or more people in group. Call Fish & Game 208-799-5010.,"https://www.google.com/maps/search/?api=1&query=46.5006504,-116.3160589",IDFG Fishing and Boating Access Sites Public,https://idfg.idaho.gov/visit/fish-boat-guide,49,,49,2026-07-26T02:39:14Z
18,Clearwater,access_point,,unknown,Ahsahka Bridge,Active,Fishing,46.504098,-116.3222387,False,,False,False,True,False,False,False,False,active_official_IDFG_managed_or_co_managed_access_site,not_identified,Handicap fishing site and parking. Use permit required for 15 or more people in group. Fish & Game. 208-799-5010,"https://www.google.com/maps/search/?api=1&query=46.504098,-116.3222387",IDFG Fishing and Boating Access Sites Public,https://idfg.idaho.gov/visit/fish-boat-guide,76,,76,2026-07-26T02:39:14Z
18,Clearwater,access_point,,unknown,Clearwater Hatchery,Active,Fishing,46.5049546,-116.3298454,False,False,False,False,False,False,False,False,False,active_official_IDFG_managed_or_co_managed_access_site,not_identified,Parking for cab/pickup campers limited. Access to Clearwater River/ Poleyard hole in fenced walkway through Hatchery.,"https://www.google.com/maps/search/?api=1&query=46.5049546,-116.3298454",IDFG Fishing and Boating Access Sites Public,https://idfg.idaho.gov/visit/fish-boat-guide,67,,67,2026-07-26T02:39:14Z
18,Clearwater,access_point,,unknown,Greer,Active,Boating,46.392608,-116.1772278,True,True,False,False,False,False,False,False,False,active_official_IDFG_managed_or_co_managed_access_site,not_identified,Use permit required for 15 or more people in group. Fish & game 208-799-5010.,"https://www.google.com/maps/search/?api=1&query=46.392608,-116.1772278",IDFG Fishing and Boating Access Sites Public,https://idfg.idaho.gov/visit/fish-boat-guide,57,,57,2026-07-26T02:39:14Z
18,Clearwater,access_point,,unknown,Loffs Bay,Active,Boating,47.5573475,-116.8269391,False,,True,True,True,False,False,False,False,active_official_IDFG_managed_or_co_managed_access_site,not_identified,,"https://www.google.com/maps/search/?api=1&query=47.5573475,-116.8269391",IDFG Fishing and Boating Access Sites Public,https://idfg.idaho.gov/visit/fish-boat-guide,25,,25,2026-07-26T02:39:14Z
18,Clearwater,access_point,,unknown,McGill Spur,Active,Fishing,46.5005089,-116.3746383,False,False,False,False,False,False,False,False,False,active_official_IDFG_managed_or_co_managed_access_site,not_identified,Use permit required for 15 or more people in party. No fires. Steep roadway into and out of site. No toilet or garbage.,"https://www.google.com/maps/search/?api=1&query=46.5005089,-116.3746383",IDFG Fishing and Boating Access Sites Public,https://idfg.idaho.gov/visit/fish-boat-guide,48,,48,2026-07-26T02:39:14Z
18,Clearwater,access_point,,unknown,Mica Bay,Active,Boating,47.5994835,-116.8594802,False,,True,True,True,False,False,False,False,active_official_IDFG_managed_or_co_managed_access_site,not_identified,Kootenai County operated site.,"https://www.google.com/maps/search/?api=1&query=47.5994835,-116.8594802",IDFG Fishing and Boating Access Sites Public,https://idfg.idaho.gov/visit/fish-boat-guide,24,,24,2026-07-26T02:39:14Z
18,Clearwater,access_point,,unknown,Zans,Active,Boating,46.4181616,-116.2055994,True,,True,False,False,False,False,False,False,active_official_IDFG_managed_or_co_managed_access_site,not_identified,Use permit required for 15 or more pople in a group. Fish & Game 208-799-5010.,"https://www.google.com/maps/search/?api=1&query=46.4181616,-116.2055994",IDFG Fishing and Boating Access Sites Public,https://idfg.idaho.gov/visit/fish-boat-guide,61,,61,2026-07-26T02:39:14Z
18,Clearwater,access_point,Campbell Pond,pond,Campbell Pond,Active,Boating,46.5433869,-115.871436,True,,True,True,False,False,False,False,False,active_official_IDFG_managed_or_co_managed_access_site,derived_from_access_site_name,,"https://www.google.com/maps/search/?api=1&query=46.5433869,-115.871436",IDFG Fishing and Boating Access Sites Public,https://idfg.idaho.gov/visit/fish-boat-guide,72,,72,2026-07-26T02:39:14Z
18,Clearwater,access_point,Deer Creek Reservoir,reservoir,Deer Creek Reservoir,Active,Boating,46.6251602,-115.7795421,False,True,True,True,False,False,True,False,False,active_official_IDFG_managed_or_co_managed_access_site,derived_from_access_site_name,Day use only/no camping. Roadway gate closed from October 1 until May 20,"https://www.google.com/maps/search/?api=1&query=46.6251602,-115.7795421",IDFG Fishing and Boating Access Sites Public,https://idfg.idaho.gov/visit/fish-boat-guide,69,,69,2026-07-26T02:39:14Z
18,Clearwater,access_point,Deyo Reservoir,reservoir,Deyo Reservoir,Active,Boating,46.3675243,-116.0115801,True,True,True,True,True,False,False,False,False,active_official_IDFG_managed_or_co_managed_access_site,derived_from_access_site_name,RV and tent camping managed by Weippe Frasier Recreation District.,"https://www.google.com/maps/search/?api=1&query=46.3675243,-116.0115801",IDFG Fishing and Boating Access Sites Public,https://idfg.idaho.gov/visit/fish-boat-guide,322,,322,2026-07-26T02:39:14Z
18,Clearwater,access_point,Elk Creek Reservoir,reservoir,Elk Creek Reservoir,Active,Fishing,46.7721625,-116.1747601,True,True,True,True,False,False,False,False,False,active_official_IDFG_managed_or_co_managed_access_site,derived_from_access_site_name,Elk River Recreation District manages the camping sites and park area. 208-826-3584.,"https://www.google.com/maps/search/?api=1&query=46.7721625,-116.1747601",IDFG Fishing and Boating Access Sites Public,https://idfg.idaho.gov/visit/fish-boat-guide,41,,41,2026-07-26T02:39:14Z
19,Custer,access_point,,unknown,Bayhorse Recreation Site,Active,Boating,44.3854809,-114.2606965,True,,True,False,False,False,False,False,False,active_official_IDFG_managed_or_co_managed_access_site,not_identified,The boat ramp at this developed BLM campground was constructed in part with IDFG Steelhead and Salmon permit funds. This fee site provides most camping amenities.,"https://www.google.com/maps/search/?api=1&query=44.3854809,-114.2606965",IDFG Fishing and Boating Access Sites Public,https://idfg.idaho.gov/visit/fish-boat-guide,285,,285,2026-07-26T02:39:14Z
19,Custer,access_point,,unknown,Challis Bridge Recreation Site,Active,Boating,44.4699754,-114.199628,False,,True,False,False,False,False,False,False,active_official_IDFG_managed_or_co_managed_access_site,not_identified,The boat ramp at this developed BLM campground was constructed in part with IDFG Steelhead and Salmon permit funds.,"https://www.google.com/maps/search/?api=1&query=44.4699754,-114.199628",IDFG Fishing and Boating Access Sites Public,https://idfg.idaho.gov/visit/fish-boat-guide,284,,284,2026-07-26T02:39:14Z
19,Custer,access_point,,unknown,Cottonwood Recreation Site,Active,Fishing,44.6682715,-114.0796848,True,,True,False,False,False,False,False,False,active_official_IDFG_managed_or_co_managed_access_site,not_identified,"This developed BLM Recreation Site provides most camping amenities. Located 2 miles south of Ellis along US Highway 93, it provides the nearest developed upstream boat access to the Salmon River from the Deer Gulch Access.","https://www.google.com/maps/search/?api=1&query=44.6682715,-114.0796848",IDFG Fishing and Boating Access Sites Public,https://idfg.idaho.gov/visit/fish-boat-guide,269,,269,2026-07-26T02:39:14Z
19,Custer,access_point,,unknown,M-M (M BAR M),Active,Fishing,44.2886236,-115.0326575,False,False,False,False,False,False,False,False,False,active_official_IDFG_managed_or_co_managed_access_site,not_identified,"Visitors have two options to access Valley Creek. From State Highway 21, approximately 8.5 miles west of Stanley, take the M-M Sportsman Access turn and drive .8 mile. The other option is to access Forest Service Road 682 from State Hwy 21 and proceed to the foot access turnoff. Both options provide walking access to Valley Creek. Offsite camping is available at nearby Sawtooth National Recreational Area campgrounds.","https://www.google.com/maps/search/?api=1&query=44.2886236,-115.0326575",IDFG Fishing and Boating Access Sites Public,https://idfg.idaho.gov/visit/fish-boat-guide,293,,293,2026-07-26T02:39:14Z
19,Custer,access_point,,unknown,Mackay Dam,Active,Fishing,43.9517802,-113.6726077,True,,False,False,True,False,False,True,False,active_official_IDFG_managed_or_co_managed_access_site,not_identified,Camping is limited to no more than 10 days within any 30 day period. Pets must be on a leash at all times. Fires only in approved fire pits. Please pack out what you pack in.,"https://www.google.com/maps/search/?api=1&query=43.9517802,-113.6726077",IDFG Fishing and Boating Access Sites Public,https://idfg.idaho.gov/visit/fish-boat-guide,251,,251,2026-07-26T02:39:14Z
19,Custer,access_point,,unknown,Marinac,Active,Fishing,43.9026163,-113.616799,False,False,False,False,False,True,True,True,True,active_official_IDFG_managed_or_co_managed_access_site,not_identified,"Much of the surrounding area is private property; please obey all signs and markers. Please, no pets allowed. Campfires not allowed Access is limited to foot traffic only. Please pack out what you pack in. Day use only.","https://www.google.com/maps/search/?api=1&query=43.9026163,-113.616799",IDFG Fishing and Boating Access Sites Public,https://idfg.idaho.gov/visit/fish-boat-guide,249,,249,2026-07-26T02:39:14Z
19,Custer,access_point,,unknown,Rothwell,Active,Fishing,43.8470712,-113.4423696,True,False,False,False,False,False,False,True,False,active_official_IDFG_managed_or_co_managed_access_site,not_identified,Camping is limited to no more than 10 days within any 30 day period. Pets must be on a leash at all times. Please pack out what you pack in,"https://www.google.com/maps/search/?api=1&query=43.8470712,-113.4423696",IDFG Fishing and Boating Access Sites Public,https://idfg.idaho.gov/visit/fish-boat-guide,250,,250,2026-07-26T02:39:14Z
19,Custer,access_point,,unknown,Sheep Bridge,Active,Fishing,44.2324014,-114.9879253,False,False,False,False,False,False,False,False,False,active_official_IDFG_managed_or_co_managed_access_site,not_identified,This 2-acre Sawtooth National Recreational Area access is located 2.5 miles west of Stanley along State Highway 21. It provides a graveled parking area within easy walking distance to Valley Creek. Daylight use only.,"https://www.google.com/maps/search/?api=1&query=44.2324014,-114.9879253",IDFG Fishing and Boating Access Sites Public,https://idfg.idaho.gov/visit/fish-boat-guide,277,,277,2026-07-26T02:39:14Z
19,Custer,access_point,,unknown,South Butte,Active,Boating,44.2479782,-114.4559023,True,True,True,False,False,False,False,False,True,active_official_IDFG_managed_or_co_managed_access_site,not_identified,This 2-acre site provides public access across Thompson Creek Mine private lands to the Salmon River. Four to five campsites are available. Limited turnarounds restrict access to RVs over 30 feet long.,"https://www.google.com/maps/search/?api=1&query=44.2479782,-114.4559023",IDFG Fishing and Boating Access Sites Public,https://idfg.idaho.gov/visit/fish-boat-guide,301,,301,2026-07-26T02:39:14Z
19,Custer,access_point,,unknown,Stennett,Active,Fishing,43.8593726,-113.4713214,False,,False,False,False,True,True,True,True,active_official_IDFG_managed_or_co_managed_access_site,not_identified,Much of the surrounding area is private property; please obey all signs and markers. Pets must be on a leash at all times. Campfires not allowed. Access is limited to foot traffic only. Day use only. Please pack out what you pack in.,"https://www.google.com/maps/search/?api=1&query=43.8593726,-113.4713214",IDFG Fishing and Boating Access Sites Public,https://idfg.idaho.gov/visit/fish-boat-guide,248,,248,2026-07-26T02:39:14Z
19,Custer,access_point,,unknown,Tappan,Active,Fishing,44.5919501,-114.1923752,False,False,True,False,False,False,False,False,False,active_official_IDFG_managed_or_co_managed_access_site,not_identified,This Idaho Department of Lands undeveloped access provides boating access to the Salmon River. Parking space is limited at this natural boat ramp and is available at turnouts immediately south along US Highway 93.,"https://www.google.com/maps/search/?api=1&query=44.5919501,-114.1923752",IDFG Fishing and Boating Access Sites Public,https://idfg.idaho.gov/visit/fish-boat-guide,298,,298,2026-07-26T02:39:14Z
19,Custer,access_point,,unknown,Watts Bridge,Active,Boating,44.6321813,-114.1461167,True,,True,False,False,False,False,False,False,active_official_IDFG_managed_or_co_managed_access_site,not_identified,"This 4.5 acre access provides camping, fishing and boating access to the Salmon River. Picnic tables and grills are available at some of the sites. A turnaround area and spacious, shaded camp sites provide access for most RVs. Winter fishing for whitefish is good on this reach of the Salmon River.","https://www.google.com/maps/search/?api=1&query=44.6321813,-114.1461167",IDFG Fishing and Boating Access Sites Public,https://idfg.idaho.gov/visit/fish-boat-guide,302,,302,2026-07-26T02:39:14Z
19,Custer,access_point,Antelope Creek,creek,Antelope Creek,Active,Fishing,43.7389938,-113.5039875,True,False,False,False,False,False,False,False,False,active_official_IDFG_managed_or_co_managed_access_site,derived_from_access_site_name,,"https://www.google.com/maps/search/?api=1&query=43.7389938,-113.5039875",IDFG Fishing and Boating Access Sites Public,https://idfg.idaho.gov/visit/fish-boat-guide,329,,329,2026-07-26T02:39:14Z
19,Custer,access_point,Big Lost River - Lower,river,Big Lost River - Lower,Active,Fishing,43.9408512,-113.6501574,True,,False,False,True,False,False,True,True,active_official_IDFG_managed_or_co_managed_access_site,derived_from_access_site_name,Camping is limited to no more than 10 days within any 30 day period. Much of the surrounding area is private property; please obey all signs and markers. Pets must be on a leash at all times. Please pack out what you pack in.,"https://www.google.com/maps/search/?api=1&query=43.9408512,-113.6501574",IDFG Fishing and Boating Access Sites Public,https://idfg.idaho.gov/visit/fish-boat-guide,214,,214,2026-07-26T02:39:14Z
19,Custer,access_point,Big Lost River - Upper,river,Big Lost River - Upper,Active,Fishing,44.0178233,-113.9892957,True,False,False,False,False,False,False,True,False,active_official_IDFG_managed_or_co_managed_access_site,derived_from_access_site_name,Camping is limited to no more than 10 days within any 30 day period. Please pack out what you pack in..,"https://www.google.com/maps/search/?api=1&query=44.0178233,-113.9892957",IDFG Fishing and Boating Access Sites Public,https://idfg.idaho.gov/visit/fish-boat-guide,213,,213,2026-07-26T02:39:14Z
19,Custer,access_point,Blue Mountain Pond,pond,Blue Mountain Pond,Active,Fishing,44.501067,-114.2389616,False,,False,False,True,False,False,False,False,active_official_IDFG_managed_or_co_managed_access_site,derived_from_access_site_name,This access is a partnership between the City of Challis and IFG which provides convenient access for persons with disabilities and accessible family fishing within walking distance of downtown Challis. Follow 2nd Street South to the end of the road and take the paved path to the pond. You will find sheltered picnic tables and benches arranged around the pond. The pond is stocked with rainbow trout as well as excess hatchery steelhead in the spring.,"https://www.google.com/maps/search/?api=1&query=44.501067,-114.2389616",IDFG Fishing and Boating Access Sites Public,https://idfg.idaho.gov/visit/fish-boat-guide,283,,283,2026-07-26T02:39:14Z
19,Custer,access_point,Dry Creek,creek,Dry Creek,Active,Fishing,44.2388348,-115.0002092,False,False,False,False,False,False,False,False,False,active_official_IDFG_managed_or_co_managed_access_site,derived_from_access_site_name,"This access provides roadside parking along State Highway 21 within easy walking distance to Valley Creek. For more information on Sawtooth National Recreation Area access, campgrounds and permitted uses, contact the Stanley Ranger Station, located 2.5 miles south of the intersection of State Highways 21 and 75.","https://www.google.com/maps/search/?api=1&query=44.2388348,-115.0002092",IDFG Fishing and Boating Access Sites Public,https://idfg.idaho.gov/visit/fish-boat-guide,278,,278,2026-07-26T02:39:14Z
19,Custer,access_point,Gold Creek,creek,Gold Creek,Active,Fishing,44.1118085,-114.8623437,True,False,False,False,False,False,False,False,True,active_official_IDFG_managed_or_co_managed_access_site,derived_from_access_site_name,This 9-acre Sawtooth National Recreational Area access is located alongside State Highway 75 and offers easy parking for six or eight vehicles just walking distance from the Salmon River. Limited camping space and turnarounds are available. Please respect the private property that borders this access.,"https://www.google.com/maps/search/?api=1&query=44.1118085,-114.8623437",IDFG Fishing and Boating Access Sites Public,https://idfg.idaho.gov/visit/fish-boat-guide,279,,279,2026-07-26T02:39:14Z
19,Custer,access_point,Jimmy Smith Lake,lake,Jimmy Smith Lake,Active,Fishing,44.1651214,-114.395456,True,,False,False,False,False,False,False,False,active_official_IDFG_managed_or_co_managed_access_site,derived_from_access_site_name,"A short hike from the parking area along a well–maintained trail takes you to Jimmy Smith Lake. From there, an unimproved trail along the north side of the lake takes you to BLM and Forest Service lands. It is a popular year-round trout fishing and fall hunting destination. Camping is limited to two dispersed sites along the 2- mile access road which forks off the East Fork Road. Turnaround space and RV camping is limited at the trailhead parking area.from the lake provides foot and horse access only to adjacent federal lands.","https://www.google.com/maps/search/?api=1&query=44.1651214,-114.395456",IDFG Fishing and Boating Access Sites Public,https://idfg.idaho.gov/visit/fish-boat-guide,271,,271,2026-07-26T02:39:14Z
19,Custer,access_point,Mackay Reservoir - Lower,reservoir,Mackay Reservoir - Lower,Active,Boating,43.9634628,-113.7027092,True,,True,True,False,False,False,True,False,active_official_IDFG_managed_or_co_managed_access_site,derived_from_access_site_name,Camping is limited to no more than 10 days within any 30 day period. Pets must be on a leash at all times. Please pack out what you pack in. Groups of 15 people or larger must obtain a permit at the IDFG Regional Office.,"https://www.google.com/maps/search/?api=1&query=43.9634628,-113.7027092",IDFG Fishing and Boating Access Sites Public,https://idfg.idaho.gov/visit/fish-boat-guide,253,,253,2026-07-26T02:39:14Z
19,Custer,access_point,Mackay Reservoir - Upper,reservoir,Mackay Reservoir - Upper,Active,Boating,43.967914,-113.7106839,True,True,True,False,False,False,False,True,False,active_official_IDFG_managed_or_co_managed_access_site,derived_from_access_site_name,Camping is limited to no more than 10 days within any 30 day period. Pets must be on a leash at all times. Please pack out what you pack in. Groups of 15 people or larger must obtain a permit at the IDFG Regional Office. Gravel boat ramp available.,"https://www.google.com/maps/search/?api=1&query=43.967914,-113.7106839",IDFG Fishing and Boating Access Sites Public,https://idfg.idaho.gov/visit/fish-boat-guide,252,,252,2026-07-26T02:39:14Z
19,Custer,access_point,Pahsimeroi River,river,Pahsimeroi River,Active,Fishing,44.620258,-113.9747087,True,,False,False,True,False,False,False,False,active_official_IDFG_managed_or_co_managed_access_site,derived_from_access_site_name,"This 198-acre access provides abundant fishing, hunting, and wildlife viewing opportunities. A disabled fishing platform is located at the southwest access. Check the “Special Rules Waters” section of the Idaho Fishing Seasons and Rules for restrictions on the Pahsimeroi River. Short-range weapons only are allowed during all hunting seasons. Please stay within the posted boundaries out of respect for our ranching neighbors.","https://www.google.com/maps/search/?api=1&query=44.620258,-113.9747087",IDFG Fishing and Boating Access Sites Public,https://idfg.idaho.gov/visit/fish-boat-guide,296,,296,2026-07-26T02:39:14Z
19,Custer,access_point,Salmon River and accesses BLM lands,river,Pennal Gulch,Active,Boating,44.5450806,-114.1792055,True,False,True,False,False,False,False,False,True,active_official_IDFG_managed_or_co_managed_access_site,parsed_from_official_notes,This is an IFG public easement through private land that provides a natural boat ramp to the Salmon River and accesses BLM lands. Wildlife viewing opportunities are numerous here. Please respect adjacent private properties and stay within the posted boundaries.,"https://www.google.com/maps/search/?api=1&query=44.5450806,-114.1792055",IDFG Fishing and Boating Access Sites Public,https://idfg.idaho.gov/visit/fish-boat-guide,270,,270,2026-07-26T02:39:14Z
19,Custer,access_point,Sawtooth Kids Pond,pond,Sawtooth Kids Pond,Active,Fishing,44.1508515,-114.882883,False,,False,False,True,False,False,False,False,active_official_IDFG_managed_or_co_managed_access_site,derived_from_access_site_name,This public fishing pond is provided for the enjoyment of our young anglers. Please observe the following. Fishing Rules: State fishing rules and regulations apply. Please consult the current Idaho Fishing Seasons and Rules Book (available at the hatchery or any local license vendor) for additional information. Age Restrictions: This pond is for children 17 years of age and under. Parking Information: Parking is restricted to the visitor parking lots. Fishing Hours: 8:00 a.m. to 5:00 p.m. Some fishing equipment is available. Please inquire at the office.,"https://www.google.com/maps/search/?api=1&query=44.1508515,-114.882883",IDFG Fishing and Boating Access Sites Public,https://idfg.idaho.gov/visit/fish-boat-guide,297,,297,2026-07-26T02:39:14Z
19,Custer,access_point,South Butte Pond,pond,South Butte Pond,Active,Fishing,44.2561396,-114.4555364,False,False,False,False,False,False,False,False,False,active_official_IDFG_managed_or_co_managed_access_site,derived_from_access_site_name,"This 8-acre access has a pond which is occasionally stocked with rainbow trout during the summer fishing season, especially for the Memorial Day and July 4th holidays. Water for the pond is from a secondary water right, so the pond is periodically drawn down by irrigators during the summer. A 150-foot walk from the parking area is required to access the pond. Limited camping space is available at the Squaw Creek Access located just east of the US Highway 93 and Squaw Creek Road junction. Daylight Use Only.","https://www.google.com/maps/search/?api=1&query=44.2561396,-114.4555364",IDFG Fishing and Boating Access Sites Public,https://idfg.idaho.gov/visit/fish-boat-guide,303,,303,2026-07-26T02:39:14Z
19,Custer,access_point,Valley Creek,creek,Valley Creek,Active,Fishing,44.2186207,-114.9423261,False,False,False,False,False,False,False,False,True,active_official_IDFG_managed_or_co_managed_access_site,parsed_from_official_notes,This IFG foot access-only easement across private land offers fishing access to Valley Creek. The easement extends approximately 400 feet east of the bridge on the south bank of Valley Creek. Please stay within the posted easement boundaries. Daylight use only.,"https://www.google.com/maps/search/?api=1&query=44.2186207,-114.9423261",IDFG Fishing and Boating Access Sites Public,https://idfg.idaho.gov/visit/fish-boat-guide,300,,300,2026-07-26T02:39:14Z
19,Custer,access_point,east side of the reservoir,reservoir,Mosquito Flat Reservoir,Active,Boating,44.5204698,-114.433259,True,True,True,False,False,False,False,False,False,active_official_IDFG_managed_or_co_managed_access_site,parsed_from_official_notes,IFG regularly stocks this reservoir with rainbow trout. A Forest Service developed campground and boat ramp are located on the east side of the reservoir.,"https://www.google.com/maps/search/?api=1&query=44.5204698,-114.433259",IDFG Fishing and Boating Access Sites Public,https://idfg.idaho.gov/visit/fish-boat-guide,294,,294,2026-07-26T02:39:14Z
20,Elmore,access_point,,unknown,Hammett Boating Access,Active,Boating,42.928994,-115.4678372,False,True,True,False,False,False,False,False,False,active_official_IDFG_managed_or_co_managed_access_site,not_identified,,"https://www.google.com/maps/search/?api=1&query=42.928994,-115.4678372",IDFG Fishing and Boating Access Sites Public,https://idfg.idaho.gov/visit/fish-boat-guide,336,,336,2026-07-26T02:39:14Z
20,Elmore,access_point,,unknown,King Hill,Active,Boating,43.0002949,-115.2142314,True,True,True,False,False,False,False,False,False,active_official_IDFG_managed_or_co_managed_access_site,not_identified,,"https://www.google.com/maps/search/?api=1&query=43.0002949,-115.2142314",IDFG Fishing and Boating Access Sites Public,https://idfg.idaho.gov/visit/fish-boat-guide,136,,136,2026-07-26T02:39:14Z
20,Elmore,access_point,,unknown,Three Island Crossing,Active,Fishing,42.9379301,-115.3243679,False,False,False,False,False,False,False,False,False,active_official_IDFG_managed_or_co_managed_access_site,not_identified,,"https://www.google.com/maps/search/?api=1&query=42.9379301,-115.3243679",IDFG Fishing and Boating Access Sites Public,https://idfg.idaho.gov/visit/fish-boat-guide,135,,135,2026-07-26T02:39:14Z
20,Elmore,access_point,Little Camas Reservoir,reservoir,Little Camas Reservoir,Active,Boating,43.3408736,-115.3872011,True,True,True,False,False,False,False,False,False,active_official_IDFG_managed_or_co_managed_access_site,derived_from_access_site_name,,"https://www.google.com/maps/search/?api=1&query=43.3408736,-115.3872011",IDFG Fishing and Boating Access Sites Public,https://idfg.idaho.gov/visit/fish-boat-guide,132,,132,2026-07-26T02:39:14Z
21,Franklin,access_point,,unknown,Winder,Active,Fishing,42.1813102,-111.8808853,False,,False,False,False,False,False,False,False,active_official_IDFG_managed_or_co_managed_access_site,not_identified,No motors.,"https://www.google.com/maps/search/?api=1&query=42.1813102,-111.8808853",IDFG Fishing and Boating Access Sites Public,https://idfg.idaho.gov/visit/fish-boat-guide,207,,207,2026-07-26T02:39:14Z
21,Franklin,access_point,Condie Reservoir,reservoir,Condie Reservoir,Active,Boating,42.2102428,-111.863393,True,,True,True,False,False,False,False,False,active_official_IDFG_managed_or_co_managed_access_site,derived_from_access_site_name,Very limited camping at boat ramp.,"https://www.google.com/maps/search/?api=1&query=42.2102428,-111.863393",IDFG Fishing and Boating Access Sites Public,https://idfg.idaho.gov/visit/fish-boat-guide,174,,174,2026-07-26T02:39:14Z
21,Franklin,access_point,Foster Reservoir,reservoir,Foster Reservoir,Active,Fishing,42.1228643,-111.8419826,False,,True,True,False,False,False,False,False,active_official_IDFG_managed_or_co_managed_access_site,derived_from_access_site_name,Electric motors only,"https://www.google.com/maps/search/?api=1&query=42.1228643,-111.8419826",IDFG Fishing and Boating Access Sites Public,https://idfg.idaho.gov/visit/fish-boat-guide,175,,175,2026-07-26T02:39:14Z
21,Franklin,access_point,Glendale Reservoir,reservoir,Glendale Reservoir,Active,Boating,42.1279093,-111.8082511,True,True,True,True,False,False,False,False,False,active_official_IDFG_managed_or_co_managed_access_site,derived_from_access_site_name,,"https://www.google.com/maps/search/?api=1&query=42.1279093,-111.8082511",IDFG Fishing and Boating Access Sites Public,https://idfg.idaho.gov/visit/fish-boat-guide,176,,176,2026-07-26T02:39:14Z
21,Franklin,access_point,Johnson Reservoir,reservoir,Johnson Reservoir,Active,Fishing,42.1104377,-111.8082969,True,,True,True,False,False,False,False,False,active_official_IDFG_managed_or_co_managed_access_site,derived_from_access_site_name,Very limited camping space,"https://www.google.com/maps/search/?api=1&query=42.1104377,-111.8082969",IDFG Fishing and Boating Access Sites Public,https://idfg.idaho.gov/visit/fish-boat-guide,210,,210,2026-07-26T02:39:14Z
21,Franklin,access_point,Lamont Reservoir,reservoir,Lamont Reservoir,Active,Boating,42.1047387,-111.8144338,False,,True,True,False,False,False,False,False,active_official_IDFG_managed_or_co_managed_access_site,derived_from_access_site_name,,"https://www.google.com/maps/search/?api=1&query=42.1047387,-111.8144338",IDFG Fishing and Boating Access Sites Public,https://idfg.idaho.gov/visit/fish-boat-guide,209,,209,2026-07-26T02:39:14Z
21,Franklin,access_point,Oneida Narrows Reservoir,reservoir,Oneida Narrows Reservoir,Active,Boating,42.2742287,-111.7436421,True,True,True,True,False,False,False,False,False,active_official_IDFG_managed_or_co_managed_access_site,derived_from_access_site_name,,"https://www.google.com/maps/search/?api=1&query=42.2742287,-111.7436421",IDFG Fishing and Boating Access Sites Public,https://idfg.idaho.gov/visit/fish-boat-guide,208,,208,2026-07-26T02:39:14Z
21,Franklin,access_point,Oxford Reservoir,reservoir,Oxford Reservoir,Active,Fishing,42.2786584,-112.0111118,False,False,False,False,False,False,False,False,False,active_official_IDFG_managed_or_co_managed_access_site,derived_from_access_site_name,,"https://www.google.com/maps/search/?api=1&query=42.2786584,-112.0111118",IDFG Fishing and Boating Access Sites Public,https://idfg.idaho.gov/visit/fish-boat-guide,205,,205,2026-07-26T02:39:14Z
21,Franklin,access_point,Treasureton Reservoir,reservoir,Treasureton Reservoir,Active,Boating,42.234968,-111.8576037,False,True,True,True,True,False,False,False,False,active_official_IDFG_managed_or_co_managed_access_site,derived_from_access_site_name,,"https://www.google.com/maps/search/?api=1&query=42.234968,-111.8576037",IDFG Fishing and Boating Access Sites Public,https://idfg.idaho.gov/visit/fish-boat-guide,206,,206,2026-07-26T02:39:14Z
21,Franklin,access_point,Twin Lakes Reservoir,reservoir,Twin Lakes Reservoir,Active,Boating,42.2030196,-111.9758041,True,True,True,True,False,False,False,False,True,active_official_IDFG_managed_or_co_managed_access_site,derived_from_access_site_name,Private access fees required,"https://www.google.com/maps/search/?api=1&query=42.2030196,-111.9758041",IDFG Fishing and Boating Access Sites Public,https://idfg.idaho.gov/visit/fish-boat-guide,204,,204,2026-07-26T02:39:14Z
22,Fremont,access_point,,unknown,Box Canyon,Active,Fishing,44.4169871,-111.3946756,False,,True,False,False,False,False,False,False,active_official_IDFG_managed_or_co_managed_access_site,not_identified,,"https://www.google.com/maps/search/?api=1&query=44.4169871,-111.3946756",IDFG Fishing and Boating Access Sites Public,https://idfg.idaho.gov/visit/fish-boat-guide,309,,309,2026-07-26T02:39:14Z
22,Fremont,access_point,,unknown,Buffalo ADA,Active,Fishing,44.4263771,-111.3688656,True,,False,False,True,False,False,False,False,active_official_IDFG_managed_or_co_managed_access_site,not_identified,,"https://www.google.com/maps/search/?api=1&query=44.4263771,-111.3688656",IDFG Fishing and Boating Access Sites Public,https://idfg.idaho.gov/visit/fish-boat-guide,310,,310,2026-07-26T02:39:14Z
22,Fremont,access_point,,unknown,Buttermilk,Active,Boating,44.4324871,-111.4260856,True,,True,False,False,False,False,False,False,active_official_IDFG_managed_or_co_managed_access_site,not_identified,,"https://www.google.com/maps/search/?api=1&query=44.4324871,-111.4260856",IDFG Fishing and Boating Access Sites Public,https://idfg.idaho.gov/visit/fish-boat-guide,311,,311,2026-07-26T02:39:14Z
22,Fremont,access_point,,unknown,Chester Dam,Active,Fishing,44.0180503,-111.5823487,False,True,True,False,False,False,True,True,False,active_official_IDFG_managed_or_co_managed_access_site,not_identified,Pets must be on a leash at all times. Day use only. Please pack out what you pack in.,"https://www.google.com/maps/search/?api=1&query=44.0180503,-111.5823487",IDFG Fishing and Boating Access Sites Public,https://idfg.idaho.gov/visit/fish-boat-guide,254,,254,2026-07-26T02:39:14Z
22,Fremont,access_point,,unknown,Chester Wetland,Active,Fishing,44.0192326,-111.5839952,False,,False,False,False,True,True,True,False,active_official_IDFG_managed_or_co_managed_access_site,not_identified,Campfires not allowed. Access is limited to foot traffic only. Please pack out what you pack in. Groups of 15 people or larger must obtain a permit at the IDFG Regional Office. Day use only.,"https://www.google.com/maps/search/?api=1&query=44.0192326,-111.5839952",IDFG Fishing and Boating Access Sites Public,https://idfg.idaho.gov/visit/fish-boat-guide,244,,244,2026-07-26T02:39:14Z
22,Fremont,access_point,,unknown,Fun Farm Bridge,Active,Boating,43.9825557,-111.6240901,False,,True,False,False,False,True,True,False,active_official_IDFG_managed_or_co_managed_access_site,not_identified,Pets must be on a leash at all times. Please pack out what you pack in. Day use only. Area from diversion to second island closed to motor use.,"https://www.google.com/maps/search/?api=1&query=43.9825557,-111.6240901",IDFG Fishing and Boating Access Sites Public,https://idfg.idaho.gov/visit/fish-boat-guide,246,,246,2026-07-26T02:39:14Z
22,Fremont,access_point,,unknown,Island Park,Active,Boating,44.4194047,-111.3980449,False,,True,True,False,False,False,False,False,active_official_IDFG_managed_or_co_managed_access_site,not_identified,,"https://www.google.com/maps/search/?api=1&query=44.4194047,-111.3980449",IDFG Fishing and Boating Access Sites Public,https://idfg.idaho.gov/visit/fish-boat-guide,312,,312,2026-07-26T02:39:14Z
22,Fremont,access_point,,unknown,Jump Off Canyon,Active,Fishing,44.1087192,-111.4381541,False,,False,False,False,False,False,False,False,active_official_IDFG_managed_or_co_managed_access_site,not_identified,,"https://www.google.com/maps/search/?api=1&query=44.1087192,-111.4381541",IDFG Fishing and Boating Access Sites Public,https://idfg.idaho.gov/visit/fish-boat-guide,320,,320,2026-07-26T02:39:14Z
22,Fremont,access_point,,unknown,Last Chance,Active,Fishing,44.3709114,-111.4024476,False,,False,False,False,False,True,True,False,active_official_IDFG_managed_or_co_managed_access_site,not_identified,Pets must be on a leash at all times. Please pack out what you pack in. Day use only.,"https://www.google.com/maps/search/?api=1&query=44.3709114,-111.4024476",IDFG Fishing and Boating Access Sites Public,https://idfg.idaho.gov/visit/fish-boat-guide,260,,260,2026-07-26T02:39:14Z
22,Fremont,access_point,,unknown,McCrea,Active,Boating,44.4624871,-111.4005356,True,,True,False,False,False,False,False,False,active_official_IDFG_managed_or_co_managed_access_site,not_identified,,"https://www.google.com/maps/search/?api=1&query=44.4624871,-111.4005356",IDFG Fishing and Boating Access Sites Public,https://idfg.idaho.gov/visit/fish-boat-guide,313,,313,2026-07-26T02:39:14Z
22,Fremont,access_point,,unknown,Ora Bridge,Active,Fishing,44.0704932,-111.5082764,False,,False,False,False,False,True,True,False,active_official_IDFG_managed_or_co_managed_access_site,not_identified,Pets must be on a leash at all times. Please pack out what you pack in. Day use only.,"https://www.google.com/maps/search/?api=1&query=44.0704932,-111.5082764",IDFG Fishing and Boating Access Sites Public,https://idfg.idaho.gov/visit/fish-boat-guide,242,,242,2026-07-26T02:39:14Z
22,Fremont,access_point,,unknown,Red Road Bridge,Active,Boating,43.9284692,-111.7781206,False,,True,False,False,False,False,False,False,active_official_IDFG_managed_or_co_managed_access_site,not_identified,,"https://www.google.com/maps/search/?api=1&query=43.9284692,-111.7781206",IDFG Fishing and Boating Access Sites Public,https://idfg.idaho.gov/visit/fish-boat-guide,326,,326,2026-07-26T02:39:14Z
22,Fremont,access_point,,unknown,Spring Hollow,Active,Boating,43.9469936,-111.3509879,True,,True,False,False,False,False,False,False,active_official_IDFG_managed_or_co_managed_access_site,not_identified,,"https://www.google.com/maps/search/?api=1&query=43.9469936,-111.3509879",IDFG Fishing and Boating Access Sites Public,https://idfg.idaho.gov/visit/fish-boat-guide,334,,334,2026-07-26T02:39:14Z
22,Fremont,access_point,,unknown,Stone Bridge,Active,Fishing,44.1095541,-111.3377837,False,,False,False,False,False,False,False,False,active_official_IDFG_managed_or_co_managed_access_site,not_identified,,"https://www.google.com/maps/search/?api=1&query=44.1095541,-111.3377837",IDFG Fishing and Boating Access Sites Public,https://idfg.idaho.gov/visit/fish-boat-guide,321,,321,2026-07-26T02:39:14Z
22,Fremont,access_point,,unknown,Vernon Bridge,Active,Fishing,44.0514424,-111.5398835,False,,False,False,False,False,True,True,False,active_official_IDFG_managed_or_co_managed_access_site,not_identified,Pets must be on a leash at all times. Day use only. Please pack out what you pack in.,"https://www.google.com/maps/search/?api=1&query=44.0514424,-111.5398835",IDFG Fishing and Boating Access Sites Public,https://idfg.idaho.gov/visit/fish-boat-guide,243,,243,2026-07-26T02:39:14Z
22,Fremont,access_point,,unknown,West End,Active,Boating,44.3758245,-111.5315722,True,True,True,True,False,False,False,False,False,active_official_IDFG_managed_or_co_managed_access_site,not_identified,,"https://www.google.com/maps/search/?api=1&query=44.3758245,-111.5315722",IDFG Fishing and Boating Access Sites Public,https://idfg.idaho.gov/visit/fish-boat-guide,317,,317,2026-07-26T02:39:14Z
22,Fremont,access_point,Ashton Reservoir,reservoir,Ashton Reservoir,Active,Boating,44.1116361,-111.4553027,False,,True,True,True,False,True,True,False,active_official_IDFG_managed_or_co_managed_access_site,derived_from_access_site_name,Pets must be on a leash at all times. Day use only. Please pack out what you pack in.,"https://www.google.com/maps/search/?api=1&query=44.1116361,-111.4553027",IDFG Fishing and Boating Access Sites Public,https://idfg.idaho.gov/visit/fish-boat-guide,218,,218,2026-07-26T02:39:14Z
22,Fremont,access_point,Fall River,river,Fall River,Active,Fishing,44.0183376,-111.5703964,False,,False,False,False,True,True,True,True,active_official_IDFG_managed_or_co_managed_access_site,derived_from_access_site_name,"Much of the surrounding area is private property; please obey all signs and markers. Please, no pets allowed. Campfires not allowed. Access is limited to foot traffic only. Please pack out what you pack in. Day use only.","https://www.google.com/maps/search/?api=1&query=44.0183376,-111.5703964",IDFG Fishing and Boating Access Sites Public,https://idfg.idaho.gov/visit/fish-boat-guide,239,,239,2026-07-26T02:39:14Z
22,Fremont,access_point,Henrys Lake - Frome,lake,Henrys Lake - Frome Park,Active,Boating,44.6501191,-111.4369938,True,,True,True,True,False,False,True,False,active_official_IDFG_managed_or_co_managed_access_site,derived_from_access_site_name,Camping is limited to no more than 10 days within any 30 day period. Pets must be on a leash at all times. Fires only in approved fire pits. Please pack out what you pack in.,"https://www.google.com/maps/search/?api=1&query=44.6501191,-111.4369938",IDFG Fishing and Boating Access Sites Public,https://idfg.idaho.gov/visit/fish-boat-guide,240,,240,2026-07-26T02:39:14Z
22,Fremont,access_point,Henrys Lake - South Shore,lake,Henrys Lake - South Shore,Active,Boating,44.6155788,-111.4171455,True,,True,False,False,False,False,True,False,active_official_IDFG_managed_or_co_managed_access_site,derived_from_access_site_name,Area roads may become very slick when wet or snow covered. Camping is limited to no more than 10 days within any 30 day period. Pets must be on a leash at all times. Please pack out what you pack in. Gravel boat ramp available.,"https://www.google.com/maps/search/?api=1&query=44.6155788,-111.4171455",IDFG Fishing and Boating Access Sites Public,https://idfg.idaho.gov/visit/fish-boat-guide,241,,241,2026-07-26T02:39:14Z
22,Fremont,access_point,Mill Creek,creek,Mill Creek,Active,Boating,44.4478771,-111.4261712,True,,True,True,False,False,False,False,False,active_official_IDFG_managed_or_co_managed_access_site,derived_from_access_site_name,,"https://www.google.com/maps/search/?api=1&query=44.4478771,-111.4261712",IDFG Fishing and Boating Access Sites Public,https://idfg.idaho.gov/visit/fish-boat-guide,314,,314,2026-07-26T02:39:14Z
22,Fremont,access_point,Riverside,unknown,Riverside,Active,Fishing,44.2667613,-111.4562074,True,,True,False,False,False,False,False,False,active_official_IDFG_managed_or_co_managed_access_site,derived_from_access_site_name,,"https://www.google.com/maps/search/?api=1&query=44.2667613,-111.4562074",IDFG Fishing and Boating Access Sites Public,https://idfg.idaho.gov/visit/fish-boat-guide,315,,315,2026-07-26T02:39:14Z
22,Fremont,access_point,Sand Creek Ponds,creek,Sand Creek Ponds,Active,Fishing,44.2139458,-111.6176231,True,,False,False,True,False,False,True,False,active_official_IDFG_managed_or_co_managed_access_site,derived_from_access_site_name,Area roads may become very slick when wet or snow covered. Camping is limited to no more than 10 days within any 30 day period. Pets must be on a leash at all times. Please pack out what you pack in. Groups of 15 people or larger must obtain a permit at the IDFG Regional Office.,"https://www.google.com/maps/search/?api=1&query=44.2139458,-111.6176231",IDFG Fishing and Boating Access Sites Public,https://idfg.idaho.gov/visit/fish-boat-guide,217,,217,2026-07-26T02:39:14Z
22,Fremont,access_point,Warm River ADA,river,Warm River ADA,Active,Fishing,44.1095408,-111.3378041,True,,False,False,True,False,False,False,False,active_official_IDFG_managed_or_co_managed_access_site,derived_from_access_site_name,,"https://www.google.com/maps/search/?api=1&query=44.1095408,-111.3378041",IDFG Fishing and Boating Access Sites Public,https://idfg.idaho.gov/visit/fish-boat-guide,316,,316,2026-07-26T02:39:14Z
23,Gem,access_point,,unknown,Sheep Camp Landing,Active,Fishing,43.9009941,-116.6319869,False,True,True,False,False,False,False,False,False,active_official_IDFG_managed_or_co_managed_access_site,not_identified,,"https://www.google.com/maps/search/?api=1&query=43.9009941,-116.6319869",IDFG Fishing and Boating Access Sites Public,https://idfg.idaho.gov/visit/fish-boat-guide,345,,345,2026-07-26T02:39:14Z
23,Gem,access_point,Emmett Airport Pond,pond,Emmett Airport Pond,Active,Fishing,43.8540317,-116.535307,False,True,False,False,False,False,True,True,True,active_official_IDFG_managed_or_co_managed_access_site,derived_from_access_site_name,Much of the surrounding area is private property; please obey all signs and markers. Day use only. Please pack out what you pack in.,"https://www.google.com/maps/search/?api=1&query=43.8540317,-116.535307",IDFG Fishing and Boating Access Sites Public,https://idfg.idaho.gov/visit/fish-boat-guide,89,,89,2026-07-26T02:39:14Z
23,Gem,access_point,Payette River,river,Plaza Road Bridge,Active,Fishing,43.9219567,-116.4437778,False,True,False,False,False,False,True,True,False,active_official_IDFG_managed_or_co_managed_access_site,parsed_from_official_notes,Provides access to the Payette River. Day use only. Please pack out what you pack in.,"https://www.google.com/maps/search/?api=1&query=43.9219567,-116.4437778",IDFG Fishing and Boating Access Sites Public,https://idfg.idaho.gov/visit/fish-boat-guide,91,,91,2026-07-26T02:39:14Z
23,Gem,access_point,Sawyer Ponds,unknown,Sawyer Ponds,Active,Boating,43.8513135,-116.5178283,False,,True,True,True,False,False,False,True,active_official_IDFG_managed_or_co_managed_access_site,derived_from_access_site_name,"Much of the surrounding area is private property; please obey all signs and markers. Safety Zone rules apply, please follow all signs. Closed sunset to sunrise. Gravel boat ramp available.","https://www.google.com/maps/search/?api=1&query=43.8513135,-116.5178283",IDFG Fishing and Boating Access Sites Public,https://idfg.idaho.gov/visit/fish-boat-guide,92,,92,2026-07-26T02:39:14Z
23,Gem,access_point,Sevenmile Slough,slough,Sevenmile Slough,Active,Fishing,43.8699941,-116.5679869,False,True,True,False,False,False,False,False,False,active_official_IDFG_managed_or_co_managed_access_site,derived_from_access_site_name,,"https://www.google.com/maps/search/?api=1&query=43.8699941,-116.5679869",IDFG Fishing and Boating Access Sites Public,https://idfg.idaho.gov/visit/fish-boat-guide,344,,344,2026-07-26T02:39:14Z
23,Gem,access_point,Star Lane Pond,pond,Star Lane Pond,Active,Fishing,43.8441617,-116.5639181,False,True,False,False,False,False,True,True,False,active_official_IDFG_managed_or_co_managed_access_site,derived_from_access_site_name,Day use only. Please pack out what you pack in.,"https://www.google.com/maps/search/?api=1&query=43.8441617,-116.5639181",IDFG Fishing and Boating Access Sites Public,https://idfg.idaho.gov/visit/fish-boat-guide,90,,90,2026-07-26T02:39:14Z
24,Gooding,access_point,,unknown,Bell Rapids,Active,Boating,42.793113,-114.9356587,False,,True,True,True,False,False,False,False,active_official_IDFG_managed_or_co_managed_access_site,not_identified,,"https://www.google.com/maps/search/?api=1&query=42.793113,-114.9356587",IDFG Fishing and Boating Access Sites Public,https://idfg.idaho.gov/visit/fish-boat-guide,140,,140,2026-07-26T02:39:14Z
24,Gooding,access_point,,unknown,Niagara Springs,Active,Fishing,42.6646947,-114.6744895,False,True,False,False,False,False,False,False,False,active_official_IDFG_managed_or_co_managed_access_site,not_identified,,"https://www.google.com/maps/search/?api=1&query=42.6646947,-114.6744895",IDFG Fishing and Boating Access Sites Public,https://idfg.idaho.gov/visit/fish-boat-guide,143,,143,2026-07-26T02:39:14Z
24,Gooding,access_point,,unknown,Niagara Springs WMA,Active,Fishing,42.66835,-114.6956279,False,True,False,False,False,False,False,False,False,active_official_IDFG_managed_or_co_managed_access_site,not_identified,,"https://www.google.com/maps/search/?api=1&query=42.66835,-114.6956279",IDFG Fishing and Boating Access Sites Public,https://idfg.idaho.gov/visit/fish-boat-guide,142,,142,2026-07-26T02:39:14Z
24,Gooding,access_point,Billingsley Creek North,creek,Billingsley Creek North,Active,Fishing,42.8358935,-114.893025,False,,False,True,True,False,False,False,False,active_official_IDFG_managed_or_co_managed_access_site,derived_from_access_site_name,,"https://www.google.com/maps/search/?api=1&query=42.8358935,-114.893025",IDFG Fishing and Boating Access Sites Public,https://idfg.idaho.gov/visit/fish-boat-guide,138,,138,2026-07-26T02:39:14Z
24,Gooding,access_point,Billingsley Creek South,creek,Billingsley Creek South,Active,Fishing,42.8278969,-114.8850934,False,False,False,True,True,False,False,False,False,active_official_IDFG_managed_or_co_managed_access_site,derived_from_access_site_name,,"https://www.google.com/maps/search/?api=1&query=42.8278969,-114.8850934",IDFG Fishing and Boating Access Sites Public,https://idfg.idaho.gov/visit/fish-boat-guide,305,,305,2026-07-26T02:39:14Z
24,Gooding,access_point,Dog Creek Reservoir,reservoir,Dog Creek Reservoir,Active,Boating,43.0244727,-114.7427578,True,True,True,True,True,False,False,False,False,active_official_IDFG_managed_or_co_managed_access_site,derived_from_access_site_name,,"https://www.google.com/maps/search/?api=1&query=43.0244727,-114.7427578",IDFG Fishing and Boating Access Sites Public,https://idfg.idaho.gov/visit/fish-boat-guide,134,,134,2026-07-26T02:39:14Z
24,Gooding,access_point,Hagerman WMA - Oster Lakes,unknown,Hagerman WMA - Oster Lakes,Active,Fishing,42.7659918,-114.8764664,False,,False,True,True,False,False,False,False,active_official_IDFG_managed_or_co_managed_access_site,derived_from_access_site_name,,"https://www.google.com/maps/search/?api=1&query=42.7659918,-114.8764664",IDFG Fishing and Boating Access Sites Public,https://idfg.idaho.gov/visit/fish-boat-guide,139,,139,2026-07-26T02:39:14Z
24,Gooding,access_point,Thorn Creek Reservoir,reservoir,Thorn Creek Reservoir,Active,Boating,43.1901589,-114.5974047,True,True,False,False,False,False,False,False,False,active_official_IDFG_managed_or_co_managed_access_site,derived_from_access_site_name,,"https://www.google.com/maps/search/?api=1&query=43.1901589,-114.5974047",IDFG Fishing and Boating Access Sites Public,https://idfg.idaho.gov/visit/fish-boat-guide,151,,151,2026-07-26T02:39:14Z
25,Idaho,access_point,,unknown,Boulder Hole,Active,Fishing,45.2047469,-116.3122453,False,True,False,False,False,False,False,False,False,active_official_IDFG_managed_or_co_managed_access_site,not_identified,,"https://www.google.com/maps/search/?api=1&query=45.2047469,-116.3122453",IDFG Fishing and Boating Access Sites Public,https://idfg.idaho.gov/visit/fish-boat-guide,70,,70,2026-07-26T02:39:14Z
25,Idaho,access_point,,unknown,Button Beach,Active,Boating,46.1665807,-115.995503,True,,True,False,False,False,False,False,False,active_official_IDFG_managed_or_co_managed_access_site,not_identified,Use permit required for 15 or more in group. Fish & Game. 208-799-5010. No vehicles on beach.,"https://www.google.com/maps/search/?api=1&query=46.1665807,-115.995503",IDFG Fishing and Boating Access Sites Public,https://idfg.idaho.gov/visit/fish-boat-guide,52,,52,2026-07-26T02:39:14Z
25,Idaho,access_point,,unknown,Campbell Flat,Active,Boating,45.6864938,-116.3082502,False,,True,False,False,False,False,False,False,active_official_IDFG_managed_or_co_managed_access_site,not_identified,Limited space for parking and no room for camping.,"https://www.google.com/maps/search/?api=1&query=45.6864938,-116.3082502",IDFG Fishing and Boating Access Sites Public,https://idfg.idaho.gov/visit/fish-boat-guide,66,,66,2026-07-26T02:39:14Z
25,Idaho,access_point,,unknown,George's Hole,Active,Fishing,45.3630939,-116.3588866,False,,False,False,False,False,False,False,False,active_official_IDFG_managed_or_co_managed_access_site,not_identified,,"https://www.google.com/maps/search/?api=1&query=45.3630939,-116.3588866",IDFG Fishing and Boating Access Sites Public,https://idfg.idaho.gov/visit/fish-boat-guide,337,,337,2026-07-26T02:39:14Z
25,Idaho,access_point,,unknown,Kooskia Game Check,Active,Fishing,46.1360146,-115.9565466,True,True,False,False,False,False,False,False,False,active_official_IDFG_managed_or_co_managed_access_site,not_identified,,"https://www.google.com/maps/search/?api=1&query=46.1360146,-115.9565466",IDFG Fishing and Boating Access Sites Public,https://idfg.idaho.gov/visit/fish-boat-guide,323,,323,2026-07-26T02:39:14Z
25,Idaho,access_point,,unknown,Long Gulch,Active,Boating,45.6142449,-116.2760114,True,True,False,False,False,False,False,False,False,active_official_IDFG_managed_or_co_managed_access_site,not_identified,Gravel small boat launch in gravel pit. Use permit required for 15 or more people in group.,"https://www.google.com/maps/search/?api=1&query=45.6142449,-116.2760114",IDFG Fishing and Boating Access Sites Public,https://idfg.idaho.gov/visit/fish-boat-guide,68,,68,2026-07-26T02:39:14Z
25,Idaho,access_point,,unknown,Lower Bluff,Active,Fishing,45.3794939,-116.3507866,False,,False,False,False,False,False,False,False,active_official_IDFG_managed_or_co_managed_access_site,not_identified,,"https://www.google.com/maps/search/?api=1&query=45.3794939,-116.3507866",IDFG Fishing and Boating Access Sites Public,https://idfg.idaho.gov/visit/fish-boat-guide,338,,338,2026-07-26T02:39:14Z
25,Idaho,access_point,,unknown,Maynard Hole,Active,Boating,45.5972142,-116.2731976,False,,True,False,False,False,False,False,False,active_official_IDFG_managed_or_co_managed_access_site,not_identified,Site is limited in number of vehicles/trailers for parking.,"https://www.google.com/maps/search/?api=1&query=45.5972142,-116.2731976",IDFG Fishing and Boating Access Sites Public,https://idfg.idaho.gov/visit/fish-boat-guide,65,,65,2026-07-26T02:39:14Z
25,Idaho,access_point,,unknown,Pasture Hole - Mile Post 192,Active,Fishing,45.3825029,-116.3510136,False,,False,False,False,False,False,False,False,active_official_IDFG_managed_or_co_managed_access_site,not_identified,,"https://www.google.com/maps/search/?api=1&query=45.3825029,-116.3510136",IDFG Fishing and Boating Access Sites Public,https://idfg.idaho.gov/visit/fish-boat-guide,348,,348,2026-07-26T02:39:14Z
25,Idaho,access_point,,unknown,Rattlesnake,Active,Fishing,45.26687,-116.3417175,False,False,False,False,False,False,False,False,False,active_official_IDFG_managed_or_co_managed_access_site,not_identified,,"https://www.google.com/maps/search/?api=1&query=45.26687,-116.3417175",IDFG Fishing and Boating Access Sites Public,https://idfg.idaho.gov/visit/fish-boat-guide,74,,74,2026-07-26T02:39:14Z
25,Idaho,access_point,,unknown,Scotts Access,Active,Fishing,45.9882938,-115.9634866,False,,False,False,False,False,False,False,False,active_official_IDFG_managed_or_co_managed_access_site,not_identified,,"https://www.google.com/maps/search/?api=1&query=45.9882938,-115.9634866",IDFG Fishing and Boating Access Sites Public,https://idfg.idaho.gov/visit/fish-boat-guide,339,,339,2026-07-26T02:39:14Z
25,Idaho,access_point,,unknown,Strupp,Active,Fishing,45.3961854,-116.3372345,False,,False,False,False,False,False,False,False,active_official_IDFG_managed_or_co_managed_access_site,not_identified,Follows signs from parking lot.,"https://www.google.com/maps/search/?api=1&query=45.3961854,-116.3372345",IDFG Fishing and Boating Access Sites Public,https://idfg.idaho.gov/visit/fish-boat-guide,349,,349,2026-07-26T02:39:14Z
25,Idaho,access_point,,unknown,Twin Bridges,Active,Boating,45.6605531,-116.291967,True,,True,False,False,False,False,False,False,active_official_IDFG_managed_or_co_managed_access_site,not_identified,Use permit required for 15 or more people in group. Fish & Game 208-799-5010.,"https://www.google.com/maps/search/?api=1&query=45.6605531,-116.291967",IDFG Fishing and Boating Access Sites Public,https://idfg.idaho.gov/visit/fish-boat-guide,56,,56,2026-07-26T02:39:14Z
25,Idaho,access_point,,unknown,Upper Bluff - Mile Post 190,Active,Fishing,45.3631095,-116.3594692,True,,False,False,False,False,False,False,False,active_official_IDFG_managed_or_co_managed_access_site,not_identified,,"https://www.google.com/maps/search/?api=1&query=45.3631095,-116.3594692",IDFG Fishing and Boating Access Sites Public,https://idfg.idaho.gov/visit/fish-boat-guide,77,,77,2026-07-26T02:39:14Z
25,Idaho,access_point,Lightning Creek,creek,Lightning Creek,Active,Boating,45.4656438,-116.3070793,True,,True,False,False,False,False,False,False,active_official_IDFG_managed_or_co_managed_access_site,derived_from_access_site_name,Use permit required for 15 or more people in group. Fish&Game 208-799-5010.,"https://www.google.com/maps/search/?api=1&query=45.4656438,-116.3070793",IDFG Fishing and Boating Access Sites Public,https://idfg.idaho.gov/visit/fish-boat-guide,64,,64,2026-07-26T02:39:14Z
25,Idaho,access_point,Tolo Lake,lake,Tolo Lake,Active,Boating,45.917615,-116.2383764,False,True,True,True,False,False,False,False,False,active_official_IDFG_managed_or_co_managed_access_site,derived_from_access_site_name,Use permit required for 15 or more people in group. Fish & Game 208-799-5010.,"https://www.google.com/maps/search/?api=1&query=45.917615,-116.2383764",IDFG Fishing and Boating Access Sites Public,https://idfg.idaho.gov/visit/fish-boat-guide,55,,55,2026-07-26T02:39:14Z
26,Jefferson,access_point,,unknown,Gem State WHA,Active,Fishing,43.7790842,-112.0336245,False,False,False,False,False,True,True,True,False,active_official_IDFG_managed_or_co_managed_access_site,not_identified,Access is limited to foot traffic only. Please pack out what you pack in. Day use only.,"https://www.google.com/maps/search/?api=1&query=43.7790842,-112.0336245",IDFG Fishing and Boating Access Sites Public,https://idfg.idaho.gov/visit/fish-boat-guide,237,,237,2026-07-26T02:39:14Z
26,Jefferson,access_point,,unknown,Lorenzo Boat Access,Active,Boating,43.7379936,-111.8809878,False,,True,True,True,False,False,False,False,active_official_IDFG_managed_or_co_managed_access_site,not_identified,,"https://www.google.com/maps/search/?api=1&query=43.7379936,-111.8809878",IDFG Fishing and Boating Access Sites Public,https://idfg.idaho.gov/visit/fish-boat-guide,332,,332,2026-07-26T02:39:14Z
26,Jefferson,access_point,,unknown,Menan Buttes,Active,Boating,43.7511358,-111.9790809,True,,True,True,False,False,False,True,False,active_official_IDFG_managed_or_co_managed_access_site,not_identified,Camping is limited to no more than 4 days within any 30 day period. Pets must be on a leash at all times. Campfires not allowed. Please pack out what you pack in.,"https://www.google.com/maps/search/?api=1&query=43.7511358,-111.9790809",IDFG Fishing and Boating Access Sites Public,https://idfg.idaho.gov/visit/fish-boat-guide,223,,223,2026-07-26T02:39:14Z
26,Jefferson,access_point,,unknown,Mike Walker,Active,Boating,43.7219937,-112.0849878,,,True,True,True,False,False,False,False,active_official_IDFG_managed_or_co_managed_access_site,not_identified,,"https://www.google.com/maps/search/?api=1&query=43.7219937,-112.0849878",IDFG Fishing and Boating Access Sites Public,https://idfg.idaho.gov/visit/fish-boat-guide,333,,333,2026-07-26T02:39:14Z
26,Jefferson,access_point,Butte Slough (Deer Parks WMA),slough,Butte Slough (Deer Parks WMA),Active,Fishing,43.7699937,-111.9969878,False,False,False,False,False,False,False,False,False,active_official_IDFG_managed_or_co_managed_access_site,derived_from_access_site_name,,"https://www.google.com/maps/search/?api=1&query=43.7699937,-111.9969878",IDFG Fishing and Boating Access Sites Public,https://idfg.idaho.gov/visit/fish-boat-guide,331,,331,2026-07-26T02:39:14Z
26,Jefferson,access_point,Jim Moore Pond,pond,Jim Moore Pond,Active,Fishing,43.6835955,-112.1164421,True,,False,True,True,False,False,True,False,active_official_IDFG_managed_or_co_managed_access_site,derived_from_access_site_name,Camping is limited to no more than 10 days within any 30 day period. Pets must be on a leash at all times. Fires only in approved fire pits. Please pack out what you pack in. Gravel boat ramp available. Groups of 15 people or larger must obtain a permit at the IDFG Regional Office.,"https://www.google.com/maps/search/?api=1&query=43.6835955,-112.1164421",IDFG Fishing and Boating Access Sites Public,https://idfg.idaho.gov/visit/fish-boat-guide,224,,224,2026-07-26T02:39:14Z
26,Jefferson,access_point,Market Lake WMA,lake,Market Lake WMA,Active,Fishing,43.7471086,-112.1092733,False,False,False,False,False,True,True,True,True,active_official_IDFG_managed_or_co_managed_access_site,derived_from_access_site_name,"Much of the surrounding area is private property; please obey all signs and markers. Campfires not allowed Safety Zone rules apply, please follow all signs. Access is limited to foot traffic only. Please pack out what you pack in. Day use only. Groups of 15 people or larger must obtain a permit at the IDFG Regional Office.","https://www.google.com/maps/search/?api=1&query=43.7471086,-112.1092733",IDFG Fishing and Boating Access Sites Public,https://idfg.idaho.gov/visit/fish-boat-guide,222,,222,2026-07-26T02:39:14Z
26,Jefferson,access_point,Mud Lake WMA - North,lake,Mud Lake WMA - North Ramp,Active,Boating,43.8979598,-112.3890691,True,,True,True,True,False,False,True,False,active_official_IDFG_managed_or_co_managed_access_site,derived_from_access_site_name,"Camping is limited to no more than 10 days within any 30 day period. Fires only in approved fire pits. Safety Zone rules apply, please follow all signs Please pack out what you pack in. Groups of 15 people or larger must obtain a permit at the IDFG Regional Office. Camping only in designated campsites.","https://www.google.com/maps/search/?api=1&query=43.8979598,-112.3890691",IDFG Fishing and Boating Access Sites Public,https://idfg.idaho.gov/visit/fish-boat-guide,221,,221,2026-07-26T02:39:14Z
26,Jefferson,access_point,Mud Lake WMA - South,lake,Mud Lake WMA - South Ramp,Active,Boating,43.8719497,-112.4086252,True,,True,True,False,False,False,True,False,active_official_IDFG_managed_or_co_managed_access_site,derived_from_access_site_name,Camping is limited to no more than 10 days within any 30 day period. Pets must be on a leash at all times. Fires only in approved fire pits. Please pack out what you pack in Groups of 15 people or larger must obtain a permit at the IDFG Regional Office. Camping only in designated campsites.,"https://www.google.com/maps/search/?api=1&query=43.8719497,-112.4086252",IDFG Fishing and Boating Access Sites Public,https://idfg.idaho.gov/visit/fish-boat-guide,247,,247,2026-07-26T02:39:14Z
27,Jerome,access_point,,unknown,Auger Falls,Active,Fishing,42.632988,-114.5199749,False,False,False,False,False,False,False,False,False,active_official_IDFG_managed_or_co_managed_access_site,not_identified,,"https://www.google.com/maps/search/?api=1&query=42.632988,-114.5199749",IDFG Fishing and Boating Access Sites Public,https://idfg.idaho.gov/visit/fish-boat-guide,145,,145,2026-07-26T02:39:14Z
27,Jerome,access_point,,unknown,Scott,Active,Fishing,42.6364949,-114.557451,False,False,False,False,False,False,False,False,False,active_official_IDFG_managed_or_co_managed_access_site,not_identified,,"https://www.google.com/maps/search/?api=1&query=42.6364949,-114.557451",IDFG Fishing and Boating Access Sites Public,https://idfg.idaho.gov/visit/fish-boat-guide,148,,148,2026-07-26T02:39:14Z
28,Kootenai,access_point,,unknown,Rockford Bay,Active,Boating,47.5089218,-116.8995007,False,False,True,True,False,False,False,False,False,active_official_IDFG_managed_or_co_managed_access_site,not_identified,IDFG Parking lot to Kootenai County operated site.,"https://www.google.com/maps/search/?api=1&query=47.5089218,-116.8995007",IDFG Fishing and Boating Access Sites Public,https://idfg.idaho.gov/visit/fish-boat-guide,36,,36,2026-07-26T02:39:14Z
28,Kootenai,access_point,Anderson Lake Outlet,lake,Anderson Lake Outlet,Active,Boating,47.4659955,-116.7649391,False,False,True,False,False,False,False,False,False,active_official_IDFG_managed_or_co_managed_access_site,derived_from_access_site_name,,"https://www.google.com/maps/search/?api=1&query=47.4659955,-116.7649391",IDFG Fishing and Boating Access Sites Public,https://idfg.idaho.gov/visit/fish-boat-guide,29,,29,2026-07-26T02:39:14Z
28,Kootenai,access_point,Bull Run Lake,lake,Bull Run Lake,Active,Boating,47.5296236,-116.4804319,True,False,False,False,False,False,False,False,False,active_official_IDFG_managed_or_co_managed_access_site,derived_from_access_site_name,Unimproved site. Limited fishing. Very small earthen launch for duck boats.,"https://www.google.com/maps/search/?api=1&query=47.5296236,-116.4804319",IDFG Fishing and Boating Access Sites Public,https://idfg.idaho.gov/visit/fish-boat-guide,32,,32,2026-07-26T02:39:14Z
28,Kootenai,access_point,CDA River - East of Rose Lake,lake,CDA River - East of Rose Lake,Active,Boating,47.5382428,-116.4714025,False,,True,False,False,False,False,False,False,active_official_IDFG_managed_or_co_managed_access_site,derived_from_access_site_name,,"https://www.google.com/maps/search/?api=1&query=47.5382428,-116.4714025",IDFG Fishing and Boating Access Sites Public,https://idfg.idaho.gov/visit/fish-boat-guide,27,,27,2026-07-26T02:39:14Z
28,Kootenai,access_point,Hauser Lake,lake,Hauser Lake,Active,Boating,47.7693526,-117.0178216,False,,True,True,True,False,False,False,False,active_official_IDFG_managed_or_co_managed_access_site,derived_from_access_site_name,Kootenai County operated site.,"https://www.google.com/maps/search/?api=1&query=47.7693526,-117.0178216",IDFG Fishing and Boating Access Sites Public,https://idfg.idaho.gov/visit/fish-boat-guide,23,,23,2026-07-26T02:39:14Z
28,Kootenai,access_point,Hayden Lake Sportsman,lake,Hayden Lake Sportsman Park,Active,Boating,47.8111885,-116.6981239,False,,True,True,True,False,True,False,False,active_official_IDFG_managed_or_co_managed_access_site,derived_from_access_site_name,Adjacent day use park and fishing docks. Non-ADA.,"https://www.google.com/maps/search/?api=1&query=47.8111885,-116.6981239",IDFG Fishing and Boating Access Sites Public,https://idfg.idaho.gov/visit/fish-boat-guide,22,,22,2026-07-26T02:39:14Z
28,Kootenai,access_point,Rose Lake - Sportsman,lake,Rose Lake - Sportsman Park,Active,Boating,47.5534806,-116.4585022,True,,True,True,True,False,False,False,False,active_official_IDFG_managed_or_co_managed_access_site,derived_from_access_site_name,,"https://www.google.com/maps/search/?api=1&query=47.5534806,-116.4585022",IDFG Fishing and Boating Access Sites Public,https://idfg.idaho.gov/visit/fish-boat-guide,31,,31,2026-07-26T02:39:14Z
28,Kootenai,access_point,Rose Lake - Watson Road,lake,Rose Lake - Watson Road,Active,Boating,47.554726,-116.4595107,False,,False,True,True,False,False,False,False,active_official_IDFG_managed_or_co_managed_access_site,derived_from_access_site_name,,"https://www.google.com/maps/search/?api=1&query=47.554726,-116.4595107",IDFG Fishing and Boating Access Sites Public,https://idfg.idaho.gov/visit/fish-boat-guide,30,,30,2026-07-26T02:39:14Z
28,Kootenai,access_point,Spirit Lake,lake,Spirit Lake,Active,Boating,47.9598352,-116.873331,False,,True,True,True,False,False,False,False,active_official_IDFG_managed_or_co_managed_access_site,derived_from_access_site_name,Additional fishing docks.,"https://www.google.com/maps/search/?api=1&query=47.9598352,-116.873331",IDFG Fishing and Boating Access Sites Public,https://idfg.idaho.gov/visit/fish-boat-guide,20,,20,2026-07-26T02:39:14Z
28,Kootenai,access_point,Thompson Lake Outlet,lake,Thompson Lake Outlet,Active,Boating,47.4856322,-116.7247102,True,,True,False,False,False,False,False,False,active_official_IDFG_managed_or_co_managed_access_site,derived_from_access_site_name,,"https://www.google.com/maps/search/?api=1&query=47.4856322,-116.7247102",IDFG Fishing and Boating Access Sites Public,https://idfg.idaho.gov/visit/fish-boat-guide,28,,28,2026-07-26T02:39:14Z
28,Kootenai,access_point,Twin Lakes,unknown,Twin Lakes,Active,Boating,47.8928531,-116.8865865,False,,True,True,True,False,False,False,False,active_official_IDFG_managed_or_co_managed_access_site,derived_from_access_site_name,,"https://www.google.com/maps/search/?api=1&query=47.8928531,-116.8865865",IDFG Fishing and Boating Access Sites Public,https://idfg.idaho.gov/visit/fish-boat-guide,21,,21,2026-07-26T02:39:14Z
29,Latah,access_point,Moose Creek Reservoir,reservoir,Moose Creek Reservoir,Active,Fishing,46.8743166,-116.4199936,True,True,False,True,False,False,False,False,False,active_official_IDFG_managed_or_co_managed_access_site,derived_from_access_site_name,Camping area is managed by the Latah County Parks & Recreation 208-883-5709.,"https://www.google.com/maps/search/?api=1&query=46.8743166,-116.4199936",IDFG Fishing and Boating Access Sites Public,https://idfg.idaho.gov/visit/fish-boat-guide,59,,59,2026-07-26T02:39:14Z
29,Latah,access_point,Spring Valley Reservoir,reservoir,Spring Valley Reservoir,Active,Fishing,46.7857257,-116.7551255,True,True,True,True,False,False,False,False,False,active_official_IDFG_managed_or_co_managed_access_site,derived_from_access_site_name,Picnic Shelter with large groups need to be reserved at F&G Regional Office. 208-799-5010. Groups of 15 or more need to apply for a user permit from Fish and Game 208-799-5010.,"https://www.google.com/maps/search/?api=1&query=46.7857257,-116.7551255",IDFG Fishing and Boating Access Sites Public,https://idfg.idaho.gov/visit/fish-boat-guide,40,,40,2026-07-26T02:39:14Z
30,Lemhi,access_point,,unknown,Bobcat Gulch,Active,Boating,45.3654127,-113.9648962,True,,True,False,False,False,False,False,False,active_official_IDFG_managed_or_co_managed_access_site,not_identified,"This 12-acre access offers 12-15 primitive camping sites and a restroom. It is a popular destination for camping, steelhead fishing, big game and chukar hunting.","https://www.google.com/maps/search/?api=1&query=45.3654127,-113.9648962",IDFG Fishing and Boating Access Sites Public,https://idfg.idaho.gov/visit/fish-boat-guide,281,,281,2026-07-26T02:39:14Z
30,Lemhi,access_point,,unknown,Cronks Canyon,Active,Boating,44.7288853,-114.0037409,False,False,True,False,False,False,False,False,False,active_official_IDFG_managed_or_co_managed_access_site,not_identified,"This BLM, 1-acre unimproved site provides a natural boat ramp with additional parking across US Highway 93. It is popular with spring steelhead and summer salmon anglers.","https://www.google.com/maps/search/?api=1&query=44.7288853,-114.0037409",IDFG Fishing and Boating Access Sites Public,https://idfg.idaho.gov/visit/fish-boat-guide,288,,288,2026-07-26T02:39:14Z
30,Lemhi,access_point,,unknown,Elk Bend,Active,Boating,44.90422,-113.9689139,False,False,True,False,False,False,False,False,False,active_official_IDFG_managed_or_co_managed_access_site,not_identified,"This 1-acre IFG/Elk Bend Fire Department access provides a developed boat ramp access to the Salmon River and parking for about 8 vehicles. Approximately 1-mile south on US Highway 93, turn east up Warm Springs Creek and drive a short distance to a parking area. A 1-hour hike up a maintained trail takes you to Goldbug Hot Springs, one of the nicer public land hot springs in the Salmon Region. Daylight Use Only.","https://www.google.com/maps/search/?api=1&query=44.90422,-113.9689139",IDFG Fishing and Boating Access Sites Public,https://idfg.idaho.gov/visit/fish-boat-guide,304,,304,2026-07-26T02:39:14Z
30,Lemhi,access_point,,unknown,Ellis North,Active,Fishing,44.6911582,-114.0496603,True,False,False,False,False,False,False,False,False,active_official_IDFG_managed_or_co_managed_access_site,not_identified,The Ellis North (Idaho Department of Lands) and Ellis South (Bureau of Land Management) accesses follow the Salmon River’s southeast bank near the mouth of the Pahsimeroi River. Both accesses are popular fishing destinations for steelhead and salmon anglers. Boating access to the river is available two miles upstream at the Cottonwood BLM Campground.,"https://www.google.com/maps/search/?api=1&query=44.6911582,-114.0496603",IDFG Fishing and Boating Access Sites Public,https://idfg.idaho.gov/visit/fish-boat-guide,289,,289,2026-07-26T02:39:14Z
30,Lemhi,access_point,,unknown,Ellis South,Active,Fishing,44.6869783,-114.0560761,True,False,False,False,False,False,False,False,False,active_official_IDFG_managed_or_co_managed_access_site,not_identified,The Ellis North (Idaho Department of Lands) and Ellis South (Bureau of Land Management) accesses follow the Salmon River’s southeast bank near the mouth of the Pahsimeroi River. Both accesses are popular fishing destinations for steelhead and salmon anglers. Boating access to the river is available two miles upstream at the Cottonwood BLM Campground.,"https://www.google.com/maps/search/?api=1&query=44.6869783,-114.0560761",IDFG Fishing and Boating Access Sites Public,https://idfg.idaho.gov/visit/fish-boat-guide,290,,290,2026-07-26T02:39:14Z
30,Lemhi,access_point,,unknown,Ellis Walking Easement,Active,Fishing,44.7010575,-114.0515271,False,False,False,False,False,False,False,False,False,active_official_IDFG_managed_or_co_managed_access_site,not_identified,"IFG holds a 30-foot wide by 2.25 mile long access easement along the west bank of the Salmon River. To access the Easement, go into the Deer Gulch Access, turn left, then follow the road bearing right up and over the foothills to the north entrance. Access from the south is by foot over the Sweeny Bridge. Dogs on leash only.","https://www.google.com/maps/search/?api=1&query=44.7010575,-114.0515271",IDFG Fishing and Boating Access Sites Public,https://idfg.idaho.gov/visit/fish-boat-guide,291,,291,2026-07-26T02:39:14Z
30,Lemhi,access_point,,unknown,Fourth Of July,Active,Boating,45.3592976,-113.9453356,True,,True,False,False,False,False,False,False,active_official_IDFG_managed_or_co_managed_access_site,not_identified,This 8 acre access offers eight or nine primitive campsites and a natural boat ramp bordering the Salmon River. It is popular yearround.,"https://www.google.com/maps/search/?api=1&query=45.3592976,-113.9453356",IDFG Fishing and Boating Access Sites Public,https://idfg.idaho.gov/visit/fish-boat-guide,262,,262,2026-07-26T02:39:14Z
30,Lemhi,access_point,,unknown,Island Park,Active,Boating,45.1768488,-113.899054,False,,True,False,False,False,False,False,False,active_official_IDFG_managed_or_co_managed_access_site,not_identified,"This 14-acre access is owned and managed by the City of Salmon. Plenty of parking space is available in addition to picnic tables, two boat ramps, benches, and a restroom with running water March 1 - November 30. The park is open from 6 a.m. until 10 p.m. daily.","https://www.google.com/maps/search/?api=1&query=45.1768488,-113.899054",IDFG Fishing and Boating Access Sites Public,https://idfg.idaho.gov/visit/fish-boat-guide,264,,264,2026-07-26T02:39:14Z
30,Lemhi,access_point,,unknown,Lemhi Power Site,Active,Fishing,45.1746328,-113.881355,False,False,False,False,False,False,False,False,True,active_official_IDFG_managed_or_co_managed_access_site,not_identified,"This unimproved, 3.5-acre access is located behind the Sungate Apartments off Margaret Street next to Saveway Market in Salmon. It provides foot access to the Lemhi River just walking distance from town for trout fishing or wildlife viewing. Park your vehicle at the end of Margaret Street and walk to the river bank behind the dike. Please respect the private property surrounding this access. Check the “Special Rules Waters” section of the Idaho Fishing Seasons and Rules for restrictions on the Lemhi River.Daylight Use Only.","https://www.google.com/maps/search/?api=1&query=45.1746328,-113.881355",IDFG Fishing and Boating Access Sites Public,https://idfg.idaho.gov/visit/fish-boat-guide,272,,272,2026-07-26T02:39:14Z
30,Lemhi,access_point,,unknown,Lower Lemhi,Active,Fishing,45.1563874,-113.8179693,False,False,False,False,False,False,False,False,False,active_official_IDFG_managed_or_co_managed_access_site,not_identified,,"https://www.google.com/maps/search/?api=1&query=45.1563874,-113.8179693",IDFG Fishing and Boating Access Sites Public,https://idfg.idaho.gov/visit/fish-boat-guide,306,,306,2026-07-26T02:39:14Z
30,Lemhi,access_point,,unknown,McFarland Recreation Site,Active,Fishing,44.8025525,-113.5672149,True,,False,False,False,False,False,False,True,active_official_IDFG_managed_or_co_managed_access_site,not_identified,"This 100-foot wide, daylight use only IDFG walking easement through private land follows the southwest side of the Lemhi River from Highway 28 to BLM’s McFarland Recreation Site. Please stay within the posted boundaries and respect the neighboring ranchers’ private property. Camping and amenities are available at BLM’s McFarland Recreation Site.","https://www.google.com/maps/search/?api=1&query=44.8025525,-113.5672149",IDFG Fishing and Boating Access Sites Public,https://idfg.idaho.gov/visit/fish-boat-guide,275,,275,2026-07-26T02:39:14Z
30,Lemhi,access_point,,unknown,Red Rock,Active,Boating,45.3475059,-113.9207452,True,,True,False,False,False,False,False,False,active_official_IDFG_managed_or_co_managed_access_site,not_identified,"This 4.5-acre access was donated to IDFG by Winn and Betty Turner. It is a popular access for summer boaters and spring/fall steelhead anglers. Plenty of parking space is available for boat trailers, but camp sites are limited to three or four RVs. In 2008, IFG and their non-profit partners built a bighorn sheep viewing station. Sheep frequently cross this section of US Highway 93 so please drive carefully.","https://www.google.com/maps/search/?api=1&query=45.3475059,-113.9207452",IDFG Fishing and Boating Access Sites Public,https://idfg.idaho.gov/visit/fish-boat-guide,263,,263,2026-07-26T02:39:14Z
30,Lemhi,access_point,,unknown,Seventeen Mile,Active,Fishing,45.02584,-113.6578351,False,False,False,False,False,False,True,False,False,active_official_IDFG_managed_or_co_managed_access_site,not_identified,Day Use Only,"https://www.google.com/maps/search/?api=1&query=45.02584,-113.6578351",IDFG Fishing and Boating Access Sites Public,https://idfg.idaho.gov/visit/fish-boat-guide,350,,350,2026-07-26T02:39:14Z
30,Lemhi,access_point,,unknown,Tower Rock Recreation Site,Active,Boating,45.3123373,-113.9062174,True,,True,False,True,False,False,False,False,active_official_IDFG_managed_or_co_managed_access_site,not_identified,"A disabled angler’s fishing ramp at this BLM Recreation Site was constructed in part with IFG Steelhead and Salmon permit funds. This is a fee area with designated parking, camping, and restroom facilities. A detachment led by William Clark of the famed Lewis & Clark Expedition camped at the Tower Rock site in August 1805 while completing a reconnaissance of the Salmon River.","https://www.google.com/maps/search/?api=1&query=45.3123373,-113.9062174",IDFG Fishing and Boating Access Sites Public,https://idfg.idaho.gov/visit/fish-boat-guide,282,,282,2026-07-26T02:39:14Z
30,Lemhi,access_point,Colston Creek,creek,Colston Creek,Active,Boating,44.7531037,-113.9956728,True,,True,False,False,False,False,False,False,active_official_IDFG_managed_or_co_managed_access_site,derived_from_access_site_name,"This 8-acre access offers one of the best natural boat ramps on the Salmon River. Six shaded camp sites are scattered along the river bank as well as ample parking, making this a very popular yearround destination.","https://www.google.com/maps/search/?api=1&query=44.7531037,-113.9956728",IDFG Fishing and Boating Access Sites Public,https://idfg.idaho.gov/visit/fish-boat-guide,287,,287,2026-07-26T02:39:14Z
30,Lemhi,access_point,Hayden Creek,creek,Hayden Creek,Active,Fishing,44.8676181,-113.6245498,True,,False,False,False,False,False,False,False,active_official_IDFG_managed_or_co_managed_access_site,derived_from_access_site_name,"Located 26 miles southeast of Salmon along State Highway 28, this 5.6 acre access provides a nice camping area for six or eight units. It borders the Lemhi River and has trees for shady campsites, making it quite popular during the summer camping and fall hunting seasons. Camping and turnaround space is adequate for most RVs. Check the “Special Rules Waters” section of the Idaho Fishing Seasons and Rules for restrictions on the Lemhi River.","https://www.google.com/maps/search/?api=1&query=44.8676181,-113.6245498",IDFG Fishing and Boating Access Sites Public,https://idfg.idaho.gov/visit/fish-boat-guide,274,,274,2026-07-26T02:39:14Z
30,Lemhi,access_point,Hayden Creek Road 3 miles south of the State Highway 28 junction,creek,Hayden Pond,Active,Fishing,44.838236,-113.6634609,True,True,False,True,True,False,False,False,False,active_official_IDFG_managed_or_co_managed_access_site,parsed_from_official_notes,"This access is located along the Hayden Creek Road 3 miles south of the State Highway 28 junction. The ponds are managed for year-round trout fishing and regularly stocked with rainbow trout. This is a very popular family spot with a restroom, pavilion, picnic tables, grills, and a restroom. The spring which feeds the ponds is warm enough to prevent ice build-up even during the coldest winter temperatures.","https://www.google.com/maps/search/?api=1&query=44.838236,-113.6634609",IDFG Fishing and Boating Access Sites Public,https://idfg.idaho.gov/visit/fish-boat-guide,280,,280,2026-07-26T02:39:14Z
30,Lemhi,access_point,Kids Creek Pond,pond,Kids Creek Pond,Active,Fishing,45.1678859,-113.8903672,False,,False,True,True,False,False,False,False,active_official_IDFG_managed_or_co_managed_access_site,derived_from_access_site_name,"Located in the Salmon city limits just off US Highway 93, this 1.75- acre site co-managed by IFG and the City of Salmon is a popular fishing pond for young anglers. The pond is regularly stocked with catchable rainbow trout and excess hatchery steelhead or salmon during spring and summer. The access contains a fishing dock, a pavilion with picnic tables, and a number of benches around the well-maintained lawn. A restroom and trash containers are provided. Daylight Use Only.","https://www.google.com/maps/search/?api=1&query=45.1678859,-113.8903672",IDFG Fishing and Boating Access Sites Public,https://idfg.idaho.gov/visit/fish-boat-guide,276,,276,2026-07-26T02:39:14Z
30,Lemhi,access_point,Lemhi River South,river,Lemhi River South,Active,Fishing,44.9396583,-113.6388406,True,False,False,False,False,False,False,False,False,active_official_IDFG_managed_or_co_managed_access_site,derived_from_access_site_name,This less than 1-acre Idaho Department of Lands roadside access is located 21 miles east of Salmon off State Highway 28 and offers Lemhi river access. The site is unimproved and offers no amenities with limited camping and turnaround space for RVs.,"https://www.google.com/maps/search/?api=1&query=44.9396583,-113.6388406",IDFG Fishing and Boating Access Sites Public,https://idfg.idaho.gov/visit/fish-boat-guide,273,,273,2026-07-26T02:39:14Z
30,Lemhi,access_point,Lime Creek,creek,Lime Creek,Active,Fishing,44.9226519,-113.9626761,True,False,False,False,False,False,False,False,False,active_official_IDFG_managed_or_co_managed_access_site,derived_from_access_site_name,"This unimproved, .75-acre access offers parking for two or three vehicles along US Highway 93, with foot access to the Salmon River. There is a steep unimproved trail down to the river’s edge.","https://www.google.com/maps/search/?api=1&query=44.9226519,-113.9626761",IDFG Fishing and Boating Access Sites Public,https://idfg.idaho.gov/visit/fish-boat-guide,266,,266,2026-07-26T02:39:14Z
30,Lemhi,access_point,Lower McKim Creek,creek,Lower McKim Creek,Active,Fishing,44.8103402,-114.0095666,True,False,False,False,False,False,False,False,False,active_official_IDFG_managed_or_co_managed_access_site,derived_from_access_site_name,This unimproved Idaho Department of Lands and BLM site offers parking and foot access to the Salmon River with space to tent camp below the road or park an RV above.,"https://www.google.com/maps/search/?api=1&query=44.8103402,-114.0095666",IDFG Fishing and Boating Access Sites Public,https://idfg.idaho.gov/visit/fish-boat-guide,292,,292,2026-07-26T02:39:14Z
30,Lemhi,access_point,Pahsimeroi River,river,Pahsimeroi River,Active,Fishing,44.620258,-113.9747087,True,,False,False,True,False,False,False,False,active_official_IDFG_managed_or_co_managed_access_site,derived_from_access_site_name,"This 198-acre access provides abundant fishing, hunting, and wildlife viewing opportunities. A disabled fishing platform is located at the southwest access. Check the “Special Rules Waters” section of the Idaho Fishing Seasons and Rules for restrictions on the Pahsimeroi River. Short-range weapons only are allowed during all hunting seasons. Please stay within the posted boundaries out of respect for our ranching neighbors.","https://www.google.com/maps/search/?api=1&query=44.620258,-113.9747087",IDFG Fishing and Boating Access Sites Public,https://idfg.idaho.gov/visit/fish-boat-guide,296,,296,2026-07-26T02:39:14Z
30,Lemhi,access_point,Salmon River,river,North Fork,Active,Boating,45.4053807,-113.995179,False,,True,False,False,False,False,False,True,active_official_IDFG_managed_or_co_managed_access_site,parsed_from_official_notes,"This IFG/private land lease agreement provides access to the Salmon River. It is located behind the North Fork Store and Campground, 22 miles north of Salmon off US Highway 93. Private campsites and picnic sites are available adjacent to this access. Daylight Use Only.","https://www.google.com/maps/search/?api=1&query=45.4053807,-113.995179",IDFG Fishing and Boating Access Sites Public,https://idfg.idaho.gov/visit/fish-boat-guide,295,,295,2026-07-26T02:39:14Z
30,Lemhi,access_point,Salmon River about 5-miles downstream from the City of Salmon,river,Carmen Bridge,Active,Boating,45.2290855,-113.8916673,True,,True,False,True,False,False,False,False,active_official_IDFG_managed_or_co_managed_access_site,parsed_from_official_notes,This IDFG 12-acre site provides boating and fishing access to the Salmon River about 5-miles downstream from the City of Salmon. It is a popular access for summer boaters and spring/fall steelhead anglers.,"https://www.google.com/maps/search/?api=1&query=45.2290855,-113.8916673",IDFG Fishing and Boating Access Sites Public,https://idfg.idaho.gov/visit/fish-boat-guide,286,,286,2026-07-26T02:39:14Z
30,Lemhi,access_point,Salmon River and hunting access to public lands,river,Deer Gulch,Active,Boating,44.7030092,-114.0434428,True,,True,False,True,False,False,False,False,active_official_IDFG_managed_or_co_managed_access_site,parsed_from_official_notes,"This 55-acre access provides fishing access to the Salmon River and hunting access to public lands. There are spacious camping sites, a covered pavilion, disabled angler’s ramp, and three separate restroom facilities. This is a very popular camping spot for RVs and tents alike.","https://www.google.com/maps/search/?api=1&query=44.7030092,-114.0434428",IDFG Fishing and Boating Access Sites Public,https://idfg.idaho.gov/visit/fish-boat-guide,267,,267,2026-07-26T02:39:14Z
30,Lemhi,access_point,Upper McKim Creek,creek,Upper McKim Creek,Active,Fishing,44.7973154,-114.003773,True,False,True,False,False,False,False,False,True,active_official_IDFG_managed_or_co_managed_access_site,derived_from_access_site_name,This Idaho Department of Lands unimproved site offers a natural boat ramp with limited parking and camping space. Please respect adjacent private property when parking along the McKim Creek Road.,"https://www.google.com/maps/search/?api=1&query=44.7973154,-114.003773",IDFG Fishing and Boating Access Sites Public,https://idfg.idaho.gov/visit/fish-boat-guide,299,,299,2026-07-26T02:39:14Z
30,Lemhi,access_point,Waddington Creek,creek,Waddington Creek,Active,Fishing,44.9321318,-113.9617963,True,False,True,False,False,False,False,False,False,active_official_IDFG_managed_or_co_managed_access_site,derived_from_access_site_name,This 2.5-acre access offers primitive camping below US Highway 93. There is a beach area at low water along the Salmon River. A small boat could be launched here with difficulty. The road is unimproved and steep. Camp trailers and RVs are not recommended.,"https://www.google.com/maps/search/?api=1&query=44.9321318,-113.9617963",IDFG Fishing and Boating Access Sites Public,https://idfg.idaho.gov/visit/fish-boat-guide,265,,265,2026-07-26T02:39:14Z
30,Lemhi,access_point,confluence of the Lemhi and Salmon Rivers off US Highway 93,unknown,Lemhi Hole,Active,Fishing,45.1871335,-113.8931532,True,,False,False,False,False,False,False,False,active_official_IDFG_managed_or_co_managed_access_site,parsed_from_official_notes,"This 5-acre access is located at the confluence of the Lemhi and Salmon Rivers off US Highway 93. It provides vehicle and foot access to the Salmon River and is a popular steelhead fishing destination. A restroom, plenty of parking, RV camping, and turnaround space are available.","https://www.google.com/maps/search/?api=1&query=45.1871335,-113.8931532",IDFG Fishing and Boating Access Sites Public,https://idfg.idaho.gov/visit/fish-boat-guide,268,,268,2026-07-26T02:39:14Z
31,Lewis,access_point,,unknown,Longcamp,Active,Boating,46.2762479,-116.0976629,True,,True,False,False,False,False,False,False,active_official_IDFG_managed_or_co_managed_access_site,not_identified,Use Permit required for 15 or more in group. Fish & Game 208-799-5010. No garbage pick up.,"https://www.google.com/maps/search/?api=1&query=46.2762479,-116.0976629",IDFG Fishing and Boating Access Sites Public,https://idfg.idaho.gov/visit/fish-boat-guide,51,,51,2026-07-26T02:39:14Z
31,Lewis,access_point,Five-Mile Creek,creek,Five-Mile Creek,Active,Boating,46.3550935,-116.1636497,True,True,True,False,False,False,False,False,False,active_official_IDFG_managed_or_co_managed_access_site,derived_from_access_site_name,Use permit required for 15 or more people in group. Fish & Game 208-799-5010,"https://www.google.com/maps/search/?api=1&query=46.3550935,-116.1636497",IDFG Fishing and Boating Access Sites Public,https://idfg.idaho.gov/visit/fish-boat-guide,60,,60,2026-07-26T02:39:14Z
31,Lewis,access_point,North Fork Clearwater River,river,North Fork Clearwater River,Active,Boating,46.5056783,-116.3168957,True,,True,False,False,False,False,False,False,active_official_IDFG_managed_or_co_managed_access_site,derived_from_access_site_name,Limited parking area and a use permit is required for 15 or more in a group. Fish & Game 208-799-5010,"https://www.google.com/maps/search/?api=1&query=46.5056783,-116.3168957",IDFG Fishing and Boating Access Sites Public,https://idfg.idaho.gov/visit/fish-boat-guide,50,,50,2026-07-26T02:39:14Z
31,Lewis,access_point,Winchester Lake,lake,Winchester Lake,Active,Fishing,46.2371392,-116.6188052,False,True,False,True,True,False,False,False,False,active_official_IDFG_managed_or_co_managed_access_site,derived_from_access_site_name,Camping in Winchester State Park and boat launch are in fee area. East side of lake is fishing without a fee. Use permit required for 15 or more people in group. Fish & Game 208-799-5010.,"https://www.google.com/maps/search/?api=1&query=46.2371392,-116.6188052",IDFG Fishing and Boating Access Sites Public,https://idfg.idaho.gov/visit/fish-boat-guide,54,,54,2026-07-26T02:39:14Z
32,Lincoln,access_point,,unknown,Bear Tracks Williams,Active,Fishing,43.1447791,-114.0617291,False,False,False,False,False,False,False,False,False,active_official_IDFG_managed_or_co_managed_access_site,not_identified,,"https://www.google.com/maps/search/?api=1&query=43.1447791,-114.0617291",IDFG Fishing and Boating Access Sites Public,https://idfg.idaho.gov/visit/fish-boat-guide,131,,131,2026-07-26T02:39:14Z
32,Lincoln,access_point,,unknown,Preacher Bridge,Active,Fishing,43.1901962,-114.0190498,True,False,False,False,False,False,False,False,False,active_official_IDFG_managed_or_co_managed_access_site,not_identified,,"https://www.google.com/maps/search/?api=1&query=43.1901962,-114.0190498",IDFG Fishing and Boating Access Sites Public,https://idfg.idaho.gov/visit/fish-boat-guide,130,,130,2026-07-26T02:39:14Z
33,Madison,access_point,,unknown,Beaver Dick,Active,Boating,43.825256,-111.9051579,True,,True,True,False,False,False,False,False,active_official_IDFG_managed_or_co_managed_access_site,not_identified,Camping is limited to no more than 4 days within any 30 day period. Pets must be on a leash at all times. Fires only in approved fire pits. Camping only in designated campsites.,"https://www.google.com/maps/search/?api=1&query=43.825256,-111.9051579",IDFG Fishing and Boating Access Sites Public,https://idfg.idaho.gov/visit/fish-boat-guide,261,,261,2026-07-26T02:39:14Z
33,Madison,access_point,,unknown,Rexburg Nature Park,Active,Fishing,43.8347824,-111.8012661,False,True,False,False,True,False,True,False,False,active_official_IDFG_managed_or_co_managed_access_site,not_identified,Pets must be on a leash at all times. Day use only.,"https://www.google.com/maps/search/?api=1&query=43.8347824,-111.8012661",IDFG Fishing and Boating Access Sites Public,https://idfg.idaho.gov/visit/fish-boat-guide,245,,245,2026-07-26T02:39:14Z
33,Madison,access_point,,unknown,Teton Dam,Active,Boating,43.9139936,-111.5369879,True,False,True,False,False,False,False,False,False,active_official_IDFG_managed_or_co_managed_access_site,not_identified,,"https://www.google.com/maps/search/?api=1&query=43.9139936,-111.5369879",IDFG Fishing and Boating Access Sites Public,https://idfg.idaho.gov/visit/fish-boat-guide,335,,335,2026-07-26T02:39:14Z
33,Madison,access_point,,unknown,Twin Bridges,Active,Boating,43.6729581,-111.768322,True,,True,True,False,False,False,False,False,active_official_IDFG_managed_or_co_managed_access_site,not_identified,Camping is limited to no more than 4 days within any 30 day period. Fires only in approved fire pits. Pets must be on a leash at all times.,"https://www.google.com/maps/search/?api=1&query=43.6729581,-111.768322",IDFG Fishing and Boating Access Sites Public,https://idfg.idaho.gov/visit/fish-boat-guide,238,,238,2026-07-26T02:39:14Z
33,Madison,access_point,Cartier Slough WMA,slough,Cartier Slough WMA,Active,Fishing,43.8247337,-111.9175155,False,False,False,False,False,False,True,True,False,active_official_IDFG_managed_or_co_managed_access_site,derived_from_access_site_name,Day use only. Please pack out what you pack in.,"https://www.google.com/maps/search/?api=1&query=43.8247337,-111.9175155",IDFG Fishing and Boating Access Sites Public,https://idfg.idaho.gov/visit/fish-boat-guide,220,,220,2026-07-26T02:39:14Z
33,Madison,access_point,Moody Creek,creek,Moody Creek,Active,Fishing,43.4639635,-111.4276177,False,False,False,False,False,False,True,True,False,active_official_IDFG_managed_or_co_managed_access_site,derived_from_access_site_name,Pets must be on a leash at all times. Day use only. Please pack out what you pack in.,"https://www.google.com/maps/search/?api=1&query=43.4639635,-111.4276177",IDFG Fishing and Boating Access Sites Public,https://idfg.idaho.gov/visit/fish-boat-guide,257,,257,2026-07-26T02:39:14Z
33,Madison,access_point,Warm Slough,slough,Warm Slough,Active,Boating,43.8702765,-111.8646867,True,,True,True,False,False,False,True,False,active_official_IDFG_managed_or_co_managed_access_site,derived_from_access_site_name,Camping is limited to no more than 10 days within any 30 day period. Pets must be on a leash at all times. Please pack out what you pack in. Groups of 15 people or larger must obtain a permit at the IDFG Regional Office.,"https://www.google.com/maps/search/?api=1&query=43.8702765,-111.8646867",IDFG Fishing and Boating Access Sites Public,https://idfg.idaho.gov/visit/fish-boat-guide,219,,219,2026-07-26T02:39:14Z
34,Minidoka,access_point,Minidoka Pond,pond,Minidoka Pond,Active,Fishing,42.5708604,-113.6469699,False,True,False,False,False,False,False,False,False,active_official_IDFG_managed_or_co_managed_access_site,derived_from_access_site_name,,"https://www.google.com/maps/search/?api=1&query=42.5708604,-113.6469699",IDFG Fishing and Boating Access Sites Public,https://idfg.idaho.gov/visit/fish-boat-guide,156,,156,2026-07-26T02:39:14Z
34,Minidoka,access_point,Ponderosa Pond,pond,Ponderosa Pond,Active,Fishing,42.5706076,-113.7900174,False,False,False,False,False,False,False,False,False,active_official_IDFG_managed_or_co_managed_access_site,derived_from_access_site_name,,"https://www.google.com/maps/search/?api=1&query=42.5706076,-113.7900174",IDFG Fishing and Boating Access Sites Public,https://idfg.idaho.gov/visit/fish-boat-guide,149,,149,2026-07-26T02:39:14Z
35,Nez Perce,access_point,,unknown,Arrow Bridge,Active,Fishing,46.4712939,-116.7689863,False,False,False,False,False,False,False,False,False,active_official_IDFG_managed_or_co_managed_access_site,not_identified,,"https://www.google.com/maps/search/?api=1&query=46.4712939,-116.7689863",IDFG Fishing and Boating Access Sites Public,https://idfg.idaho.gov/visit/fish-boat-guide,342,,342,2026-07-26T02:39:14Z
35,Nez Perce,access_point,,unknown,Beardy Gulch,Active,Fishing,46.4441309,-116.8473721,False,,False,False,False,False,False,False,False,active_official_IDFG_managed_or_co_managed_access_site,not_identified,Seasonal camping September 15 until July 1. Fires restricted to pans. Rock/sand area for launch of small non-motorized boats.,"https://www.google.com/maps/search/?api=1&query=46.4441309,-116.8473721",IDFG Fishing and Boating Access Sites Public,https://idfg.idaho.gov/visit/fish-boat-guide,43,,43,2026-07-26T02:39:14Z
35,Nez Perce,access_point,,unknown,Cherry Lane,Active,Boating,46.5120729,-116.6834785,False,,True,False,False,False,False,False,False,active_official_IDFG_managed_or_co_managed_access_site,not_identified,No fires and limited parking.,"https://www.google.com/maps/search/?api=1&query=46.5120729,-116.6834785",IDFG Fishing and Boating Access Sites Public,https://idfg.idaho.gov/visit/fish-boat-guide,46,,46,2026-07-26T02:39:14Z
35,Nez Perce,access_point,,unknown,Clearwater Confluence,Active,Fishing,46.4294939,-117.0337863,False,,False,False,False,False,False,False,False,active_official_IDFG_managed_or_co_managed_access_site,not_identified,,"https://www.google.com/maps/search/?api=1&query=46.4294939,-117.0337863",IDFG Fishing and Boating Access Sites Public,https://idfg.idaho.gov/visit/fish-boat-guide,341,,341,2026-07-26T02:39:14Z
35,Nez Perce,access_point,,unknown,Gibbs Eddy,Active,Boating,46.4795163,-116.7525722,True,True,True,False,False,False,False,False,False,active_official_IDFG_managed_or_co_managed_access_site,not_identified,Use permit required of 15 or more people. Contact Fish & Game 208-799-5010.,"https://www.google.com/maps/search/?api=1&query=46.4795163,-116.7525722",IDFG Fishing and Boating Access Sites Public,https://idfg.idaho.gov/visit/fish-boat-guide,45,,45,2026-07-26T02:39:14Z
35,Nez Perce,access_point,,unknown,Lenore,Active,Boating,46.5064758,-116.5487887,False,True,True,False,False,False,False,False,True,active_official_IDFG_managed_or_co_managed_access_site,not_identified,Limited parking /. Be aware of Private property upstream and downstream of access site.,"https://www.google.com/maps/search/?api=1&query=46.5064758,-116.5487887",IDFG Fishing and Boating Access Sites Public,https://idfg.idaho.gov/visit/fish-boat-guide,47,,47,2026-07-26T02:39:14Z
35,Nez Perce,access_point,,unknown,Lower Hog Island,Active,Fishing,46.4447963,-116.8873263,False,,False,False,False,False,True,False,False,active_official_IDFG_managed_or_co_managed_access_site,not_identified,Day use only,"https://www.google.com/maps/search/?api=1&query=46.4447963,-116.8873263",IDFG Fishing and Boating Access Sites Public,https://idfg.idaho.gov/visit/fish-boat-guide,44,,44,2026-07-26T02:39:14Z
35,Nez Perce,access_point,,unknown,McKays Eddy - Myrtle,Active,Fishing,46.4972586,-116.7283853,True,,False,False,False,False,False,False,False,active_official_IDFG_managed_or_co_managed_access_site,not_identified,Use permit required for 15 or more people in a group. Fish & Game 208-799-5010. BLM manages the RV Park and Picnic shelter. 208-962-3796,"https://www.google.com/maps/search/?api=1&query=46.4972586,-116.7283853",IDFG Fishing and Boating Access Sites Public,https://idfg.idaho.gov/visit/fish-boat-guide,58,,58,2026-07-26T02:39:14Z
35,Nez Perce,access_point,,unknown,Railroad Bridge,Active,Fishing,46.4267939,-117.0253863,False,,False,False,False,False,False,False,False,active_official_IDFG_managed_or_co_managed_access_site,not_identified,,"https://www.google.com/maps/search/?api=1&query=46.4267939,-117.0253863",IDFG Fishing and Boating Access Sites Public,https://idfg.idaho.gov/visit/fish-boat-guide,340,,340,2026-07-26T02:39:14Z
35,Nez Perce,access_point,,unknown,Upper Hog Island,Active,Boating,46.4469549,-116.8604184,,True,True,False,False,False,False,False,False,active_official_IDFG_managed_or_co_managed_access_site,not_identified,NO CAMPING,"https://www.google.com/maps/search/?api=1&query=46.4469549,-116.8604184",IDFG Fishing and Boating Access Sites Public,https://idfg.idaho.gov/visit/fish-boat-guide,42,,42,2026-07-26T02:39:14Z
35,Nez Perce,access_point,Mann Lake,lake,Mann Lake,Active,Fishing,46.3699878,-116.8499727,False,,True,True,True,False,False,False,False,active_official_IDFG_managed_or_co_managed_access_site,derived_from_access_site_name,,"https://www.google.com/maps/search/?api=1&query=46.3699878,-116.8499727",IDFG Fishing and Boating Access Sites Public,https://idfg.idaho.gov/visit/fish-boat-guide,73,,73,2026-07-26T02:39:14Z
35,Nez Perce,access_point,Soldiers Meadow Reservoir,reservoir,Soldiers Meadow Reservoir,Active,Boating,46.1671864,-116.7352774,True,,True,True,True,False,False,False,False,active_official_IDFG_managed_or_co_managed_access_site,derived_from_access_site_name,,"https://www.google.com/maps/search/?api=1&query=46.1671864,-116.7352774",IDFG Fishing and Boating Access Sites Public,https://idfg.idaho.gov/visit/fish-boat-guide,307,,307,2026-07-26T02:39:14Z
35,Nez Perce,access_point,Waha Lake,lake,Waha Lake,Active,Boating,46.2099729,-116.8411931,True,True,True,True,True,False,False,False,False,active_official_IDFG_managed_or_co_managed_access_site,derived_from_access_site_name,Camping in Park area above ramp. Use permit required for 15 or more people in group. Fish & Game 208-799-5010.,"https://www.google.com/maps/search/?api=1&query=46.2099729,-116.8411931",IDFG Fishing and Boating Access Sites Public,https://idfg.idaho.gov/visit/fish-boat-guide,53,,53,2026-07-26T02:39:14Z
36,Oneida,access_point,Crowther Reservoir,reservoir,Crowther Reservoir,Active,Fishing,42.2044256,-112.2549997,True,,False,False,False,False,False,False,False,active_official_IDFG_managed_or_co_managed_access_site,derived_from_access_site_name,,"https://www.google.com/maps/search/?api=1&query=42.2044256,-112.2549997",IDFG Fishing and Boating Access Sites Public,https://idfg.idaho.gov/visit/fish-boat-guide,173,,173,2026-07-26T02:39:14Z
36,Oneida,access_point,Daniels Reservoir,reservoir,Daniels Reservoir,Active,Boating,42.3501517,-112.4400998,True,True,True,False,False,False,False,False,False,active_official_IDFG_managed_or_co_managed_access_site,derived_from_access_site_name,,"https://www.google.com/maps/search/?api=1&query=42.3501517,-112.4400998",IDFG Fishing and Boating Access Sites Public,https://idfg.idaho.gov/visit/fish-boat-guide,201,,201,2026-07-26T02:39:14Z
36,Oneida,access_point,Deep Creek Reservoir,reservoir,Deep Creek Reservoir,Active,Boating,42.208272,-112.1738039,True,True,True,True,False,False,False,False,False,active_official_IDFG_managed_or_co_managed_access_site,derived_from_access_site_name,,"https://www.google.com/maps/search/?api=1&query=42.208272,-112.1738039",IDFG Fishing and Boating Access Sites Public,https://idfg.idaho.gov/visit/fish-boat-guide,202,,202,2026-07-26T02:39:14Z
36,Oneida,access_point,Devil Creek Reservoir,reservoir,Devil Creek Reservoir,Active,Boating,42.3006589,-112.2061834,True,True,True,True,False,False,False,False,True,active_official_IDFG_managed_or_co_managed_access_site,derived_from_access_site_name,Private fee area for camping.,"https://www.google.com/maps/search/?api=1&query=42.3006589,-112.2061834",IDFG Fishing and Boating Access Sites Public,https://idfg.idaho.gov/visit/fish-boat-guide,199,,199,2026-07-26T02:39:14Z
36,Oneida,access_point,Pleasantview Reservoir,reservoir,Pleasantview Reservoir,Active,Fishing,42.2140397,-112.3629699,False,,True,False,False,False,False,False,False,active_official_IDFG_managed_or_co_managed_access_site,derived_from_access_site_name,,"https://www.google.com/maps/search/?api=1&query=42.2140397,-112.3629699",IDFG Fishing and Boating Access Sites Public,https://idfg.idaho.gov/visit/fish-boat-guide,200,,200,2026-07-26T02:39:14Z
36,Oneida,access_point,Weston Reservoir,reservoir,Weston Reservoir,Active,Fishing,42.119713,-112.1147095,False,,False,False,False,False,False,False,False,active_official_IDFG_managed_or_co_managed_access_site,derived_from_access_site_name,,"https://www.google.com/maps/search/?api=1&query=42.119713,-112.1147095",IDFG Fishing and Boating Access Sites Public,https://idfg.idaho.gov/visit/fish-boat-guide,203,,203,2026-07-26T02:39:14Z
37,Owyhee,access_point,,unknown,Bruneau Arm Narrows,Active,FIshing,42.9175319,-115.9045313,True,True,True,True,True,False,False,False,False,active_official_IDFG_managed_or_co_managed_access_site,not_identified,,"https://www.google.com/maps/search/?api=1&query=42.9175319,-115.9045313",IDFG Fishing and Boating Access Sites Public,https://idfg.idaho.gov/visit/fish-boat-guide,347,,347,2026-07-26T02:39:14Z
37,Owyhee,access_point,,unknown,Claytonia,Active,Fishing,43.5672106,-116.8261958,False,False,False,False,False,False,True,True,True,active_official_IDFG_managed_or_co_managed_access_site,not_identified,Much of the surrounding area is private property; please obey all signs and markers. Day use only.Please pack out what you pack in.,"https://www.google.com/maps/search/?api=1&query=43.5672106,-116.8261958",IDFG Fishing and Boating Access Sites Public,https://idfg.idaho.gov/visit/fish-boat-guide,106,,106,2026-07-26T02:39:14Z
37,Owyhee,access_point,,unknown,Cove Arm,Active,Fishing,42.9663301,-115.8596965,True,True,True,True,False,False,False,True,False,active_official_IDFG_managed_or_co_managed_access_site,not_identified,Motorized access to Cove Arm and Snake River from developed boat ramp at Cove Arm. Please pack out what you pack in.,"https://www.google.com/maps/search/?api=1&query=42.9663301,-115.8596965",IDFG Fishing and Boating Access Sites Public,https://idfg.idaho.gov/visit/fish-boat-guide,351,,351,2026-07-26T02:39:14Z
37,Owyhee,access_point,,unknown,Crane Falls,Active,Boating,42.9658566,-115.8384652,True,,True,True,True,False,False,False,False,active_official_IDFG_managed_or_co_managed_access_site,not_identified,Camping is limited to no more than 10 days within any 30 day period. Non-motorized boating only within Crane Falls Reservoir. Gravel boat ramp at Crane Falls.,"https://www.google.com/maps/search/?api=1&query=42.9658566,-115.8384652",IDFG Fishing and Boating Access Sites Public,https://idfg.idaho.gov/visit/fish-boat-guide,116,,116,2026-07-26T02:39:14Z
37,Owyhee,access_point,,unknown,Walters Ferry,Active,Boating,43.3413268,-116.6037214,False,,True,True,True,False,True,True,False,active_official_IDFG_managed_or_co_managed_access_site,not_identified,Provides boating access to the Snake River. Day use only. Please pack out what you pack in.,"https://www.google.com/maps/search/?api=1&query=43.3413268,-116.6037214",IDFG Fishing and Boating Access Sites Public,https://idfg.idaho.gov/visit/fish-boat-guide,113,,113,2026-07-26T02:39:14Z
37,Owyhee,access_point,Snake River,river,Bernards Landing,Active,Boating,43.3880571,-116.6707864,False,True,True,True,False,False,False,True,False,active_official_IDFG_managed_or_co_managed_access_site,parsed_from_official_notes,Provides access to the Snake River. Camping is limited to no more than 4 days within any 30 day period.Please pack out what you pack in.,"https://www.google.com/maps/search/?api=1&query=43.3880571,-116.6707864",IDFG Fishing and Boating Access Sites Public,https://idfg.idaho.gov/visit/fish-boat-guide,111,,111,2026-07-26T02:39:14Z
37,Owyhee,access_point,Snake River,river,Clarks Island,Active,Boating,43.5888821,-116.8746834,False,False,False,False,False,False,True,True,True,active_official_IDFG_managed_or_co_managed_access_site,parsed_from_official_notes,Provides access to the Snake River. Seasonal gravel boat ramp provided during waterfowl season. Much of the surrounding area is private property; please obey all signs and markers. Day use only. Please pack out what you pack in.,"https://www.google.com/maps/search/?api=1&query=43.5888821,-116.8746834",IDFG Fishing and Boating Access Sites Public,https://idfg.idaho.gov/visit/fish-boat-guide,107,,107,2026-07-26T02:39:14Z
37,Owyhee,access_point,Snake River,river,Marsing,Active,Boating,43.4976521,-116.7853382,False,,True,False,False,False,True,True,True,active_official_IDFG_managed_or_co_managed_access_site,parsed_from_official_notes,Provides access to the Snake River. Much of the surrounding area is private property; please obey all signs and markers. Day use only. Please pack out what you pack in.,"https://www.google.com/maps/search/?api=1&query=43.4976521,-116.7853382",IDFG Fishing and Boating Access Sites Public,https://idfg.idaho.gov/visit/fish-boat-guide,108,,108,2026-07-26T02:39:14Z
38,Payette,access_point,,unknown,Birding Island North,Active,Fishing,44.0085622,-116.8127626,False,,False,False,False,False,False,False,False,active_official_IDFG_managed_or_co_managed_access_site,not_identified,,"https://www.google.com/maps/search/?api=1&query=44.0085622,-116.8127626",IDFG Fishing and Boating Access Sites Public,https://idfg.idaho.gov/visit/fish-boat-guide,88,,88,2026-07-26T02:39:14Z
38,Payette,access_point,,unknown,Birding Island West,Active,Fishing,44.0089166,-116.8314625,False,False,False,False,False,False,True,True,True,active_official_IDFG_managed_or_co_managed_access_site,not_identified,Provides foot access to the Payette River. Much of the surrounding area is private property; please obey all signs and markers. Day use only. Please pack out what you pack in.,"https://www.google.com/maps/search/?api=1&query=44.0089166,-116.8314625",IDFG Fishing and Boating Access Sites Public,https://idfg.idaho.gov/visit/fish-boat-guide,86,,86,2026-07-26T02:39:14Z
38,Payette,access_point,,unknown,Blacks Bridge,Active,Boating,43.9892368,-116.7967552,False,False,True,False,False,False,False,False,False,active_official_IDFG_managed_or_co_managed_access_site,not_identified,,"https://www.google.com/maps/search/?api=1&query=43.9892368,-116.7967552",IDFG Fishing and Boating Access Sites Public,https://idfg.idaho.gov/visit/fish-boat-guide,87,,87,2026-07-26T02:39:14Z
38,Payette,access_point,,unknown,Falk Bridge,Active,Boating,43.9526645,-116.7175869,False,,True,False,False,False,False,False,False,active_official_IDFG_managed_or_co_managed_access_site,not_identified,,"https://www.google.com/maps/search/?api=1&query=43.9526645,-116.7175869",IDFG Fishing and Boating Access Sites Public,https://idfg.idaho.gov/visit/fish-boat-guide,122,,122,2026-07-26T02:39:14Z
38,Payette,access_point,,unknown,Fifty-two Bridge,Active,Boating,43.9781492,-116.7766165,False,,True,False,False,False,False,False,False,active_official_IDFG_managed_or_co_managed_access_site,not_identified,,"https://www.google.com/maps/search/?api=1&query=43.9781492,-116.7766165",IDFG Fishing and Boating Access Sites Public,https://idfg.idaho.gov/visit/fish-boat-guide,308,,308,2026-07-26T02:39:14Z
38,Payette,access_point,Fish,unknown,Fish Lake Access,Active,Fishing,44.9061096,-116.212309,False,False,False,False,False,False,False,False,True,active_official_IDFG_managed_or_co_managed_access_site,derived_from_access_site_name,Fish Lake is surrounded by private land but open to non motrized access through IDFG ACCESS YES! program in specific areas. Please refer to the Idaho Fish Planner for access instructions for Fish Lake. https://idfg.idaho.gov/ifwis/fishingplanner/water/1162131449049,"https://www.google.com/maps/search/?api=1&query=44.9061096,-116.212309",IDFG Fishing and Boating Access Sites Public,https://idfg.idaho.gov/visit/fish-boat-guide,354,,352,2026-07-26T02:39:14Z
38,Payette,access_point,Payette Greenbelt Pond,pond,Payette Greenbelt Pond,Active,Fishing,44.0824236,-116.9509767,False,,False,False,True,False,False,False,False,active_official_IDFG_managed_or_co_managed_access_site,derived_from_access_site_name,"Site is managed by the City of Payette. City Hall can be reached at 208-642-6024, Monday through Friday, 8:00 AM to 5:00 PM.","https://www.google.com/maps/search/?api=1&query=44.0824236,-116.9509767",IDFG Fishing and Boating Access Sites Public,https://idfg.idaho.gov/visit/fish-boat-guide,121,,121,2026-07-26T02:39:14Z
39,Power,access_point,,unknown,American Falls Hatchery,Active,Fishing,42.7636999,-112.887782,False,False,False,False,False,False,False,False,False,active_official_IDFG_managed_or_co_managed_access_site,not_identified,,"https://www.google.com/maps/search/?api=1&query=42.7636999,-112.887782",IDFG Fishing and Boating Access Sites Public,https://idfg.idaho.gov/visit/fish-boat-guide,159,,159,2026-07-26T02:39:14Z
39,Power,access_point,,unknown,Eagle Rock-Monument1,Active,Boating,42.7085242,-112.9405763,False,False,False,False,False,False,False,False,False,active_official_IDFG_managed_or_co_managed_access_site,not_identified,,"https://www.google.com/maps/search/?api=1&query=42.7085242,-112.9405763",IDFG Fishing and Boating Access Sites Public,https://idfg.idaho.gov/visit/fish-boat-guide,181,,181,2026-07-26T02:39:14Z
39,Power,access_point,,unknown,Mary Mine - Placer Mine,Active,Fishing,42.74407,-112.9144598,False,False,False,False,False,False,False,False,False,active_official_IDFG_managed_or_co_managed_access_site,not_identified,,"https://www.google.com/maps/search/?api=1&query=42.74407,-112.9144598",IDFG Fishing and Boating Access Sites Public,https://idfg.idaho.gov/visit/fish-boat-guide,158,,158,2026-07-26T02:39:14Z
39,Power,access_point,,unknown,Oregon Trail Crossing,Active,Boating,42.774054,-112.8735369,True,True,True,True,True,False,False,False,False,active_official_IDFG_managed_or_co_managed_access_site,not_identified,,"https://www.google.com/maps/search/?api=1&query=42.774054,-112.8735369",IDFG Fishing and Boating Access Sites Public,https://idfg.idaho.gov/visit/fish-boat-guide,160,,160,2026-07-26T02:39:14Z
39,Power,access_point,,unknown,Pipeline,Active,Boating,42.742143,-112.8991585,True,True,True,True,False,False,False,False,False,active_official_IDFG_managed_or_co_managed_access_site,not_identified,,"https://www.google.com/maps/search/?api=1&query=42.742143,-112.8991585",IDFG Fishing and Boating Access Sites Public,https://idfg.idaho.gov/visit/fish-boat-guide,182,,182,2026-07-26T02:39:14Z
39,Power,access_point,,unknown,Powerhouse,Active,Fishing,42.7785903,-112.8780635,False,False,False,False,False,False,False,False,False,active_official_IDFG_managed_or_co_managed_access_site,not_identified,,"https://www.google.com/maps/search/?api=1&query=42.7785903,-112.8780635",IDFG Fishing and Boating Access Sites Public,https://idfg.idaho.gov/visit/fish-boat-guide,211,,211,2026-07-26T02:39:14Z
39,Power,access_point,American Falls Reservoir West,reservoir,American Falls Reservoir West Ramp,Active,Boating,42.7804094,-112.8814345,False,True,True,True,False,False,False,False,False,active_official_IDFG_managed_or_co_managed_access_site,derived_from_access_site_name,,"https://www.google.com/maps/search/?api=1&query=42.7804094,-112.8814345",IDFG Fishing and Boating Access Sites Public,https://idfg.idaho.gov/visit/fish-boat-guide,178,,178,2026-07-26T02:39:14Z
39,Power,access_point,East Fork Rock Creek1,unknown,East Fork Rock Creek1,Active,Fishing,42.5633763,-112.7905295,True,,False,False,False,False,False,False,False,active_official_IDFG_managed_or_co_managed_access_site,derived_from_access_site_name,,"https://www.google.com/maps/search/?api=1&query=42.5633763,-112.7905295",IDFG Fishing and Boating Access Sites Public,https://idfg.idaho.gov/visit/fish-boat-guide,157,,157,2026-07-26T02:39:14Z
39,Power,access_point,Snake River Vista,river,Snake River Vista,Active,Boating,42.7419919,-112.92052,True,True,True,True,False,False,False,False,False,active_official_IDFG_managed_or_co_managed_access_site,derived_from_access_site_name,,"https://www.google.com/maps/search/?api=1&query=42.7419919,-112.92052",IDFG Fishing and Boating Access Sites Public,https://idfg.idaho.gov/visit/fish-boat-guide,180,,180,2026-07-26T02:39:14Z
40,Shoshone,access_point,Day Rock Pond,pond,Day Rock Pond,Active,Fishing,47.5146205,-115.8977273,False,False,False,False,False,False,False,False,False,active_official_IDFG_managed_or_co_managed_access_site,derived_from_access_site_name,Fishing only.,"https://www.google.com/maps/search/?api=1&query=47.5146205,-115.8977273",IDFG Fishing and Boating Access Sites Public,https://idfg.idaho.gov/visit/fish-boat-guide,38,,38,2026-07-26T02:39:14Z
40,Shoshone,access_point,Freeman's Eddy- North Fork CDA River,river,Freeman's Eddy- North Fork CDA River,Active,Boating,47.5779937,-116.2559862,False,True,True,False,False,False,False,False,False,active_official_IDFG_managed_or_co_managed_access_site,derived_from_access_site_name,Access to NFCDA River,"https://www.google.com/maps/search/?api=1&query=47.5779937,-116.2559862",IDFG Fishing and Boating Access Sites Public,https://idfg.idaho.gov/visit/fish-boat-guide,328,,328,2026-07-26T02:39:14Z
40,Shoshone,access_point,Gene Day Ponds,unknown,Gene Day Ponds,Active,Fishing,47.5159937,-116.0349862,False,False,False,False,True,False,False,False,False,active_official_IDFG_managed_or_co_managed_access_site,derived_from_access_site_name,Fishing pond in Osburn.,"https://www.google.com/maps/search/?api=1&query=47.5159937,-116.0349862",IDFG Fishing and Boating Access Sites Public,https://idfg.idaho.gov/visit/fish-boat-guide,327,,327,2026-07-26T02:39:14Z
40,Shoshone,access_point,Lucky Friday Pond,pond,Lucky Friday Pond,Active,Fishing,47.4729379,-115.7628445,False,False,False,False,False,False,False,False,False,active_official_IDFG_managed_or_co_managed_access_site,derived_from_access_site_name,,"https://www.google.com/maps/search/?api=1&query=47.4729379,-115.7628445",IDFG Fishing and Boating Access Sites Public,https://idfg.idaho.gov/visit/fish-boat-guide,39,,39,2026-07-26T02:39:14Z
40,Shoshone,access_point,Steamboat Ponds,unknown,Steamboat Ponds,Active,Fishing,47.6607814,-116.1524986,False,,False,True,True,False,False,False,False,active_official_IDFG_managed_or_co_managed_access_site,derived_from_access_site_name,Fishing ponds. Access to North Fork Coeur d' Alene River.,"https://www.google.com/maps/search/?api=1&query=47.6607814,-116.1524986",IDFG Fishing and Boating Access Sites Public,https://idfg.idaho.gov/visit/fish-boat-guide,26,,26,2026-07-26T02:39:14Z
41,Teton,access_point,,unknown,Bates Bridge,Active,Boating,43.7235552,-111.1872069,False,,True,False,False,False,False,False,False,active_official_IDFG_managed_or_co_managed_access_site,not_identified,,"https://www.google.com/maps/search/?api=1&query=43.7235552,-111.1872069",IDFG Fishing and Boating Access Sites Public,https://idfg.idaho.gov/visit/fish-boat-guide,256,,256,2026-07-26T02:39:14Z
41,Teton,access_point,,unknown,Cache Bridge,Active,Boating,43.7812434,-111.2099725,False,,True,False,False,False,True,True,False,active_official_IDFG_managed_or_co_managed_access_site,not_identified,Pets must be on a leash at all times. Campfires not allowed. Please pack out what you pack in. Day use only.,"https://www.google.com/maps/search/?api=1&query=43.7812434,-111.2099725",IDFG Fishing and Boating Access Sites Public,https://idfg.idaho.gov/visit/fish-boat-guide,255,,255,2026-07-26T02:39:14Z
41,Teton,access_point,,unknown,Harrops Bridge,Active,Boating,43.8251107,-111.233039,False,,True,False,False,False,True,True,False,active_official_IDFG_managed_or_co_managed_access_site,not_identified,Campfires not allowed. Pets must be on a leash at all times. Please pack out what you pack in. Day use only. Gravel boat ramp available.,"https://www.google.com/maps/search/?api=1&query=43.8251107,-111.233039",IDFG Fishing and Boating Access Sites Public,https://idfg.idaho.gov/visit/fish-boat-guide,226,,226,2026-07-26T02:39:14Z
41,Teton,access_point,,unknown,Horseshoe Bridge,Active,Fishing,43.7719705,-111.2032479,False,False,False,False,False,False,False,False,False,active_official_IDFG_managed_or_co_managed_access_site,not_identified,,"https://www.google.com/maps/search/?api=1&query=43.7719705,-111.2032479",IDFG Fishing and Boating Access Sites Public,https://idfg.idaho.gov/visit/fish-boat-guide,319,,319,2026-07-26T02:39:14Z
41,Teton,access_point,,unknown,Rainey Bridge,Active,Boating,43.7519192,-111.2048866,True,,True,False,False,False,False,True,False,active_official_IDFG_managed_or_co_managed_access_site,not_identified,Area roads may become very slick when wet or snow covered. Camping is limited to no more than 10 days within any 30 day period. Pets must be on a leash at all times. Please pack out what you pack in. Groups of 15 people or larger must obtain a permit at the IDFG Regional Office. Gravel boat ramp available.,"https://www.google.com/maps/search/?api=1&query=43.7519192,-111.2048866",IDFG Fishing and Boating Access Sites Public,https://idfg.idaho.gov/visit/fish-boat-guide,227,,227,2026-07-26T02:39:14Z
41,Teton,access_point,Fox Creek East,creek,Fox Creek East,Active,Fishing,43.6503566,-111.166826,False,False,False,False,False,False,False,False,False,active_official_IDFG_managed_or_co_managed_access_site,derived_from_access_site_name,,"https://www.google.com/maps/search/?api=1&query=43.6503566,-111.166826",IDFG Fishing and Boating Access Sites Public,https://idfg.idaho.gov/visit/fish-boat-guide,230,,230,2026-07-26T02:39:14Z
41,Teton,access_point,Fox Creek West,creek,Fox Creek West,Active,Boating,43.6555573,-111.1784294,False,True,True,False,False,False,True,True,False,active_official_IDFG_managed_or_co_managed_access_site,derived_from_access_site_name,Pets must be on a leash at all times. Campfires not allowed. Please pack out what you pack in. Day use only. Gravel boat ramp available.,"https://www.google.com/maps/search/?api=1&query=43.6555573,-111.1784294",IDFG Fishing and Boating Access Sites Public,https://idfg.idaho.gov/visit/fish-boat-guide,229,,229,2026-07-26T02:39:14Z
41,Teton,access_point,Teton Creek,creek,Teton Creek,Active,Boating,43.6960165,-111.1657049,False,,True,False,False,False,True,False,False,active_official_IDFG_managed_or_co_managed_access_site,derived_from_access_site_name,Day use only site. Limited Parking.,"https://www.google.com/maps/search/?api=1&query=43.6960165,-111.1657049",IDFG Fishing and Boating Access Sites Public,https://idfg.idaho.gov/visit/fish-boat-guide,228,,228,2026-07-26T02:39:14Z
41,Teton,access_point,Trail Creek Pond,pond,Trail Creek Pond,Active,Fishing,43.5705306,-111.0745314,False,,False,False,True,False,True,True,False,active_official_IDFG_managed_or_co_managed_access_site,derived_from_access_site_name,Pets must be on a leash at all times. Please pack out what you pack in. Day use only. Office. Groups of 15 people or larger must obtain a permit at the IDFG Regional,"https://www.google.com/maps/search/?api=1&query=43.5705306,-111.0745314",IDFG Fishing and Boating Access Sites Public,https://idfg.idaho.gov/visit/fish-boat-guide,236,,236,2026-07-26T02:39:14Z
42,Twin Falls,access_point,,unknown,Bordewick,Active,Fishing,42.6700947,-114.7426605,False,False,False,False,False,False,False,False,False,active_official_IDFG_managed_or_co_managed_access_site,not_identified,,"https://www.google.com/maps/search/?api=1&query=42.6700947,-114.7426605",IDFG Fishing and Boating Access Sites Public,https://idfg.idaho.gov/visit/fish-boat-guide,141,,141,2026-07-26T02:39:14Z
42,Twin Falls,access_point,,unknown,Cedar Draw,Active,Boating,42.6595652,-114.6705974,False,True,True,False,False,False,False,False,False,active_official_IDFG_managed_or_co_managed_access_site,not_identified,,"https://www.google.com/maps/search/?api=1&query=42.6595652,-114.6705974",IDFG Fishing and Boating Access Sites Public,https://idfg.idaho.gov/visit/fish-boat-guide,144,,144,2026-07-26T02:39:14Z
42,Twin Falls,access_point,Filer Ponds,unknown,Filer Ponds,Active,Fishing,42.583373,-114.6122789,False,,False,False,True,False,False,False,False,active_official_IDFG_managed_or_co_managed_access_site,derived_from_access_site_name,,"https://www.google.com/maps/search/?api=1&query=42.583373,-114.6122789",IDFG Fishing and Boating Access Sites Public,https://idfg.idaho.gov/visit/fish-boat-guide,325,,325,2026-07-26T02:39:14Z
42,Twin Falls,access_point,Murtaugh Lake,lake,Murtaugh Lake,Active,Boating,42.4622675,-114.1676294,True,True,True,True,False,False,False,False,False,active_official_IDFG_managed_or_co_managed_access_site,derived_from_access_site_name,,"https://www.google.com/maps/search/?api=1&query=42.4622675,-114.1676294",IDFG Fishing and Boating Access Sites Public,https://idfg.idaho.gov/visit/fish-boat-guide,146,,146,2026-07-26T02:39:14Z
43,Valley,access_point,Brown's Pond (Airport Pond),pond,Brown's Pond (Airport Pond),Active,Fishing,44.8775502,-116.0999221,False,False,False,False,False,False,False,False,True,active_official_IDFG_managed_or_co_managed_access_site,derived_from_access_site_name,This is a privately owned pond but is stocked and accessible by the public. Park on Mission Street and walk down the gated road to access the pond. Please respect private property.,"https://www.google.com/maps/search/?api=1&query=44.8775502,-116.0999221",IDFG Fishing and Boating Access Sites Public,https://idfg.idaho.gov/visit/fish-boat-guide,779,,357,2026-07-26T02:39:14Z
43,Valley,access_point,Herrick Reservoir,reservoir,Herrick Reservoir,Active,Fishing,44.3770549,-115.9826908,True,True,True,False,False,False,False,True,True,active_official_IDFG_managed_or_co_managed_access_site,derived_from_access_site_name,"Much of the surrounding area is private property; please obey all signs and markers. Gravel boat ramp available. Camping is limited to no more than 10 days within any 30 day period. Seasonal use, please check for times and conditions. Please pack out what you pack in.","https://www.google.com/maps/search/?api=1&query=44.3770549,-115.9826908",IDFG Fishing and Boating Access Sites Public,https://idfg.idaho.gov/visit/fish-boat-guide,82,,82,2026-07-26T02:39:14Z
43,Valley,access_point,Horsethief Reservoir,reservoir,Horsethief Reservoir,Active,Boating,44.5114072,-115.9178861,,True,True,True,True,False,False,True,True,active_official_IDFG_managed_or_co_managed_access_site,derived_from_access_site_name,"Much of the surrounding area is private property; please obey all signs and markers. Area roads may become very slick when wet or snow covered. Camping is limited to no more than 10 days within any 30 day period. Seasonal use, please check for times and conditions. Bears in this area, please observe all good bear county practices. Fires only in approved fire pits. Seasonal fire closures may be in effect, please check with area manager or host. Please pack out what you pack in.","https://www.google.com/maps/search/?api=1&query=44.5114072,-115.9178861",IDFG Fishing and Boating Access Sites Public,https://idfg.idaho.gov/visit/fish-boat-guide,81,,81,2026-07-26T02:39:14Z
43,Valley,access_point,Little Payette Lake,lake,Little Payette Lake,Active,Boating,44.9267932,-116.0427925,True,True,True,False,False,False,True,True,False,active_official_IDFG_managed_or_co_managed_access_site,derived_from_access_site_name,"Seasonal use, please check for times and conditions. Day use only. Please pack out what you pack in.","https://www.google.com/maps/search/?api=1&query=44.9267932,-116.0427925",IDFG Fishing and Boating Access Sites Public,https://idfg.idaho.gov/visit/fish-boat-guide,78,,78,2026-07-26T02:39:14Z
43,Valley,access_point,Northwest Passage Pond,pond,Northwest Passage Pond,Active,Fishing,45.0048372,-116.0633242,True,,False,False,False,False,False,False,False,active_official_IDFG_managed_or_co_managed_access_site,derived_from_access_site_name,A cooperative project between the Idaho Department of Parks and Recreation (IDPR) and Idaho Department of Fish and Game (IDFG) has constructed a new pond next to the Northwest Passage Campground in the North Beach Unit of Ponderosa State Park. The Northwest Passage pond will be stocked by the IDFG and the area will be maintained by Ponderosa State Park.,"https://www.google.com/maps/search/?api=1&query=45.0048372,-116.0633242",IDFG Fishing and Boating Access Sites Public,https://idfg.idaho.gov/visit/fish-boat-guide,324,,324,2026-07-26T02:39:14Z
43,Valley,access_point,Rowland Pond / Lick Creek,pond,Rowland Pond / Lick Creek,Active,Fishing,44.9190848,-116.0127677,False,,False,False,False,False,True,True,False,active_official_IDFG_managed_or_co_managed_access_site,derived_from_access_site_name,Area roads may become very slick when wet or snow covered. Day use only. Please pack out what you pack in.,"https://www.google.com/maps/search/?api=1&query=44.9190848,-116.0127677",IDFG Fishing and Boating Access Sites Public,https://idfg.idaho.gov/visit/fish-boat-guide,119,,119,2026-07-26T02:39:14Z
43,Valley,access_point,Tripod Reservoir,reservoir,Tripod Reservoir,Active,Fishing,44.2901315,-116.0981837,True,True,False,True,False,True,False,True,False,active_official_IDFG_managed_or_co_managed_access_site,derived_from_access_site_name,Camping is limited to no more than 10 days within any 30 day period. Access is limited to foot traffic only. Please pack out what you pack in.,"https://www.google.com/maps/search/?api=1&query=44.2901315,-116.0981837",IDFG Fishing and Boating Access Sites Public,https://idfg.idaho.gov/visit/fish-boat-guide,83,,83,2026-07-26T02:39:14Z
44,Washington,access_point,,unknown,Old Ferry Road,Active,Fishing,44.2469941,-116.9839867,False,False,True,False,False,False,False,False,False,active_official_IDFG_managed_or_co_managed_access_site,not_identified,,"https://www.google.com/maps/search/?api=1&query=44.2469941,-116.9839867",IDFG Fishing and Boating Access Sites Public,https://idfg.idaho.gov/visit/fish-boat-guide,343,,343,2026-07-26T02:39:14Z
44,Washington,access_point,,unknown,Roberts,Active,Boating,44.1928623,-116.9517326,False,,True,False,False,False,False,True,True,active_official_IDFG_managed_or_co_managed_access_site,not_identified,Much of the surrounding area is private property; please obey all signs and markers. Closed sunset to sunrise. Please pack out what you pack in.,"https://www.google.com/maps/search/?api=1&query=44.1928623,-116.9517326",IDFG Fishing and Boating Access Sites Public,https://idfg.idaho.gov/visit/fish-boat-guide,84,,84,2026-07-26T02:39:14Z
44,Washington,access_point,,unknown,Steck Park,Active,Boating,44.3676074,-117.2234174,True,,True,True,False,False,False,True,False,active_official_IDFG_managed_or_co_managed_access_site,not_identified,"Access to Brownlee Reservoir. Camping opportunity is managed by BLM, charges may be in place. Please pack out what you pack in.","https://www.google.com/maps/search/?api=1&query=44.3676074,-117.2234174",IDFG Fishing and Boating Access Sites Public,https://idfg.idaho.gov/visit/fish-boat-guide,118,,118,2026-07-26T02:39:14Z
44,Washington,access_point,Brownlee Creek,creek,Brownlee Creek,Active,Fishing,44.786638,-116.9121063,True,,False,False,False,False,False,True,False,active_official_IDFG_managed_or_co_managed_access_site,derived_from_access_site_name,Camping is limited to no more than 10 days within any 30 day period. Please pack out what you pack in.,"https://www.google.com/maps/search/?api=1&query=44.786638,-116.9121063",IDFG Fishing and Boating Access Sites Public,https://idfg.idaho.gov/visit/fish-boat-guide,79,,79,2026-07-26T02:39:14Z
44,Washington,access_point,Paddock Valley Reservoir,reservoir,Paddock Valley Reservoir,Active,Boating,44.2065303,-116.5931965,True,True,True,False,False,False,False,True,True,active_official_IDFG_managed_or_co_managed_access_site,derived_from_access_site_name,Much of the surrounding area is private property; please obey all signs and markers. Area roads may become very slick when wet or snow covered. Camping is limited to no more than 10 days within any 30 day period. Please pack out what you pack in.,"https://www.google.com/maps/search/?api=1&query=44.2065303,-116.5931965",IDFG Fishing and Boating Access Sites Public,https://idfg.idaho.gov/visit/fish-boat-guide,85,,85,2026-07-26T02:39:14Z
44,Washington,access_point,Weiser Bass Pond,pond,Weiser Bass Pond,Active,Fishing,44.2517953,-117.0182284,False,False,False,False,False,False,True,False,False,active_official_IDFG_managed_or_co_managed_access_site,derived_from_access_site_name,Day use only. Limited parking.,"https://www.google.com/maps/search/?api=1&query=44.2517953,-117.0182284",IDFG Fishing and Boating Access Sites Public,https://idfg.idaho.gov/visit/fish-boat-guide,356,,354,2026-07-26T02:39:14Z
