report_id,report_date,freshness,age_days,county_number,county,water_name,source_type,source_name,official,rating,title,summary,species,techniques,access_notes,source_url,observed_period
e383bca67e69adb325,2279-05-21,very_current,-92340,2,Big Horn,Yellowtail Afterbay Reservoir,official_fwp_stocking_record,"Montana Fish, Wildlife & Parks",True,,Fish stocking record for Yellowtail Afterbay Reservoir,"Montana FWP records a stocking event at Yellowtail Afterbay Reservoir involving Rainbow Trout and 32,760 fish. Stocking schedules and completed records can change; open the official source for details.",Rainbow Trout,,,https://fwp-gis.mt.gov/arcgis/rest/services/fish/fishViewer/MapServer/38,
1ba1f413d34c32cbbf,2276-08-24,very_current,-91340,28,Madison,Vigilante Pond,official_fwp_stocking_record,"Montana Fish, Wildlife & Parks",True,,Fish stocking record for Vigilante Pond,"Montana FWP records a stocking event at Vigilante Pond involving Rainbow Trout and 2,600 fish. Stocking schedules and completed records can change; open the official source for details.",Rainbow Trout,,,https://fwp-gis.mt.gov/arcgis/rest/services/fish/fishViewer/MapServer/38,
a7953a5e95216135dd,2273-11-28,very_current,-90340,16,Gallatin,Three Forks Pond,official_fwp_stocking_record,"Montana Fish, Wildlife & Parks",True,,Fish stocking record for Three Forks Pond,"Montana FWP records a stocking event at Three Forks Pond involving Rainbow Trout and 2,249 fish. Stocking schedules and completed records can change; open the official source for details.",Rainbow Trout,,,https://fwp-gis.mt.gov/arcgis/rest/services/fish/fishViewer/MapServer/38,
a7b581dfd3650b6aeb,2273-11-28,very_current,-90340,50,Teton,Eureka Reservoir,official_fwp_stocking_record,"Montana Fish, Wildlife & Parks",True,,Fish stocking record for Eureka Reservoir,"Montana FWP records a stocking event at Eureka Reservoir involving Rainbow Trout and 75,200 fish. Stocking schedules and completed records can change; open the official source for details.",Rainbow Trout,,,https://fwp-gis.mt.gov/arcgis/rest/services/fish/fishViewer/MapServer/38,
a09bb6d17e4f53a315,2271-03-04,very_current,-89340,34,Park,Dailey Lake,official_fwp_stocking_record,"Montana Fish, Wildlife & Parks",True,,Fish stocking record for Dailey Lake,"Montana FWP records a stocking event at Dailey Lake involving Kokanee and 55,732 fish. Stocking schedules and completed records can change; open the official source for details.",Kokanee,,,https://fwp-gis.mt.gov/arcgis/rest/services/fish/fishViewer/MapServer/38,
5d9ea5a9aa183c63a2,2271-03-04,very_current,-89340,4,Broadwater,Canyon Ferry Lake,official_fwp_stocking_record,"Montana Fish, Wildlife & Parks",True,,Fish stocking record for Canyon Ferry Lake,"Montana FWP records a stocking event at Canyon Ferry Lake involving Kokanee and 224,172 fish. Stocking schedules and completed records can change; open the official source for details.",Kokanee,,,https://fwp-gis.mt.gov/arcgis/rest/services/fish/fishViewer/MapServer/38,
3773e797c8cb3b273f,2268-06-07,very_current,-88340,42,Richland,Gartside Reservoir,official_fwp_stocking_record,"Montana Fish, Wildlife & Parks",True,,Fish stocking record for Gartside Reservoir,"Montana FWP records a stocking event at Gartside Reservoir involving Rainbow Trout and 6,605 fish. Stocking schedules and completed records can change; open the official source for details.",Rainbow Trout,,,https://fwp-gis.mt.gov/arcgis/rest/services/fish/fishViewer/MapServer/38,
b6006476f14a1f3781,2260-03-21,very_current,-85340,4,Broadwater,Indian Road Pond,official_fwp_stocking_record,"Montana Fish, Wildlife & Parks",True,,Fish stocking record for Indian Road Pond,Montana FWP records a stocking event at Indian Road Pond involving Rainbow Trout and 571 fish. Stocking schedules and completed records can change; open the official source for details.,Rainbow Trout,,,https://fwp-gis.mt.gov/arcgis/rest/services/fish/fishViewer/MapServer/38,
7b4e2c0cd0e715bab3,2254-09-29,very_current,-83340,16,Gallatin,Bozeman Pond,official_fwp_stocking_record,"Montana Fish, Wildlife & Parks",True,,Fish stocking record for Bozeman Pond,"Montana FWP records a stocking event at Bozeman Pond involving Rainbow Trout and 1,314 fish. Stocking schedules and completed records can change; open the official source for details.",Rainbow Trout,,,https://fwp-gis.mt.gov/arcgis/rest/services/fish/fishViewer/MapServer/38,
5b32f055201d57926a,2249-04-08,very_current,-81340,37,Pondera,Lake Frances,official_fwp_stocking_record,"Montana Fish, Wildlife & Parks",True,,Fish stocking record for Lake Frances,"Montana FWP records a stocking event at Lake Frances involving Kokanee and 203,200 fish. Stocking schedules and completed records can change; open the official source for details.",Kokanee,,,https://fwp-gis.mt.gov/arcgis/rest/services/fish/fishViewer/MapServer/38,
5002a29baa4ea6474b,2241-01-20,very_current,-78340,27,Lincoln,Tetrault Lake,official_fwp_stocking_record,"Montana Fish, Wildlife & Parks",True,,Fish stocking record for Tetrault Lake,"Montana FWP records a stocking event at Tetrault Lake involving Cutthroat Trout and 4,000 fish. Stocking schedules and completed records can change; open the official source for details.",Cutthroat Trout,,,https://fwp-gis.mt.gov/arcgis/rest/services/fish/fishViewer/MapServer/38,
c8c021dfd7a50948e1,2238-04-26,very_current,-77340,25,Lewis and Clark,Willow Creek Reservoir,official_fwp_stocking_record,"Montana Fish, Wildlife & Parks",True,,Fish stocking record for Willow Creek Reservoir,"Montana FWP records a stocking event at Willow Creek Reservoir involving Rainbow Trout and 93,800 fish. Stocking schedules and completed records can change; open the official source for details.",Rainbow Trout,,,https://fwp-gis.mt.gov/arcgis/rest/services/fish/fishViewer/MapServer/38,
589f88ba546883e857,2235-07-31,very_current,-76340,25,Lewis and Clark,Nilan Reservoir,official_fwp_stocking_record,"Montana Fish, Wildlife & Parks",True,,Fish stocking record for Nilan Reservoir,"Montana FWP records a stocking event at Nilan Reservoir involving Rainbow Trout and 93,800 fish. Stocking schedules and completed records can change; open the official source for details.",Rainbow Trout,,,https://fwp-gis.mt.gov/arcgis/rest/services/fish/fishViewer/MapServer/38,
7d763f1b38faf0f065,2235-07-31,very_current,-76340,56,Yellowstone,Laurel Pond,official_fwp_stocking_record,"Montana Fish, Wildlife & Parks",True,,Fish stocking record for Laurel Pond,"Montana FWP records a stocking event at Laurel Pond involving Rainbow Trout and 7,680 fish. Stocking schedules and completed records can change; open the official source for details.",Rainbow Trout,,,https://fwp-gis.mt.gov/arcgis/rest/services/fish/fishViewer/MapServer/38,
07f28f3e923197389c,2235-07-31,very_current,-76340,56,Yellowstone,Broadview Pond,official_fwp_stocking_record,"Montana Fish, Wildlife & Parks",True,,Fish stocking record for Broadview Pond,"Montana FWP records a stocking event at Broadview Pond involving Rainbow Trout and 1,820 fish. Stocking schedules and completed records can change; open the official source for details.",Rainbow Trout,,,https://fwp-gis.mt.gov/arcgis/rest/services/fish/fishViewer/MapServer/38,
0b51fb509cf985f316,2232-11-03,very_current,-75340,9,Custer,Tongue River,official_fwp_stocking_record,"Montana Fish, Wildlife & Parks",True,,Fish stocking record for Tongue River,"Montana FWP records a stocking event at Tongue River involving Rainbow Trout and 1,505 fish. Stocking schedules and completed records can change; open the official source for details.",Rainbow Trout,,,https://fwp-gis.mt.gov/arcgis/rest/services/fish/fishViewer/MapServer/38,
eac9d3f140b584902f,2232-11-03,very_current,-75340,54,Wheatland,Deadmans Basin Reservoir,official_fwp_stocking_record,"Montana Fish, Wildlife & Parks",True,,Fish stocking record for Deadmans Basin Reservoir,"Montana FWP records a stocking event at Deadmans Basin Reservoir involving Rainbow Trout and 71,680 fish. Stocking schedules and completed records can change; open the official source for details.",Rainbow Trout,,,https://fwp-gis.mt.gov/arcgis/rest/services/fish/fishViewer/MapServer/38,
00929932bbfc198492,2230-02-07,very_current,-74340,14,Fergus,Upper Carters Pond,official_fwp_stocking_record,"Montana Fish, Wildlife & Parks",True,,Fish stocking record for Upper Carters Pond,"Montana FWP records a stocking event at Upper Carters Pond involving Rainbow Trout and 3,264 fish. Stocking schedules and completed records can change; open the official source for details.",Rainbow Trout,,,https://fwp-gis.mt.gov/arcgis/rest/services/fish/fishViewer/MapServer/38,
9f247d5b6491e60fbe,2199-12-26,very_current,-63340,28,Madison,Madison River,official_fwp_fish_survey,"Montana Fish, Wildlife & Parks",True,,Official fish survey record for Madison River,"Montana FWP's Fisheries Information System records a fish survey at Madison River. Species recorded include Brown Trout, Rainbow Trout. The survey records represented 998 fish across the latest grouped records.","Brown Trout, Rainbow Trout",Official FWP fisheries survey; survey gear and methods vary by record.,,https://fwp-gis.mt.gov/arcgis/rest/services/fish/fishViewer/MapServer/51,
52b5474743de81e9cf,2175-05-06,very_current,-54340,1,Beaverhead,Beaverhead River,official_fwp_fish_survey,"Montana Fish, Wildlife & Parks",True,,Official fish survey record for Beaverhead River,"Montana FWP's Fisheries Information System records a fish survey at Beaverhead River. Species recorded include Brown Trout, Rainbow Trout. The survey records represented 169 fish across the latest grouped records.","Brown Trout, Rainbow Trout",Official FWP fisheries survey; survey gear and methods vary by record.,,https://fwp-gis.mt.gov/arcgis/rest/services/fish/fishViewer/MapServer/51,
fcbf2d05283c2d238e,2161-08-27,very_current,-49340,34,Park,Shields River,official_fwp_stocking_record,"Montana Fish, Wildlife & Parks",True,,Fish stocking record for Shields River,"Montana FWP records a stocking event at Shields River involving Yellowstone Cutthroat Trout and 2,030 fish. Stocking schedules and completed records can change; open the official source for details.",Yellowstone Cutthroat Trout,,,https://fwp-gis.mt.gov/arcgis/rest/services/fish/fishViewer/MapServer/38,
952f6fc26f98d8aa0e,2054-11-16,very_current,-10340,2,Big Horn,Yellowtail Afterbay Reservoir,official_fwp_fish_survey,"Montana Fish, Wildlife & Parks",True,,Official fish survey record for Yellowtail Afterbay Reservoir,"Montana FWP's Fisheries Information System records a fish survey at Yellowtail Afterbay Reservoir. Species recorded include Brown Trout, Rainbow Trout. The survey records represented 2 fish across the latest grouped records.","Brown Trout, Rainbow Trout",Official FWP fisheries survey; survey gear and methods vary by record.,,https://fwp-gis.mt.gov/arcgis/rest/services/fish/fishViewer/MapServer/51,
34f1ddf5e23a2f4a7a,2026-07-26,very_current,0,9,Custer,Yellowstone River,established_fishing_website,Montana Outdoor,False,,Yellowstone River Rats,"The Yellowstone River Rats Walleye Tournament is a one-day fall walleye derby on the lower Yellowstone River out of Sidney, Montana. Two-person teams compe",,,,https://www.montanaoutdoor.com/tournament-info/yellowstone-river-rats/,
34f1ddf5e23a2f4a7a,2026-07-26,very_current,0,34,Park,Yellowstone River,established_fishing_website,Montana Outdoor,False,,Yellowstone River Rats,"The Yellowstone River Rats Walleye Tournament is a one-day fall walleye derby on the lower Yellowstone River out of Sidney, Montana. Two-person teams compe",,,,https://www.montanaoutdoor.com/tournament-info/yellowstone-river-rats/,
34f1ddf5e23a2f4a7a,2026-07-26,very_current,0,40,Prairie,Yellowstone River,established_fishing_website,Montana Outdoor,False,,Yellowstone River Rats,"The Yellowstone River Rats Walleye Tournament is a one-day fall walleye derby on the lower Yellowstone River out of Sidney, Montana. Two-person teams compe",,,,https://www.montanaoutdoor.com/tournament-info/yellowstone-river-rats/,
34f1ddf5e23a2f4a7a,2026-07-26,very_current,0,42,Richland,Yellowstone River,established_fishing_website,Montana Outdoor,False,,Yellowstone River Rats,"The Yellowstone River Rats Walleye Tournament is a one-day fall walleye derby on the lower Yellowstone River out of Sidney, Montana. Two-person teams compe",,,,https://www.montanaoutdoor.com/tournament-info/yellowstone-river-rats/,
34f1ddf5e23a2f4a7a,2026-07-26,very_current,0,48,Stillwater,Yellowstone River,established_fishing_website,Montana Outdoor,False,,Yellowstone River Rats,"The Yellowstone River Rats Walleye Tournament is a one-day fall walleye derby on the lower Yellowstone River out of Sidney, Montana. Two-person teams compe",,,,https://www.montanaoutdoor.com/tournament-info/yellowstone-river-rats/,
34f1ddf5e23a2f4a7a,2026-07-26,very_current,0,56,Yellowstone,Yellowstone River,established_fishing_website,Montana Outdoor,False,,Yellowstone River Rats,"The Yellowstone River Rats Walleye Tournament is a one-day fall walleye derby on the lower Yellowstone River out of Sidney, Montana. Two-person teams compe",,,,https://www.montanaoutdoor.com/tournament-info/yellowstone-river-rats/,
a7e0edd867e3b40ad6,2026-07-26,very_current,0,9,Custer,Yellowstone River,established_fishing_website,Montana Outdoor,False,,Yellowstone River Classic,The Yellowstone River Classic is a one-day fall walleye and smallmouth bass tournament run by the Miles City Chapter of Walleyes Unlimited on the lower Yel,,,,https://www.montanaoutdoor.com/tournament-info/yellowstone-river-classic/,
a7e0edd867e3b40ad6,2026-07-26,very_current,0,34,Park,Yellowstone River,established_fishing_website,Montana Outdoor,False,,Yellowstone River Classic,The Yellowstone River Classic is a one-day fall walleye and smallmouth bass tournament run by the Miles City Chapter of Walleyes Unlimited on the lower Yel,,,,https://www.montanaoutdoor.com/tournament-info/yellowstone-river-classic/,
a7e0edd867e3b40ad6,2026-07-26,very_current,0,40,Prairie,Yellowstone River,established_fishing_website,Montana Outdoor,False,,Yellowstone River Classic,The Yellowstone River Classic is a one-day fall walleye and smallmouth bass tournament run by the Miles City Chapter of Walleyes Unlimited on the lower Yel,,,,https://www.montanaoutdoor.com/tournament-info/yellowstone-river-classic/,
a7e0edd867e3b40ad6,2026-07-26,very_current,0,42,Richland,Yellowstone River,established_fishing_website,Montana Outdoor,False,,Yellowstone River Classic,The Yellowstone River Classic is a one-day fall walleye and smallmouth bass tournament run by the Miles City Chapter of Walleyes Unlimited on the lower Yel,,,,https://www.montanaoutdoor.com/tournament-info/yellowstone-river-classic/,
a7e0edd867e3b40ad6,2026-07-26,very_current,0,48,Stillwater,Yellowstone River,established_fishing_website,Montana Outdoor,False,,Yellowstone River Classic,The Yellowstone River Classic is a one-day fall walleye and smallmouth bass tournament run by the Miles City Chapter of Walleyes Unlimited on the lower Yel,,,,https://www.montanaoutdoor.com/tournament-info/yellowstone-river-classic/,
a7e0edd867e3b40ad6,2026-07-26,very_current,0,56,Yellowstone,Yellowstone River,established_fishing_website,Montana Outdoor,False,,Yellowstone River Classic,The Yellowstone River Classic is a one-day fall walleye and smallmouth bass tournament run by the Miles City Chapter of Walleyes Unlimited on the lower Yel,,,,https://www.montanaoutdoor.com/tournament-info/yellowstone-river-classic/,
bf58fb64c3fe58d9e4,2026-07-26,very_current,0,9,Custer,Yellowstone River,established_fishing_website,Montana Outdoor,False,,The Yellowstone Just Scored a New Float-In Fortress (And You’re Invited),"Montana Fish, Wildlife and Parks has officially accepted the donation of Siskin Island, an 82-acre fishing access site on the upper Yellowstone River. Accessible only by boat, the site features diverse ecosystems and serves as a nursery for local trout. Regulations will be implemented for conservation and public access, with camping by reservation.",,,,https://www.montanaoutdoor.com/2026/07/yellowstone-just-scored-a-new-floating-fortress-and-youre-invited/,
bf58fb64c3fe58d9e4,2026-07-26,very_current,0,34,Park,Yellowstone River,established_fishing_website,Montana Outdoor,False,,The Yellowstone Just Scored a New Float-In Fortress (And You’re Invited),"Montana Fish, Wildlife and Parks has officially accepted the donation of Siskin Island, an 82-acre fishing access site on the upper Yellowstone River. Accessible only by boat, the site features diverse ecosystems and serves as a nursery for local trout. Regulations will be implemented for conservation and public access, with camping by reservation.",,,,https://www.montanaoutdoor.com/2026/07/yellowstone-just-scored-a-new-floating-fortress-and-youre-invited/,
bf58fb64c3fe58d9e4,2026-07-26,very_current,0,40,Prairie,Yellowstone River,established_fishing_website,Montana Outdoor,False,,The Yellowstone Just Scored a New Float-In Fortress (And You’re Invited),"Montana Fish, Wildlife and Parks has officially accepted the donation of Siskin Island, an 82-acre fishing access site on the upper Yellowstone River. Accessible only by boat, the site features diverse ecosystems and serves as a nursery for local trout. Regulations will be implemented for conservation and public access, with camping by reservation.",,,,https://www.montanaoutdoor.com/2026/07/yellowstone-just-scored-a-new-floating-fortress-and-youre-invited/,
bf58fb64c3fe58d9e4,2026-07-26,very_current,0,42,Richland,Yellowstone River,established_fishing_website,Montana Outdoor,False,,The Yellowstone Just Scored a New Float-In Fortress (And You’re Invited),"Montana Fish, Wildlife and Parks has officially accepted the donation of Siskin Island, an 82-acre fishing access site on the upper Yellowstone River. Accessible only by boat, the site features diverse ecosystems and serves as a nursery for local trout. Regulations will be implemented for conservation and public access, with camping by reservation.",,,,https://www.montanaoutdoor.com/2026/07/yellowstone-just-scored-a-new-floating-fortress-and-youre-invited/,
bf58fb64c3fe58d9e4,2026-07-26,very_current,0,48,Stillwater,Yellowstone River,established_fishing_website,Montana Outdoor,False,,The Yellowstone Just Scored a New Float-In Fortress (And You’re Invited),"Montana Fish, Wildlife and Parks has officially accepted the donation of Siskin Island, an 82-acre fishing access site on the upper Yellowstone River. Accessible only by boat, the site features diverse ecosystems and serves as a nursery for local trout. Regulations will be implemented for conservation and public access, with camping by reservation.",,,,https://www.montanaoutdoor.com/2026/07/yellowstone-just-scored-a-new-floating-fortress-and-youre-invited/,
bf58fb64c3fe58d9e4,2026-07-26,very_current,0,56,Yellowstone,Yellowstone River,established_fishing_website,Montana Outdoor,False,,The Yellowstone Just Scored a New Float-In Fortress (And You’re Invited),"Montana Fish, Wildlife and Parks has officially accepted the donation of Siskin Island, an 82-acre fishing access site on the upper Yellowstone River. Accessible only by boat, the site features diverse ecosystems and serves as a nursery for local trout. Regulations will be implemented for conservation and public access, with camping by reservation.",,,,https://www.montanaoutdoor.com/2026/07/yellowstone-just-scored-a-new-floating-fortress-and-youre-invited/,
1cd6080525271e9b80,2026-07-26,very_current,0,25,Lewis and Clark,Trout Creek,established_fishing_website,Montana Outdoor,False,,TBF Draw Series Qualifier,"A two-day Montana Bass Federation TBF Draw Series qualifier on Noxon Reservoir out of Trout Creek, where boaters and co-anglers are paired by random draw e",,,,https://www.montanaoutdoor.com/tournament-info/tbf-draw-series-qualifier/,
1cd6080525271e9b80,2026-07-26,very_current,0,48,Stillwater,Trout Creek,established_fishing_website,Montana Outdoor,False,,TBF Draw Series Qualifier,"A two-day Montana Bass Federation TBF Draw Series qualifier on Noxon Reservoir out of Trout Creek, where boaters and co-anglers are paired by random draw e",,,,https://www.montanaoutdoor.com/tournament-info/tbf-draw-series-qualifier/,
868e1010246987d721,2026-07-26,very_current,0,9,Custer,Yellowstone River,official_fwp_news,"Montana Fish, Wildlife & Parks",True,,Siskin Island Fishing Access Site: FWP acquisition creates unique conservation and access opportunities on upper Yellowstone River,Float-in access provides primitive Yellowstone River experience,,,,https://fwp.mt.gov/homepage/news/2026/july/0722-siskin-island-fishing-access-site-fwp-acquisition-creates-unique-conservation-and-access-opportunities-on-upper-yellowstone-river,
868e1010246987d721,2026-07-26,very_current,0,34,Park,Yellowstone River,official_fwp_news,"Montana Fish, Wildlife & Parks",True,,Siskin Island Fishing Access Site: FWP acquisition creates unique conservation and access opportunities on upper Yellowstone River,Float-in access provides primitive Yellowstone River experience,,,,https://fwp.mt.gov/homepage/news/2026/july/0722-siskin-island-fishing-access-site-fwp-acquisition-creates-unique-conservation-and-access-opportunities-on-upper-yellowstone-river,
868e1010246987d721,2026-07-26,very_current,0,40,Prairie,Yellowstone River,official_fwp_news,"Montana Fish, Wildlife & Parks",True,,Siskin Island Fishing Access Site: FWP acquisition creates unique conservation and access opportunities on upper Yellowstone River,Float-in access provides primitive Yellowstone River experience,,,,https://fwp.mt.gov/homepage/news/2026/july/0722-siskin-island-fishing-access-site-fwp-acquisition-creates-unique-conservation-and-access-opportunities-on-upper-yellowstone-river,
868e1010246987d721,2026-07-26,very_current,0,42,Richland,Yellowstone River,official_fwp_news,"Montana Fish, Wildlife & Parks",True,,Siskin Island Fishing Access Site: FWP acquisition creates unique conservation and access opportunities on upper Yellowstone River,Float-in access provides primitive Yellowstone River experience,,,,https://fwp.mt.gov/homepage/news/2026/july/0722-siskin-island-fishing-access-site-fwp-acquisition-creates-unique-conservation-and-access-opportunities-on-upper-yellowstone-river,
868e1010246987d721,2026-07-26,very_current,0,48,Stillwater,Yellowstone River,official_fwp_news,"Montana Fish, Wildlife & Parks",True,,Siskin Island Fishing Access Site: FWP acquisition creates unique conservation and access opportunities on upper Yellowstone River,Float-in access provides primitive Yellowstone River experience,,,,https://fwp.mt.gov/homepage/news/2026/july/0722-siskin-island-fishing-access-site-fwp-acquisition-creates-unique-conservation-and-access-opportunities-on-upper-yellowstone-river,
868e1010246987d721,2026-07-26,very_current,0,56,Yellowstone,Yellowstone River,official_fwp_news,"Montana Fish, Wildlife & Parks",True,,Siskin Island Fishing Access Site: FWP acquisition creates unique conservation and access opportunities on upper Yellowstone River,Float-in access provides primitive Yellowstone River experience,,,,https://fwp.mt.gov/homepage/news/2026/july/0722-siskin-island-fishing-access-site-fwp-acquisition-creates-unique-conservation-and-access-opportunities-on-upper-yellowstone-river,
7d6a25d23688ff877b,2026-07-26,very_current,0,4,Broadwater,Spring Creek,established_fishing_website,Montana Fish Reports,False,,Montana Fish Report,by OR Department of Fish & Wildlife Staff 5-27-2026 Website Closed to angling for salmon. No bait allowed. Fishing is always slow on Spring Creek as water tempeartures are very cold with limited food supplies.,,,,https://www.montanafishreports.com/fish_reports/238604/fishing-is-always-slow.php,
7d6a25d23688ff877b,2026-07-26,very_current,0,5,Carbon,Spring Creek,established_fishing_website,Montana Fish Reports,False,,Montana Fish Report,by OR Department of Fish & Wildlife Staff 5-27-2026 Website Closed to angling for salmon. No bait allowed. Fishing is always slow on Spring Creek as water tempeartures are very cold with limited food supplies.,,,,https://www.montanafishreports.com/fish_reports/238604/fishing-is-always-slow.php,
7d6a25d23688ff877b,2026-07-26,very_current,0,14,Fergus,Spring Creek,established_fishing_website,Montana Fish Reports,False,,Montana Fish Report,by OR Department of Fish & Wildlife Staff 5-27-2026 Website Closed to angling for salmon. No bait allowed. Fishing is always slow on Spring Creek as water tempeartures are very cold with limited food supplies.,,,,https://www.montanafishreports.com/fish_reports/238604/fishing-is-always-slow.php,
7d6a25d23688ff877b,2026-07-26,very_current,0,20,Granite,Spring Creek,established_fishing_website,Montana Fish Reports,False,,Montana Fish Report,by OR Department of Fish & Wildlife Staff 5-27-2026 Website Closed to angling for salmon. No bait allowed. Fishing is always slow on Spring Creek as water tempeartures are very cold with limited food supplies.,,,,https://www.montanafishreports.com/fish_reports/238604/fishing-is-always-slow.php,
d8cabda2785dddd301,2026-07-26,very_current,0,9,Custer,Yellowstone River,established_fishing_website,Montana Outdoor,False,,Monster Catfish Roundup,"The 18th Annual Monster Cat Roundup is Montana's premier catfish tournament, held on the Yellowstone River out of Sidney on the third Saturday of July — Ju",,,,https://www.montanaoutdoor.com/tournament-info/monster-catfish-roundup/,
d8cabda2785dddd301,2026-07-26,very_current,0,34,Park,Yellowstone River,established_fishing_website,Montana Outdoor,False,,Monster Catfish Roundup,"The 18th Annual Monster Cat Roundup is Montana's premier catfish tournament, held on the Yellowstone River out of Sidney on the third Saturday of July — Ju",,,,https://www.montanaoutdoor.com/tournament-info/monster-catfish-roundup/,
d8cabda2785dddd301,2026-07-26,very_current,0,40,Prairie,Yellowstone River,established_fishing_website,Montana Outdoor,False,,Monster Catfish Roundup,"The 18th Annual Monster Cat Roundup is Montana's premier catfish tournament, held on the Yellowstone River out of Sidney on the third Saturday of July — Ju",,,,https://www.montanaoutdoor.com/tournament-info/monster-catfish-roundup/,
d8cabda2785dddd301,2026-07-26,very_current,0,42,Richland,Yellowstone River,established_fishing_website,Montana Outdoor,False,,Monster Catfish Roundup,"The 18th Annual Monster Cat Roundup is Montana's premier catfish tournament, held on the Yellowstone River out of Sidney on the third Saturday of July — Ju",,,,https://www.montanaoutdoor.com/tournament-info/monster-catfish-roundup/,
d8cabda2785dddd301,2026-07-26,very_current,0,48,Stillwater,Yellowstone River,established_fishing_website,Montana Outdoor,False,,Monster Catfish Roundup,"The 18th Annual Monster Cat Roundup is Montana's premier catfish tournament, held on the Yellowstone River out of Sidney on the third Saturday of July — Ju",,,,https://www.montanaoutdoor.com/tournament-info/monster-catfish-roundup/,
d8cabda2785dddd301,2026-07-26,very_current,0,56,Yellowstone,Yellowstone River,established_fishing_website,Montana Outdoor,False,,Monster Catfish Roundup,"The 18th Annual Monster Cat Roundup is Montana's premier catfish tournament, held on the Yellowstone River out of Sidney on the third Saturday of July — Ju",,,,https://www.montanaoutdoor.com/tournament-info/monster-catfish-roundup/,
4f21eaaaa7c65724dc,2026-07-26,very_current,0,15,Flathead,Echo Lake,established_fishing_website,Montana Outdoor,False,,MT Student Angler – Echo Lake,The Montana Student Anglers stop at Echo Lake is a one-day youth bass tournament held on the small but bass-rich lake outside Kalispell. Two-person student,,,,https://www.montanaoutdoor.com/tournament-info/mt-student-angler-echo-lake/,
4f21eaaaa7c65724dc,2026-07-26,very_current,0,20,Granite,Echo Lake,established_fishing_website,Montana Outdoor,False,,MT Student Angler – Echo Lake,The Montana Student Anglers stop at Echo Lake is a one-day youth bass tournament held on the small but bass-rich lake outside Kalispell. Two-person student,,,,https://www.montanaoutdoor.com/tournament-info/mt-student-angler-echo-lake/,
6c9b066086eb88116e,2026-07-26,very_current,0,7,Cascade,Missouri River,established_fishing_website,Montana Outdoor,False,,John Arnold Memorial,"A small, friendly memorial walleye derby on Hauser Lake just outside Helena, run by the Upper Missouri River Walleyes Unlimited chapter. The event launches",,,,https://www.montanaoutdoor.com/tournament-info/john-arnold-memorial/,
63169b6ba9147a2834,2026-07-26,very_current,0,16,Gallatin,Hebgen Lake,established_fishing_website,Montana Outdoor,False,,Hebgen Lake,"Live conditions, interactive maps, fishing techniques, and upcoming tournaments for Hebgen Lake, Montana.",,,,https://www.montanaoutdoor.com/waterdata/hebgen-lake/,
2175e97ee763cb8fba,2026-07-26,very_current,0,9,Custer,Yellowstone River,established_fishing_website,Montana Outdoor,False,,Glendive Walleye Tournament,"The Glendive Walleye Tournament is a one-day fall walleye derby on the lower Yellowstone River out of Glendive, listed on the Montana Walleyes Unlimited 20",,,,https://www.montanaoutdoor.com/tournament-info/glendive-walleye-tournament/,
2175e97ee763cb8fba,2026-07-26,very_current,0,34,Park,Yellowstone River,established_fishing_website,Montana Outdoor,False,,Glendive Walleye Tournament,"The Glendive Walleye Tournament is a one-day fall walleye derby on the lower Yellowstone River out of Glendive, listed on the Montana Walleyes Unlimited 20",,,,https://www.montanaoutdoor.com/tournament-info/glendive-walleye-tournament/,
2175e97ee763cb8fba,2026-07-26,very_current,0,40,Prairie,Yellowstone River,established_fishing_website,Montana Outdoor,False,,Glendive Walleye Tournament,"The Glendive Walleye Tournament is a one-day fall walleye derby on the lower Yellowstone River out of Glendive, listed on the Montana Walleyes Unlimited 20",,,,https://www.montanaoutdoor.com/tournament-info/glendive-walleye-tournament/,
2175e97ee763cb8fba,2026-07-26,very_current,0,42,Richland,Yellowstone River,established_fishing_website,Montana Outdoor,False,,Glendive Walleye Tournament,"The Glendive Walleye Tournament is a one-day fall walleye derby on the lower Yellowstone River out of Glendive, listed on the Montana Walleyes Unlimited 20",,,,https://www.montanaoutdoor.com/tournament-info/glendive-walleye-tournament/,
2175e97ee763cb8fba,2026-07-26,very_current,0,48,Stillwater,Yellowstone River,established_fishing_website,Montana Outdoor,False,,Glendive Walleye Tournament,"The Glendive Walleye Tournament is a one-day fall walleye derby on the lower Yellowstone River out of Glendive, listed on the Montana Walleyes Unlimited 20",,,,https://www.montanaoutdoor.com/tournament-info/glendive-walleye-tournament/,
2175e97ee763cb8fba,2026-07-26,very_current,0,56,Yellowstone,Yellowstone River,established_fishing_website,Montana Outdoor,False,,Glendive Walleye Tournament,"The Glendive Walleye Tournament is a one-day fall walleye derby on the lower Yellowstone River out of Glendive, listed on the Montana Walleyes Unlimited 20",,,,https://www.montanaoutdoor.com/tournament-info/glendive-walleye-tournament/,
43c5a7e1b45eee68d9,2026-07-26,very_current,0,17,Garfield,Rock Creek,established_fishing_website,Montana Outdoor,False,,Fishin’ for the Cure,"Fishin' for the Cure is a one-day charity walleye and northern pike tournament out of Rock Creek Marina on Fort Peck Reservoir, raising money for childhood",,,,https://www.montanaoutdoor.com/tournament-info/fishin-for-the-cure/,
43c5a7e1b45eee68d9,2026-07-26,very_current,0,20,Granite,Rock Creek,established_fishing_website,Montana Outdoor,False,,Fishin’ for the Cure,"Fishin' for the Cure is a one-day charity walleye and northern pike tournament out of Rock Creek Marina on Fort Peck Reservoir, raising money for childhood",,,,https://www.montanaoutdoor.com/tournament-info/fishin-for-the-cure/,
43c5a7e1b45eee68d9,2026-07-26,very_current,0,34,Park,Rock Creek,established_fishing_website,Montana Outdoor,False,,Fishin’ for the Cure,"Fishin' for the Cure is a one-day charity walleye and northern pike tournament out of Rock Creek Marina on Fort Peck Reservoir, raising money for childhood",,,,https://www.montanaoutdoor.com/tournament-info/fishin-for-the-cure/,
43c5a7e1b45eee68d9,2026-07-26,very_current,0,41,Ravalli,Rock Creek,established_fishing_website,Montana Outdoor,False,,Fishin’ for the Cure,"Fishin' for the Cure is a one-day charity walleye and northern pike tournament out of Rock Creek Marina on Fort Peck Reservoir, raising money for childhood",,,,https://www.montanaoutdoor.com/tournament-info/fishin-for-the-cure/,
43c5a7e1b45eee68d9,2026-07-26,very_current,0,56,Yellowstone,Rock Creek,established_fishing_website,Montana Outdoor,False,,Fishin’ for the Cure,"Fishin' for the Cure is a one-day charity walleye and northern pike tournament out of Rock Creek Marina on Fort Peck Reservoir, raising money for childhood",,,,https://www.montanaoutdoor.com/tournament-info/fishin-for-the-cure/,
b04a78593bfd72a39e,2026-07-26,very_current,0,39,Powell,Yourname Creek,official_fwp_stocking_record,"Montana Fish, Wildlife & Parks",True,,Fish stocking record for Yourname Creek,"Montana FWP records a stocking event at Yourname Creek involving Cutthroat Trout and 4,000 fish. Stocking schedules and completed records can change; open the official source for details.",Cutthroat Trout,,,https://fwp-gis.mt.gov/arcgis/rest/services/fish/fishViewer/MapServer/38,
3c4c0a88fd3a5d49c7,2026-07-26,very_current,0,23,Judith Basin,Yogo Creek,official_fwp_stocking_record,"Montana Fish, Wildlife & Parks",True,,Fish stocking record for Yogo Creek,"Montana FWP records a stocking event at Yogo Creek involving Brook Trout and 15,000 fish. Stocking schedules and completed records can change; open the official source for details.",Brook Trout,,,https://fwp-gis.mt.gov/arcgis/rest/services/fish/fishViewer/MapServer/38,
bb640d236ec34c3aed,2026-07-26,very_current,0,16,Gallatin,Yellow Dog Creek,official_fwp_stocking_record,"Montana Fish, Wildlife & Parks",True,,Fish stocking record for Yellow Dog Creek,Montana FWP records a stocking event at Yellow Dog Creek involving Rainbow Trout and 0 fish. Stocking schedules and completed records can change; open the official source for details.,Rainbow Trout,,,https://fwp-gis.mt.gov/arcgis/rest/services/fish/fishViewer/MapServer/38,
6021e43daca70545d5,2026-07-26,very_current,0,15,Flathead,Yakinikak Creek,official_fwp_stocking_record,"Montana Fish, Wildlife & Parks",True,,Fish stocking record for Yakinikak Creek,"Montana FWP records a stocking event at Yakinikak Creek involving Cutthroat Trout and 20,240 fish. Stocking schedules and completed records can change; open the official source for details.",Cutthroat Trout,,,https://fwp-gis.mt.gov/arcgis/rest/services/fish/fishViewer/MapServer/38,
c505fe97ab384f25b8,2026-07-26,very_current,0,15,Flathead,Wounded Buck Creek,official_fwp_stocking_record,"Montana Fish, Wildlife & Parks",True,,Fish stocking record for Wounded Buck Creek,"Montana FWP records a stocking event at Wounded Buck Creek involving Cutthroat Trout and 15,456 fish. Stocking schedules and completed records can change; open the official source for details.",Cutthroat Trout,,,https://fwp-gis.mt.gov/arcgis/rest/services/fish/fishViewer/MapServer/38,
8fdafa59f388eec96c,2026-07-26,very_current,0,48,Stillwater,Woodbine Creek,official_fwp_stocking_record,"Montana Fish, Wildlife & Parks",True,,Fish stocking record for Woodbine Creek,"Montana FWP records a stocking event at Woodbine Creek involving Cutthroat Trout and 4,640 fish. Stocking schedules and completed records can change; open the official source for details.",Cutthroat Trout,,,https://fwp-gis.mt.gov/arcgis/rest/services/fish/fishViewer/MapServer/38,
04215302bd97a20c34,2026-07-26,very_current,0,14,Fergus,Wolverine Creek,official_fwp_stocking_record,"Montana Fish, Wildlife & Parks",True,,Fish stocking record for Wolverine Creek,"Montana FWP records a stocking event at Wolverine Creek involving Brook Trout and 30,000 fish. Stocking schedules and completed records can change; open the official source for details.",Brook Trout,,,https://fwp-gis.mt.gov/arcgis/rest/services/fish/fishViewer/MapServer/38,
35ac5e537dbdd45385,2026-07-26,very_current,0,25,Lewis and Clark,Wolf Creek,official_fwp_stocking_record,"Montana Fish, Wildlife & Parks",True,,Fish stocking record for Wolf Creek,"Montana FWP records a stocking event at Wolf Creek involving Brook Trout and 25,000 fish. Stocking schedules and completed records can change; open the official source for details.",Brook Trout,,,https://fwp-gis.mt.gov/arcgis/rest/services/fish/fishViewer/MapServer/38,
f4588e91e36ed155c1,2026-07-26,very_current,0,41,Ravalli,Willow Creek,official_fwp_stocking_record,"Montana Fish, Wildlife & Parks",True,,Fish stocking record for Willow Creek,"Montana FWP records a stocking event at Willow Creek involving Cutthroat Trout and 20,000 fish. Stocking schedules and completed records can change; open the official source for details.",Cutthroat Trout,,,https://fwp-gis.mt.gov/arcgis/rest/services/fish/fishViewer/MapServer/38,
097a71f9a6d15b8454,2026-07-26,very_current,0,22,Jefferson,Williams Ponds,official_fwp_stocking_record,"Montana Fish, Wildlife & Parks",True,,Fish stocking record for Williams Ponds,"Montana FWP records a stocking event at Williams Ponds involving Largemouth Bass and 1,500 fish. Stocking schedules and completed records can change; open the official source for details.",Largemouth Bass,,,https://fwp-gis.mt.gov/arcgis/rest/services/fish/fishViewer/MapServer/38,
73628ec7b8c9410d5d,2026-07-26,very_current,0,30,Meagher,Whitetail Creek,official_fwp_stocking_record,"Montana Fish, Wildlife & Parks",True,,Fish stocking record for Whitetail Creek,"Montana FWP records a stocking event at Whitetail Creek involving Rainbow Trout and 6,000 fish. Stocking schedules and completed records can change; open the official source for details.",Rainbow Trout,,,https://fwp-gis.mt.gov/arcgis/rest/services/fish/fishViewer/MapServer/38,
3eaf890b41f0bd995b,2026-07-26,very_current,0,48,Stillwater,White Beaver Creek,official_fwp_stocking_record,"Montana Fish, Wildlife & Parks",True,,Fish stocking record for White Beaver Creek,"Montana FWP records a stocking event at White Beaver Creek involving Brook Trout and 4,000 fish. Stocking schedules and completed records can change; open the official source for details.",Brook Trout,,,https://fwp-gis.mt.gov/arcgis/rest/services/fish/fishViewer/MapServer/38,
06191f7b7cc22774e9,2026-07-26,very_current,0,41,Ravalli,Whistlers Pond,official_fwp_stocking_record,"Montana Fish, Wildlife & Parks",True,,Fish stocking record for Whistlers Pond,"Montana FWP records a stocking event at Whistlers Pond involving Brown Trout and 10,496 fish. Stocking schedules and completed records can change; open the official source for details.",Brown Trout,,,https://fwp-gis.mt.gov/arcgis/rest/services/fish/fishViewer/MapServer/38,
1a1933b8fd3733f120,2026-07-26,very_current,0,32,Missoula,West Twin Creek,official_fwp_stocking_record,"Montana Fish, Wildlife & Parks",True,,Fish stocking record for West Twin Creek,"Montana FWP records a stocking event at West Twin Creek involving Cutthroat Trout and 2,000 fish. Stocking schedules and completed records can change; open the official source for details.",Cutthroat Trout,,,https://fwp-gis.mt.gov/arcgis/rest/services/fish/fishViewer/MapServer/38,
997897970d1484314b,2026-07-26,very_current,0,5,Carbon,West Fork Rock Creek,official_fwp_stocking_record,"Montana Fish, Wildlife & Parks",True,,Fish stocking record for West Fork Rock Creek,"Montana FWP records a stocking event at West Fork Rock Creek involving Cutthroat Trout and 24,200 fish. Stocking schedules and completed records can change; open the official source for details.",Cutthroat Trout,,,https://fwp-gis.mt.gov/arcgis/rest/services/fish/fishViewer/MapServer/38,
1631c7760832c72476,2026-07-26,very_current,0,50,Teton,West Fork North Fork Teton River,official_fwp_stocking_record,"Montana Fish, Wildlife & Parks",True,,Fish stocking record for West Fork North Fork Teton River,"Montana FWP records a stocking event at West Fork North Fork Teton River involving Cutthroat Trout and 30,000 fish. Stocking schedules and completed records can change; open the official source for details.",Cutthroat Trout,,,https://fwp-gis.mt.gov/arcgis/rest/services/fish/fishViewer/MapServer/38,
b4ee01573088508b1f,2026-07-26,very_current,0,27,Lincoln,West Fisher Creek,official_fwp_stocking_record,"Montana Fish, Wildlife & Parks",True,,Fish stocking record for West Fisher Creek,"Montana FWP records a stocking event at West Fisher Creek involving Cutthroat Trout and 15,000 fish. Stocking schedules and completed records can change; open the official source for details.",Cutthroat Trout,,,https://fwp-gis.mt.gov/arcgis/rest/services/fish/fishViewer/MapServer/38,
c0e3d0706595bcef3b,2026-07-26,very_current,0,20,Granite,Welcome Creek,official_fwp_stocking_record,"Montana Fish, Wildlife & Parks",True,,Fish stocking record for Welcome Creek,"Montana FWP records a stocking event at Welcome Creek involving Rainbow Trout and 5,120 fish. Stocking schedules and completed records can change; open the official source for details.",Rainbow Trout,,,https://fwp-gis.mt.gov/arcgis/rest/services/fish/fishViewer/MapServer/38,
802c2091061c73cc5c,2026-07-26,very_current,0,16,Gallatin,Wapiti Creek,official_fwp_stocking_record,"Montana Fish, Wildlife & Parks",True,,Fish stocking record for Wapiti Creek,"Montana FWP records a stocking event at Wapiti Creek involving Rainbow Trout and 13,500 fish. Stocking schedules and completed records can change; open the official source for details.",Rainbow Trout,,,https://fwp-gis.mt.gov/arcgis/rest/services/fish/fishViewer/MapServer/38,
debd54bc52b9e0d781,2026-07-26,very_current,0,28,Madison,Wall Creek,official_fwp_stocking_record,"Montana Fish, Wildlife & Parks",True,,Fish stocking record for Wall Creek,"Montana FWP records a stocking event at Wall Creek involving Cutthroat Trout and 11,900 fish. Stocking schedules and completed records can change; open the official source for details.",Cutthroat Trout,,,https://fwp-gis.mt.gov/arcgis/rest/services/fish/fishViewer/MapServer/38,
57656d1a99bd4908ad,2026-07-26,very_current,0,28,Madison,Upper Branham Lakes,official_fwp_stocking_record,"Montana Fish, Wildlife & Parks",True,,Fish stocking record for Upper Branham Lakes,"Montana FWP records a stocking event at Upper Branham Lakes involving Rainbow Trout and 2,003 fish. Stocking schedules and completed records can change; open the official source for details.",Rainbow Trout,,,https://fwp-gis.mt.gov/arcgis/rest/services/fish/fishViewer/MapServer/38,
04ea10cd31a0a58d15,2026-07-26,very_current,0,41,Ravalli,Unnamed,official_fwp_stocking_record,"Montana Fish, Wildlife & Parks",True,,Fish stocking record for Unnamed,Montana FWP records a stocking event at Unnamed involving Brook Trout and 100 fish. Stocking schedules and completed records can change; open the official source for details.,Brook Trout,,,https://fwp-gis.mt.gov/arcgis/rest/services/fish/fishViewer/MapServer/38,
d54a6ae8cd37438725,2026-07-26,very_current,0,32,Missoula,Union Creek,official_fwp_stocking_record,"Montana Fish, Wildlife & Parks",True,,Fish stocking record for Union Creek,"Montana FWP records a stocking event at Union Creek involving Brook Trout and 1,000 fish. Stocking schedules and completed records can change; open the official source for details.",Brook Trout,,,https://fwp-gis.mt.gov/arcgis/rest/services/fish/fishViewer/MapServer/38,
e663479ba2af0ffe10,2026-07-26,very_current,0,32,Missoula,Uhler Creek,official_fwp_stocking_record,"Montana Fish, Wildlife & Parks",True,,Fish stocking record for Uhler Creek,"Montana FWP records a stocking event at Uhler Creek involving Cutthroat Trout and 9,800 fish. Stocking schedules and completed records can change; open the official source for details.",Cutthroat Trout,,,https://fwp-gis.mt.gov/arcgis/rest/services/fish/fishViewer/MapServer/38,
1cba961074a74caafd,2026-07-26,very_current,0,15,Flathead,Twin Creek,official_fwp_stocking_record,"Montana Fish, Wildlife & Parks",True,,Fish stocking record for Twin Creek,"Montana FWP records a stocking event at Twin Creek involving Cutthroat Trout and 15,000 fish. Stocking schedules and completed records can change; open the official source for details.",Cutthroat Trout,,,https://fwp-gis.mt.gov/arcgis/rest/services/fish/fishViewer/MapServer/38,
264de13ed9ef7cc91b,2026-07-26,very_current,0,15,Flathead,Tunnel Creek,official_fwp_stocking_record,"Montana Fish, Wildlife & Parks",True,,Fish stocking record for Tunnel Creek,"Montana FWP records a stocking event at Tunnel Creek involving Cutthroat Trout and 20,000 fish. Stocking schedules and completed records can change; open the official source for details.",Cutthroat Trout,,,https://fwp-gis.mt.gov/arcgis/rest/services/fish/fishViewer/MapServer/38,
30d883dc13720964ec,2026-07-26,very_current,0,15,Flathead,Tuchuck Creek,official_fwp_stocking_record,"Montana Fish, Wildlife & Parks",True,,Fish stocking record for Tuchuck Creek,"Montana FWP records a stocking event at Tuchuck Creek involving Cutthroat Trout and 32,500 fish. Stocking schedules and completed records can change; open the official source for details.",Cutthroat Trout,,,https://fwp-gis.mt.gov/arcgis/rest/services/fish/fishViewer/MapServer/38,
94f48c15ef9af81b17,2026-07-26,very_current,0,25,Lewis and Clark,Trout Creek,official_fwp_stocking_record,"Montana Fish, Wildlife & Parks",True,,Fish stocking record for Trout Creek,"Montana FWP records a stocking event at Trout Creek involving Cutthroat Trout and 6,384 fish. Stocking schedules and completed records can change; open the official source for details.",Cutthroat Trout,,,https://fwp-gis.mt.gov/arcgis/rest/services/fish/fishViewer/MapServer/38,
c8b0c4d375a069fcf6,2026-07-26,very_current,0,27,Lincoln,Trail Creek,official_fwp_stocking_record,"Montana Fish, Wildlife & Parks",True,,Fish stocking record for Trail Creek,"Montana FWP records a stocking event at Trail Creek involving Brook Trout and 7,000 fish. Stocking schedules and completed records can change; open the official source for details.",Brook Trout,,,https://fwp-gis.mt.gov/arcgis/rest/services/fish/fishViewer/MapServer/38,
0c14a0e15e8b0dd7a7,2026-07-26,very_current,0,41,Ravalli,Tin Cup Creek,official_fwp_stocking_record,"Montana Fish, Wildlife & Parks",True,,Fish stocking record for Tin Cup Creek,"Montana FWP records a stocking event at Tin Cup Creek involving Cutthroat Trout and 9,350 fish. Stocking schedules and completed records can change; open the official source for details.",Cutthroat Trout,,,https://fwp-gis.mt.gov/arcgis/rest/services/fish/fishViewer/MapServer/38,
cded16412dea361d93,2026-07-26,very_current,0,5,Carbon,Timberline Lake,official_fwp_stocking_record,"Montana Fish, Wildlife & Parks",True,,Fish stocking record for Timberline Lake,"Montana FWP records a stocking event at Timberline Lake involving Brook Trout and 5,600 fish. Stocking schedules and completed records can change; open the official source for details.",Brook Trout,,,https://fwp-gis.mt.gov/arcgis/rest/services/fish/fishViewer/MapServer/38,
6cccc84024d11123db,2026-07-26,very_current,0,5,Carbon,Timberline Creek,official_fwp_stocking_record,"Montana Fish, Wildlife & Parks",True,,Fish stocking record for Timberline Creek,"Montana FWP records a stocking event at Timberline Creek involving Rainbow Trout and 5,000 fish. Stocking schedules and completed records can change; open the official source for details.",Rainbow Trout,,,https://fwp-gis.mt.gov/arcgis/rest/services/fish/fishViewer/MapServer/38,
79b71b8c9fe530c4a5,2026-07-26,very_current,0,27,Lincoln,Therriault Creek,official_fwp_stocking_record,"Montana Fish, Wildlife & Parks",True,,Fish stocking record for Therriault Creek,"Montana FWP records a stocking event at Therriault Creek involving Cutthroat Trout and 40,000 fish. Stocking schedules and completed records can change; open the official source for details.",Cutthroat Trout,,,https://fwp-gis.mt.gov/arcgis/rest/services/fish/fishViewer/MapServer/38,
7f9f765bdfde2abd40,2026-07-26,very_current,0,15,Flathead,Tepee Creek,official_fwp_stocking_record,"Montana Fish, Wildlife & Parks",True,,Fish stocking record for Tepee Creek,"Montana FWP records a stocking event at Tepee Creek involving Cutthroat Trout and 3,200 fish. Stocking schedules and completed records can change; open the official source for details.",Cutthroat Trout,,,https://fwp-gis.mt.gov/arcgis/rest/services/fish/fishViewer/MapServer/38,
b3f3fb94e7a5ca31bc,2026-07-26,very_current,0,27,Lincoln,Sylvan Lake,official_fwp_stocking_record,"Montana Fish, Wildlife & Parks",True,,Fish stocking record for Sylvan Lake,"Montana FWP records a stocking event at Sylvan Lake involving Rainbow Trout and 2,100 fish. Stocking schedules and completed records can change; open the official source for details.",Rainbow Trout,,,https://fwp-gis.mt.gov/arcgis/rest/services/fish/fishViewer/MapServer/38,
5a12cbad03d3bf212e,2026-07-26,very_current,0,41,Ravalli,Swamp Creek,official_fwp_stocking_record,"Montana Fish, Wildlife & Parks",True,,Fish stocking record for Swamp Creek,"Montana FWP records a stocking event at Swamp Creek involving Brook Trout and 1,400 fish. Stocking schedules and completed records can change; open the official source for details.",Brook Trout,,,https://fwp-gis.mt.gov/arcgis/rest/services/fish/fishViewer/MapServer/38,
b2d282bb990c97e96d,2026-07-26,very_current,0,20,Granite,Susie Lake,official_fwp_stocking_record,"Montana Fish, Wildlife & Parks",True,,Fish stocking record for Susie Lake,"Montana FWP records a stocking event at Susie Lake involving Rainbow Trout and 10,080 fish. Stocking schedules and completed records can change; open the official source for details.",Rainbow Trout,,,https://fwp-gis.mt.gov/arcgis/rest/services/fish/fishViewer/MapServer/38,
58f8a422fe2fee0081,2026-07-26,very_current,0,49,Sweet Grass,Susie Creek,official_fwp_stocking_record,"Montana Fish, Wildlife & Parks",True,,Fish stocking record for Susie Creek,"Montana FWP records a stocking event at Susie Creek involving Brown Trout and 16,640 fish. Stocking schedules and completed records can change; open the official source for details.",Brown Trout,,,https://fwp-gis.mt.gov/arcgis/rest/services/fish/fishViewer/MapServer/38,
84ad2cd9372c5d779a,2026-07-26,very_current,0,34,Park,Suce Creek,official_fwp_stocking_record,"Montana Fish, Wildlife & Parks",True,,Fish stocking record for Suce Creek,"Montana FWP records a stocking event at Suce Creek involving Brook Trout and 3,000 fish. Stocking schedules and completed records can change; open the official source for details.",Brook Trout,,,https://fwp-gis.mt.gov/arcgis/rest/services/fish/fishViewer/MapServer/38,
196f81808baaa560b7,2026-07-26,very_current,0,12,Deer Lodge,Stuart Mill Creek,official_fwp_stocking_record,"Montana Fish, Wildlife & Parks",True,,Fish stocking record for Stuart Mill Creek,"Montana FWP records a stocking event at Stuart Mill Creek involving Cutthroat Trout and 35,448 fish. Stocking schedules and completed records can change; open the official source for details.",Cutthroat Trout,,,https://fwp-gis.mt.gov/arcgis/rest/services/fish/fishViewer/MapServer/38,
ce33a35e0c79745545,2026-07-26,very_current,0,25,Lewis and Clark,Straight Creek,official_fwp_stocking_record,"Montana Fish, Wildlife & Parks",True,,Fish stocking record for Straight Creek,"Montana FWP records a stocking event at Straight Creek involving Rainbow Trout and 2,160 fish. Stocking schedules and completed records can change; open the official source for details.",Rainbow Trout,,,https://fwp-gis.mt.gov/arcgis/rest/services/fish/fishViewer/MapServer/38,
5c0794e65c2136d44f,2026-07-26,very_current,0,16,Gallatin,Stone Creek,official_fwp_stocking_record,"Montana Fish, Wildlife & Parks",True,,Fish stocking record for Stone Creek,"Montana FWP records a stocking event at Stone Creek involving Brook Trout and 2,500 fish. Stocking schedules and completed records can change; open the official source for details.",Brook Trout,,,https://fwp-gis.mt.gov/arcgis/rest/services/fish/fishViewer/MapServer/38,
3d38a52cba00a46252,2026-07-26,very_current,0,25,Lewis and Clark,Stickney Creek,official_fwp_stocking_record,"Montana Fish, Wildlife & Parks",True,,Fish stocking record for Stickney Creek,"Montana FWP records a stocking event at Stickney Creek involving Cutthroat Trout and 30,000 fish. Stocking schedules and completed records can change; open the official source for details.",Cutthroat Trout,,,https://fwp-gis.mt.gov/arcgis/rest/services/fish/fishViewer/MapServer/38,
561e3ff63e1e7ec9b0,2026-07-26,very_current,0,27,Lincoln,Star Creek,official_fwp_stocking_record,"Montana Fish, Wildlife & Parks",True,,Fish stocking record for Star Creek,"Montana FWP records a stocking event at Star Creek involving Cutthroat Trout and 40,000 fish. Stocking schedules and completed records can change; open the official source for details.",Cutthroat Trout,,,https://fwp-gis.mt.gov/arcgis/rest/services/fish/fishViewer/MapServer/38,
8585979c40274224c9,2026-07-26,very_current,0,25,Lewis and Clark,Stansfield Lake,official_fwp_stocking_record,"Montana Fish, Wildlife & Parks",True,,Fish stocking record for Stansfield Lake,"Montana FWP records a stocking event at Stansfield Lake involving Rainbow Trout and 3,879 fish. Stocking schedules and completed records can change; open the official source for details.",Rainbow Trout,,,https://fwp-gis.mt.gov/arcgis/rest/services/fish/fishViewer/MapServer/38,
7b82e7e514c49c7468,2026-07-26,very_current,0,2,Big Horn,St Clair Ottun Pond,official_fwp_stocking_record,"Montana Fish, Wildlife & Parks",True,,Fish stocking record for St Clair Ottun Pond,Montana FWP records a stocking event at St Clair Ottun Pond involving Rainbow Trout and 990 fish. Stocking schedules and completed records can change; open the official source for details.,Rainbow Trout,,,https://fwp-gis.mt.gov/arcgis/rest/services/fish/fishViewer/MapServer/38,
edd627c1644d88ceb6,2026-07-26,very_current,0,20,Granite,Spring Creek,official_fwp_stocking_record,"Montana Fish, Wildlife & Parks",True,,Fish stocking record for Spring Creek,"Montana FWP records a stocking event at Spring Creek involving Rainbow Trout and 9,000 fish. Stocking schedules and completed records can change; open the official source for details.",Rainbow Trout,,,https://fwp-gis.mt.gov/arcgis/rest/services/fish/fishViewer/MapServer/38,
ce0234451e1965331b,2026-07-26,very_current,0,5,Carbon,Spread Creek,official_fwp_stocking_record,"Montana Fish, Wildlife & Parks",True,,Fish stocking record for Spread Creek,"Montana FWP records a stocking event at Spread Creek involving Rainbow Trout and 2,000 fish. Stocking schedules and completed records can change; open the official source for details.",Rainbow Trout,,,https://fwp-gis.mt.gov/arcgis/rest/services/fish/fishViewer/MapServer/38,
e45d37177fcdf4c48f,2026-07-26,very_current,0,15,Flathead,Spotted Bear River,official_fwp_stocking_record,"Montana Fish, Wildlife & Parks",True,,Fish stocking record for Spotted Bear River,"Montana FWP records a stocking event at Spotted Bear River involving Cutthroat Trout and 32,500 fish. Stocking schedules and completed records can change; open the official source for details.",Cutthroat Trout,,,https://fwp-gis.mt.gov/arcgis/rest/services/fish/fishViewer/MapServer/38,
3fa85159c924d3bdd8,2026-07-26,very_current,0,16,Gallatin,Spanish Creek,official_fwp_stocking_record,"Montana Fish, Wildlife & Parks",True,,Fish stocking record for Spanish Creek,"Montana FWP records a stocking event at Spanish Creek involving Cutthroat Trout and 8,000 fish. Stocking schedules and completed records can change; open the official source for details.",Cutthroat Trout,,,https://fwp-gis.mt.gov/arcgis/rest/services/fish/fishViewer/MapServer/38,
33d274685cb18aa856,2026-07-26,very_current,0,15,Flathead,South Fork Flathead River,official_fwp_stocking_record,"Montana Fish, Wildlife & Parks",True,,Fish stocking record for South Fork Flathead River,"Montana FWP records a stocking event at South Fork Flathead River involving Cutthroat Trout and 50,000 fish. Stocking schedules and completed records can change; open the official source for details.",Cutthroat Trout,,,https://fwp-gis.mt.gov/arcgis/rest/services/fish/fishViewer/MapServer/38,
84b7b740cad423a340,2026-07-26,very_current,0,31,Mineral,South Fork Fish Creek,official_fwp_stocking_record,"Montana Fish, Wildlife & Parks",True,,Fish stocking record for South Fork Fish Creek,"Montana FWP records a stocking event at South Fork Fish Creek involving Cutthroat Trout and 5,000 fish. Stocking schedules and completed records can change; open the official source for details.",Cutthroat Trout,,,https://fwp-gis.mt.gov/arcgis/rest/services/fish/fishViewer/MapServer/38,
4650dc73376f068b32,2026-07-26,very_current,0,22,Jefferson,Sourdough Creek,official_fwp_stocking_record,"Montana Fish, Wildlife & Parks",True,,Fish stocking record for Sourdough Creek,"Montana FWP records a stocking event at Sourdough Creek involving Cutthroat Trout and 50,000 fish. Stocking schedules and completed records can change; open the official source for details.",Cutthroat Trout,,,https://fwp-gis.mt.gov/arcgis/rest/services/fish/fishViewer/MapServer/38,
3d6c487a3643ee1df2,2026-07-26,very_current,0,2,Big Horn,Soap Creek,official_fwp_stocking_record,"Montana Fish, Wildlife & Parks",True,,Fish stocking record for Soap Creek,"Montana FWP records a stocking event at Soap Creek involving Rainbow Trout and 35,000 fish. Stocking schedules and completed records can change; open the official source for details.",Rainbow Trout,,,https://fwp-gis.mt.gov/arcgis/rest/services/fish/fishViewer/MapServer/38,
769c8d18104b31783f,2026-07-26,very_current,0,41,Ravalli,Smith Creek,official_fwp_stocking_record,"Montana Fish, Wildlife & Parks",True,,Fish stocking record for Smith Creek,"Montana FWP records a stocking event at Smith Creek involving Cutthroat Trout and 8,000 fish. Stocking schedules and completed records can change; open the official source for details.",Cutthroat Trout,,,https://fwp-gis.mt.gov/arcgis/rest/services/fish/fishViewer/MapServer/38,
b01980982073531869,2026-07-26,very_current,0,8,Chouteau,Small Pond,official_fwp_stocking_record,"Montana Fish, Wildlife & Parks",True,,Fish stocking record for Small Pond,Montana FWP records a stocking event at Small Pond involving Bluegill and 500 fish. Stocking schedules and completed records can change; open the official source for details.,Bluegill,,,https://fwp-gis.mt.gov/arcgis/rest/services/fish/fishViewer/MapServer/38,
4264ea18f786f9f029,2026-07-26,very_current,0,16,Gallatin,Slushman Creek,official_fwp_stocking_record,"Montana Fish, Wildlife & Parks",True,,Fish stocking record for Slushman Creek,"Montana FWP records a stocking event at Slushman Creek involving Brook Trout and 4,340 fish. Stocking schedules and completed records can change; open the official source for details.",Brook Trout,,,https://fwp-gis.mt.gov/arcgis/rest/services/fish/fishViewer/MapServer/38,
98080fb5d2f3b328af,2026-07-26,very_current,0,15,Flathead,Slim Lake,official_fwp_stocking_record,"Montana Fish, Wildlife & Parks",True,,Fish stocking record for Slim Lake,Montana FWP records a stocking event at Slim Lake involving Rainbow Trout and 936 fish. Stocking schedules and completed records can change; open the official source for details.,Rainbow Trout,,,https://fwp-gis.mt.gov/arcgis/rest/services/fish/fishViewer/MapServer/38,
273437e46280b59f84,2026-07-26,very_current,0,41,Ravalli,Slate Creek,official_fwp_stocking_record,"Montana Fish, Wildlife & Parks",True,,Fish stocking record for Slate Creek,Montana FWP records a stocking event at Slate Creek involving Rainbow Trout and 500 fish. Stocking schedules and completed records can change; open the official source for details.,Rainbow Trout,,,https://fwp-gis.mt.gov/arcgis/rest/services/fish/fishViewer/MapServer/38,
1101986f912c87d7a8,2026-07-26,very_current,0,15,Flathead,Silvertip Creek,official_fwp_stocking_record,"Montana Fish, Wildlife & Parks",True,,Fish stocking record for Silvertip Creek,"Montana FWP records a stocking event at Silvertip Creek involving Cutthroat Trout and 22,500 fish. Stocking schedules and completed records can change; open the official source for details.",Cutthroat Trout,,,https://fwp-gis.mt.gov/arcgis/rest/services/fish/fishViewer/MapServer/38,
149c5785bdd2ab11be,2026-07-26,very_current,0,1,Beaverhead,Shoestring Creek,official_fwp_stocking_record,"Montana Fish, Wildlife & Parks",True,,Fish stocking record for Shoestring Creek,"Montana FWP records a stocking event at Shoestring Creek involving Cutthroat Trout and 3,450 fish. Stocking schedules and completed records can change; open the official source for details.",Cutthroat Trout,,,https://fwp-gis.mt.gov/arcgis/rest/services/fish/fishViewer/MapServer/38,
e7cf9612af027dd39d,2026-07-26,very_current,0,5,Carbon,Sheridan Creek,official_fwp_stocking_record,"Montana Fish, Wildlife & Parks",True,,Fish stocking record for Sheridan Creek,"Montana FWP records a stocking event at Sheridan Creek involving Rainbow Trout and 2,000 fish. Stocking schedules and completed records can change; open the official source for details.",Rainbow Trout,,,https://fwp-gis.mt.gov/arcgis/rest/services/fish/fishViewer/MapServer/38,
713da003269a2cc094,2026-07-26,very_current,0,7,Cascade,Sheep Creek,official_fwp_stocking_record,"Montana Fish, Wildlife & Parks",True,,Fish stocking record for Sheep Creek,"Montana FWP records a stocking event at Sheep Creek involving Rainbow Trout and 1,560 fish. Stocking schedules and completed records can change; open the official source for details.",Rainbow Trout,,,https://fwp-gis.mt.gov/arcgis/rest/services/fish/fishViewer/MapServer/38,
29d2825a8b7f6b4922,2026-07-26,very_current,0,48,Stillwater,Shane Creek,official_fwp_stocking_record,"Montana Fish, Wildlife & Parks",True,,Fish stocking record for Shane Creek,"Montana FWP records a stocking event at Shane Creek involving Brown Trout and 26,500 fish. Stocking schedules and completed records can change; open the official source for details.",Brown Trout,,,https://fwp-gis.mt.gov/arcgis/rest/services/fish/fishViewer/MapServer/38,
d623e6de83a39022c9,2026-07-26,very_current,0,12,Deer Lodge,"Seymour Lake, Lower",official_fwp_stocking_record,"Montana Fish, Wildlife & Parks",True,,"Fish stocking record for Seymour Lake, Lower","Montana FWP records a stocking event at Seymour Lake, Lower involving Rainbow Trout and 5,000 fish. Stocking schedules and completed records can change; open the official source for details.",Rainbow Trout,,,https://fwp-gis.mt.gov/arcgis/rest/services/fish/fishViewer/MapServer/38,
6cf0704b9c9b817619,2026-07-26,very_current,0,12,Deer Lodge,Seymour Creek,official_fwp_stocking_record,"Montana Fish, Wildlife & Parks",True,,Fish stocking record for Seymour Creek,"Montana FWP records a stocking event at Seymour Creek involving Cutthroat Trout and 8,500 fish. Stocking schedules and completed records can change; open the official source for details.",Cutthroat Trout,,,https://fwp-gis.mt.gov/arcgis/rest/services/fish/fishViewer/MapServer/38,
50888387c4338b272c,2026-07-26,very_current,0,5,Carbon,Seeley Creek,official_fwp_stocking_record,"Montana Fish, Wildlife & Parks",True,,Fish stocking record for Seeley Creek,"Montana FWP records a stocking event at Seeley Creek involving Rainbow Trout and 6,000 fish. Stocking schedules and completed records can change; open the official source for details.",Rainbow Trout,,,https://fwp-gis.mt.gov/arcgis/rest/services/fish/fishViewer/MapServer/38,
c4c11002abee5e66b4,2026-07-26,very_current,0,7,Cascade,Sawmill Gulch,official_fwp_stocking_record,"Montana Fish, Wildlife & Parks",True,,Fish stocking record for Sawmill Gulch,"Montana FWP records a stocking event at Sawmill Gulch involving Rainbow Trout and 2,200 fish. Stocking schedules and completed records can change; open the official source for details.",Rainbow Trout,,,https://fwp-gis.mt.gov/arcgis/rest/services/fish/fishViewer/MapServer/38,
9ab2990f01db50d281,2026-07-26,very_current,0,4,Broadwater,Russell Fork Deep Creek,official_fwp_stocking_record,"Montana Fish, Wildlife & Parks",True,,Fish stocking record for Russell Fork Deep Creek,"Montana FWP records a stocking event at Russell Fork Deep Creek involving Yellowstone Cutthroat Trout and 25,000 fish. Stocking schedules and completed records can change; open the official source for details.",Yellowstone Cutthroat Trout,,,https://fwp-gis.mt.gov/arcgis/rest/services/fish/fishViewer/MapServer/38,
ae364914ec205d7d38,2026-07-26,very_current,0,28,Madison,Ruby Creek,official_fwp_stocking_record,"Montana Fish, Wildlife & Parks",True,,Fish stocking record for Ruby Creek,"Montana FWP records a stocking event at Ruby Creek involving Cutthroat Trout and 44,000 fish. Stocking schedules and completed records can change; open the official source for details.",Cutthroat Trout,,,https://fwp-gis.mt.gov/arcgis/rest/services/fish/fishViewer/MapServer/38,
6b81848bd6a1154e87,2026-07-26,very_current,0,48,Stillwater,Rosebud Creek,official_fwp_stocking_record,"Montana Fish, Wildlife & Parks",True,,Fish stocking record for Rosebud Creek,"Montana FWP records a stocking event at Rosebud Creek involving Yellowstone Cutthroat Trout and 2,517 fish. Stocking schedules and completed records can change; open the official source for details.",Yellowstone Cutthroat Trout,,,https://fwp-gis.mt.gov/arcgis/rest/services/fish/fishViewer/MapServer/38,
aeae52e2145cede23b,2026-07-26,very_current,0,34,Park,Rock Creek,official_fwp_stocking_record,"Montana Fish, Wildlife & Parks",True,,Fish stocking record for Rock Creek,"Montana FWP records a stocking event at Rock Creek involving Cutthroat Trout and 7,392 fish. Stocking schedules and completed records can change; open the official source for details.",Cutthroat Trout,,,https://fwp-gis.mt.gov/arcgis/rest/services/fish/fishViewer/MapServer/38,
f753615005ad56aafd,2026-07-26,very_current,0,41,Ravalli,Roaring Lion Creek,official_fwp_stocking_record,"Montana Fish, Wildlife & Parks",True,,Fish stocking record for Roaring Lion Creek,"Montana FWP records a stocking event at Roaring Lion Creek involving Cutthroat Trout and 3,600 fish. Stocking schedules and completed records can change; open the official source for details.",Cutthroat Trout,,,https://fwp-gis.mt.gov/arcgis/rest/services/fish/fishViewer/MapServer/38,
551f12ad2c28779ea7,2026-07-26,very_current,0,32,Missoula,Richmond Creek,official_fwp_stocking_record,"Montana Fish, Wildlife & Parks",True,,Fish stocking record for Richmond Creek,"Montana FWP records a stocking event at Richmond Creek involving Cutthroat Trout and 7,700 fish. Stocking schedules and completed records can change; open the official source for details.",Cutthroat Trout,,,https://fwp-gis.mt.gov/arcgis/rest/services/fish/fishViewer/MapServer/38,
3233a8c152a9eab9b7,2026-07-26,very_current,0,1,Beaverhead,Rattlesnake Creek,official_fwp_stocking_record,"Montana Fish, Wildlife & Parks",True,,Fish stocking record for Rattlesnake Creek,"Montana FWP records a stocking event at Rattlesnake Creek involving Cutthroat Trout and 15,900 fish. Stocking schedules and completed records can change; open the official source for details.",Cutthroat Trout,,,https://fwp-gis.mt.gov/arcgis/rest/services/fish/fishViewer/MapServer/38,
7842d4348851a41b26,2026-07-26,very_current,0,16,Gallatin,Portal Creek,official_fwp_stocking_record,"Montana Fish, Wildlife & Parks",True,,Fish stocking record for Portal Creek,"Montana FWP records a stocking event at Portal Creek involving Yellowstone Cutthroat Trout and 15,792 fish. Stocking schedules and completed records can change; open the official source for details.",Yellowstone Cutthroat Trout,,,https://fwp-gis.mt.gov/arcgis/rest/services/fish/fishViewer/MapServer/38,
f1c58263e89e765a70,2026-07-26,very_current,0,26,Liberty,Pondera Coulee,official_fwp_stocking_record,"Montana Fish, Wildlife & Parks",True,,Fish stocking record for Pondera Coulee,"Montana FWP records a stocking event at Pondera Coulee involving Rainbow Trout and 1,080 fish. Stocking schedules and completed records can change; open the official source for details.",Rainbow Trout,,,https://fwp-gis.mt.gov/arcgis/rest/services/fish/fishViewer/MapServer/38,
579167023dacf89171,2026-07-26,very_current,0,28,Madison,Pole Creek,official_fwp_stocking_record,"Montana Fish, Wildlife & Parks",True,,Fish stocking record for Pole Creek,"Montana FWP records a stocking event at Pole Creek involving Rainbow Trout and 2,080 fish. Stocking schedules and completed records can change; open the official source for details.",Rainbow Trout,,,https://fwp-gis.mt.gov/arcgis/rest/services/fish/fishViewer/MapServer/38,
3aa4da76f3d6aafe0c,2026-07-26,very_current,0,32,Missoula,Petty Creek,official_fwp_stocking_record,"Montana Fish, Wildlife & Parks",True,,Fish stocking record for Petty Creek,"Montana FWP records a stocking event at Petty Creek involving Brook Trout and 1,400 fish. Stocking schedules and completed records can change; open the official source for details.",Brook Trout,,,https://fwp-gis.mt.gov/arcgis/rest/services/fish/fishViewer/MapServer/38,
e59ba82085a864f67c,2026-07-26,very_current,0,1,Beaverhead,Pettengill Creek,official_fwp_stocking_record,"Montana Fish, Wildlife & Parks",True,,Fish stocking record for Pettengill Creek,"Montana FWP records a stocking event at Pettengill Creek involving Rainbow Trout and 1,860 fish. Stocking schedules and completed records can change; open the official source for details.",Rainbow Trout,,,https://fwp-gis.mt.gov/arcgis/rest/services/fish/fishViewer/MapServer/38,
a807b79a2b52547c76,2026-07-26,very_current,0,27,Lincoln,Pete Creek,official_fwp_stocking_record,"Montana Fish, Wildlife & Parks",True,,Fish stocking record for Pete Creek,"Montana FWP records a stocking event at Pete Creek involving Cutthroat Trout and 12,960 fish. Stocking schedules and completed records can change; open the official source for details.",Cutthroat Trout,,,https://fwp-gis.mt.gov/arcgis/rest/services/fish/fishViewer/MapServer/38,
261c1158e6605b9b62,2026-07-26,very_current,0,15,Flathead,Patrick Creek,official_fwp_stocking_record,"Montana Fish, Wildlife & Parks",True,,Fish stocking record for Patrick Creek,"Montana FWP records a stocking event at Patrick Creek involving Brook Trout and 4,000 fish. Stocking schedules and completed records can change; open the official source for details.",Brook Trout,,,https://fwp-gis.mt.gov/arcgis/rest/services/fish/fishViewer/MapServer/38,
52c224e254d8711e3a,2026-07-26,very_current,0,49,Sweet Grass,Otter Creek,official_fwp_stocking_record,"Montana Fish, Wildlife & Parks",True,,Fish stocking record for Otter Creek,Montana FWP records a stocking event at Otter Creek involving Brook Trout and 573 fish. Stocking schedules and completed records can change; open the official source for details.,Brook Trout,,,https://fwp-gis.mt.gov/arcgis/rest/services/fish/fishViewer/MapServer/38,
90503c5567e0d621bd,2026-07-26,very_current,0,32,Missoula,OBrien Creek,official_fwp_stocking_record,"Montana Fish, Wildlife & Parks",True,,Fish stocking record for OBrien Creek,Montana FWP records a stocking event at OBrien Creek involving Rainbow Trout and 100 fish. Stocking schedules and completed records can change; open the official source for details.,Rainbow Trout,,,https://fwp-gis.mt.gov/arcgis/rest/services/fish/fishViewer/MapServer/38,
9ebc00945b69cba973,2026-07-26,very_current,0,28,Madison,Norwegian Creek,official_fwp_stocking_record,"Montana Fish, Wildlife & Parks",True,,Fish stocking record for Norwegian Creek,"Montana FWP records a stocking event at Norwegian Creek involving Largemouth Bass and 4,000 fish. Stocking schedules and completed records can change; open the official source for details.",Largemouth Bass,,,https://fwp-gis.mt.gov/arcgis/rest/services/fish/fishViewer/MapServer/38,
5cbf6e15f91e0ec630,2026-07-26,very_current,0,28,Madison,North Meadow Creek,official_fwp_stocking_record,"Montana Fish, Wildlife & Parks",True,,Fish stocking record for North Meadow Creek,"Montana FWP records a stocking event at North Meadow Creek involving Rainbow Trout and 25,500 fish. Stocking schedules and completed records can change; open the official source for details.",Rainbow Trout,,,https://fwp-gis.mt.gov/arcgis/rest/services/fish/fishViewer/MapServer/38,
2404e25dd394bee115,2026-07-26,very_current,0,50,Teton,North Fork Teton River,official_fwp_stocking_record,"Montana Fish, Wildlife & Parks",True,,Fish stocking record for North Fork Teton River,"Montana FWP records a stocking event at North Fork Teton River involving Rainbow Trout and 1,920 fish. Stocking schedules and completed records can change; open the official source for details.",Rainbow Trout,,,https://fwp-gis.mt.gov/arcgis/rest/services/fish/fishViewer/MapServer/38,
a43145a818121fbcb7,2026-07-26,very_current,0,31,Mineral,North Fork Little Joe Creek,official_fwp_stocking_record,"Montana Fish, Wildlife & Parks",True,,Fish stocking record for North Fork Little Joe Creek,"Montana FWP records a stocking event at North Fork Little Joe Creek involving Cutthroat Trout and 3,680 fish. Stocking schedules and completed records can change; open the official source for details.",Cutthroat Trout,,,https://fwp-gis.mt.gov/arcgis/rest/services/fish/fishViewer/MapServer/38,
57050ae6e129f0860f,2026-07-26,very_current,0,22,Jefferson,North Fork Little Boulder River,official_fwp_stocking_record,"Montana Fish, Wildlife & Parks",True,,Fish stocking record for North Fork Little Boulder River,"Montana FWP records a stocking event at North Fork Little Boulder River involving Rainbow Trout and 10,800 fish. Stocking schedules and completed records can change; open the official source for details.",Rainbow Trout,,,https://fwp-gis.mt.gov/arcgis/rest/services/fish/fishViewer/MapServer/38,
bea5dd11447b9a3c22,2026-07-26,very_current,0,12,Deer Lodge,North Fork Flint Creek,official_fwp_stocking_record,"Montana Fish, Wildlife & Parks",True,,Fish stocking record for North Fork Flint Creek,"Montana FWP records a stocking event at North Fork Flint Creek involving Cutthroat Trout and 99,264 fish. Stocking schedules and completed records can change; open the official source for details.",Cutthroat Trout,,,https://fwp-gis.mt.gov/arcgis/rest/services/fish/fishViewer/MapServer/38,
6c88a2bcf04d0b47fd,2026-07-26,very_current,0,4,Broadwater,North Fork Deep Creek,official_fwp_stocking_record,"Montana Fish, Wildlife & Parks",True,,Fish stocking record for North Fork Deep Creek,"Montana FWP records a stocking event at North Fork Deep Creek involving Brook Trout and 3,150 fish. Stocking schedules and completed records can change; open the official source for details.",Brook Trout,,,https://fwp-gis.mt.gov/arcgis/rest/services/fish/fishViewer/MapServer/38,
453f67e9afb78f2b7c,2026-07-26,very_current,0,31,Mineral,Noonan Pond,official_fwp_stocking_record,"Montana Fish, Wildlife & Parks",True,,Fish stocking record for Noonan Pond,Montana FWP records a stocking event at Noonan Pond involving Rainbow Trout and 500 fish. Stocking schedules and completed records can change; open the official source for details.,Rainbow Trout,,,https://fwp-gis.mt.gov/arcgis/rest/services/fish/fishViewer/MapServer/38,
f595d5e7dea04038d6,2026-07-26,very_current,0,41,Ravalli,Nez Perce Fork,official_fwp_stocking_record,"Montana Fish, Wildlife & Parks",True,,Fish stocking record for Nez Perce Fork,"Montana FWP records a stocking event at Nez Perce Fork involving Cutthroat Trout and 9,900 fish. Stocking schedules and completed records can change; open the official source for details.",Cutthroat Trout,,,https://fwp-gis.mt.gov/arcgis/rest/services/fish/fishViewer/MapServer/38,
bcc41629a41f119bff,2026-07-26,very_current,0,1,Beaverhead,Mussigbrod Lake,official_fwp_stocking_record,"Montana Fish, Wildlife & Parks",True,,Fish stocking record for Mussigbrod Lake,"Montana FWP records a stocking event at Mussigbrod Lake involving Arctic Grayling and 55,000 fish. Stocking schedules and completed records can change; open the official source for details.",Arctic Grayling,,,https://fwp-gis.mt.gov/arcgis/rest/services/fish/fishViewer/MapServer/38,
f0527ebb382b532f24,2026-07-26,very_current,0,39,Powell,Mullan Gulch,official_fwp_stocking_record,"Montana Fish, Wildlife & Parks",True,,Fish stocking record for Mullan Gulch,Montana FWP records a stocking event at Mullan Gulch involving Rainbow Trout and 420 fish. Stocking schedules and completed records can change; open the official source for details.,Rainbow Trout,,,https://fwp-gis.mt.gov/arcgis/rest/services/fish/fishViewer/MapServer/38,
2bfedca86a580ebd48,2026-07-26,very_current,0,12,Deer Lodge,Mudd Creek,official_fwp_stocking_record,"Montana Fish, Wildlife & Parks",True,,Fish stocking record for Mudd Creek,"Montana FWP records a stocking event at Mudd Creek involving Rainbow Trout and 3,840 fish. Stocking schedules and completed records can change; open the official source for details.",Rainbow Trout,,,https://fwp-gis.mt.gov/arcgis/rest/services/fish/fishViewer/MapServer/38,
3212cd6db9a43cb2de,2026-07-26,very_current,0,50,Teton,Mortimer Gulch,official_fwp_stocking_record,"Montana Fish, Wildlife & Parks",True,,Fish stocking record for Mortimer Gulch,"Montana FWP records a stocking event at Mortimer Gulch involving Cutthroat Trout and 6,000 fish. Stocking schedules and completed records can change; open the official source for details.",Cutthroat Trout,,,https://fwp-gis.mt.gov/arcgis/rest/services/fish/fishViewer/MapServer/38,
2918ae81f10c974fae,2026-07-26,very_current,0,25,Lewis and Clark,Moose Creek,official_fwp_stocking_record,"Montana Fish, Wildlife & Parks",True,,Fish stocking record for Moose Creek,"Montana FWP records a stocking event at Moose Creek involving Brook Trout and 16,000 fish. Stocking schedules and completed records can change; open the official source for details.",Brook Trout,,,https://fwp-gis.mt.gov/arcgis/rest/services/fish/fishViewer/MapServer/38,
62352ceee5b94f77ce,2026-07-26,very_current,0,41,Ravalli,Mill Creek,official_fwp_stocking_record,"Montana Fish, Wildlife & Parks",True,,Fish stocking record for Mill Creek,"Montana FWP records a stocking event at Mill Creek involving Rainbow Trout and 4,000 fish. Stocking schedules and completed records can change; open the official source for details.",Rainbow Trout,,,https://fwp-gis.mt.gov/arcgis/rest/services/fish/fishViewer/MapServer/38,
321d1138a245f46a7f,2026-07-26,very_current,0,7,Cascade,Mill Coulee Creek,official_fwp_stocking_record,"Montana Fish, Wildlife & Parks",True,,Fish stocking record for Mill Coulee Creek,"Montana FWP records a stocking event at Mill Coulee Creek involving Brook Trout and 6,750 fish. Stocking schedules and completed records can change; open the official source for details.",Brook Trout,,,https://fwp-gis.mt.gov/arcgis/rest/services/fish/fishViewer/MapServer/38,
23e312e4d2b3c82b9a,2026-07-26,very_current,0,50,Teton,Middle Fork North Fork Teton River,official_fwp_stocking_record,"Montana Fish, Wildlife & Parks",True,,Fish stocking record for Middle Fork North Fork Teton River,"Montana FWP records a stocking event at Middle Fork North Fork Teton River involving Cutthroat Trout and 4,320 fish. Stocking schedules and completed records can change; open the official source for details.",Cutthroat Trout,,,https://fwp-gis.mt.gov/arcgis/rest/services/fish/fishViewer/MapServer/38,
a8a67461390c49fc3b,2026-07-26,very_current,0,15,Flathead,McWenneger Slough,official_fwp_stocking_record,"Montana Fish, Wildlife & Parks",True,,Fish stocking record for McWenneger Slough,"Montana FWP records a stocking event at McWenneger Slough involving Largemouth Bass and 20,000 fish. Stocking schedules and completed records can change; open the official source for details.",Largemouth Bass,,,https://fwp-gis.mt.gov/arcgis/rest/services/fish/fishViewer/MapServer/38,
7f2dd189a8bde401c3,2026-07-26,very_current,0,41,Ravalli,McCalla Creek,official_fwp_stocking_record,"Montana Fish, Wildlife & Parks",True,,Fish stocking record for McCalla Creek,"Montana FWP records a stocking event at McCalla Creek involving Cutthroat Trout and 9,000 fish. Stocking schedules and completed records can change; open the official source for details.",Cutthroat Trout,,,https://fwp-gis.mt.gov/arcgis/rest/services/fish/fishViewer/MapServer/38,
61090111f2b8f1a23b,2026-07-26,very_current,0,1,Beaverhead,May Creek,official_fwp_stocking_record,"Montana Fish, Wildlife & Parks",True,,Fish stocking record for May Creek,"Montana FWP records a stocking event at May Creek involving Cutthroat Trout and 10,496 fish. Stocking schedules and completed records can change; open the official source for details.",Cutthroat Trout,,,https://fwp-gis.mt.gov/arcgis/rest/services/fish/fishViewer/MapServer/38,
be668cfd3dcacf8513,2026-07-26,very_current,0,41,Ravalli,Martin Creek,official_fwp_stocking_record,"Montana Fish, Wildlife & Parks",True,,Fish stocking record for Martin Creek,"Montana FWP records a stocking event at Martin Creek involving Cutthroat Trout and 10,920 fish. Stocking schedules and completed records can change; open the official source for details.",Cutthroat Trout,,,https://fwp-gis.mt.gov/arcgis/rest/services/fish/fishViewer/MapServer/38,
a022ac0b34e2763ef9,2026-07-26,very_current,0,25,Lewis and Clark,Lyons Creek,official_fwp_stocking_record,"Montana Fish, Wildlife & Parks",True,,Fish stocking record for Lyons Creek,"Montana FWP records a stocking event at Lyons Creek involving Brown Trout and 18,000 fish. Stocking schedules and completed records can change; open the official source for details.",Brown Trout,,,https://fwp-gis.mt.gov/arcgis/rest/services/fish/fishViewer/MapServer/38,
5253c2baa12b89596b,2026-07-26,very_current,0,15,Flathead,Lower Twin Creek,official_fwp_stocking_record,"Montana Fish, Wildlife & Parks",True,,Fish stocking record for Lower Twin Creek,"Montana FWP records a stocking event at Lower Twin Creek involving Cutthroat Trout and 10,000 fish. Stocking schedules and completed records can change; open the official source for details.",Cutthroat Trout,,,https://fwp-gis.mt.gov/arcgis/rest/services/fish/fishViewer/MapServer/38,
d326002c9971ea31a1,2026-07-26,very_current,0,15,Flathead,Lost Johnny Creek,official_fwp_stocking_record,"Montana Fish, Wildlife & Parks",True,,Fish stocking record for Lost Johnny Creek,"Montana FWP records a stocking event at Lost Johnny Creek involving Cutthroat Trout and 15,000 fish. Stocking schedules and completed records can change; open the official source for details.",Cutthroat Trout,,,https://fwp-gis.mt.gov/arcgis/rest/services/fish/fishViewer/MapServer/38,
bf080228e19210ec7d,2026-07-26,very_current,0,32,Missoula,Longpree Reservoir,official_fwp_stocking_record,"Montana Fish, Wildlife & Parks",True,,Fish stocking record for Longpree Reservoir,"Montana FWP records a stocking event at Longpree Reservoir involving Cutthroat Trout and 13,000 fish. Stocking schedules and completed records can change; open the official source for details.",Cutthroat Trout,,,https://fwp-gis.mt.gov/arcgis/rest/services/fish/fishViewer/MapServer/38,
e2aa189050dffd1ed0,2026-07-26,very_current,0,16,Gallatin,Little Wapiti Creek,official_fwp_stocking_record,"Montana Fish, Wildlife & Parks",True,,Fish stocking record for Little Wapiti Creek,"Montana FWP records a stocking event at Little Wapiti Creek involving Rainbow Trout and 7,060 fish. Stocking schedules and completed records can change; open the official source for details.",Rainbow Trout,,,https://fwp-gis.mt.gov/arcgis/rest/services/fish/fishViewer/MapServer/38,
ce1bb0876e7d675fe7,2026-07-26,very_current,0,48,Stillwater,Little Rocky Creek,official_fwp_stocking_record,"Montana Fish, Wildlife & Parks",True,,Fish stocking record for Little Rocky Creek,"Montana FWP records a stocking event at Little Rocky Creek involving Yellowstone Cutthroat Trout and 1,248 fish. Stocking schedules and completed records can change; open the official source for details.",Yellowstone Cutthroat Trout,,,https://fwp-gis.mt.gov/arcgis/rest/services/fish/fishViewer/MapServer/38,
c94060c314114a0cd2,2026-07-26,very_current,0,7,Cascade,Little Muddy Creek,official_fwp_stocking_record,"Montana Fish, Wildlife & Parks",True,,Fish stocking record for Little Muddy Creek,"Montana FWP records a stocking event at Little Muddy Creek involving Brook Trout and 4,757 fish. Stocking schedules and completed records can change; open the official source for details.",Brook Trout,,,https://fwp-gis.mt.gov/arcgis/rest/services/fish/fishViewer/MapServer/38,
2b4f0c3ae52717be9f,2026-07-26,very_current,0,39,Powell,Little Blackfoot River,official_fwp_stocking_record,"Montana Fish, Wildlife & Parks",True,,Fish stocking record for Little Blackfoot River,"Montana FWP records a stocking event at Little Blackfoot River involving Brown Trout and 2,000 fish. Stocking schedules and completed records can change; open the official source for details.",Brown Trout,,,https://fwp-gis.mt.gov/arcgis/rest/services/fish/fishViewer/MapServer/38,
ca35af874330b2ee2b,2026-07-26,very_current,0,1,Beaverhead,Lion Creek,official_fwp_stocking_record,"Montana Fish, Wildlife & Parks",True,,Fish stocking record for Lion Creek,"Montana FWP records a stocking event at Lion Creek involving Arctic Grayling and 200,000 fish. Stocking schedules and completed records can change; open the official source for details.",Arctic Grayling,,,https://fwp-gis.mt.gov/arcgis/rest/services/fish/fishViewer/MapServer/38,
59aac11bb9ea2b8a47,2026-07-26,very_current,0,41,Ravalli,Lick Creek,official_fwp_stocking_record,"Montana Fish, Wildlife & Parks",True,,Fish stocking record for Lick Creek,"Montana FWP records a stocking event at Lick Creek involving Cutthroat Trout and 2,000 fish. Stocking schedules and completed records can change; open the official source for details.",Cutthroat Trout,,,https://fwp-gis.mt.gov/arcgis/rest/services/fish/fishViewer/MapServer/38,
27cd657894fdc3beb7,2026-07-26,very_current,0,34,Park,Lewis Creek,official_fwp_stocking_record,"Montana Fish, Wildlife & Parks",True,,Fish stocking record for Lewis Creek,"Montana FWP records a stocking event at Lewis Creek involving Yellowstone Cutthroat Trout and 10,000 fish. Stocking schedules and completed records can change; open the official source for details.",Yellowstone Cutthroat Trout,,,https://fwp-gis.mt.gov/arcgis/rest/services/fish/fishViewer/MapServer/38,
f5abd857bf92ee4c01,2026-07-26,very_current,0,32,Missoula,Lee Creek,official_fwp_stocking_record,"Montana Fish, Wildlife & Parks",True,,Fish stocking record for Lee Creek,"Montana FWP records a stocking event at Lee Creek involving Cutthroat Trout and 12,800 fish. Stocking schedules and completed records can change; open the official source for details.",Cutthroat Trout,,,https://fwp-gis.mt.gov/arcgis/rest/services/fish/fishViewer/MapServer/38,
9a7b98090311a12242,2026-07-26,very_current,0,41,Ravalli,Kootenai Creek,official_fwp_stocking_record,"Montana Fish, Wildlife & Parks",True,,Fish stocking record for Kootenai Creek,"Montana FWP records a stocking event at Kootenai Creek involving Cutthroat Trout and 5,000 fish. Stocking schedules and completed records can change; open the official source for details.",Cutthroat Trout,,,https://fwp-gis.mt.gov/arcgis/rest/services/fish/fishViewer/MapServer/38,
fc24fb7f71d1858c84,2026-07-26,very_current,0,27,Lincoln,Kilbrennan Creek,official_fwp_stocking_record,"Montana Fish, Wildlife & Parks",True,,Fish stocking record for Kilbrennan Creek,"Montana FWP records a stocking event at Kilbrennan Creek involving Brook Trout and 2,000 fish. Stocking schedules and completed records can change; open the official source for details.",Brook Trout,,,https://fwp-gis.mt.gov/arcgis/rest/services/fish/fishViewer/MapServer/38,
012d02de1e8875754b,2026-07-26,very_current,0,28,Madison,Jourdain Creek,official_fwp_stocking_record,"Montana Fish, Wildlife & Parks",True,,Fish stocking record for Jourdain Creek,"Montana FWP records a stocking event at Jourdain Creek involving Rainbow Trout and 9,900 fish. Stocking schedules and completed records can change; open the official source for details.",Rainbow Trout,,,https://fwp-gis.mt.gov/arcgis/rest/services/fish/fishViewer/MapServer/38,
983ff560457e3f75df,2026-07-26,very_current,0,1,Beaverhead,Joseph Creek,official_fwp_stocking_record,"Montana Fish, Wildlife & Parks",True,,Fish stocking record for Joseph Creek,Montana FWP records a stocking event at Joseph Creek involving Cutthroat Trout and 943 fish. Stocking schedules and completed records can change; open the official source for details.,Cutthroat Trout,,,https://fwp-gis.mt.gov/arcgis/rest/services/fish/fishViewer/MapServer/38,
0260b9ce4af07d83e4,2026-07-26,very_current,0,24,Lake,Jette Lake,official_fwp_stocking_record,"Montana Fish, Wildlife & Parks",True,,Fish stocking record for Jette Lake,"Montana FWP records a stocking event at Jette Lake involving Cutthroat Trout and 4,320 fish. Stocking schedules and completed records can change; open the official source for details.",Cutthroat Trout,,,https://fwp-gis.mt.gov/arcgis/rest/services/fish/fishViewer/MapServer/38,
425a043754d7631112,2026-07-26,very_current,0,15,Flathead,Java Creek,official_fwp_stocking_record,"Montana Fish, Wildlife & Parks",True,,Fish stocking record for Java Creek,"Montana FWP records a stocking event at Java Creek involving Cutthroat Trout and 10,000 fish. Stocking schedules and completed records can change; open the official source for details.",Cutthroat Trout,,,https://fwp-gis.mt.gov/arcgis/rest/services/fish/fishViewer/MapServer/38,
0ef3edd0d0c899f313,2026-07-26,very_current,0,1,Beaverhead,Jacobson Creek,official_fwp_stocking_record,"Montana Fish, Wildlife & Parks",True,,Fish stocking record for Jacobson Creek,"Montana FWP records a stocking event at Jacobson Creek involving Cutthroat Trout and 4,000 fish. Stocking schedules and completed records can change; open the official source for details.",Cutthroat Trout,,,https://fwp-gis.mt.gov/arcgis/rest/services/fish/fishViewer/MapServer/38,
7f6d180b54ee4a6c4b,2026-07-26,very_current,0,27,Lincoln,Jackson Creek,official_fwp_stocking_record,"Montana Fish, Wildlife & Parks",True,,Fish stocking record for Jackson Creek,"Montana FWP records a stocking event at Jackson Creek involving Cutthroat Trout and 3,000 fish. Stocking schedules and completed records can change; open the official source for details.",Cutthroat Trout,,,https://fwp-gis.mt.gov/arcgis/rest/services/fish/fishViewer/MapServer/38,
0d48d60e78e10a11cf,2026-07-26,very_current,0,28,Madison,Indian Creek,official_fwp_stocking_record,"Montana Fish, Wildlife & Parks",True,,Fish stocking record for Indian Creek,"Montana FWP records a stocking event at Indian Creek involving Rainbow Trout and 16,000 fish. Stocking schedules and completed records can change; open the official source for details.",Rainbow Trout,,,https://fwp-gis.mt.gov/arcgis/rest/services/fish/fishViewer/MapServer/38,
5580558c40c3a96585,2026-07-26,very_current,0,28,Madison,Hot Springs Creek,official_fwp_stocking_record,"Montana Fish, Wildlife & Parks",True,,Fish stocking record for Hot Springs Creek,"Montana FWP records a stocking event at Hot Springs Creek involving Brown Trout and 9,800 fish. Stocking schedules and completed records can change; open the official source for details.",Brown Trout,,,https://fwp-gis.mt.gov/arcgis/rest/services/fish/fishViewer/MapServer/38,
226fbceaa18b4c17eb,2026-07-26,very_current,0,1,Beaverhead,Horse Prairie Creek,official_fwp_stocking_record,"Montana Fish, Wildlife & Parks",True,,Fish stocking record for Horse Prairie Creek,"Montana FWP records a stocking event at Horse Prairie Creek involving Cutthroat Trout and 15,020 fish. Stocking schedules and completed records can change; open the official source for details.",Cutthroat Trout,,,https://fwp-gis.mt.gov/arcgis/rest/services/fish/fishViewer/MapServer/38,
1779ac0479bf79276f,2026-07-26,very_current,0,25,Lewis and Clark,Home Gulch,official_fwp_stocking_record,"Montana Fish, Wildlife & Parks",True,,Fish stocking record for Home Gulch,"Montana FWP records a stocking event at Home Gulch involving Brook Trout and 2,500 fish. Stocking schedules and completed records can change; open the official source for details.",Brook Trout,,,https://fwp-gis.mt.gov/arcgis/rest/services/fish/fishViewer/MapServer/38,
b2636679ddec8c78c4,2026-07-26,very_current,0,15,Flathead,Hoke Creek,official_fwp_stocking_record,"Montana Fish, Wildlife & Parks",True,,Fish stocking record for Hoke Creek,"Montana FWP records a stocking event at Hoke Creek involving Cutthroat Trout and 62,024 fish. Stocking schedules and completed records can change; open the official source for details.",Cutthroat Trout,,,https://fwp-gis.mt.gov/arcgis/rest/services/fish/fishViewer/MapServer/38,
9ed5d0ece66dcf016f,2026-07-26,very_current,0,25,Lewis and Clark,Hogum Creek,official_fwp_stocking_record,"Montana Fish, Wildlife & Parks",True,,Fish stocking record for Hogum Creek,"Montana FWP records a stocking event at Hogum Creek involving Cutthroat Trout and 4,800 fish. Stocking schedules and completed records can change; open the official source for details.",Cutthroat Trout,,,https://fwp-gis.mt.gov/arcgis/rest/services/fish/fishViewer/MapServer/38,
1785f58040347b0e77,2026-07-26,very_current,0,20,Granite,Hogback Creek,official_fwp_stocking_record,"Montana Fish, Wildlife & Parks",True,,Fish stocking record for Hogback Creek,"Montana FWP records a stocking event at Hogback Creek involving Cutthroat Trout and 19,515 fish. Stocking schedules and completed records can change; open the official source for details.",Cutthroat Trout,,,https://fwp-gis.mt.gov/arcgis/rest/services/fish/fishViewer/MapServer/38,
fc82f831f0e81cb33c,2026-07-26,very_current,0,15,Flathead,Harrison Creek,official_fwp_stocking_record,"Montana Fish, Wildlife & Parks",True,,Fish stocking record for Harrison Creek,"Montana FWP records a stocking event at Harrison Creek involving Cutthroat Trout and 30,000 fish. Stocking schedules and completed records can change; open the official source for details.",Cutthroat Trout,,,https://fwp-gis.mt.gov/arcgis/rest/services/fish/fishViewer/MapServer/38,
41b621bf097676aa09,2026-07-26,very_current,0,20,Granite,Grizzly Creek,official_fwp_stocking_record,"Montana Fish, Wildlife & Parks",True,,Fish stocking record for Grizzly Creek,"Montana FWP records a stocking event at Grizzly Creek involving Rainbow Trout and 3,000 fish. Stocking schedules and completed records can change; open the official source for details.",Rainbow Trout,,,https://fwp-gis.mt.gov/arcgis/rest/services/fish/fishViewer/MapServer/38,
9ee9334185fe54974e,2026-07-26,very_current,0,4,Broadwater,Greyson Creek,official_fwp_stocking_record,"Montana Fish, Wildlife & Parks",True,,Fish stocking record for Greyson Creek,Montana FWP records a stocking event at Greyson Creek involving Brook Trout and 216 fish. Stocking schedules and completed records can change; open the official source for details.,Brook Trout,,,https://fwp-gis.mt.gov/arcgis/rest/services/fish/fishViewer/MapServer/38,
c64b50b83205c3d7be,2026-07-26,very_current,0,25,Lewis and Clark,Green Timber Lake,official_fwp_stocking_record,"Montana Fish, Wildlife & Parks",True,,Fish stocking record for Green Timber Lake,"Montana FWP records a stocking event at Green Timber Lake involving Cutthroat Trout and 12,500 fish. Stocking schedules and completed records can change; open the official source for details.",Cutthroat Trout,,,https://fwp-gis.mt.gov/arcgis/rest/services/fish/fishViewer/MapServer/38,
378af1a8d36a3e9623,2026-07-26,very_current,0,27,Lincoln,Green Lake,official_fwp_stocking_record,"Montana Fish, Wildlife & Parks",True,,Fish stocking record for Green Lake,"Montana FWP records a stocking event at Green Lake involving Cutthroat Trout and 18,000 fish. Stocking schedules and completed records can change; open the official source for details.",Cutthroat Trout,,,https://fwp-gis.mt.gov/arcgis/rest/services/fish/fishViewer/MapServer/38,
24e4ca54fd4d79652f,2026-07-26,very_current,0,32,Missoula,Grave Creek,official_fwp_stocking_record,"Montana Fish, Wildlife & Parks",True,,Fish stocking record for Grave Creek,"Montana FWP records a stocking event at Grave Creek involving Cutthroat Trout and 7,067 fish. Stocking schedules and completed records can change; open the official source for details.",Cutthroat Trout,,,https://fwp-gis.mt.gov/arcgis/rest/services/fish/fishViewer/MapServer/38,
e1b12c589a35948793,2026-07-26,very_current,0,15,Flathead,Gorge Creek,official_fwp_stocking_record,"Montana Fish, Wildlife & Parks",True,,Fish stocking record for Gorge Creek,"Montana FWP records a stocking event at Gorge Creek involving Cutthroat Trout and 20,000 fish. Stocking schedules and completed records can change; open the official source for details.",Cutthroat Trout,,,https://fwp-gis.mt.gov/arcgis/rest/services/fish/fishViewer/MapServer/38,
2f77b353a9241fefd0,2026-07-26,very_current,0,39,Powell,Gold Creek,official_fwp_stocking_record,"Montana Fish, Wildlife & Parks",True,,Fish stocking record for Gold Creek,"Montana FWP records a stocking event at Gold Creek involving Brown Trout and 6,400 fish. Stocking schedules and completed records can change; open the official source for details.",Brown Trout,,,https://fwp-gis.mt.gov/arcgis/rest/services/fish/fishViewer/MapServer/38,
2a67143ba2a163c731,2026-07-26,very_current,0,15,Flathead,Giefer Creek,official_fwp_stocking_record,"Montana Fish, Wildlife & Parks",True,,Fish stocking record for Giefer Creek,"Montana FWP records a stocking event at Giefer Creek involving Cutthroat Trout and 10,000 fish. Stocking schedules and completed records can change; open the official source for details.",Cutthroat Trout,,,https://fwp-gis.mt.gov/arcgis/rest/services/fish/fishViewer/MapServer/38,
490b925f712ddb026b,2026-07-26,very_current,0,28,Madison,Gazelle Creek,official_fwp_stocking_record,"Montana Fish, Wildlife & Parks",True,,Fish stocking record for Gazelle Creek,"Montana FWP records a stocking event at Gazelle Creek involving Cutthroat Trout and 80,500 fish. Stocking schedules and completed records can change; open the official source for details.",Cutthroat Trout,,,https://fwp-gis.mt.gov/arcgis/rest/services/fish/fishViewer/MapServer/38,
7d5f0ac5a52c415219,2026-07-26,very_current,0,41,Ravalli,Gash Creek,official_fwp_stocking_record,"Montana Fish, Wildlife & Parks",True,,Fish stocking record for Gash Creek,"Montana FWP records a stocking event at Gash Creek involving Cutthroat Trout and 4,000 fish. Stocking schedules and completed records can change; open the official source for details.",Cutthroat Trout,,,https://fwp-gis.mt.gov/arcgis/rest/services/fish/fishViewer/MapServer/38,
b5b675eae7e0559219,2026-07-26,very_current,0,20,Granite,Fuse Lake,official_fwp_stocking_record,"Montana Fish, Wildlife & Parks",True,,Fish stocking record for Fuse Lake,"Montana FWP records a stocking event at Fuse Lake involving Arctic Grayling and 25,000 fish. Stocking schedules and completed records can change; open the official source for details.",Arctic Grayling,,,https://fwp-gis.mt.gov/arcgis/rest/services/fish/fishViewer/MapServer/38,
cfc9076543a83f3474,2026-07-26,very_current,0,30,Meagher,Fourmile Creek,official_fwp_stocking_record,"Montana Fish, Wildlife & Parks",True,,Fish stocking record for Fourmile Creek,"Montana FWP records a stocking event at Fourmile Creek involving Rainbow Trout and 10,000 fish. Stocking schedules and completed records can change; open the official source for details.",Rainbow Trout,,,https://fwp-gis.mt.gov/arcgis/rest/services/fish/fishViewer/MapServer/38,
31677f3c1c493b1c09,2026-07-26,very_current,0,12,Deer Lodge,Fishtrap Creek,official_fwp_stocking_record,"Montana Fish, Wildlife & Parks",True,,Fish stocking record for Fishtrap Creek,"Montana FWP records a stocking event at Fishtrap Creek involving Rainbow Trout and 3,840 fish. Stocking schedules and completed records can change; open the official source for details.",Rainbow Trout,,,https://fwp-gis.mt.gov/arcgis/rest/services/fish/fishViewer/MapServer/38,
b23d687279ffb31937,2026-07-26,very_current,0,16,Gallatin,Fish Creek,official_fwp_stocking_record,"Montana Fish, Wildlife & Parks",True,,Fish stocking record for Fish Creek,"Montana FWP records a stocking event at Fish Creek involving Brook Trout and 2,392 fish. Stocking schedules and completed records can change; open the official source for details.",Brook Trout,,,https://fwp-gis.mt.gov/arcgis/rest/services/fish/fishViewer/MapServer/38,
5732c9df357fe8e783,2026-07-26,very_current,0,39,Powell,Falls Creek,official_fwp_stocking_record,"Montana Fish, Wildlife & Parks",True,,Fish stocking record for Falls Creek,"Montana FWP records a stocking event at Falls Creek involving Cutthroat Trout and 6,400 fish. Stocking schedules and completed records can change; open the official source for details.",Cutthroat Trout,,,https://fwp-gis.mt.gov/arcgis/rest/services/fish/fishViewer/MapServer/38,
e70aa507395feddd97,2026-07-26,very_current,0,16,Gallatin,Fairy Creek,official_fwp_stocking_record,"Montana Fish, Wildlife & Parks",True,,Fish stocking record for Fairy Creek,"Montana FWP records a stocking event at Fairy Creek involving Cutthroat Trout and 10,000 fish. Stocking schedules and completed records can change; open the official source for details.",Cutthroat Trout,,,https://fwp-gis.mt.gov/arcgis/rest/services/fish/fishViewer/MapServer/38,
59bc2305668982185c,2026-07-26,very_current,0,34,Park,Eightmile Creek,official_fwp_stocking_record,"Montana Fish, Wildlife & Parks",True,,Fish stocking record for Eightmile Creek,"Montana FWP records a stocking event at Eightmile Creek involving Cutthroat Trout and 8,000 fish. Stocking schedules and completed records can change; open the official source for details.",Cutthroat Trout,,,https://fwp-gis.mt.gov/arcgis/rest/services/fish/fishViewer/MapServer/38,
f3bfc4ea4c09daf130,2026-07-26,very_current,0,31,Mineral,East Fork Twelvemile Creek,official_fwp_stocking_record,"Montana Fish, Wildlife & Parks",True,,Fish stocking record for East Fork Twelvemile Creek,"Montana FWP records a stocking event at East Fork Twelvemile Creek involving Cutthroat Trout and 5,000 fish. Stocking schedules and completed records can change; open the official source for details.",Cutthroat Trout,,,https://fwp-gis.mt.gov/arcgis/rest/services/fish/fishViewer/MapServer/38,
83713378889d8ef689,2026-07-26,very_current,0,27,Lincoln,East Fork Pipe Creek,official_fwp_stocking_record,"Montana Fish, Wildlife & Parks",True,,Fish stocking record for East Fork Pipe Creek,"Montana FWP records a stocking event at East Fork Pipe Creek involving Cutthroat Trout and 26,500 fish. Stocking schedules and completed records can change; open the official source for details.",Cutthroat Trout,,,https://fwp-gis.mt.gov/arcgis/rest/services/fish/fishViewer/MapServer/38,
bdf397e81c51e4306e,2026-07-26,very_current,0,8,Chouteau,Eagle Creek,official_fwp_stocking_record,"Montana Fish, Wildlife & Parks",True,,Fish stocking record for Eagle Creek,"Montana FWP records a stocking event at Eagle Creek involving Brook Trout and 6,250 fish. Stocking schedules and completed records can change; open the official source for details.",Brook Trout,,,https://fwp-gis.mt.gov/arcgis/rest/services/fish/fishViewer/MapServer/38,
46a27436cf5201f15e,2026-07-26,very_current,0,42,Richland,Dunlap Creek,official_fwp_stocking_record,"Montana Fish, Wildlife & Parks",True,,Fish stocking record for Dunlap Creek,Montana FWP records a stocking event at Dunlap Creek involving Rainbow Trout and 400 fish. Stocking schedules and completed records can change; open the official source for details.,Rainbow Trout,,,https://fwp-gis.mt.gov/arcgis/rest/services/fish/fishViewer/MapServer/38,
446e70b28cb8cf5e8e,2026-07-26,very_current,0,4,Broadwater,Duck Creek,official_fwp_stocking_record,"Montana Fish, Wildlife & Parks",True,,Fish stocking record for Duck Creek,"Montana FWP records a stocking event at Duck Creek involving Brook Trout and 12,500 fish. Stocking schedules and completed records can change; open the official source for details.",Brook Trout,,,https://fwp-gis.mt.gov/arcgis/rest/services/fish/fishViewer/MapServer/38,
fd6ee546bba440759b,2026-07-26,very_current,0,28,Madison,Dry Hollow,official_fwp_stocking_record,"Montana Fish, Wildlife & Parks",True,,Fish stocking record for Dry Hollow,"Montana FWP records a stocking event at Dry Hollow involving Brook Trout and 1,125 fish. Stocking schedules and completed records can change; open the official source for details.",Brook Trout,,,https://fwp-gis.mt.gov/arcgis/rest/services/fish/fishViewer/MapServer/38,
57959b8aadefd2229b,2026-07-26,very_current,0,31,Mineral,Dry Creek,official_fwp_stocking_record,"Montana Fish, Wildlife & Parks",True,,Fish stocking record for Dry Creek,"Montana FWP records a stocking event at Dry Creek involving Cutthroat Trout and 4,200 fish. Stocking schedules and completed records can change; open the official source for details.",Cutthroat Trout,,,https://fwp-gis.mt.gov/arcgis/rest/services/fish/fishViewer/MapServer/38,
4c1cdba7addbb89ce1,2026-07-26,very_current,0,20,Granite,Douglas Creek,official_fwp_stocking_record,"Montana Fish, Wildlife & Parks",True,,Fish stocking record for Douglas Creek,"Montana FWP records a stocking event at Douglas Creek involving Cutthroat Trout and 10,500 fish. Stocking schedules and completed records can change; open the official source for details.",Cutthroat Trout,,,https://fwp-gis.mt.gov/arcgis/rest/services/fish/fishViewer/MapServer/38,
056984cc87c4bd36ba,2026-07-26,very_current,0,39,Powell,Doney Lake,official_fwp_stocking_record,"Montana Fish, Wildlife & Parks",True,,Fish stocking record for Doney Lake,"Montana FWP records a stocking event at Doney Lake involving Arctic Grayling and 50,000 fish. Stocking schedules and completed records can change; open the official source for details.",Arctic Grayling,,,https://fwp-gis.mt.gov/arcgis/rest/services/fish/fishViewer/MapServer/38,
d32c7d333795c67131,2026-07-26,very_current,0,41,Ravalli,Ditch Creek,official_fwp_stocking_record,"Montana Fish, Wildlife & Parks",True,,Fish stocking record for Ditch Creek,"Montana FWP records a stocking event at Ditch Creek involving Cutthroat Trout and 80,000 fish. Stocking schedules and completed records can change; open the official source for details.",Cutthroat Trout,,,https://fwp-gis.mt.gov/arcgis/rest/services/fish/fishViewer/MapServer/38,
d3fd35a3101946ade7,2026-07-26,very_current,0,16,Gallatin,Denny Creek,official_fwp_stocking_record,"Montana Fish, Wildlife & Parks",True,,Fish stocking record for Denny Creek,"Montana FWP records a stocking event at Denny Creek involving Rainbow Trout and 3,600 fish. Stocking schedules and completed records can change; open the official source for details.",Rainbow Trout,,,https://fwp-gis.mt.gov/arcgis/rest/services/fish/fishViewer/MapServer/38,
102c163a6dd0dc82b6,2026-07-26,very_current,0,31,Mineral,Deer Creek,official_fwp_stocking_record,"Montana Fish, Wildlife & Parks",True,,Fish stocking record for Deer Creek,"Montana FWP records a stocking event at Deer Creek involving Cutthroat Trout and 3,680 fish. Stocking schedules and completed records can change; open the official source for details.",Cutthroat Trout,,,https://fwp-gis.mt.gov/arcgis/rest/services/fish/fishViewer/MapServer/38,
e27fb277797a45deae,2026-07-26,very_current,0,24,Lake,Dayton Creek,official_fwp_stocking_record,"Montana Fish, Wildlife & Parks",True,,Fish stocking record for Dayton Creek,"Montana FWP records a stocking event at Dayton Creek involving Cutthroat Trout and 40,000 fish. Stocking schedules and completed records can change; open the official source for details.",Cutthroat Trout,,,https://fwp-gis.mt.gov/arcgis/rest/services/fish/fishViewer/MapServer/38,
5f71d330bf2e019231,2026-07-26,very_current,0,32,Missoula,Crystal Creek,official_fwp_stocking_record,"Montana Fish, Wildlife & Parks",True,,Fish stocking record for Crystal Creek,"Montana FWP records a stocking event at Crystal Creek involving Cutthroat Trout and 14,000 fish. Stocking schedules and completed records can change; open the official source for details.",Cutthroat Trout,,,https://fwp-gis.mt.gov/arcgis/rest/services/fish/fishViewer/MapServer/38,
984446d9404f0b3b00,2026-07-26,very_current,0,4,Broadwater,Confederate Gulch,official_fwp_stocking_record,"Montana Fish, Wildlife & Parks",True,,Fish stocking record for Confederate Gulch,"Montana FWP records a stocking event at Confederate Gulch involving Rainbow Trout and 28,000 fish. Stocking schedules and completed records can change; open the official source for details.",Rainbow Trout,,,https://fwp-gis.mt.gov/arcgis/rest/services/fish/fishViewer/MapServer/38,
9164cb7cf0b8a2affb,2026-07-26,very_current,0,28,Madison,Coal Creek,official_fwp_stocking_record,"Montana Fish, Wildlife & Parks",True,,Fish stocking record for Coal Creek,"Montana FWP records a stocking event at Coal Creek involving Rainbow Trout and 1,725 fish. Stocking schedules and completed records can change; open the official source for details.",Rainbow Trout,,,https://fwp-gis.mt.gov/arcgis/rest/services/fish/fishViewer/MapServer/38,
e7a0c99b9454b961dc,2026-07-26,very_current,0,32,Missoula,Clearwater River,official_fwp_stocking_record,"Montana Fish, Wildlife & Parks",True,,Fish stocking record for Clearwater River,"Montana FWP records a stocking event at Clearwater River involving Rainbow Trout and 3,000 fish. Stocking schedules and completed records can change; open the official source for details.",Rainbow Trout,,,https://fwp-gis.mt.gov/arcgis/rest/services/fish/fishViewer/MapServer/38,
690c5dc890695644c9,2026-07-26,very_current,0,39,Powell,Chamberlain Creek,official_fwp_stocking_record,"Montana Fish, Wildlife & Parks",True,,Fish stocking record for Chamberlain Creek,"Montana FWP records a stocking event at Chamberlain Creek involving Rainbow Trout and 16,000 fish. Stocking schedules and completed records can change; open the official source for details.",Rainbow Trout,,,https://fwp-gis.mt.gov/arcgis/rest/services/fish/fishViewer/MapServer/38,
5de22e58992b8ca31f,2026-07-26,very_current,0,28,Madison,Cedar Creek,official_fwp_stocking_record,"Montana Fish, Wildlife & Parks",True,,Fish stocking record for Cedar Creek,"Montana FWP records a stocking event at Cedar Creek involving Brown Trout and 26,100 fish. Stocking schedules and completed records can change; open the official source for details.",Brown Trout,,,https://fwp-gis.mt.gov/arcgis/rest/services/fish/fishViewer/MapServer/38,
d8c727612fbf85e760,2026-07-26,very_current,0,41,Ravalli,Canyon Creek,official_fwp_stocking_record,"Montana Fish, Wildlife & Parks",True,,Fish stocking record for Canyon Creek,"Montana FWP records a stocking event at Canyon Creek involving Cutthroat Trout and 5,000 fish. Stocking schedules and completed records can change; open the official source for details.",Cutthroat Trout,,,https://fwp-gis.mt.gov/arcgis/rest/services/fish/fishViewer/MapServer/38,
e4248135f98dbf84c7,2026-07-26,very_current,0,30,Meagher,Calf Creek,official_fwp_stocking_record,"Montana Fish, Wildlife & Parks",True,,Fish stocking record for Calf Creek,"Montana FWP records a stocking event at Calf Creek involving Rainbow Trout and 11,000 fish. Stocking schedules and completed records can change; open the official source for details.",Rainbow Trout,,,https://fwp-gis.mt.gov/arcgis/rest/services/fish/fishViewer/MapServer/38,
6c8da704d96bf9587c,2026-07-26,very_current,0,25,Lewis and Clark,Cabin Creek,official_fwp_stocking_record,"Montana Fish, Wildlife & Parks",True,,Fish stocking record for Cabin Creek,"Montana FWP records a stocking event at Cabin Creek involving Cutthroat Trout and 6,240 fish. Stocking schedules and completed records can change; open the official source for details.",Cutthroat Trout,,,https://fwp-gis.mt.gov/arcgis/rest/services/fish/fishViewer/MapServer/38,
eb3518f0af6751a583,2026-07-26,very_current,0,20,Granite,Butte Cabin Creek,official_fwp_stocking_record,"Montana Fish, Wildlife & Parks",True,,Fish stocking record for Butte Cabin Creek,"Montana FWP records a stocking event at Butte Cabin Creek involving Rainbow Trout and 5,520 fish. Stocking schedules and completed records can change; open the official source for details.",Rainbow Trout,,,https://fwp-gis.mt.gov/arcgis/rest/services/fish/fishViewer/MapServer/38,
4bfff25a75512e8dd2,2026-07-26,very_current,0,14,Fergus,Burnette Creek,official_fwp_stocking_record,"Montana Fish, Wildlife & Parks",True,,Fish stocking record for Burnette Creek,"Montana FWP records a stocking event at Burnette Creek involving Brook Trout and 1,000 fish. Stocking schedules and completed records can change; open the official source for details.",Brook Trout,,,https://fwp-gis.mt.gov/arcgis/rest/services/fish/fishViewer/MapServer/38,
03b6c4ac956c3b3a91,2026-07-26,very_current,0,16,Gallatin,Bullrun Creek,official_fwp_stocking_record,"Montana Fish, Wildlife & Parks",True,,Fish stocking record for Bullrun Creek,"Montana FWP records a stocking event at Bullrun Creek involving Brook Trout and 2,250 fish. Stocking schedules and completed records can change; open the official source for details.",Brook Trout,,,https://fwp-gis.mt.gov/arcgis/rest/services/fish/fishViewer/MapServer/38,
a49159f9fc36f5947d,2026-07-26,very_current,0,16,Gallatin,Buffalo Horn Creek,official_fwp_stocking_record,"Montana Fish, Wildlife & Parks",True,,Fish stocking record for Buffalo Horn Creek,"Montana FWP records a stocking event at Buffalo Horn Creek involving Cutthroat Trout and 2,508 fish. Stocking schedules and completed records can change; open the official source for details.",Cutthroat Trout,,,https://fwp-gis.mt.gov/arcgis/rest/services/fish/fishViewer/MapServer/38,
c773266911966e0a62,2026-07-26,very_current,0,1,Beaverhead,Bryant Creek,official_fwp_stocking_record,"Montana Fish, Wildlife & Parks",True,,Fish stocking record for Bryant Creek,"Montana FWP records a stocking event at Bryant Creek involving Rainbow Trout and 2,000 fish. Stocking schedules and completed records can change; open the official source for details.",Rainbow Trout,,,https://fwp-gis.mt.gov/arcgis/rest/services/fish/fishViewer/MapServer/38,
1ea670e0dd24e9bfa3,2026-07-26,very_current,0,22,Jefferson,Broken Dam Lake,official_fwp_stocking_record,"Montana Fish, Wildlife & Parks",True,,Fish stocking record for Broken Dam Lake,"Montana FWP records a stocking event at Broken Dam Lake involving Brook Trout and 1,048 fish. Stocking schedules and completed records can change; open the official source for details.",Brook Trout,,,https://fwp-gis.mt.gov/arcgis/rest/services/fish/fishViewer/MapServer/38,
df17db9dcf6fdb08a8,2026-07-26,very_current,0,5,Carbon,Bridgers Lions Ditch,official_fwp_stocking_record,"Montana Fish, Wildlife & Parks",True,,Fish stocking record for Bridgers Lions Ditch,Montana FWP records a stocking event at Bridgers Lions Ditch involving Rainbow Trout and 150 fish. Stocking schedules and completed records can change; open the official source for details.,Rainbow Trout,,,https://fwp-gis.mt.gov/arcgis/rest/services/fish/fishViewer/MapServer/38,
0152ec9382b8b46b86,2026-07-26,very_current,0,14,Fergus,Boyd Creek,official_fwp_stocking_record,"Montana Fish, Wildlife & Parks",True,,Fish stocking record for Boyd Creek,"Montana FWP records a stocking event at Boyd Creek involving Cutthroat Trout and 8,000 fish. Stocking schedules and completed records can change; open the official source for details.",Cutthroat Trout,,,https://fwp-gis.mt.gov/arcgis/rest/services/fish/fishViewer/MapServer/38,
c399df936bea81f4d5,2026-07-26,very_current,0,16,Gallatin,Bostwick Creek,official_fwp_stocking_record,"Montana Fish, Wildlife & Parks",True,,Fish stocking record for Bostwick Creek,"Montana FWP records a stocking event at Bostwick Creek involving Cutthroat Trout and 3,200 fish. Stocking schedules and completed records can change; open the official source for details.",Cutthroat Trout,,,https://fwp-gis.mt.gov/arcgis/rest/services/fish/fishViewer/MapServer/38,
73daf44266fc147d70,2026-07-26,very_current,0,56,Yellowstone,Blue Creek,official_fwp_stocking_record,"Montana Fish, Wildlife & Parks",True,,Fish stocking record for Blue Creek,"Montana FWP records a stocking event at Blue Creek involving Brown Trout and 18,000 fish. Stocking schedules and completed records can change; open the official source for details.",Brown Trout,,,https://fwp-gis.mt.gov/arcgis/rest/services/fish/fishViewer/MapServer/38,
aef59caf9fa32fb226,2026-07-26,very_current,0,32,Missoula,Blanchard Lake,official_fwp_stocking_record,"Montana Fish, Wildlife & Parks",True,,Fish stocking record for Blanchard Lake,"Montana FWP records a stocking event at Blanchard Lake involving Rainbow Trout and 32,000 fish. Stocking schedules and completed records can change; open the official source for details.",Rainbow Trout,,,https://fwp-gis.mt.gov/arcgis/rest/services/fish/fishViewer/MapServer/38,
9732ed7b5ebb252c70,2026-07-26,very_current,0,28,Madison,Birch Creek,official_fwp_stocking_record,"Montana Fish, Wildlife & Parks",True,,Fish stocking record for Birch Creek,"Montana FWP records a stocking event at Birch Creek involving Cutthroat Trout and 1,000 fish. Stocking schedules and completed records can change; open the official source for details.",Cutthroat Trout,,,https://fwp-gis.mt.gov/arcgis/rest/services/fish/fishViewer/MapServer/38,
29a8b9d5341d077e95,2026-07-26,very_current,0,22,Jefferson,Big Pipestone Creek,official_fwp_stocking_record,"Montana Fish, Wildlife & Parks",True,,Fish stocking record for Big Pipestone Creek,"Montana FWP records a stocking event at Big Pipestone Creek involving Cutthroat Trout and 30,080 fish. Stocking schedules and completed records can change; open the official source for details.",Cutthroat Trout,,,https://fwp-gis.mt.gov/arcgis/rest/services/fish/fishViewer/MapServer/38,
3625ac2e4fa5039d4a,2026-07-26,very_current,0,7,Cascade,Big Coulee,official_fwp_stocking_record,"Montana Fish, Wildlife & Parks",True,,Fish stocking record for Big Coulee,"Montana FWP records a stocking event at Big Coulee involving Brook Trout and 10,000 fish. Stocking schedules and completed records can change; open the official source for details.",Brook Trout,,,https://fwp-gis.mt.gov/arcgis/rest/services/fish/fishViewer/MapServer/38,
246bf9ef6d0b008e4c,2026-07-26,very_current,0,25,Lewis and Clark,Benchmark Creek,official_fwp_stocking_record,"Montana Fish, Wildlife & Parks",True,,Fish stocking record for Benchmark Creek,"Montana FWP records a stocking event at Benchmark Creek involving Rainbow Trout and 70,000 fish. Stocking schedules and completed records can change; open the official source for details.",Rainbow Trout,,,https://fwp-gis.mt.gov/arcgis/rest/services/fish/fishViewer/MapServer/38,
6dda1a5c1433693c7c,2026-07-26,very_current,0,32,Missoula,Belmont Creek,official_fwp_stocking_record,"Montana Fish, Wildlife & Parks",True,,Fish stocking record for Belmont Creek,"Montana FWP records a stocking event at Belmont Creek involving Rainbow Trout and 3,200 fish. Stocking schedules and completed records can change; open the official source for details.",Rainbow Trout,,,https://fwp-gis.mt.gov/arcgis/rest/services/fish/fishViewer/MapServer/38,
4722ba75352addd334,2026-07-26,very_current,0,4,Broadwater,Beaver Creek,official_fwp_stocking_record,"Montana Fish, Wildlife & Parks",True,,Fish stocking record for Beaver Creek,"Montana FWP records a stocking event at Beaver Creek involving Rainbow Trout and 2,500 fish. Stocking schedules and completed records can change; open the official source for details.",Rainbow Trout,,,https://fwp-gis.mt.gov/arcgis/rest/services/fish/fishViewer/MapServer/38,
bec673827145073b74,2026-07-26,very_current,0,16,Gallatin,Bear Creek,official_fwp_stocking_record,"Montana Fish, Wildlife & Parks",True,,Fish stocking record for Bear Creek,"Montana FWP records a stocking event at Bear Creek involving Rainbow Trout and 8,112 fish. Stocking schedules and completed records can change; open the official source for details.",Rainbow Trout,,,https://fwp-gis.mt.gov/arcgis/rest/services/fish/fishViewer/MapServer/38,
12864d9873217c03d3,2026-07-26,very_current,0,34,Park,Bassett Creek,official_fwp_stocking_record,"Montana Fish, Wildlife & Parks",True,,Fish stocking record for Bassett Creek,"Montana FWP records a stocking event at Bassett Creek involving Brook Trout and 1,240 fish. Stocking schedules and completed records can change; open the official source for details.",Brook Trout,,,https://fwp-gis.mt.gov/arcgis/rest/services/fish/fishViewer/MapServer/38,
696931a0f41ed2c731,2026-07-26,very_current,0,41,Ravalli,Bass Creek,official_fwp_stocking_record,"Montana Fish, Wildlife & Parks",True,,Fish stocking record for Bass Creek,"Montana FWP records a stocking event at Bass Creek involving Cutthroat Trout and 20,000 fish. Stocking schedules and completed records can change; open the official source for details.",Cutthroat Trout,,,https://fwp-gis.mt.gov/arcgis/rest/services/fish/fishViewer/MapServer/38,
024b11729ea2bfbc0b,2026-07-26,very_current,0,5,Carbon,Basin Creek,official_fwp_stocking_record,"Montana Fish, Wildlife & Parks",True,,Fish stocking record for Basin Creek,"Montana FWP records a stocking event at Basin Creek involving Rainbow Trout and 5,000 fish. Stocking schedules and completed records can change; open the official source for details.",Rainbow Trout,,,https://fwp-gis.mt.gov/arcgis/rest/services/fish/fishViewer/MapServer/38,
fa70e4001b0986b216,2026-07-26,very_current,0,34,Park,Barney Creek,official_fwp_stocking_record,"Montana Fish, Wildlife & Parks",True,,Fish stocking record for Barney Creek,"Montana FWP records a stocking event at Barney Creek involving Brook Trout and 22,400 fish. Stocking schedules and completed records can change; open the official source for details.",Brook Trout,,,https://fwp-gis.mt.gov/arcgis/rest/services/fish/fishViewer/MapServer/38,
d686ff1d14e03fffdd,2026-07-26,very_current,0,4,Broadwater,Bar Gulch,official_fwp_stocking_record,"Montana Fish, Wildlife & Parks",True,,Fish stocking record for Bar Gulch,"Montana FWP records a stocking event at Bar Gulch involving Brook Trout and 3,000 fish. Stocking schedules and completed records can change; open the official source for details.",Brook Trout,,,https://fwp-gis.mt.gov/arcgis/rest/services/fish/fishViewer/MapServer/38,
c998455ff842ecdcb6,2026-07-26,very_current,0,41,Ravalli,Baker Lake,official_fwp_stocking_record,"Montana Fish, Wildlife & Parks",True,,Fish stocking record for Baker Lake,"Montana FWP records a stocking event at Baker Lake involving Cutthroat Trout and 4,000 fish. Stocking schedules and completed records can change; open the official source for details.",Cutthroat Trout,,,https://fwp-gis.mt.gov/arcgis/rest/services/fish/fishViewer/MapServer/38,
1d32faec5a03e025f6,2026-07-26,very_current,0,5,Carbon,Armstrong Creek,official_fwp_stocking_record,"Montana Fish, Wildlife & Parks",True,,Fish stocking record for Armstrong Creek,"Montana FWP records a stocking event at Armstrong Creek involving Cutthroat Trout and 56,672 fish. Stocking schedules and completed records can change; open the official source for details.",Cutthroat Trout,,,https://fwp-gis.mt.gov/arcgis/rest/services/fish/fishViewer/MapServer/38,
d0d51140b1ed3d8ab3,2026-07-26,very_current,0,49,Sweet Grass,Antelope Creek,official_fwp_stocking_record,"Montana Fish, Wildlife & Parks",True,,Fish stocking record for Antelope Creek,"Montana FWP records a stocking event at Antelope Creek involving Brook Trout and 5,000 fish. Stocking schedules and completed records can change; open the official source for details.",Brook Trout,,,https://fwp-gis.mt.gov/arcgis/rest/services/fish/fishViewer/MapServer/38,
339ea5ab48ae95312d,2026-07-26,very_current,0,20,Granite,Alder Creek,official_fwp_stocking_record,"Montana Fish, Wildlife & Parks",True,,Fish stocking record for Alder Creek,"Montana FWP records a stocking event at Alder Creek involving Rainbow Trout and 5,120 fish. Stocking schedules and completed records can change; open the official source for details.",Rainbow Trout,,,https://fwp-gis.mt.gov/arcgis/rest/services/fish/fishViewer/MapServer/38,
f893a486568e5ed3b7,2026-07-26,very_current,0,16,Gallatin,Albino Lake,official_fwp_stocking_record,"Montana Fish, Wildlife & Parks",True,,Fish stocking record for Albino Lake,"Montana FWP records a stocking event at Albino Lake involving Rainbow Trout and 5,016 fish. Stocking schedules and completed records can change; open the official source for details.",Rainbow Trout,,,https://fwp-gis.mt.gov/arcgis/rest/services/fish/fishViewer/MapServer/38,
58e6748ddeee8cfd24,2026-07-26,very_current,0,9,Custer,Tongue River,established_fishing_website,Montana Outdoor,False,,EMBA Open (Fall),The EMBA Open (Fall) is the season-closing two-day bass tournament hosted by Eastern Montana Bass Anglers on Tongue River Reservoir near Saint Xavier. Two-,,,,https://www.montanaoutdoor.com/tournament-info/emba-open-fall/,
4535abd90399daeb38,2026-07-26,very_current,0,,,,official_fwp_news,"Montana Fish, Wildlife & Parks",True,,Draft Environmental Assessment Checklist Ike’s Pond Bluegill Stocking,"bluegill,hatchery,Culbertson,fishing,recreation,stocking",,,,https://fwp.mt.gov/homepage/news/2026/july/0723-ikes-pond-bluegill-stocking-cea,
ac31afc5d8a6c0552d,2026-07-26,very_current,0,,,,official_fwp_news,"Montana Fish, Wildlife & Parks",True,,DRAFT ENVIRONMENTAL ASSESSMENT CHECKLIST Boxelder Lake Bluegill Stocking,"Boxelder,lake,Plentywood,bluegill,stocking,anglers,hatchery,recreation",,,,https://fwp.mt.gov/homepage/news/2026/july/0723-boxelder-lake-bluegill-stocking-draft-cea,
ea7ad5ac1d2955b62c,2026-07-26,very_current,0,,,,official_fwp_news,"Montana Fish, Wildlife & Parks",True,,Current Restrictions & Closures,"Find news, press releases, public notices, and closure and restriction announcements from Montana Fish, Wildlife & Parks.",,,,https://fwp.mt.gov/news/current-closures-restrictions,
8efb26fe5e2011e19b,2026-07-26,very_current,0,5,Carbon,Bighorn Lake,established_fishing_website,Montana Outdoor,False,,Bighorn Lake,"Live conditions, interactive maps, fishing techniques, and upcoming tournaments for Bighorn Lake, Montana.",,,,https://www.montanaoutdoor.com/waterdata/bighorn-lake/,
b90d575f899181dd77,2026-07-26,very_current,0,28,Madison,Big Hole River,established_fishing_website,Montana Outdoor,False,,Beat the Heat on the Big Hole: Your Morning Angling Game Plan,"Montana's Big Hole River is currently experiencing warm water temperatures and declining flows, prompting ""hoot owl"" restrictions on midday fishing. Fishermen are advised to fish early, focusing on deeper pools and handling fish carefully. As summer progresses, expect Tricos and terrestrial fishing opportunities. Utilize a dry-dropper setup for best results.",,,,https://www.montanaoutdoor.com/2026/07/beat-the-heat-on-the-big-hole-your-morning-angling-game-plan/,
b90d575f899181dd77,2026-07-26,very_current,0,47,Silver Bow,Big Hole River,established_fishing_website,Montana Outdoor,False,,Beat the Heat on the Big Hole: Your Morning Angling Game Plan,"Montana's Big Hole River is currently experiencing warm water temperatures and declining flows, prompting ""hoot owl"" restrictions on midday fishing. Fishermen are advised to fish early, focusing on deeper pools and handling fish carefully. As summer progresses, expect Tricos and terrestrial fishing opportunities. Utilize a dry-dropper setup for best results.",,,,https://www.montanaoutdoor.com/2026/07/beat-the-heat-on-the-big-hole-your-morning-angling-game-plan/,
196f458fd156867689,2026-07-26,very_current,0,25,Lewis and Clark,Willow Creek Reservoir,established_fishing_website,Montana Outdoor,False,,Augusta Kids Fishing Derby,"A free, family-friendly fishing derby for Montana kids ages 12 and under, held at Willow Creek Reservoir outside Augusta. Now in its fourth year, the event",,,,https://www.montanaoutdoor.com/tournament-info/augusta-kids-fishing-derby/,
fb9f994fc450cc5aa5,2026-07-26,very_current,0,,,,official_fwp_news,"Montana Fish, Wildlife & Parks",True,,Additional fishing restrictions begin July 22 on several Montana rivers,Additional fishing restrictions begin July 22 on several Montana rivers,,,,https://fwp.mt.gov/homepage/news/2026/july/0721-additional-fishing-restrictions-begin-july-22-on-several-montana-rivers,
73af080d4616638ab9,2026-07-23,very_current,3,15,Flathead,Ashley Lake,established_fishing_website,Montana Outdoor,False,,FWP responds to brown trout detection in the Flathead Drainage,"Montana Fish, Wildlife & Parks has detected non-native brown trout in Ashley Lake and Church Slough and urges anglers to report any catches. Immediate killing of brown trout in the Flathead drainage is necessary to prevent their establishment, which would harm local fisheries. Anglers are vital in aiding monitoring efforts.",,,,https://www.montanaoutdoor.com/2026/07/fwp-responds-to-brown-trout-detection-in-the-flathead-drainage/,
11ec753af08a239497,2026-07-23,very_current,3,41,Ravalli,Bitterroot River,established_fishing_website,Montana Outdoor,False,,Beat the Heat: Fishing Strategies for Bitterroot River,"The Bitterroot River is under Hoot Owl restrictions, prohibiting fishing from 2:00 PM to midnight due to high temperatures. Anglers should plan to fish early in the morning, using tactical strategies with specific flies, while prioritizing trout care. The focus should be on efficient fishing before the afternoon closure.",,,,https://www.montanaoutdoor.com/2026/07/beat-the-heat-fishing-strategies-for-bitterroot-river/,
b91050517675c0ddec,2026-07-22,very_current,4,7,Cascade,Missouri River,established_fishing_website,Montana Outdoor,False,,The Missouri River Just Got Way Cooler in North Dakota,"The North Dakota Game and Fish Department has made history by stocking tiger trout in the Missouri River, south of the Garrison Dam. This hybrid fish, a cross between brown and brook trout, is sterile and grows large due to reduced reproductive energy. Anglers in Montana may find this an exciting reason to explore new fishing opportunities.",,,,https://www.montanaoutdoor.com/2026/07/the-missouri-river-just-got-way-cooler-in-north-dakota/,
76222944c38d02967e,2026-07-22,very_current,4,49,Sweet Grass,Yellowstone River,official_current_water_restriction,"Montana Fish, Wildlife & Parks",True,restriction,"<span style=""color:red"">Hoot Owl Restriction - prohibits angling from 2 p.m. to midnight</span>","<span style=""color:red"">Hoot Owl Restriction - prohibits angling from 2 p.m. to midnight</span> — Yellowstone River - from the Hwy 89 Bridge near Livingston to the Hwy 310/212 bridge in Laurel. — Temperature and flows were measured at the USGS gauge 06192500 Yellowstone River at Livingston, and USGS gauge 06195950 Yellowstone River at Big Timber. Water temperatures exceeded 73 degrees in this reach of the Yellowstone River for three consecutive days starting July 16.",,,Yellowstone River - from the Hwy 89 Bridge near Livingston to the Hwy 310/212 bridge in Laurel.,https://fwp.mt.gov/news/current-closures-restrictions/waterbody-closures,
a20daca4ccbe0a7b62,2026-07-21,very_current,5,16,Gallatin,Gallatin River,established_fishing_website,Montana Outdoor,False,,"Gallatin River Fishing Tips for Muddy Water, 7.20.26","Recent heavy rains have turned the Gallatin River muddy, making trout fishing challenging. Expert Toby Swank advises anglers to abandon dry fly rods and use heavier rigs with Pat’s Rubberlegs. While conditions are tough now, the river typically rebounds quickly, so patience is key. Consider alternate fishing or relaxing for the day.",,,,https://www.montanaoutdoor.com/2026/07/gallatin-river-fishing-tips-for-muddy-water-7-20-26/,
977960830176199d0d,2026-07-21,very_current,5,28,Madison,Big Hole River,official_current_water_restriction,"Montana Fish, Wildlife & Parks",True,restriction,"<span style=""color:red"">Section 5 of the Big Hole River - Hoot Owl Restriction - prohibits angling from 2 p.m. to midnight</span>","<span style=""color:red"">Section 5 of the Big Hole River - Hoot Owl Restriction - prohibits angling from 2 p.m. to midnight</span> — Section 5: Tony Schoonen FAS to confluence with Beaverhead River. — Water temperatures were measured at USGS gage 06026420 near Twin Bridges. Water temperatures exceeded 73 degrees in this reach of the Big Hole River for three consecutive days starting on July 11.",,,Section 5: Tony Schoonen FAS to confluence with Beaverhead River.,https://fwp.mt.gov/news/current-closures-restrictions/waterbody-closures,
8749ae71f1777d2e42,2026-07-21,very_current,5,1,Beaverhead,Big Hole River,official_current_water_restriction,"Montana Fish, Wildlife & Parks",True,restriction,"<span style=""color:red"">Section 2 of the Big Hole River - Hoot Owl Restriction - prohibits angling from 2 p.m. to midnight</span>","<span style=""color:red"">Section 2 of the Big Hole River - Hoot Owl Restriction - prohibits angling from 2 p.m. to midnight</span> — Section 2 of the Big Hole River from the confluence with North Fork of the Big Hole River to Dickie Bridge. — Water temperatures were measured at DNRC gage 41D 08000 near Wise River. Water temperatures exceeded 73 degrees in this reach of the Big Hole River for three consecutive days starting on July 17.",,,Section 2 of the Big Hole River from the confluence with North Fork of the Big Hole River to Dickie Bridge.,https://fwp.mt.gov/news/current-closures-restrictions/waterbody-closures,
4b9145ae27f86c0284,2026-07-21,very_current,5,1,Beaverhead,Big Hole River,official_current_water_restriction,"Montana Fish, Wildlife & Parks",True,restriction,"<span style=""color:red"">Section 1 of the Big Hole River - Hoot Owl Restriction - prohibits angling from 2 p.m. to midnight</span>","<span style=""color:red"">Section 1 of the Big Hole River - Hoot Owl Restriction - prohibits angling from 2 p.m. to midnight</span> — &#8203;Section 1: Saginaw Bridge on Skinner Meadows Road to the confluence with North Fork of the Big Hole River. — Water temperatures were measured at USGS gage 06024450 near Wisdom. Water temperatures exceeded 73 degrees in this reach of the Big Hole River for three consecutive days starting on July 11.",,,&#8203;Section 1: Saginaw Bridge on Skinner Meadows Road to the confluence with North Fork of the Big Hole River.,https://fwp.mt.gov/news/current-closures-restrictions/waterbody-closures,
4ee8085a87f5cd7b93,2026-07-21,very_current,5,41,Ravalli,Bitterroot River,official_current_water_restriction,"Montana Fish, Wildlife & Parks",True,restriction,"<span style=""color:red"">Hoot Owl Restrictions - prohibits angling from 2 p.m. to midnight</span>","<span style=""color:red"">Hoot Owl Restrictions - prohibits angling from 2 p.m. to midnight</span> — The entire Bitterroot River from the confluence of the east and west forks to confluence with Clark Fork River. — Temperatures were measured at the USGS gauge 12352500 near Missoula. Water temperatures exceeded 73 degrees in this reach of the Bitterroot River for three consecutive days starting July 17. Temperatures were measured at the USGS gauge 12344000 near Darby. Water temperatures exceeded 66 degrees in this…",,,The entire Bitterroot River from the confluence of the east and west forks to confluence with Clark Fork River.,https://fwp.mt.gov/news/current-closures-restrictions/waterbody-closures,
3d8bab998afd7ff625,2026-07-21,very_current,5,50,Teton,Sun River,official_current_water_restriction,"Montana Fish, Wildlife & Parks",True,restriction,"<span style=""color:red"">Hoot Owl Restriction - prohibits angling from 2 p.m. to midnight</span>","<span style=""color:red"">Hoot Owl Restriction - prohibits angling from 2 p.m. to midnight</span> — Sun River from the Hwy 287 Bridge (RM 67.5) to the mouth of Muddy Creek (RM 17.1). — Flows and temperature were measured at USGS gauge 06085800 Sun River at Simms 7/9/26 at 10:30 am. Sun River maximum water temperatures at the Simms gage reached or exceeded 73F on July 7, 8, and 9, meeting Hoot Owl criteria.",,,Sun River from the Hwy 287 Bridge (RM 67.5) to the mouth of Muddy Creek (RM 17.1).,https://fwp.mt.gov/news/current-closures-restrictions/waterbody-closures,
69038910f61cd695e5,2026-07-21,very_current,5,16,Gallatin,Madison River,official_current_water_restriction,"Montana Fish, Wildlife & Parks",True,restriction,"<span style=""color:red"">Hoot Owl Restriction - prohibits angling from 2 p.m. to midnight</span>","<span style=""color:red"">Hoot Owl Restriction - prohibits angling from 2 p.m. to midnight</span> — Madison River from Upstream most Yellowstone National Park boundary (RM 126.4) to Hebgen Reservoir (RM 123.1). — &#8203;&#8203;Flows and water temperatures are measured at USGS gage 06037500 near West Yellowstone&#8203;. &#8203;&#8203;Water temperatures exceeded 73 degrees in this reach of the Madison River for three consecutive days starting on July 3rd and have approached 80 degrees several days in the last…",,,Madison River from Upstream most Yellowstone National Park boundary (RM 126.4) to Hebgen Reservoir (RM 123.1).,https://fwp.mt.gov/news/current-closures-restrictions/waterbody-closures,
5621a7dd717ec89b54,2026-07-21,very_current,5,28,Madison,Beaverhead River,official_current_water_restriction,"Montana Fish, Wildlife & Parks",True,restriction,"<span style=""color:red"">Hoot Owl Restriction - prohibits angling from 2 p.m. to midnight</span>","<span style=""color:red"">Hoot Owl Restriction - prohibits angling from 2 p.m. to midnight</span> — Lower Beaverhead River from Hwy 41 near East Bench Road and Beaverhead Rock (RM 25.3) to its confluence with the Big Hole River (RM 0). — &#8203;&#8203;Temperatures were measured at the DNRC gage 41B 09000 at Silverbow Lane.&#8203; &#8203;&#8203;Water temperatures exceeded 73 degrees in this reach of the Beaverhead River for three consecutive days starting on July 7th.&#8203;",,,Lower Beaverhead River from Hwy 41 near East Bench Road and Beaverhead Rock (RM 25.3) to its confluence with the Big Hole River (RM 0).,https://fwp.mt.gov/news/current-closures-restrictions/waterbody-closures,
f6fb434c54f0da2e84,2026-07-21,very_current,5,28,Madison,Ruby River,official_current_water_restriction,"Montana Fish, Wildlife & Parks",True,restriction,"<span style=""color:red"">Hoot Owl Restriction - prohibits angling from 2 p.m. to midnight</span>","<span style=""color:red"">Hoot Owl Restriction - prohibits angling from 2 p.m. to midnight</span> — Lower Ruby River - from Duncan District Road to the confluence with the Beaverhead River. — Water temperatures were measured at USGS gage 06023000 near Twin Bridges.&#8203; &#8203;&#8203;&#8203;&#8203;Water temperatures exceeded 73 degrees in this reach of the Ruby River for three consecutive days starting on July 10th.",,,Lower Ruby River - from Duncan District Road to the confluence with the Beaverhead River.,https://fwp.mt.gov/news/current-closures-restrictions/waterbody-closures,
f457ea5c1e285cf4da,2026-07-21,very_current,5,28,Madison,Jefferson River,official_current_water_restriction,"Montana Fish, Wildlife & Parks",True,restriction,"<span style=""color:red"">Hoot Owl Restriction - prohibits angling from 2 p.m. to midnight</span>","<span style=""color:red"">Hoot Owl Restriction - prohibits angling from 2 p.m. to midnight</span> — The entire Jefferson River from the confluence with the Madison River to confluence of the Beaverhead and Big Hole River. — Temperatures and flows are measured at U.S. Geological Survey (USGS) gage 06026500 Jefferson River near Twin Bridges.&#8203; Water temperatures exceeded 73 degree for three consecutive days starting on July 9.",,,The entire Jefferson River from the confluence with the Madison River to confluence of the Beaverhead and Big Hole River.,https://fwp.mt.gov/news/current-closures-restrictions/waterbody-closures,
6d2129ca9c6e196569,2026-07-21,very_current,5,16,Gallatin,Gallatin River,official_current_water_restriction,"Montana Fish, Wildlife & Parks",True,restriction,"<span style=""color:red"">Hoot Owl Restriction - prohibits angling from 2 p.m. to midnight</span>","<span style=""color:red"">Hoot Owl Restriction - prohibits angling from 2 p.m. to midnight</span> — Lower Gallatin River from &#8203;&#8203;Cameron Bridge Road to the confluence with the Missouri River.&#8203; — Flows were measure at &#8203;&#8203;USGS gage 06052500 near Logan and water temperatures are measured by FWP staff at upstream bridges.&#8203; Water temperatures exceeded 73 degrees in this reach of the Gallatin River for three consecutive days starting July 8.",,,Lower Gallatin River from &#8203;&#8203;Cameron Bridge Road to the confluence with the Missouri River.&#8203;,https://fwp.mt.gov/news/current-closures-restrictions/waterbody-closures,
2ec90d46ec8b9defce,2026-07-21,very_current,5,16,Gallatin,East Gallatin River,official_current_water_restriction,"Montana Fish, Wildlife & Parks",True,restriction,"<span style=""color:red"">Hoot Owl Restriction - prohibits angling from 2 p.m. to midnight</span>","<span style=""color:red"">Hoot Owl Restriction - prohibits angling from 2 p.m. to midnight</span> — &#8203;&#8203;The entire East Gallatin River from its origin at the confluence of Rocky and Bear creeks to the Gallatin River at Nixon Bridge.&#8203; — Flows were measured at &#8203;&#8203;DNRC gage 41H 08900 near Manhattan and water temperatures measured by FWP staff at upstream bridges.&#8203; Water temperatures exceeded 73 degrees for three consecutive days starting July 9.",,,&#8203;&#8203;The entire East Gallatin River from its origin at the confluence of Rocky and Bear creeks to the Gallatin River at Nixon Bridge.&#8203;,https://fwp.mt.gov/news/current-closures-restrictions/waterbody-closures,
b0d66ae12ccd839901,2026-07-21,very_current,5,34,Park,Shields River,official_current_water_restriction,"Montana Fish, Wildlife & Parks",True,restriction,"<span style=""color:red"">Hoot Owl Restriction - prohibits angling from 2 p.m. to midnight</span>","<span style=""color:red"">Hoot Owl Restriction - prohibits angling from 2 p.m. to midnight</span> — Bridge over Shields River upstream of Wilsall between Jordan Bench and Pinkerton roads to confluence with Yellowstone River. — Water temperatures were measured by FWP staff at bridge crossings. Water temperatures exceeded 73 degrees in this reach of the Shields River for three consecutive days starting July 20.",,,Bridge over Shields River upstream of Wilsall between Jordan Bench and Pinkerton roads to confluence with Yellowstone River.,https://fwp.mt.gov/news/current-closures-restrictions/waterbody-closures,
310d9b9722cd4634b1,2026-07-21,very_current,5,30,Meagher,Smith River,official_current_water_restriction,"Montana Fish, Wildlife & Parks",True,restriction,"<span style=""color:red"">Hoot Owl Restriction - prohibits angling from 2 p.m. to midnight</span>","<span style=""color:red"">Hoot Owl Restriction - prohibits angling from 2 p.m. to midnight</span> — From the confluence of the North and South forks of the Smith River to Eden Bridge. — Temperatures were measured at the USGS gauge 06077200 below Eagle Creek near Fort Logan. Water temperatures exceeded 73 degrees in this reach of the Smith River for three consecutive days starting July 16.",,,From the confluence of the North and South forks of the Smith River to Eden Bridge.,https://fwp.mt.gov/news/current-closures-restrictions/waterbody-closures,
684a3ab71f0e6b0c89,2026-07-21,very_current,5,39,Powell,Clark Fork River,official_current_water_restriction,"Montana Fish, Wildlife & Parks",True,restriction,"<span style=""color:red"">Hoot Owl Restriction - prohibits angling from 2 p.m. to midnight</span>","<span style=""color:red"">Hoot Owl Restriction - prohibits angling from 2 p.m. to midnight</span> — From the Clark Fork¿s origin at the confluence of Warm Springs Creek and Silver Bow Creek to the mouth of Flint Creek — Temperatures were measured at the USGS gauge 12324200 at Deer Lodge. Water temperatures exceeded 73 degrees in this reach of the Clark Fork River for three consecutive days starting July 17.",,,From the Clark Fork¿s origin at the confluence of Warm Springs Creek and Silver Bow Creek to the mouth of Flint Creek,https://fwp.mt.gov/news/current-closures-restrictions/waterbody-closures,
c518032b10645ef672,2026-07-21,very_current,5,28,Madison,Madison River,official_current_water_restriction,"Montana Fish, Wildlife & Parks",True,restriction,"<span style=""color:red"">Hoot Owl Restriction - prohibits angling between 2 PM to midnight</span>","<span style=""color:red"">Hoot Owl Restriction - prohibits angling between 2 PM to midnight</span> — From Eight Mile FAS to Ennis Reservoir. — Water temperatures were measured at the USGS gage 06040050 Madison River near Ennis&#8203;. Water temperatures exceeded 73 degrees in this reach of the Madison River for three consecutive days starting on July 19th.",,,From Eight Mile FAS to Ennis Reservoir.,https://fwp.mt.gov/news/current-closures-restrictions/waterbody-closures,
7030e0d5d445ee4f8d,2026-07-14,very_current,12,28,Madison,Madison River,official_current_water_restriction,"Montana Fish, Wildlife & Parks",True,restriction,"<span style=""color:red"">Drought Closure - Fishing Prohibited 24 Hours</span>","<span style=""color:red"">Drought Closure - Fishing Prohibited 24 Hours</span> — &#8203;&#8203;Madison Dam at Ennis Reservoir to footbridge at NorthWestern Energy powerhouse.&#8203; — Flows and temperatures are measured below Ennis Reservoir at USGS gage 06041000. Outflows from Ennis Lake have consistently been between 70 and 71 degrees since July 10, even at night. Therefore, fishing at night and early morning hours will leave fish vulnerable to high catch-and-release mortality associated with high water…",,,&#8203;&#8203;Madison Dam at Ennis Reservoir to footbridge at NorthWestern Energy powerhouse.&#8203;,https://fwp.mt.gov/news/current-closures-restrictions/waterbody-closures,
77817fb7d15c48e512,2026-07-14,very_current,12,32,Missoula,Blackfoot River,official_current_water_restriction,"Montana Fish, Wildlife & Parks",True,restriction,"<span style=""color:red"">Blackfoot River closure</span>","<span style=""color:red"">Blackfoot River closure</span> — The Blackfoot River, from Weigh Station Fishing Access Site downstream to the point where the river crosses under Interstate 90 — The Blackfoot River, from Weigh Station Fishing Access Site downstream to the point where the river crosses under Interstate 90, will be closed to floating beginning Wednesday, July 15 due to construction on a railway bridge. The BNSF Railway Company (BNSF) project includes building a temporary work bridge, and the construction…",,,"The Blackfoot River, from Weigh Station Fishing Access Site downstream to the point where the river crosses under Interstate 90",https://fwp.mt.gov/news/current-closures-restrictions/waterbody-closures,
148128bc76e1fc1bc4,2026-07-08,current,18,27,Lincoln,West Fisher Creek,official_fwp_fish_survey,"Montana Fish, Wildlife & Parks",True,,Official fish survey record for West Fisher Creek,"Montana FWP's Fisheries Information System records a fish survey at West Fisher Creek. Species recorded include Brook Trout, Bull Trout, Mountain Whitefish, Rainbow Trout. The survey records represented 73 fish across the latest grouped records.","Brook Trout, Bull Trout, Mountain Whitefish, Rainbow Trout",Official FWP fisheries survey; survey gear and methods vary by record.,,https://fwp-gis.mt.gov/arcgis/rest/services/fish/fishViewer/MapServer/51,
7b34621a0d8adc2cae,2026-06-23,recent,33,27,Lincoln,Spar Lake,official_fwp_stocking_record,"Montana Fish, Wildlife & Parks",True,,Fish stocking record for Spar Lake,"Montana FWP records a stocking event at Spar Lake involving Rainbow Trout and 1,999 fish. Stocking schedules and completed records can change; open the official source for details.",Rainbow Trout,,,https://fwp-gis.mt.gov/arcgis/rest/services/fish/fishViewer/MapServer/38,
db90ca4bdc0f06a50a,2026-06-23,recent,33,20,Granite,Georgetown Lake,official_fwp_stocking_record,"Montana Fish, Wildlife & Parks",True,,Fish stocking record for Georgetown Lake,"Montana FWP records a stocking event at Georgetown Lake involving Brook Trout and 44,226 fish. Stocking schedules and completed records can change; open the official source for details.",Brook Trout,,,https://fwp-gis.mt.gov/arcgis/rest/services/fish/fishViewer/MapServer/38,
0b61f0ddba96f0ba1d,2026-06-22,recent,34,7,Cascade,Missouri River,official_fwp_fish_survey,"Montana Fish, Wildlife & Parks",True,,Official fish survey record for Missouri River,Montana FWP's Fisheries Information System records a fish survey at Missouri River. Species recorded include Northern Pike. The survey records represented 1 fish across the latest grouped records.,Northern Pike,Official FWP fisheries survey; survey gear and methods vary by record.,,https://fwp-gis.mt.gov/arcgis/rest/services/fish/fishViewer/MapServer/51,
dcf681326ce0b68877,2026-06-22,recent,34,28,Madison,Ruby River Reservoir,official_fwp_stocking_record,"Montana Fish, Wildlife & Parks",True,,Fish stocking record for Ruby River Reservoir,"Montana FWP records a stocking event at Ruby River Reservoir involving Rainbow Trout and 52,428 fish. Stocking schedules and completed records can change; open the official source for details.",Rainbow Trout,,,https://fwp-gis.mt.gov/arcgis/rest/services/fish/fishViewer/MapServer/38,
075ec8c1fd7d589085,2026-06-19,recent,37,32,Missoula,Harpers Lake,official_fwp_stocking_record,"Montana Fish, Wildlife & Parks",True,,Fish stocking record for Harpers Lake,Montana FWP records a stocking event at Harpers Lake involving Rainbow Trout and 520 fish. Stocking schedules and completed records can change; open the official source for details.,Rainbow Trout,,,https://fwp-gis.mt.gov/arcgis/rest/services/fish/fishViewer/MapServer/38,
3216c3e174acc86cef,2026-06-19,recent,37,7,Cascade,Giant Springs Fishing Pond,official_fwp_stocking_record,"Montana Fish, Wildlife & Parks",True,,Fish stocking record for Giant Springs Fishing Pond,Montana FWP records a stocking event at Giant Springs Fishing Pond involving Rainbow Trout and 100 fish. Stocking schedules and completed records can change; open the official source for details.,Rainbow Trout,,,https://fwp-gis.mt.gov/arcgis/rest/services/fish/fishViewer/MapServer/38,
a3d3f3d89a03a94688,2026-06-17,recent,39,39,Powell,Browns Lake,official_fwp_stocking_record,"Montana Fish, Wildlife & Parks",True,,Fish stocking record for Browns Lake,"Montana FWP records a stocking event at Browns Lake involving Rainbow Trout and 9,675 fish. Stocking schedules and completed records can change; open the official source for details.",Rainbow Trout,,,https://fwp-gis.mt.gov/arcgis/rest/services/fish/fishViewer/MapServer/38,
3ea84b4eda9bfe57d6,2026-06-15,recent,41,15,Flathead,Beaver Lake,official_fwp_stocking_record,"Montana Fish, Wildlife & Parks",True,,Fish stocking record for Beaver Lake,"Montana FWP records a stocking event at Beaver Lake involving Rainbow Trout and 5,481 fish. Stocking schedules and completed records can change; open the official source for details.",Rainbow Trout,,,https://fwp-gis.mt.gov/arcgis/rest/services/fish/fishViewer/MapServer/38,
76fcebe4628589ab60,2026-06-10,recent,46,5,Carbon,Greenough Lake,official_fwp_stocking_record,"Montana Fish, Wildlife & Parks",True,,Fish stocking record for Greenough Lake,"Montana FWP records a stocking event at Greenough Lake involving Rainbow Trout and 1,502 fish. Stocking schedules and completed records can change; open the official source for details.",Rainbow Trout,,,https://fwp-gis.mt.gov/arcgis/rest/services/fish/fishViewer/MapServer/38,
f3eddaf0367dfd035b,2026-06-09,recent,47,21,Hill,Normandy Coulee Pond,official_fwp_stocking_record,"Montana Fish, Wildlife & Parks",True,,Fish stocking record for Normandy Coulee Pond,"Montana FWP records a stocking event at Normandy Coulee Pond involving Rainbow Trout and 1,000 fish. Stocking schedules and completed records can change; open the official source for details.",Rainbow Trout,,,https://fwp-gis.mt.gov/arcgis/rest/services/fish/fishViewer/MapServer/38,
539c84f42afed5720d,2026-06-08,recent,48,27,Lincoln,Kilbrennan Lake,official_fwp_fish_survey,"Montana Fish, Wildlife & Parks",True,,Official fish survey record for Kilbrennan Lake,"Montana FWP's Fisheries Information System records a fish survey at Kilbrennan Lake. Species recorded include Black Bullhead, Brook Trout, Largemouth Bass. The survey records represented 37 fish across the latest grouped records.","Black Bullhead, Brook Trout, Largemouth Bass",Official FWP fisheries survey; survey gear and methods vary by record.,,https://fwp-gis.mt.gov/arcgis/rest/services/fish/fishViewer/MapServer/51,
18c225c168fa414074,2026-06-08,recent,48,32,Missoula,Clark Fork River,official_fwp_fish_survey,"Montana Fish, Wildlife & Parks",True,,Official fish survey record for Clark Fork River,"Montana FWP's Fisheries Information System records a fish survey at Clark Fork River. Species recorded include Brown Trout, Northern Pike, Rainbow Trout, Westslope Cutthroat Trout. The survey records represented 186 fish across the latest grouped records.","Brown Trout, Northern Pike, Rainbow Trout, Westslope Cutthroat Trout",Official FWP fisheries survey; survey gear and methods vary by record.,,https://fwp-gis.mt.gov/arcgis/rest/services/fish/fishViewer/MapServer/51,
f79d3f0195281910fa,2026-06-05,recent,51,30,Meagher,Gipsy Lake,official_fwp_stocking_record,"Montana Fish, Wildlife & Parks",True,,Fish stocking record for Gipsy Lake,Montana FWP records a stocking event at Gipsy Lake involving Rainbow Trout and 521 fish. Stocking schedules and completed records can change; open the official source for details.,Rainbow Trout,,,https://fwp-gis.mt.gov/arcgis/rest/services/fish/fishViewer/MapServer/38,
18f09effefa3bcdd29,2026-06-05,recent,51,32,Missoula,Frenchtown Pond,official_fwp_stocking_record,"Montana Fish, Wildlife & Parks",True,,Fish stocking record for Frenchtown Pond,Montana FWP records a stocking event at Frenchtown Pond involving Rainbow Trout and 484 fish. Stocking schedules and completed records can change; open the official source for details.,Rainbow Trout,,,https://fwp-gis.mt.gov/arcgis/rest/services/fish/fishViewer/MapServer/38,
a141ba9a779fed453f,2026-06-05,recent,51,54,Wheatland,Chief Joseph Pond,official_fwp_stocking_record,"Montana Fish, Wildlife & Parks",True,,Fish stocking record for Chief Joseph Pond,Montana FWP records a stocking event at Chief Joseph Pond involving Rainbow Trout and 521 fish. Stocking schedules and completed records can change; open the official source for details.,Rainbow Trout,,,https://fwp-gis.mt.gov/arcgis/rest/services/fish/fishViewer/MapServer/38,
0f8a980e4f38ba461c,2026-06-04,recent,52,15,Flathead,Shady Lane Pond,official_fwp_stocking_record,"Montana Fish, Wildlife & Parks",True,,Fish stocking record for Shady Lane Pond,Montana FWP records a stocking event at Shady Lane Pond involving Rainbow Trout and 922 fish. Stocking schedules and completed records can change; open the official source for details.,Rainbow Trout,,,https://fwp-gis.mt.gov/arcgis/rest/services/fish/fishViewer/MapServer/38,
3f394dc4eeaa6eb7fc,2026-06-03,recent,53,48,Stillwater,West Rosebud Lake,official_fwp_stocking_record,"Montana Fish, Wildlife & Parks",True,,Fish stocking record for West Rosebud Lake,"Montana FWP records a stocking event at West Rosebud Lake involving Rainbow Trout and 3,000 fish. Stocking schedules and completed records can change; open the official source for details.",Rainbow Trout,,,https://fwp-gis.mt.gov/arcgis/rest/services/fish/fishViewer/MapServer/38,
306910bf9728b0740e,2026-06-03,recent,53,41,Ravalli,Lake Como,official_fwp_stocking_record,"Montana Fish, Wildlife & Parks",True,,Fish stocking record for Lake Como,Montana FWP records a stocking event at Lake Como involving Rainbow Trout and 928 fish. Stocking schedules and completed records can change; open the official source for details.,Rainbow Trout,,,https://fwp-gis.mt.gov/arcgis/rest/services/fish/fishViewer/MapServer/38,
d0a5acfdfb595fac1d,2026-06-03,recent,53,48,Stillwater,Emerald Lake,official_fwp_stocking_record,"Montana Fish, Wildlife & Parks",True,,Fish stocking record for Emerald Lake,"Montana FWP records a stocking event at Emerald Lake involving Rainbow Trout and 1,800 fish. Stocking schedules and completed records can change; open the official source for details.",Rainbow Trout,,,https://fwp-gis.mt.gov/arcgis/rest/services/fish/fishViewer/MapServer/38,
4772dc81e3fc429098,2026-06-01,recent,55,25,Lewis and Clark,Sun River,official_current_water_restriction,"Montana Fish, Wildlife & Parks",True,restriction,"<span style=""color:red"">Emergency Sun River Closure: Sun River Bridge Construction</span>","<span style=""color:red"">Emergency Sun River Closure: Sun River Bridge Construction</span> — Temporary closure on the Sun River beginning 500 feet upstream of the existing Sun River Bridge and ending 500 feet downstream of the existing Sun River Bridge. — The Federal Highway Administration (FHWA) is replacing the Sun River Bridge, also known as the Pishkun Road Bridge. A temporary closure on the Sun River from 500 feet upstream of the existing Sun River Bridge to 500 feet downstream of the existing Sun River Bridge…",,,Temporary closure on the Sun River beginning 500 feet upstream of the existing Sun River Bridge and ending 500 feet downstream of the existing Sun River Bridge.,https://fwp.mt.gov/news/current-closures-restrictions/waterbody-closures,
d4cd4bf5c1dd768331,2026-05-29,recent,58,7,Cascade,Pelican Point #1,official_fwp_stocking_record,"Montana Fish, Wildlife & Parks",True,,Fish stocking record for Pelican Point #1,"Montana FWP records a stocking event at Pelican Point #1 involving Rainbow Trout and 1,000 fish. Stocking schedules and completed records can change; open the official source for details.",Rainbow Trout,,,https://fwp-gis.mt.gov/arcgis/rest/services/fish/fishViewer/MapServer/38,
08be3b3652e5b02159,2026-05-28,recent,59,24,Lake,Loon Lake,official_fwp_stocking_record,"Montana Fish, Wildlife & Parks",True,,Fish stocking record for Loon Lake,"Montana FWP records a stocking event at Loon Lake involving Rainbow Trout and 1,832 fish. Stocking schedules and completed records can change; open the official source for details.",Rainbow Trout,,,https://fwp-gis.mt.gov/arcgis/rest/services/fish/fishViewer/MapServer/38,
035c1e64b2a37bccd4,2026-05-27,recent,60,15,Flathead,Smith Lake,official_fwp_stocking_record,"Montana Fish, Wildlife & Parks",True,,Fish stocking record for Smith Lake,Montana FWP records a stocking event at Smith Lake involving Rainbow Trout and 493 fish. Stocking schedules and completed records can change; open the official source for details.,Rainbow Trout,,,https://fwp-gis.mt.gov/arcgis/rest/services/fish/fishViewer/MapServer/38,
94632e23950ae1f850,2026-05-26,recent,61,3,Blaine,Salmo Reservoir,official_fwp_stocking_record,"Montana Fish, Wildlife & Parks",True,,Fish stocking record for Salmo Reservoir,"Montana FWP records a stocking event at Salmo Reservoir involving Rainbow Trout and 1,000 fish. Stocking schedules and completed records can change; open the official source for details.",Rainbow Trout,,,https://fwp-gis.mt.gov/arcgis/rest/services/fish/fishViewer/MapServer/38,
6085dc97a4e3611cf1,2026-05-26,recent,61,14,Fergus,Elks Country Club Pond,official_fwp_stocking_record,"Montana Fish, Wildlife & Parks",True,,Fish stocking record for Elks Country Club Pond,Montana FWP records a stocking event at Elks Country Club Pond involving Rainbow Trout and 203 fish. Stocking schedules and completed records can change; open the official source for details.,Rainbow Trout,,,https://fwp-gis.mt.gov/arcgis/rest/services/fish/fishViewer/MapServer/38,
394f7764c5fa83a728,2026-05-24,recent,63,20,Granite,Stewart Lake,official_fwp_stocking_record,"Montana Fish, Wildlife & Parks",True,,Fish stocking record for Stewart Lake,"Montana FWP records a stocking event at Stewart Lake involving Westslope Cutthroat Trout and 2,970 fish. Stocking schedules and completed records can change; open the official source for details.",Westslope Cutthroat Trout,,,https://fwp-gis.mt.gov/arcgis/rest/services/fish/fishViewer/MapServer/38,
c78f9a50032af5f5fd,2026-05-24,recent,63,20,Granite,Moose Lake,official_fwp_stocking_record,"Montana Fish, Wildlife & Parks",True,,Fish stocking record for Moose Lake,"Montana FWP records a stocking event at Moose Lake involving Westslope Cutthroat Trout and 2,970 fish. Stocking schedules and completed records can change; open the official source for details.",Westslope Cutthroat Trout,,,https://fwp-gis.mt.gov/arcgis/rest/services/fish/fishViewer/MapServer/38,
f8181276e7021438b0,2026-05-21,recent,66,25,Lewis and Clark,Wood Lake,official_fwp_stocking_record,"Montana Fish, Wildlife & Parks",True,,Fish stocking record for Wood Lake,"Montana FWP records a stocking event at Wood Lake involving Westslope Cutthroat Trout and 2,700 fish. Stocking schedules and completed records can change; open the official source for details.",Westslope Cutthroat Trout,,,https://fwp-gis.mt.gov/arcgis/rest/services/fish/fishViewer/MapServer/38,
c85e7731a6c7db743f,2026-05-21,recent,66,50,Teton,Tunnel Lake,official_fwp_stocking_record,"Montana Fish, Wildlife & Parks",True,,Fish stocking record for Tunnel Lake,"Montana FWP records a stocking event at Tunnel Lake involving Westslope Cutthroat Trout and 2,000 fish. Stocking schedules and completed records can change; open the official source for details.",Westslope Cutthroat Trout,,,https://fwp-gis.mt.gov/arcgis/rest/services/fish/fishViewer/MapServer/38,
f904add4a66d0ff055,2026-05-21,recent,66,14,Fergus,Carters Pond,official_fwp_stocking_record,"Montana Fish, Wildlife & Parks",True,,Fish stocking record for Carters Pond,"Montana FWP records a stocking event at Carters Pond involving Rainbow Trout and 1,027 fish. Stocking schedules and completed records can change; open the official source for details.",Rainbow Trout,,,https://fwp-gis.mt.gov/arcgis/rest/services/fish/fishViewer/MapServer/38,
4230fceeb28efce608,2026-05-19,recent,68,27,Lincoln,Spar Lake,official_fwp_fish_survey,"Montana Fish, Wildlife & Parks",True,,Official fish survey record for Spar Lake,"Montana FWP's Fisheries Information System records a fish survey at Spar Lake. Species recorded include Lake Trout, Rainbow Trout. The survey records represented 46 fish across the latest grouped records.","Lake Trout, Rainbow Trout",Official FWP fisheries survey; survey gear and methods vary by record.,,https://fwp-gis.mt.gov/arcgis/rest/services/fish/fishViewer/MapServer/51,
2a5e4911bfff878f6d,2026-05-19,recent,68,39,Powell,Racetrack Pond,official_fwp_stocking_record,"Montana Fish, Wildlife & Parks",True,,Fish stocking record for Racetrack Pond,Montana FWP records a stocking event at Racetrack Pond involving Westslope Cutthroat Trout and 750 fish. Stocking schedules and completed records can change; open the official source for details.,Westslope Cutthroat Trout,,,https://fwp-gis.mt.gov/arcgis/rest/services/fish/fishViewer/MapServer/38,
b6cea5757005867330,2026-05-18,recent,69,34,Park,Dailey Lake,official_fwp_fish_survey,"Montana Fish, Wildlife & Parks",True,,Official fish survey record for Dailey Lake,"Montana FWP's Fisheries Information System records a fish survey at Dailey Lake. Species recorded include Rainbow Trout, Walleye, White Sucker, Yellow Perch, Yellowstone Cutthroat Trout. The survey records represented 190 fish across the latest grouped records.","Rainbow Trout, Walleye, White Sucker, Yellow Perch, Yellowstone Cutthroat Trout",Official FWP fisheries survey; survey gear and methods vary by record.,,https://fwp-gis.mt.gov/arcgis/rest/services/fish/fishViewer/MapServer/51,
0bc17223d262f3c80e,2026-05-15,recent,72,16,Gallatin,Hebgen Lake,official_fwp_fish_survey,"Montana Fish, Wildlife & Parks",True,,Official fish survey record for Hebgen Lake,"Montana FWP's Fisheries Information System records a fish survey at Hebgen Lake. Species recorded include Brown Trout, Mountain Whitefish, Rainbow Trout, Utah Chub. The survey records represented 483 fish across the latest grouped records.","Brown Trout, Mountain Whitefish, Rainbow Trout, Utah Chub",Official FWP fisheries survey; survey gear and methods vary by record.,,https://fwp-gis.mt.gov/arcgis/rest/services/fish/fishViewer/MapServer/51,
09be022a95dabe11a6,2026-05-14,recent,73,1,Beaverhead,Elk Lake,official_fwp_stocking_record,"Montana Fish, Wildlife & Parks",True,,Fish stocking record for Elk Lake,"Montana FWP records a stocking event at Elk Lake involving Westslope Cutthroat Trout and 17,010 fish. Stocking schedules and completed records can change; open the official source for details.",Westslope Cutthroat Trout,,,https://fwp-gis.mt.gov/arcgis/rest/services/fish/fishViewer/MapServer/38,
cbbc33e2460fc5dd95,2026-05-14,recent,73,32,Missoula,Beavertail Pond,official_fwp_stocking_record,"Montana Fish, Wildlife & Parks",True,,Fish stocking record for Beavertail Pond,Montana FWP records a stocking event at Beavertail Pond involving Rainbow Trout and 538 fish. Stocking schedules and completed records can change; open the official source for details.,Rainbow Trout,,,https://fwp-gis.mt.gov/arcgis/rest/services/fish/fishViewer/MapServer/38,
bc7f6aa5ec99cb9f8d,2026-05-13,recent,74,56,Yellowstone,Yellowstone River,official_fwp_fish_survey,"Montana Fish, Wildlife & Parks",True,,Official fish survey record for Yellowstone River,"Montana FWP's Fisheries Information System records a fish survey at Yellowstone River. Species recorded include Brown Trout, Channel Catfish, Common Carp, Emerald Shiner, Flathead Chub, Goldeye, Longnose Dace, Longnose Sucker, Mountain Sucker, Mountain Whitefish, Rainbow Trout, Sauger. The survey records represented 414 fish across the latest grouped records.","Brown Trout, Channel Catfish, Common Carp, Emerald Shiner, Flathead Chub, Goldeye, Longnose Dace, Longnose Sucker, Mountain Sucker, Mountain Whitefish, Rainbow Trout, Sauger",Official FWP fisheries survey; survey gear and methods vary by record.,,https://fwp-gis.mt.gov/arcgis/rest/services/fish/fishViewer/MapServer/51,
4b93b40a860c160cce,2026-05-12,recent,75,25,Lewis and Clark,Helena Valley Regulating Reservoir,official_fwp_stocking_record,"Montana Fish, Wildlife & Parks",True,,Fish stocking record for Helena Valley Regulating Reservoir,"Montana FWP records a stocking event at Helena Valley Regulating Reservoir involving Kokanee and 31,010 fish. Stocking schedules and completed records can change; open the official source for details.",Kokanee,,"Had to plant at boat ramp, lock at inlet would not open.",https://fwp-gis.mt.gov/arcgis/rest/services/fish/fishViewer/MapServer/38,
927bab7cd9834cccf5,2026-05-11,recent,76,48,Stillwater,West Rosebud Lake,official_fwp_fish_survey,"Montana Fish, Wildlife & Parks",True,,Official fish survey record for West Rosebud Lake,"Montana FWP's Fisheries Information System records a fish survey at West Rosebud Lake. Species recorded include Brook Trout, Brown Trout, Longnose Sucker, Mountain Whitefish, Rainbow Trout. The survey records represented 132 fish across the latest grouped records.","Brook Trout, Brown Trout, Longnose Sucker, Mountain Whitefish, Rainbow Trout",Official FWP fisheries survey; survey gear and methods vary by record.,,https://fwp-gis.mt.gov/arcgis/rest/services/fish/fishViewer/MapServer/51,
d12d9ca166bb109086,2026-05-11,recent,76,48,Stillwater,Emerald Lake,official_fwp_fish_survey,"Montana Fish, Wildlife & Parks",True,,Official fish survey record for Emerald Lake,"Montana FWP's Fisheries Information System records a fish survey at Emerald Lake. Species recorded include Brook Trout, Brown Trout, Longnose Sucker, Mountain Whitefish, Rainbow Trout. The survey records represented 52 fish across the latest grouped records.","Brook Trout, Brown Trout, Longnose Sucker, Mountain Whitefish, Rainbow Trout",Official FWP fisheries survey; survey gear and methods vary by record.,,https://fwp-gis.mt.gov/arcgis/rest/services/fish/fishViewer/MapServer/51,
54d39c14341ca65cec,2026-05-08,recent,79,27,Lincoln,Swisher Lake,official_fwp_stocking_record,"Montana Fish, Wildlife & Parks",True,,Fish stocking record for Swisher Lake,"Montana FWP records a stocking event at Swisher Lake involving Brook Trout and 2,000 fish. Stocking schedules and completed records can change; open the official source for details.",Brook Trout,,,https://fwp-gis.mt.gov/arcgis/rest/services/fish/fishViewer/MapServer/38,
2d1111dfd92f5d5c03,2026-05-08,recent,79,15,Flathead,Lake Five,official_fwp_stocking_record,"Montana Fish, Wildlife & Parks",True,,Fish stocking record for Lake Five,"Montana FWP records a stocking event at Lake Five involving Brook Trout and 2,200 fish. Stocking schedules and completed records can change; open the official source for details.",Brook Trout,,,https://fwp-gis.mt.gov/arcgis/rest/services/fish/fishViewer/MapServer/38,
fcd918f517e179ef01,2026-05-07,recent,80,7,Cascade,Largent Bend Pond # 1,official_fwp_fish_survey,"Montana Fish, Wildlife & Parks",True,,Official fish survey record for Largent Bend Pond # 1,Montana FWP's Fisheries Information System records a fish survey at Largent Bend Pond # 1. Species recorded include No Fish Caught. The survey records represented 1 fish across the latest grouped records.,No Fish Caught,Official FWP fisheries survey; survey gear and methods vary by record.,,https://fwp-gis.mt.gov/arcgis/rest/services/fish/fishViewer/MapServer/51,
0256b96f9d657615c4,2026-05-07,recent,80,15,Flathead,Pine Grove Pond,official_fwp_stocking_record,"Montana Fish, Wildlife & Parks",True,,Fish stocking record for Pine Grove Pond,Montana FWP records a stocking event at Pine Grove Pond involving Rainbow Trout and 702 fish. Stocking schedules and completed records can change; open the official source for details.,Rainbow Trout,,,https://fwp-gis.mt.gov/arcgis/rest/services/fish/fishViewer/MapServer/38,
c87789a6793995cdc2,2026-05-07,recent,80,15,Flathead,Bootjack Lake,official_fwp_stocking_record,"Montana Fish, Wildlife & Parks",True,,Fish stocking record for Bootjack Lake,"Montana FWP records a stocking event at Bootjack Lake involving Rainbow Trout and 1,510 fish. Stocking schedules and completed records can change; open the official source for details.",Rainbow Trout,,North of Whitefish,https://fwp-gis.mt.gov/arcgis/rest/services/fish/fishViewer/MapServer/38,
3cbf2c9c05b00033a1,2026-05-06,recent,81,54,Wheatland,Musselshell River,official_fwp_fish_survey,"Montana Fish, Wildlife & Parks",True,,Official fish survey record for Musselshell River,Montana FWP's Fisheries Information System records a fish survey at Musselshell River. Species recorded include Brown Trout. The survey records represented 85 fish across the latest grouped records.,Brown Trout,Official FWP fisheries survey; survey gear and methods vary by record.,,https://fwp-gis.mt.gov/arcgis/rest/services/fish/fishViewer/MapServer/51,
b3faf1d500221537c7,2026-05-06,recent,81,27,Lincoln,Sophie Lake,official_fwp_stocking_record,"Montana Fish, Wildlife & Parks",True,,Fish stocking record for Sophie Lake,"Montana FWP records a stocking event at Sophie Lake involving Rainbow Trout and 1,007 fish. Stocking schedules and completed records can change; open the official source for details.",Rainbow Trout,,,https://fwp-gis.mt.gov/arcgis/rest/services/fish/fishViewer/MapServer/38,
e6da2c31eb465dec66,2026-05-06,recent,81,27,Lincoln,Dickey Lake,official_fwp_stocking_record,"Montana Fish, Wildlife & Parks",True,,Fish stocking record for Dickey Lake,"Montana FWP records a stocking event at Dickey Lake involving Rainbow Trout and 2,517 fish. Stocking schedules and completed records can change; open the official source for details.",Rainbow Trout,,,https://fwp-gis.mt.gov/arcgis/rest/services/fish/fishViewer/MapServer/38,
014f5230205c6c91fc,2026-05-04,recent,83,1,Beaverhead,Elk Lake,official_fwp_fish_survey,"Montana Fish, Wildlife & Parks",True,,Official fish survey record for Elk Lake,"Montana FWP's Fisheries Information System records a fish survey at Elk Lake. Species recorded include Burbot, Utah Chub, Westslope Cutthroat Trout, White Sucker. The survey records represented 364 fish across the latest grouped records.","Burbot, Utah Chub, Westslope Cutthroat Trout, White Sucker",Official FWP fisheries survey; survey gear and methods vary by record.,,https://fwp-gis.mt.gov/arcgis/rest/services/fish/fishViewer/MapServer/51,
ab06ae7510a215ad15,2026-05-01,recent,86,50,Teton,Pishkun Reservoir,official_fwp_stocking_record,"Montana Fish, Wildlife & Parks",True,,Fish stocking record for Pishkun Reservoir,"Montana FWP records a stocking event at Pishkun Reservoir involving Kokanee and 8,582 fish. Stocking schedules and completed records can change; open the official source for details.",Kokanee,,,https://fwp-gis.mt.gov/arcgis/rest/services/fish/fishViewer/MapServer/38,
1b28c96cc5d1beb302,2026-04-30,recent,87,28,Madison,Ruby River Reservoir,official_fwp_fish_survey,"Montana Fish, Wildlife & Parks",True,,Official fish survey record for Ruby River Reservoir,"Montana FWP's Fisheries Information System records a fish survey at Ruby River Reservoir. Species recorded include Brown Trout, Rainbow Trout, White Sucker. The survey records represented 50 fish across the latest grouped records.","Brown Trout, Rainbow Trout, White Sucker",Official FWP fisheries survey; survey gear and methods vary by record.,,https://fwp-gis.mt.gov/arcgis/rest/services/fish/fishViewer/MapServer/51,
815af4708a8c8e8c99,2026-04-28,recent,89,48,Stillwater,Yellowstone River,official_fwp_fish_survey,"Montana Fish, Wildlife & Parks",True,,Official fish survey record for Yellowstone River,"Montana FWP's Fisheries Information System records a fish survey at Yellowstone River. Species recorded include Burbot, Longnose Dace, Longnose Sucker, Mountain Sucker, Mountain Whitefish, Shorthead Redhorse, Smallmouth Bass, White Sucker. The survey records represented 549 fish across the latest grouped records.","Burbot, Longnose Dace, Longnose Sucker, Mountain Sucker, Mountain Whitefish, Shorthead Redhorse, Smallmouth Bass, White Sucker",Official FWP fisheries survey; survey gear and methods vary by record.,,https://fwp-gis.mt.gov/arcgis/rest/services/fish/fishViewer/MapServer/51,
fe30f01a95cf534891,2026-04-27,recent,90,21,Hill,Beaver Creek Reservoir,official_fwp_stocking_record,"Montana Fish, Wildlife & Parks",True,,Fish stocking record for Beaver Creek Reservoir,"Montana FWP records a stocking event at Beaver Creek Reservoir involving Rainbow Trout and 9,718 fish. Stocking schedules and completed records can change; open the official source for details.",Rainbow Trout,,,https://fwp-gis.mt.gov/arcgis/rest/services/fish/fishViewer/MapServer/38,
9c14402d6ba13a6f3e,2026-04-22,stale,95,34,Park,Yellowstone River,official_fwp_fish_survey,"Montana Fish, Wildlife & Parks",True,,Official fish survey record for Yellowstone River,"Montana FWP's Fisheries Information System records a fish survey at Yellowstone River. Species recorded include Brook Trout, Brown Trout, Rainbow Trout, Yellowstone Cutthroat Trout, Yellowstone Cutthroat Trout X Rainbow. The survey records represented 820 fish across the latest grouped records.","Brook Trout, Brown Trout, Rainbow Trout, Yellowstone Cutthroat Trout, Yellowstone Cutthroat Trout X Rainbow",Official FWP fisheries survey; survey gear and methods vary by record.,,https://fwp-gis.mt.gov/arcgis/rest/services/fish/fishViewer/MapServer/51,
1c021362ec165d154a,2026-04-16,stale,101,20,Granite,Clark Fork River,official_fwp_fish_survey,"Montana Fish, Wildlife & Parks",True,,Official fish survey record for Clark Fork River,"Montana FWP's Fisheries Information System records a fish survey at Clark Fork River. Species recorded include Brown Trout, Rainbow Trout, Westslope Cutthroat Trout, Westslope X Rainbow. The survey records represented 341 fish across the latest grouped records.","Brown Trout, Rainbow Trout, Westslope Cutthroat Trout, Westslope X Rainbow",Official FWP fisheries survey; survey gear and methods vary by record.,,https://fwp-gis.mt.gov/arcgis/rest/services/fish/fishViewer/MapServer/51,
60a1477652240546e6,2026-04-07,stale,110,28,Madison,Big Hole River,official_fwp_fish_survey,"Montana Fish, Wildlife & Parks",True,,Official fish survey record for Big Hole River,"Montana FWP's Fisheries Information System records a fish survey at Big Hole River. Species recorded include Brown Trout, Rainbow Trout. The survey records represented 89 fish across the latest grouped records.","Brown Trout, Rainbow Trout",Official FWP fisheries survey; survey gear and methods vary by record.,,https://fwp-gis.mt.gov/arcgis/rest/services/fish/fishViewer/MapServer/51,
e37bff4ebe23db129f,2026-04-02,stale,115,7,Cascade,Pelican Point #1,official_fwp_fish_survey,"Montana Fish, Wildlife & Parks",True,,Official fish survey record for Pelican Point #1,"Montana FWP's Fisheries Information System records a fish survey at Pelican Point #1. Species recorded include Black Crappie, Largemouth Bass, Pumpkinseed, Yellow Perch. The survey records represented 64 fish across the latest grouped records.","Black Crappie, Largemouth Bass, Pumpkinseed, Yellow Perch",Official FWP fisheries survey; survey gear and methods vary by record.,,https://fwp-gis.mt.gov/arcgis/rest/services/fish/fishViewer/MapServer/51,
a6dd5ba0f15f01ebf5,2026-03-31,stale,117,1,Beaverhead,Clark Canyon Reservoir,official_fwp_fish_survey,"Montana Fish, Wildlife & Parks",True,,Official fish survey record for Clark Canyon Reservoir,Montana FWP's Fisheries Information System records a fish survey at Clark Canyon Reservoir. Species recorded include Burbot. The survey records represented 11 fish across the latest grouped records.,Burbot,Official FWP fisheries survey; survey gear and methods vary by record.,,https://fwp-gis.mt.gov/arcgis/rest/services/fish/fishViewer/MapServer/51,
60a982450868173567,2026-03-24,stale,124,48,Stillwater,Stillwater River,official_fwp_fish_survey,"Montana Fish, Wildlife & Parks",True,,Official fish survey record for Stillwater River,"Montana FWP's Fisheries Information System records a fish survey at Stillwater River. Species recorded include Brown Trout, Rainbow Trout. The survey records represented 58 fish across the latest grouped records.","Brown Trout, Rainbow Trout",Official FWP fisheries survey; survey gear and methods vary by record.,,https://fwp-gis.mt.gov/arcgis/rest/services/fish/fishViewer/MapServer/51,
d4f389592c6b6a5909,2026-03-13,stale,135,1,Beaverhead,Poindexter Slough,official_fwp_fish_survey,"Montana Fish, Wildlife & Parks",True,,Official fish survey record for Poindexter Slough,"Montana FWP's Fisheries Information System records a fish survey at Poindexter Slough. Species recorded include Brown Trout, Rainbow Trout. The survey records represented 736 fish across the latest grouped records.","Brown Trout, Rainbow Trout",Official FWP fisheries survey; survey gear and methods vary by record.,,https://fwp-gis.mt.gov/arcgis/rest/services/fish/fishViewer/MapServer/51,
923b504d9b7720bbb4,2026-03-11,stale,137,47,Silver Bow,Big Hole River,official_fwp_fish_survey,"Montana Fish, Wildlife & Parks",True,,Official fish survey record for Big Hole River,"Montana FWP's Fisheries Information System records a fish survey at Big Hole River. Species recorded include Brown Trout, Burbot, Rainbow Trout. The survey records represented 342 fish across the latest grouped records.","Brown Trout, Burbot, Rainbow Trout",Official FWP fisheries survey; survey gear and methods vary by record.,,https://fwp-gis.mt.gov/arcgis/rest/services/fish/fishViewer/MapServer/51,
9a43e69ecf216dfe32,2025-11-04,stale,264,34,Park,Shields River,official_fwp_fish_survey,"Montana Fish, Wildlife & Parks",True,,Official fish survey record for Shields River,"Montana FWP's Fisheries Information System records a fish survey at Shields River. Species recorded include Brook Trout, Brown Trout, Rainbow Trout, Yellowstone Cutthroat Trout, Yellowstone Cutthroat Trout X Rainbow. The survey records represented 278 fish across the latest grouped records.","Brook Trout, Brown Trout, Rainbow Trout, Yellowstone Cutthroat Trout, Yellowstone Cutthroat Trout X Rainbow",Official FWP fisheries survey; survey gear and methods vary by record.,,https://fwp-gis.mt.gov/arcgis/rest/services/fish/fishViewer/MapServer/51,
c22afdb41396e1d25c,2025-11-04,stale,264,54,Wheatland,Deadmans Basin Reservoir,official_fwp_fish_survey,"Montana Fish, Wildlife & Parks",True,,Official fish survey record for Deadmans Basin Reservoir,"Montana FWP's Fisheries Information System records a fish survey at Deadmans Basin Reservoir. Species recorded include Common Carp, Kokanee, Longnose Sucker, Rainbow Trout, Shorthead Redhorse, Tiger Muskie (Northern X Muskie), White Sucker. The survey records represented 361 fish across the latest grouped records.","Common Carp, Kokanee, Longnose Sucker, Rainbow Trout, Shorthead Redhorse, Tiger Muskie (Northern X Muskie), White Sucker",Official FWP fisheries survey; survey gear and methods vary by record.,,https://fwp-gis.mt.gov/arcgis/rest/services/fish/fishViewer/MapServer/51,
15a57ac9baac4ce209,2025-11-04,stale,264,3,Blaine,Faber Reservoir,official_fwp_stocking_record,"Montana Fish, Wildlife & Parks",True,,Fish stocking record for Faber Reservoir,Montana FWP records a stocking event at Faber Reservoir involving Rainbow Trout and 0 fish. Stocking schedules and completed records can change; open the official source for details.,Rainbow Trout,,Low DO's so plant was cnceled,https://fwp-gis.mt.gov/arcgis/rest/services/fish/fishViewer/MapServer/38,
42a1ce277140257778,2025-10-27,stale,272,9,Custer,Yellowstone River,official_fwp_fish_survey,"Montana Fish, Wildlife & Parks",True,,Official fish survey record for Yellowstone River,"Montana FWP's Fisheries Information System records a fish survey at Yellowstone River. Species recorded include Bigmouth Buffalo, Channel Catfish, Common Carp, Flathead Chub, Freshwater Drum, Goldeye, Longnose Sucker, River Carpsucker, Sauger, Shorthead Redhorse, Smallmouth Bass, Smallmouth Buffalo. The survey records represented 429 fish across the latest grouped records.","Bigmouth Buffalo, Channel Catfish, Common Carp, Flathead Chub, Freshwater Drum, Goldeye, Longnose Sucker, River Carpsucker, Sauger, Shorthead Redhorse, Smallmouth Bass, Smallmouth Buffalo",Official FWP fisheries survey; survey gear and methods vary by record.,,https://fwp-gis.mt.gov/arcgis/rest/services/fish/fishViewer/MapServer/51,
afeb43aa53ab30e2a9,2025-10-25,stale,274,49,Sweet Grass,Susie Creek,official_fwp_fish_survey,"Montana Fish, Wildlife & Parks",True,,Official fish survey record for Susie Creek,"Montana FWP's Fisheries Information System records a fish survey at Susie Creek. Species recorded include Brown Trout, Rainbow Trout, Sculpin. The survey records represented 56 fish across the latest grouped records.","Brown Trout, Rainbow Trout, Sculpin",Official FWP fisheries survey; survey gear and methods vary by record.,,https://fwp-gis.mt.gov/arcgis/rest/services/fish/fishViewer/MapServer/51,
fc0ef72acd9557b94f,2025-10-23,stale,276,28,Madison,Cliff Lake,official_fwp_fish_survey,"Montana Fish, Wildlife & Parks",True,,Official fish survey record for Cliff Lake,"Montana FWP's Fisheries Information System records a fish survey at Cliff Lake. Species recorded include Mountain Whitefish, Rainbow Trout, White Sucker. The survey records represented 161 fish across the latest grouped records.","Mountain Whitefish, Rainbow Trout, White Sucker",Official FWP fisheries survey; survey gear and methods vary by record.,,https://fwp-gis.mt.gov/arcgis/rest/services/fish/fishViewer/MapServer/51,
788a5672e941199e55,2025-10-22,stale,277,40,Prairie,Yellowstone River,official_fwp_fish_survey,"Montana Fish, Wildlife & Parks",True,,Official fish survey record for Yellowstone River,"Montana FWP's Fisheries Information System records a fish survey at Yellowstone River. Species recorded include Channel Catfish, Common Carp, Emerald Shiner, Freshwater Drum, Goldeye, Longnose Sucker, Northern Pike, River Carpsucker, Sauger, Shorthead Redhorse, Shovelnose Sturgeon, Walleye. The survey records represented 209 fish across the latest grouped records.","Channel Catfish, Common Carp, Emerald Shiner, Freshwater Drum, Goldeye, Longnose Sucker, Northern Pike, River Carpsucker, Sauger, Shorthead Redhorse, Shovelnose Sturgeon, Walleye",Official FWP fisheries survey; survey gear and methods vary by record.,,https://fwp-gis.mt.gov/arcgis/rest/services/fish/fishViewer/MapServer/51,
c77987f690857122e4,2025-10-22,stale,277,16,Gallatin,Hyalite Reservoir,official_fwp_fish_survey,"Montana Fish, Wildlife & Parks",True,,Official fish survey record for Hyalite Reservoir,"Montana FWP's Fisheries Information System records a fish survey at Hyalite Reservoir. Species recorded include Brook Trout, White Sucker, Yellowstone Cutthroat Trout. The survey records represented 260 fish across the latest grouped records.","Brook Trout, White Sucker, Yellowstone Cutthroat Trout",Official FWP fisheries survey; survey gear and methods vary by record.,,https://fwp-gis.mt.gov/arcgis/rest/services/fish/fishViewer/MapServer/51,
dca68161f50900ece2,2025-10-21,stale,278,27,Lincoln,Sophie Lake,official_fwp_fish_survey,"Montana Fish, Wildlife & Parks",True,,Official fish survey record for Sophie Lake,"Montana FWP's Fisheries Information System records a fish survey at Sophie Lake. Species recorded include Bluegill, Bull Trout, Kokanee, Longnose Sucker, Northern Pike, Northern Pike Minnow, Yellow Perch. The survey records represented 81 fish across the latest grouped records.","Bluegill, Bull Trout, Kokanee, Longnose Sucker, Northern Pike, Northern Pike Minnow, Yellow Perch",Official FWP fisheries survey; survey gear and methods vary by record.,,https://fwp-gis.mt.gov/arcgis/rest/services/fish/fishViewer/MapServer/51,
74277e5506e64c027c,2025-10-21,stale,278,27,Lincoln,Dickey Lake,official_fwp_fish_survey,"Montana Fish, Wildlife & Parks",True,,Official fish survey record for Dickey Lake,"Montana FWP's Fisheries Information System records a fish survey at Dickey Lake. Species recorded include Kokanee, Longnose Sucker, Mountain Whitefish, Yellow Perch. The survey records represented 185 fish across the latest grouped records.","Kokanee, Longnose Sucker, Mountain Whitefish, Yellow Perch",Official FWP fisheries survey; survey gear and methods vary by record.,,https://fwp-gis.mt.gov/arcgis/rest/services/fish/fishViewer/MapServer/51,
3e14be08f7223b7890,2025-10-21,stale,278,39,Powell,Browns Lake,official_fwp_fish_survey,"Montana Fish, Wildlife & Parks",True,,Official fish survey record for Browns Lake,"Montana FWP's Fisheries Information System records a fish survey at Browns Lake. Species recorded include Longnose Sucker, Rainbow Trout. The survey records represented 245 fish across the latest grouped records.","Longnose Sucker, Rainbow Trout",Official FWP fisheries survey; survey gear and methods vary by record.,,https://fwp-gis.mt.gov/arcgis/rest/services/fish/fishViewer/MapServer/51,
579970de838be2d923,2025-10-21,stale,278,14,Fergus,Big Casino Creek Reservoir,official_fwp_fish_survey,"Montana Fish, Wildlife & Parks",True,,Official fish survey record for Big Casino Creek Reservoir,"Montana FWP's Fisheries Information System records a fish survey at Big Casino Creek Reservoir. Species recorded include Largemouth Bass, Rainbow Trout. The survey records represented 16 fish across the latest grouped records.","Largemouth Bass, Rainbow Trout",Official FWP fisheries survey; survey gear and methods vary by record.,,https://fwp-gis.mt.gov/arcgis/rest/services/fish/fishViewer/MapServer/51,
ec74dd8035b4095b99,2025-10-20,stale,279,27,Lincoln,Glen Lake,official_fwp_fish_survey,"Montana Fish, Wildlife & Parks",True,,Official fish survey record for Glen Lake,"Montana FWP's Fisheries Information System records a fish survey at Glen Lake. Species recorded include Burbot, Kokanee, Largemouth Bass, Longnose Sucker, Mountain Whitefish, Yellow Perch. The survey records represented 95 fish across the latest grouped records.","Burbot, Kokanee, Largemouth Bass, Longnose Sucker, Mountain Whitefish, Yellow Perch",Official FWP fisheries survey; survey gear and methods vary by record.,,https://fwp-gis.mt.gov/arcgis/rest/services/fish/fishViewer/MapServer/51,
716597959a1d965c62,2025-10-17,stale,282,41,Ravalli,Lake Como,official_fwp_fish_survey,"Montana Fish, Wildlife & Parks",True,,Official fish survey record for Lake Como,"Montana FWP's Fisheries Information System records a fish survey at Lake Como. Species recorded include Kokanee, Largescale Sucker, Rainbow Trout, Westslope Cutthroat Trout. The survey records represented 122 fish across the latest grouped records.","Kokanee, Largescale Sucker, Rainbow Trout, Westslope Cutthroat Trout",Official FWP fisheries survey; survey gear and methods vary by record.,,https://fwp-gis.mt.gov/arcgis/rest/services/fish/fishViewer/MapServer/51,
2b2b81d519a0f3da7c,2025-10-16,stale,283,4,Broadwater,Canyon Ferry Lake,official_fwp_fish_survey,"Montana Fish, Wildlife & Parks",True,,Official fish survey record for Canyon Ferry Lake,"Montana FWP's Fisheries Information System records a fish survey at Canyon Ferry Lake. Species recorded include Brown Trout, Rainbow Trout. The survey records represented 40 fish across the latest grouped records.","Brown Trout, Rainbow Trout",Official FWP fisheries survey; survey gear and methods vary by record.,,https://fwp-gis.mt.gov/arcgis/rest/services/fish/fishViewer/MapServer/51,
cdb998053fd2d50d17,2025-10-16,stale,283,21,Hill,Fresno Reservoir,official_fwp_stocking_record,"Montana Fish, Wildlife & Parks",True,,Fish stocking record for Fresno Reservoir,"Montana FWP records a stocking event at Fresno Reservoir involving Black Crappie and 2,000 fish. Stocking schedules and completed records can change; open the official source for details.",Black Crappie,,,https://fwp-gis.mt.gov/arcgis/rest/services/fish/fishViewer/MapServer/38,
cea7a9598a79379c83,2025-10-15,stale,284,41,Ravalli,West Fork Bitterroot River,official_fwp_fish_survey,"Montana Fish, Wildlife & Parks",True,,Official fish survey record for West Fork Bitterroot River,"Montana FWP's Fisheries Information System records a fish survey at West Fork Bitterroot River. Species recorded include Brook Trout, Brown Trout, Rainbow Trout, Westslope Cutthroat Trout. The survey records represented 122 fish across the latest grouped records.","Brook Trout, Brown Trout, Rainbow Trout, Westslope Cutthroat Trout",Official FWP fisheries survey; survey gear and methods vary by record.,,https://fwp-gis.mt.gov/arcgis/rest/services/fish/fishViewer/MapServer/51,
4e17b238652927e3a4,2025-10-15,stale,284,9,Custer,Spotted Eagle Lake,official_fwp_stocking_record,"Montana Fish, Wildlife & Parks",True,,Fish stocking record for Spotted Eagle Lake,Montana FWP records a stocking event at Spotted Eagle Lake involving Black Crappie and 31 fish. Stocking schedules and completed records can change; open the official source for details.,Black Crappie,,,https://fwp-gis.mt.gov/arcgis/rest/services/fish/fishViewer/MapServer/38,
610652fe328389b0ee,2025-10-14,stale,285,35,Petroleum,Dry Blood Reservoir,official_fwp_stocking_record,"Montana Fish, Wildlife & Parks",True,,Fish stocking record for Dry Blood Reservoir,"Montana FWP records a stocking event at Dry Blood Reservoir involving White Crappie and 1,855 fish. Stocking schedules and completed records can change; open the official source for details.",White Crappie,,,https://fwp-gis.mt.gov/arcgis/rest/services/fish/fishViewer/MapServer/38,
62ce0bc14ef34cd49f,2025-10-10,stale,289,41,Ravalli,Bitterroot River,official_fwp_fish_survey,"Montana Fish, Wildlife & Parks",True,,Official fish survey record for Bitterroot River,"Montana FWP's Fisheries Information System records a fish survey at Bitterroot River. Species recorded include Brown Trout, Northern Pike, Rainbow Trout, Westslope Cutthroat Trout. The survey records represented 119 fish across the latest grouped records.","Brown Trout, Northern Pike, Rainbow Trout, Westslope Cutthroat Trout",Official FWP fisheries survey; survey gear and methods vary by record.,,https://fwp-gis.mt.gov/arcgis/rest/services/fish/fishViewer/MapServer/51,
f8e279a3c7ce6ba82b,2025-10-10,stale,289,3,Blaine,Reser Reservoir,official_fwp_stocking_record,"Montana Fish, Wildlife & Parks",True,,Fish stocking record for Reser Reservoir,"Montana FWP records a stocking event at Reser Reservoir involving Rainbow Trout and 5,500 fish. Stocking schedules and completed records can change; open the official source for details.",Rainbow Trout,,,https://fwp-gis.mt.gov/arcgis/rest/services/fish/fishViewer/MapServer/38,
bf265cc264bbc661d2,2025-10-09,stale,290,41,Ravalli,East Fork Bitterroot River,official_fwp_fish_survey,"Montana Fish, Wildlife & Parks",True,,Official fish survey record for East Fork Bitterroot River,"Montana FWP's Fisheries Information System records a fish survey at East Fork Bitterroot River. Species recorded include Brown Trout, Rainbow Trout, Westslope Cutthroat Trout. The survey records represented 111 fish across the latest grouped records.","Brown Trout, Rainbow Trout, Westslope Cutthroat Trout",Official FWP fisheries survey; survey gear and methods vary by record.,,https://fwp-gis.mt.gov/arcgis/rest/services/fish/fishViewer/MapServer/51,
46421e075ce585ec31,2025-10-08,stale,291,39,Powell,North Fork Blackfoot River,official_fwp_fish_survey,"Montana Fish, Wildlife & Parks",True,,Official fish survey record for North Fork Blackfoot River,"Montana FWP's Fisheries Information System records a fish survey at North Fork Blackfoot River. Species recorded include Bull Trout, Rainbow Trout, Rocky Mountain Sculpin, Westslope Cutthroat Trout. The survey records represented 100 fish across the latest grouped records.","Bull Trout, Rainbow Trout, Rocky Mountain Sculpin, Westslope Cutthroat Trout",Official FWP fisheries survey; survey gear and methods vary by record.,,https://fwp-gis.mt.gov/arcgis/rest/services/fish/fishViewer/MapServer/51,
df98af16b24522ad7e,2025-10-08,stale,291,53,Valley,Fort Peck Trout Pond,official_fwp_stocking_record,"Montana Fish, Wildlife & Parks",True,,Fish stocking record for Fort Peck Trout Pond,"Montana FWP records a stocking event at Fort Peck Trout Pond involving Rainbow Trout and 7,051 fish. Stocking schedules and completed records can change; open the official source for details.",Rainbow Trout,,,https://fwp-gis.mt.gov/arcgis/rest/services/fish/fishViewer/MapServer/38,
94b55f085296563332,2025-10-07,stale,292,34,Park,Mill Creek,official_fwp_fish_survey,"Montana Fish, Wildlife & Parks",True,,Official fish survey record for Mill Creek,Montana FWP's Fisheries Information System records a fish survey at Mill Creek. Species recorded include Yellowstone Cutthroat Trout. The survey records represented 16 fish across the latest grouped records.,Yellowstone Cutthroat Trout,Official FWP fisheries survey; survey gear and methods vary by record.,,https://fwp-gis.mt.gov/arcgis/rest/services/fish/fishViewer/MapServer/51,
39f5b2b6a39e4206d0,2025-10-06,stale,293,50,Teton,Pishkun Reservoir,official_fwp_fish_survey,"Montana Fish, Wildlife & Parks",True,,Official fish survey record for Pishkun Reservoir,"Montana FWP's Fisheries Information System records a fish survey at Pishkun Reservoir. Species recorded include Northern Pike, White Sucker, Yellow Perch. The survey records represented 61 fish across the latest grouped records.","Northern Pike, White Sucker, Yellow Perch",Official FWP fisheries survey; survey gear and methods vary by record.,,https://fwp-gis.mt.gov/arcgis/rest/services/fish/fishViewer/MapServer/51,
98609420c2358fc015,2025-10-06,stale,293,27,Lincoln,Middle Thompson Lake,official_fwp_fish_survey,"Montana Fish, Wildlife & Parks",True,,Official fish survey record for Middle Thompson Lake,"Montana FWP's Fisheries Information System records a fish survey at Middle Thompson Lake. Species recorded include Kokanee, Largemouth Bass, Northern Pike, Pumpkinseed, Smallmouth Bass, Yellow Perch. The survey records represented 139 fish across the latest grouped records.","Kokanee, Largemouth Bass, Northern Pike, Pumpkinseed, Smallmouth Bass, Yellow Perch",Official FWP fisheries survey; survey gear and methods vary by record.,,https://fwp-gis.mt.gov/arcgis/rest/services/fish/fishViewer/MapServer/51,
a3744f04228a6de1fa,2025-10-02,stale,297,16,Gallatin,Gallatin River,official_fwp_fish_survey,"Montana Fish, Wildlife & Parks",True,,Official fish survey record for Gallatin River,"Montana FWP's Fisheries Information System records a fish survey at Gallatin River. Species recorded include Brown Trout, Rainbow Trout, Westslope Cutthroat Trout, Westslope X Rainbow. The survey records represented 953 fish across the latest grouped records.","Brown Trout, Rainbow Trout, Westslope Cutthroat Trout, Westslope X Rainbow",Official FWP fisheries survey; survey gear and methods vary by record.,,https://fwp-gis.mt.gov/arcgis/rest/services/fish/fishViewer/MapServer/51,
89338f4dbec8131f6b,2025-10-01,stale,298,37,Pondera,Lake Frances,official_fwp_fish_survey,"Montana Fish, Wildlife & Parks",True,,Official fish survey record for Lake Frances,"Montana FWP's Fisheries Information System records a fish survey at Lake Frances. Species recorded include Northern Pike, Walleye, White Sucker, Yellow Perch. The survey records represented 135 fish across the latest grouped records.","Northern Pike, Walleye, White Sucker, Yellow Perch",Official FWP fisheries survey; survey gear and methods vary by record.,,https://fwp-gis.mt.gov/arcgis/rest/services/fish/fishViewer/MapServer/51,
2c0e3b390965bb1747,2025-10-01,stale,298,39,Powell,Coopers Lake,official_fwp_stocking_record,"Montana Fish, Wildlife & Parks",True,,Fish stocking record for Coopers Lake,"Montana FWP records a stocking event at Coopers Lake involving Westslope Cutthroat Trout and 4,000 fish. Stocking schedules and completed records can change; open the official source for details.",Westslope Cutthroat Trout,,,https://fwp-gis.mt.gov/arcgis/rest/services/fish/fishViewer/MapServer/38,
87aae5ea55435c4992,2025-09-30,stale,299,41,Ravalli,Upper Twin Lake,official_fwp_stocking_record,"Montana Fish, Wildlife & Parks",True,,Fish stocking record for Upper Twin Lake,"Montana FWP records a stocking event at Upper Twin Lake involving Westslope Cutthroat Trout and 4,000 fish. Stocking schedules and completed records can change; open the official source for details.",Westslope Cutthroat Trout,,,https://fwp-gis.mt.gov/arcgis/rest/services/fish/fishViewer/MapServer/38,
0ff648ca6308491559,2025-09-30,stale,299,41,Ravalli,Lower Twin Lake,official_fwp_stocking_record,"Montana Fish, Wildlife & Parks",True,,Fish stocking record for Lower Twin Lake,"Montana FWP records a stocking event at Lower Twin Lake involving Westslope Cutthroat Trout and 6,000 fish. Stocking schedules and completed records can change; open the official source for details.",Westslope Cutthroat Trout,,,https://fwp-gis.mt.gov/arcgis/rest/services/fish/fishViewer/MapServer/38,
c9dd51a17765b5f71e,2025-09-30,stale,299,32,Missoula,Holland Lake,official_fwp_stocking_record,"Montana Fish, Wildlife & Parks",True,,Fish stocking record for Holland Lake,"Montana FWP records a stocking event at Holland Lake involving Westslope Cutthroat Trout and 7,650 fish. Stocking schedules and completed records can change; open the official source for details.",Westslope Cutthroat Trout,,,https://fwp-gis.mt.gov/arcgis/rest/services/fish/fishViewer/MapServer/38,
4c5d20c6d3e1b7b5fb,2025-09-29,stale,300,25,Lewis and Clark,Willow Creek Reservoir,official_fwp_fish_survey,"Montana Fish, Wildlife & Parks",True,,Official fish survey record for Willow Creek Reservoir,"Montana FWP's Fisheries Information System records a fish survey at Willow Creek Reservoir. Species recorded include Rainbow Trout, White Sucker. The survey records represented 140 fish across the latest grouped records.","Rainbow Trout, White Sucker",Official FWP fisheries survey; survey gear and methods vary by record.,,https://fwp-gis.mt.gov/arcgis/rest/services/fish/fishViewer/MapServer/51,
e71c02d6eb4228ddde,2025-09-29,stale,300,53,Valley,Glasgow Base Pond,official_fwp_stocking_record,"Montana Fish, Wildlife & Parks",True,,Fish stocking record for Glasgow Base Pond,"Montana FWP records a stocking event at Glasgow Base Pond involving Rainbow Trout and 1,037 fish. Stocking schedules and completed records can change; open the official source for details.",Rainbow Trout,,,https://fwp-gis.mt.gov/arcgis/rest/services/fish/fishViewer/MapServer/38,
44b622199c9ea720ee,2025-09-26,stale,303,1,Beaverhead,Howell Creek Side Channel,official_fwp_fish_survey,"Montana Fish, Wildlife & Parks",True,,Official fish survey record for Howell Creek Side Channel,Montana FWP's Fisheries Information System records a fish survey at Howell Creek Side Channel. Species recorded include Arctic Grayling. The survey records represented 6 fish across the latest grouped records.,Arctic Grayling,Official FWP fisheries survey; survey gear and methods vary by record.,,https://fwp-gis.mt.gov/arcgis/rest/services/fish/fishViewer/MapServer/51,
5fe13236684bd5848a,2025-09-24,stale,305,7,Cascade,Smith River,official_fwp_fish_survey,"Montana Fish, Wildlife & Parks",True,,Official fish survey record for Smith River,"Montana FWP's Fisheries Information System records a fish survey at Smith River. Species recorded include Brown Trout, Burbot, Longnose Dace, Longnose Sucker, Mountain Whitefish, Rainbow Trout, Rocky Mountain Sculpin, Stonecat, White Sucker. The survey records represented 272 fish across the latest grouped records.","Brown Trout, Burbot, Longnose Dace, Longnose Sucker, Mountain Whitefish, Rainbow Trout, Rocky Mountain Sculpin, Stonecat, White Sucker",Official FWP fisheries survey; survey gear and methods vary by record.,,https://fwp-gis.mt.gov/arcgis/rest/services/fish/fishViewer/MapServer/51,
d42d42739bc7a08ac0,2025-09-24,stale,305,36,Phillips,Taint Reservoir,official_fwp_stocking_record,"Montana Fish, Wildlife & Parks",True,,Fish stocking record for Taint Reservoir,"Montana FWP records a stocking event at Taint Reservoir involving Bluegill and 5,000 fish. Stocking schedules and completed records can change; open the official source for details.",Bluegill,,,https://fwp-gis.mt.gov/arcgis/rest/services/fish/fishViewer/MapServer/38,
20597d4657fe752bed,2025-09-24,stale,305,36,Phillips,Shallow Reservoir,official_fwp_stocking_record,"Montana Fish, Wildlife & Parks",True,,Fish stocking record for Shallow Reservoir,"Montana FWP records a stocking event at Shallow Reservoir involving Bluegill and 5,000 fish. Stocking schedules and completed records can change; open the official source for details.",Bluegill,,,https://fwp-gis.mt.gov/arcgis/rest/services/fish/fishViewer/MapServer/38,
408a82776828180eb6,2025-09-24,stale,305,36,Phillips,Sagebrush Reservoir,official_fwp_stocking_record,"Montana Fish, Wildlife & Parks",True,,Fish stocking record for Sagebrush Reservoir,"Montana FWP records a stocking event at Sagebrush Reservoir involving Bluegill and 5,000 fish. Stocking schedules and completed records can change; open the official source for details.",Bluegill,,,https://fwp-gis.mt.gov/arcgis/rest/services/fish/fishViewer/MapServer/38,
b510c0e583771e908f,2025-09-24,stale,305,36,Phillips,Paleface Reservoir,official_fwp_stocking_record,"Montana Fish, Wildlife & Parks",True,,Fish stocking record for Paleface Reservoir,"Montana FWP records a stocking event at Paleface Reservoir involving Bluegill and 5,000 fish. Stocking schedules and completed records can change; open the official source for details.",Bluegill,,,https://fwp-gis.mt.gov/arcgis/rest/services/fish/fishViewer/MapServer/38,
81df351138c01326c5,2025-09-24,stale,305,35,Petroleum,Drag Creek Reservoir,official_fwp_stocking_record,"Montana Fish, Wildlife & Parks",True,,Fish stocking record for Drag Creek Reservoir,"Montana FWP records a stocking event at Drag Creek Reservoir involving Bluegill and 5,000 fish. Stocking schedules and completed records can change; open the official source for details.",Bluegill,,,https://fwp-gis.mt.gov/arcgis/rest/services/fish/fishViewer/MapServer/38,
b4347dfb1871cf696b,2025-09-23,stale,306,21,Hill,Bearpaw Lake,official_fwp_stocking_record,"Montana Fish, Wildlife & Parks",True,,Fish stocking record for Bearpaw Lake,"Montana FWP records a stocking event at Bearpaw Lake involving Rainbow Trout and 5,031 fish. Stocking schedules and completed records can change; open the official source for details.",Rainbow Trout,,,https://fwp-gis.mt.gov/arcgis/rest/services/fish/fishViewer/MapServer/38,
e0727196a694bfe72a,2025-09-22,stale,307,55,Wibaux,Wibaux Fish Pond,official_fwp_fish_survey,"Montana Fish, Wildlife & Parks",True,,Official fish survey record for Wibaux Fish Pond,Montana FWP's Fisheries Information System records a fish survey at Wibaux Fish Pond. Species recorded include Rainbow Trout. The survey records represented 3 fish across the latest grouped records.,Rainbow Trout,Official FWP fisheries survey; survey gear and methods vary by record.,,https://fwp-gis.mt.gov/arcgis/rest/services/fish/fishViewer/MapServer/51,
800fc4e5b30a53e501,2025-09-22,stale,307,21,Hill,Fresno Reservoir,official_fwp_fish_survey,"Montana Fish, Wildlife & Parks",True,,Official fish survey record for Fresno Reservoir,"Montana FWP's Fisheries Information System records a fish survey at Fresno Reservoir. Species recorded include Lake Whitefish, Longnose Sucker, Northern Pike, Walleye, White Sucker, Yellow Perch. The survey records represented 350 fish across the latest grouped records.","Lake Whitefish, Longnose Sucker, Northern Pike, Walleye, White Sucker, Yellow Perch",Official FWP fisheries survey; survey gear and methods vary by record.,,https://fwp-gis.mt.gov/arcgis/rest/services/fish/fishViewer/MapServer/51,
b86330cdfd6e4ec21b,2025-09-22,stale,307,20,Granite,Echo Lake,official_fwp_stocking_record,"Montana Fish, Wildlife & Parks",True,,Fish stocking record for Echo Lake,"Montana FWP records a stocking event at Echo Lake involving Rainbow Trout and 2,003 fish. Stocking schedules and completed records can change; open the official source for details.",Rainbow Trout,,,https://fwp-gis.mt.gov/arcgis/rest/services/fish/fishViewer/MapServer/38,
ad949a25ee978ee3cc,2025-09-20,stale,309,22,Jefferson,Delmoe Lake,official_fwp_stocking_record,"Montana Fish, Wildlife & Parks",True,,Fish stocking record for Delmoe Lake,"Montana FWP records a stocking event at Delmoe Lake involving Westslope Cutthroat Trout and 10,074 fish. Stocking schedules and completed records can change; open the official source for details.",Westslope Cutthroat Trout,,Boat ramp. Had to drive down to the water quite a ways. Lake was very low.,https://fwp-gis.mt.gov/arcgis/rest/services/fish/fishViewer/MapServer/38,
3f20db6ce432bb4e84,2025-09-18,stale,311,36,Phillips,Pr 054 Reservoir,official_fwp_stocking_record,"Montana Fish, Wildlife & Parks",True,,Fish stocking record for Pr 054 Reservoir,"Montana FWP records a stocking event at Pr 054 Reservoir involving Bluegill and 10,000 fish. Stocking schedules and completed records can change; open the official source for details.",Bluegill,,,https://fwp-gis.mt.gov/arcgis/rest/services/fish/fishViewer/MapServer/38,
49bdf7a50ef5b510a3,2025-09-18,stale,311,3,Blaine,North Faber Reservoir,official_fwp_stocking_record,"Montana Fish, Wildlife & Parks",True,,Fish stocking record for North Faber Reservoir,"Montana FWP records a stocking event at North Faber Reservoir involving Bluegill and 5,000 fish. Stocking schedules and completed records can change; open the official source for details.",Bluegill,,,https://fwp-gis.mt.gov/arcgis/rest/services/fish/fishViewer/MapServer/38,
d5f8b185d3df7f2424,2025-09-18,stale,311,36,Phillips,Douchette Lake,official_fwp_stocking_record,"Montana Fish, Wildlife & Parks",True,,Fish stocking record for Douchette Lake,"Montana FWP records a stocking event at Douchette Lake involving Bluegill and 5,000 fish. Stocking schedules and completed records can change; open the official source for details.",Bluegill,,,https://fwp-gis.mt.gov/arcgis/rest/services/fish/fishViewer/MapServer/38,
1cca486bb630984479,2025-09-18,stale,311,3,Blaine,Chouteau Reservoir,official_fwp_stocking_record,"Montana Fish, Wildlife & Parks",True,,Fish stocking record for Chouteau Reservoir,"Montana FWP records a stocking event at Chouteau Reservoir involving Rainbow Trout and 1,000 fish. Stocking schedules and completed records can change; open the official source for details.",Rainbow Trout,,,https://fwp-gis.mt.gov/arcgis/rest/services/fish/fishViewer/MapServer/38,
d7c194d23cac7e433f,2025-09-15,stale,314,36,Phillips,Nelson Reservoir,official_fwp_fish_survey,"Montana Fish, Wildlife & Parks",True,,Official fish survey record for Nelson Reservoir,"Montana FWP's Fisheries Information System records a fish survey at Nelson Reservoir. Species recorded include Black Crappie, Common Carp, Goldeye, Lake Whitefish, Northern Pike, River Carpsucker, Shorthead Redhorse, Smallmouth Bass, Walleye, White Sucker, Yellow Perch. The survey records represented 584 fish across the latest grouped records.","Black Crappie, Common Carp, Goldeye, Lake Whitefish, Northern Pike, River Carpsucker, Shorthead Redhorse, Smallmouth Bass, Walleye, White Sucker, Yellow Perch",Official FWP fisheries survey; survey gear and methods vary by record.,,https://fwp-gis.mt.gov/arcgis/rest/services/fish/fishViewer/MapServer/51,
6507e078f7a571e1e0,2025-09-15,stale,314,6,Carter,Exie Pond,official_fwp_fish_survey,"Montana Fish, Wildlife & Parks",True,,Official fish survey record for Exie Pond,Montana FWP's Fisheries Information System records a fish survey at Exie Pond. Species recorded include Green Sunfish. The survey records represented 55 fish across the latest grouped records.,Green Sunfish,Official FWP fisheries survey; survey gear and methods vary by record.,,https://fwp-gis.mt.gov/arcgis/rest/services/fish/fishViewer/MapServer/51,
e6d73a039c30991b52,2025-09-15,stale,314,6,Carter,Cheesman Reservoir,official_fwp_fish_survey,"Montana Fish, Wildlife & Parks",True,,Official fish survey record for Cheesman Reservoir,Montana FWP's Fisheries Information System records a fish survey at Cheesman Reservoir. Species recorded include Green Sunfish. The survey records represented 29 fish across the latest grouped records.,Green Sunfish,Official FWP fisheries survey; survey gear and methods vary by record.,,https://fwp-gis.mt.gov/arcgis/rest/services/fish/fishViewer/MapServer/51,
ead3250d72ef6cb51d,2025-09-10,stale,319,21,Hill,Bailey Reservoir,official_fwp_stocking_record,"Montana Fish, Wildlife & Parks",True,,Fish stocking record for Bailey Reservoir,"Montana FWP records a stocking event at Bailey Reservoir involving Rainbow Trout and 9,211 fish. Stocking schedules and completed records can change; open the official source for details.",Rainbow Trout,,,https://fwp-gis.mt.gov/arcgis/rest/services/fish/fishViewer/MapServer/38,
c6ee3532beb69a646e,2025-09-05,stale,324,16,Gallatin,Madison River,official_fwp_fish_survey,"Montana Fish, Wildlife & Parks",True,,Official fish survey record for Madison River,"Montana FWP's Fisheries Information System records a fish survey at Madison River. Species recorded include Brown Trout, Longnose Sucker, Mountain Whitefish, Rainbow Trout, Westslope X Rainbow. The survey records represented 179 fish across the latest grouped records.","Brown Trout, Longnose Sucker, Mountain Whitefish, Rainbow Trout, Westslope X Rainbow",Official FWP fisheries survey; survey gear and methods vary by record.,,https://fwp-gis.mt.gov/arcgis/rest/services/fish/fishViewer/MapServer/51,
b5b550dbb6d135c99f,2025-09-04,stale,325,51,Toole,Tiber Reservoir,official_fwp_fish_survey,"Montana Fish, Wildlife & Parks",True,,Official fish survey record for Tiber Reservoir,"Montana FWP's Fisheries Information System records a fish survey at Tiber Reservoir. Species recorded include Cisco, Common Carp, Longnose Sucker, Northern Pike, Walleye, White Sucker, Yellow Perch. The survey records represented 178 fish across the latest grouped records.","Cisco, Common Carp, Longnose Sucker, Northern Pike, Walleye, White Sucker, Yellow Perch",Official FWP fisheries survey; survey gear and methods vary by record.,,https://fwp-gis.mt.gov/arcgis/rest/services/fish/fishViewer/MapServer/51,
988bc1bca1a81ec9cd,2025-09-04,stale,325,12,Deer Lodge,Seymour Creek,official_fwp_fish_survey,"Montana Fish, Wildlife & Parks",True,,Official fish survey record for Seymour Creek,Montana FWP's Fisheries Information System records a fish survey at Seymour Creek. Species recorded include Arctic Grayling. The survey records represented 1 fish across the latest grouped records.,Arctic Grayling,Official FWP fisheries survey; survey gear and methods vary by record.,,https://fwp-gis.mt.gov/arcgis/rest/services/fish/fishViewer/MapServer/51,
b562c06ebfce3dc036,2025-09-04,stale,325,21,Hill,Beaver Creek Reservoir,official_fwp_fish_survey,"Montana Fish, Wildlife & Parks",True,,Official fish survey record for Beaver Creek Reservoir,"Montana FWP's Fisheries Information System records a fish survey at Beaver Creek Reservoir. Species recorded include Northern Pike, Rainbow Trout, Smallmouth Bass, Walleye, Yellow Perch. The survey records represented 192 fish across the latest grouped records.","Northern Pike, Rainbow Trout, Smallmouth Bass, Walleye, Yellow Perch",Official FWP fisheries survey; survey gear and methods vary by record.,,https://fwp-gis.mt.gov/arcgis/rest/services/fish/fishViewer/MapServer/51,
d3f5913ebfd81fbe62,2025-09-03,stale,326,32,Missoula,Mill Creek,official_fwp_fish_survey,"Montana Fish, Wildlife & Parks",True,,Official fish survey record for Mill Creek,Montana FWP's Fisheries Information System records a fish survey at Mill Creek. Species recorded include Westslope Cutthroat Trout. The survey records represented 22 fish across the latest grouped records.,Westslope Cutthroat Trout,Official FWP fisheries survey; survey gear and methods vary by record.,,https://fwp-gis.mt.gov/arcgis/rest/services/fish/fishViewer/MapServer/51,
1484812190ef7724ee,2025-09-03,stale,326,21,Hill,Bearpaw Lake,official_fwp_fish_survey,"Montana Fish, Wildlife & Parks",True,,Official fish survey record for Bearpaw Lake,"Montana FWP's Fisheries Information System records a fish survey at Bearpaw Lake. Species recorded include Rainbow Trout, Smallmouth Bass, White Sucker. The survey records represented 240 fish across the latest grouped records.","Rainbow Trout, Smallmouth Bass, White Sucker",Official FWP fisheries survey; survey gear and methods vary by record.,,https://fwp-gis.mt.gov/arcgis/rest/services/fish/fishViewer/MapServer/51,
8a61ec3ed150f4d2f3,2025-08-29,stale,331,12,Deer Lodge,Fishtrap Creek,official_fwp_fish_survey,"Montana Fish, Wildlife & Parks",True,,Official fish survey record for Fishtrap Creek,Montana FWP's Fisheries Information System records a fish survey at Fishtrap Creek. Species recorded include Arctic Grayling. The survey records represented 24 fish across the latest grouped records.,Arctic Grayling,Official FWP fisheries survey; survey gear and methods vary by record.,,https://fwp-gis.mt.gov/arcgis/rest/services/fish/fishViewer/MapServer/51,
677be4bbc415818082,2025-08-27,stale,333,15,Flathead,Spotted Bear River,official_fwp_fish_survey,"Montana Fish, Wildlife & Parks",True,,Official fish survey record for Spotted Bear River,Montana FWP's Fisheries Information System records a fish survey at Spotted Bear River. Species recorded include Bull Trout. The survey records represented 18 fish across the latest grouped records.,Bull Trout,Official FWP fisheries survey; survey gear and methods vary by record.,,https://fwp-gis.mt.gov/arcgis/rest/services/fish/fishViewer/MapServer/51,
f730b03bbfae1dd2d0,2025-08-27,stale,333,53,Valley,Milk River,official_fwp_fish_survey,"Montana Fish, Wildlife & Parks",True,,Official fish survey record for Milk River,"Montana FWP's Fisheries Information System records a fish survey at Milk River. Species recorded include Bluegill, Channel Catfish, Common Carp, Emerald Shiner, Freshwater Drum, Northern Pike, Shorthead Redhorse, Smallmouth Bass, Smallmouth Buffalo, Spottail Shiner, Stonecat, White Sucker. The survey records represented 66 fish across the latest grouped records.","Bluegill, Channel Catfish, Common Carp, Emerald Shiner, Freshwater Drum, Northern Pike, Shorthead Redhorse, Smallmouth Bass, Smallmouth Buffalo, Spottail Shiner, Stonecat, White Sucker",Official FWP fisheries survey; survey gear and methods vary by record.,,https://fwp-gis.mt.gov/arcgis/rest/services/fish/fishViewer/MapServer/51,
d1ca62d5912c0beac6,2025-08-26,stale,334,32,Missoula,Elk Creek,official_fwp_fish_survey,"Montana Fish, Wildlife & Parks",True,,Official fish survey record for Elk Creek,"Montana FWP's Fisheries Information System records a fish survey at Elk Creek. Species recorded include Brook Trout, Bull Trout, Westslope X Rainbow. The survey records represented 88 fish across the latest grouped records.","Brook Trout, Bull Trout, Westslope X Rainbow",Official FWP fisheries survey; survey gear and methods vary by record.,,https://fwp-gis.mt.gov/arcgis/rest/services/fish/fishViewer/MapServer/51,
914ae2e27cca5866f4,2025-08-26,stale,334,36,Phillips,Pr 022 Reservoir,official_fwp_stocking_record,"Montana Fish, Wildlife & Parks",True,,Fish stocking record for Pr 022 Reservoir,"Montana FWP records a stocking event at Pr 022 Reservoir involving Largemouth Bass and 2,000 fish. Stocking schedules and completed records can change; open the official source for details.",Largemouth Bass,,,https://fwp-gis.mt.gov/arcgis/rest/services/fish/fishViewer/MapServer/38,
21988e858dc4c60e7f,2025-08-26,stale,334,53,Valley,Atlas Reservoir,official_fwp_stocking_record,"Montana Fish, Wildlife & Parks",True,,Fish stocking record for Atlas Reservoir,Montana FWP records a stocking event at Atlas Reservoir involving Largemouth Bass and 750 fish. Stocking schedules and completed records can change; open the official source for details.,Largemouth Bass,,,https://fwp-gis.mt.gov/arcgis/rest/services/fish/fishViewer/MapServer/38,
254c218a0a83d2c29f,2025-08-20,stale,340,41,Ravalli,Daly Creek,official_fwp_fish_survey,"Montana Fish, Wildlife & Parks",True,,Official fish survey record for Daly Creek,"Montana FWP's Fisheries Information System records a fish survey at Daly Creek. Species recorded include Brown Trout, Bull Trout, Westslope Cutthroat Trout. The survey records represented 139 fish across the latest grouped records.","Brown Trout, Bull Trout, Westslope Cutthroat Trout",Official FWP fisheries survey; survey gear and methods vary by record.,,https://fwp-gis.mt.gov/arcgis/rest/services/fish/fishViewer/MapServer/51,
ba8c90222ab4891796,2025-08-19,stale,341,34,Park,Little Donahue Creek,official_fwp_fish_survey,"Montana Fish, Wildlife & Parks",True,,Official fish survey record for Little Donahue Creek,"Montana FWP's Fisheries Information System records a fish survey at Little Donahue Creek. Species recorded include Brown Trout, No Fish Caught, Yellowstone Cutthroat Trout. The survey records represented 8 fish across the latest grouped records.","Brown Trout, No Fish Caught, Yellowstone Cutthroat Trout",Official FWP fisheries survey; survey gear and methods vary by record.,,https://fwp-gis.mt.gov/arcgis/rest/services/fish/fishViewer/MapServer/51,
950c346fa8b352b26f,2025-08-19,stale,341,36,Phillips,Whiteface Reservoir,official_fwp_stocking_record,"Montana Fish, Wildlife & Parks",True,,Fish stocking record for Whiteface Reservoir,"Montana FWP records a stocking event at Whiteface Reservoir involving Largemouth Bass and 1,000 fish. Stocking schedules and completed records can change; open the official source for details.",Largemouth Bass,,,https://fwp-gis.mt.gov/arcgis/rest/services/fish/fishViewer/MapServer/38,
d14314eea40fc41f70,2025-08-19,stale,341,36,Phillips,Lark Reservoir,official_fwp_stocking_record,"Montana Fish, Wildlife & Parks",True,,Fish stocking record for Lark Reservoir,"Montana FWP records a stocking event at Lark Reservoir involving Largemouth Bass and 3,000 fish. Stocking schedules and completed records can change; open the official source for details.",Largemouth Bass,,,https://fwp-gis.mt.gov/arcgis/rest/services/fish/fishViewer/MapServer/38,
782766f8c06fc62587,2025-08-19,stale,341,36,Phillips,Bresaylor Reservoir,official_fwp_stocking_record,"Montana Fish, Wildlife & Parks",True,,Fish stocking record for Bresaylor Reservoir,Montana FWP records a stocking event at Bresaylor Reservoir involving Largemouth Bass and 500 fish. Stocking schedules and completed records can change; open the official source for details.,Largemouth Bass,,,https://fwp-gis.mt.gov/arcgis/rest/services/fish/fishViewer/MapServer/38,
1ff9b13035457a775f,2025-08-18,stale,342,15,Flathead,Wounded Buck Creek,official_fwp_fish_survey,"Montana Fish, Wildlife & Parks",True,,Official fish survey record for Wounded Buck Creek,"Montana FWP's Fisheries Information System records a fish survey at Wounded Buck Creek. Species recorded include Bull Trout, Westslope Cutthroat Trout. The survey records represented 102 fish across the latest grouped records.","Bull Trout, Westslope Cutthroat Trout",Official FWP fisheries survey; survey gear and methods vary by record.,,https://fwp-gis.mt.gov/arcgis/rest/services/fish/fishViewer/MapServer/51,
c21fb12ed7e611ffe1,2025-08-13,stale,347,39,Powell,Monture Creek,official_fwp_fish_survey,"Montana Fish, Wildlife & Parks",True,,Official fish survey record for Monture Creek,"Montana FWP's Fisheries Information System records a fish survey at Monture Creek. Species recorded include Brook Trout, Bull Trout, Rainbow Trout, Westslope Cutthroat Trout. The survey records represented 97 fish across the latest grouped records.","Brook Trout, Bull Trout, Rainbow Trout, Westslope Cutthroat Trout",Official FWP fisheries survey; survey gear and methods vary by record.,,https://fwp-gis.mt.gov/arcgis/rest/services/fish/fishViewer/MapServer/51,
c95b63443e577799fc,2025-08-12,stale,348,20,Granite,Sluice Gulch,official_fwp_fish_survey,"Montana Fish, Wildlife & Parks",True,,Official fish survey record for Sluice Gulch,Montana FWP's Fisheries Information System records a fish survey at Sluice Gulch. Species recorded include Brown Trout. The survey records represented 51 fish across the latest grouped records.,Brown Trout,Official FWP fisheries survey; survey gear and methods vary by record.,,https://fwp-gis.mt.gov/arcgis/rest/services/fish/fishViewer/MapServer/51,
43901fe2352247291f,2025-08-08,stale,352,15,Flathead,Sylvia Lake,official_fwp_stocking_record,"Montana Fish, Wildlife & Parks",True,,Fish stocking record for Sylvia Lake,"Montana FWP records a stocking event at Sylvia Lake involving Westslope Cutthroat Trout and 2,000 fish. Stocking schedules and completed records can change; open the official source for details.",Westslope Cutthroat Trout,,,https://fwp-gis.mt.gov/arcgis/rest/services/fish/fishViewer/MapServer/38,
1ba830f24a0fc5aec3,2025-08-07,stale,353,35,Petroleum,Payola Reservoir,official_fwp_stocking_record,"Montana Fish, Wildlife & Parks",True,,Fish stocking record for Payola Reservoir,"Montana FWP records a stocking event at Payola Reservoir involving Largemouth Bass and 3,000 fish. Stocking schedules and completed records can change; open the official source for details.",Largemouth Bass,,,https://fwp-gis.mt.gov/arcgis/rest/services/fish/fishViewer/MapServer/38,
2ac61971c73a8ec4d4,2025-08-07,stale,353,14,Fergus,Big Casino Creek Reservoir,official_fwp_stocking_record,"Montana Fish, Wildlife & Parks",True,,Fish stocking record for Big Casino Creek Reservoir,"Montana FWP records a stocking event at Big Casino Creek Reservoir involving Largemouth Bass and 5,000 fish. Stocking schedules and completed records can change; open the official source for details.",Largemouth Bass,,,https://fwp-gis.mt.gov/arcgis/rest/services/fish/fishViewer/MapServer/38,
df56e6017ec9595898,2025-08-06,stale,354,13,Fallon,South Sandstone Reservoir,official_fwp_fish_survey,"Montana Fish, Wildlife & Parks",True,,Official fish survey record for South Sandstone Reservoir,"Montana FWP's Fisheries Information System records a fish survey at South Sandstone Reservoir. Species recorded include Black Bullhead, Black Crappie, Green Sunfish, Largemouth Bass, Northern Pike, Walleye, Yellow Perch. The survey records represented 412 fish across the latest grouped records.","Black Bullhead, Black Crappie, Green Sunfish, Largemouth Bass, Northern Pike, Walleye, Yellow Perch",Official FWP fisheries survey; survey gear and methods vary by record.,,https://fwp-gis.mt.gov/arcgis/rest/services/fish/fishViewer/MapServer/51,
06e0a974b86bc7f752,2025-08-05,stale,355,15,Flathead,South Fork Flathead River,official_fwp_fish_survey,"Montana Fish, Wildlife & Parks",True,,Official fish survey record for South Fork Flathead River,Montana FWP's Fisheries Information System records a fish survey at South Fork Flathead River. Species recorded include Westslope Cutthroat Trout. The survey records represented 55 fish across the latest grouped records.,Westslope Cutthroat Trout,Official FWP fisheries survey; survey gear and methods vary by record.,,https://fwp-gis.mt.gov/arcgis/rest/services/fish/fishViewer/MapServer/51,
fbb8295694278d7edc,2025-08-05,stale,355,36,Phillips,Plutz Reservoir,official_fwp_fish_survey,"Montana Fish, Wildlife & Parks",True,,Official fish survey record for Plutz Reservoir,Montana FWP's Fisheries Information System records a fish survey at Plutz Reservoir. Species recorded include No Fish Caught. The survey records represented 2 fish across the latest grouped records.,No Fish Caught,Official FWP fisheries survey; survey gear and methods vary by record.,,https://fwp-gis.mt.gov/arcgis/rest/services/fish/fishViewer/MapServer/51,
d00eebf520ec9b7e1f,2025-08-05,stale,355,11,Dawson,Hollecker Lake,official_fwp_fish_survey,"Montana Fish, Wildlife & Parks",True,,Official fish survey record for Hollecker Lake,"Montana FWP's Fisheries Information System records a fish survey at Hollecker Lake. Species recorded include Black Crappie, Channel Catfish, Longnose Sucker, Sand Shiner, Shorthead Redhorse, Walleye, Yellow Perch. The survey records represented 82 fish across the latest grouped records.","Black Crappie, Channel Catfish, Longnose Sucker, Sand Shiner, Shorthead Redhorse, Walleye, Yellow Perch",Official FWP fisheries survey; survey gear and methods vary by record.,,https://fwp-gis.mt.gov/arcgis/rest/services/fish/fishViewer/MapServer/51,
640f09ba5145a97016,2025-08-05,stale,355,42,Richland,Gartside Reservoir,official_fwp_fish_survey,"Montana Fish, Wildlife & Parks",True,,Official fish survey record for Gartside Reservoir,"Montana FWP's Fisheries Information System records a fish survey at Gartside Reservoir. Species recorded include Black Crappie, Bluegill, Largemouth Bass, Northern Pike, Yellow Perch. The survey records represented 360 fish across the latest grouped records.","Black Crappie, Bluegill, Largemouth Bass, Northern Pike, Yellow Perch",Official FWP fisheries survey; survey gear and methods vary by record.,,https://fwp-gis.mt.gov/arcgis/rest/services/fish/fishViewer/MapServer/51,
7ffca92ec92528b360,2025-08-04,stale,356,36,Phillips,Wedding Reservoir,official_fwp_fish_survey,"Montana Fish, Wildlife & Parks",True,,Official fish survey record for Wedding Reservoir,Montana FWP's Fisheries Information System records a fish survey at Wedding Reservoir. Species recorded include No Fish Caught. The survey records represented 2 fish across the latest grouped records.,No Fish Caught,Official FWP fisheries survey; survey gear and methods vary by record.,,https://fwp-gis.mt.gov/arcgis/rest/services/fish/fishViewer/MapServer/51,
0daa308014c5d81928,2025-08-04,stale,356,16,Gallatin,Fairy Lake,official_fwp_stocking_record,"Montana Fish, Wildlife & Parks",True,,Fish stocking record for Fairy Lake,"Montana FWP records a stocking event at Fairy Lake involving Yellowstone Cutthroat Trout and 2,000 fish. Stocking schedules and completed records can change; open the official source for details.",Yellowstone Cutthroat Trout,,Helicopter release.,https://fwp-gis.mt.gov/arcgis/rest/services/fish/fishViewer/MapServer/38,
c763618208a99052f7,2025-07-31,stale,360,9,Custer,Spotted Eagle Lake,official_fwp_fish_survey,"Montana Fish, Wildlife & Parks",True,,Official fish survey record for Spotted Eagle Lake,"Montana FWP's Fisheries Information System records a fish survey at Spotted Eagle Lake. Species recorded include Bigmouth Buffalo, Smallmouth Buffalo. The survey records represented 12 fish across the latest grouped records.","Bigmouth Buffalo, Smallmouth Buffalo",Official FWP fisheries survey; survey gear and methods vary by record.,,https://fwp-gis.mt.gov/arcgis/rest/services/fish/fishViewer/MapServer/51,
a19c4b5458c01d2f76,2025-07-31,stale,360,3,Blaine,Salmo Reservoir,official_fwp_fish_survey,"Montana Fish, Wildlife & Parks",True,,Official fish survey record for Salmo Reservoir,"Montana FWP's Fisheries Information System records a fish survey at Salmo Reservoir. Species recorded include Fathead Minnow, Rainbow Trout. The survey records represented 174 fish across the latest grouped records.","Fathead Minnow, Rainbow Trout",Official FWP fisheries survey; survey gear and methods vary by record.,,https://fwp-gis.mt.gov/arcgis/rest/services/fish/fishViewer/MapServer/51,
f3ae1274cca81bbfb8,2025-07-31,stale,360,3,Blaine,North Faber Reservoir,official_fwp_fish_survey,"Montana Fish, Wildlife & Parks",True,,Official fish survey record for North Faber Reservoir,"Montana FWP's Fisheries Information System records a fish survey at North Faber Reservoir. Species recorded include Bluegill, Fathead Minnow. The survey records represented 527 fish across the latest grouped records.","Bluegill, Fathead Minnow",Official FWP fisheries survey; survey gear and methods vary by record.,,https://fwp-gis.mt.gov/arcgis/rest/services/fish/fishViewer/MapServer/51,
6a42e12b312882ff03,2025-07-28,stale,363,44,Rosebud,Castle Rock Reservoir,official_fwp_fish_survey,"Montana Fish, Wildlife & Parks",True,,Official fish survey record for Castle Rock Reservoir,"Montana FWP's Fisheries Information System records a fish survey at Castle Rock Reservoir. Species recorded include Black Crappie, Bluegill, Largemouth Bass, Northern Pike, Walleye. The survey records represented 473 fish across the latest grouped records.","Black Crappie, Bluegill, Largemouth Bass, Northern Pike, Walleye",Official FWP fisheries survey; survey gear and methods vary by record.,,https://fwp-gis.mt.gov/arcgis/rest/services/fish/fishViewer/MapServer/51,
98353232753c012d54,2025-07-26,stale,365,15,Flathead,Beta Lake,official_fwp_stocking_record,"Montana Fish, Wildlife & Parks",True,,Fish stocking record for Beta Lake,Montana FWP records a stocking event at Beta Lake involving Westslope Cutthroat Trout and 250 fish. Stocking schedules and completed records can change; open the official source for details.,Westslope Cutthroat Trout,,,https://fwp-gis.mt.gov/arcgis/rest/services/fish/fishViewer/MapServer/38,
9f28bd18198cca8ac5,2025-07-25,stale,366,16,Gallatin,Bostwick Creek,official_fwp_fish_survey,"Montana Fish, Wildlife & Parks",True,,Official fish survey record for Bostwick Creek,"Montana FWP's Fisheries Information System records a fish survey at Bostwick Creek. Species recorded include Brook Trout, Westslope Cutthroat Trout. The survey records represented 125 fish across the latest grouped records.","Brook Trout, Westslope Cutthroat Trout",Official FWP fisheries survey; survey gear and methods vary by record.,,https://fwp-gis.mt.gov/arcgis/rest/services/fish/fishViewer/MapServer/51,
bb7af66108c097cf25,2025-07-23,stale,368,36,Phillips,Wapiti Reservoir,official_fwp_fish_survey,"Montana Fish, Wildlife & Parks",True,,Official fish survey record for Wapiti Reservoir,Montana FWP's Fisheries Information System records a fish survey at Wapiti Reservoir. Species recorded include No Fish Caught. The survey records represented 2 fish across the latest grouped records.,No Fish Caught,Official FWP fisheries survey; survey gear and methods vary by record.,,https://fwp-gis.mt.gov/arcgis/rest/services/fish/fishViewer/MapServer/51,
d92a3f8eb4199f7f7d,2025-07-23,stale,368,6,Carter,MacNab Pond,official_fwp_fish_survey,"Montana Fish, Wildlife & Parks",True,,Official fish survey record for MacNab Pond,"Montana FWP's Fisheries Information System records a fish survey at MacNab Pond. Species recorded include Black Bullhead, Green Sunfish. The survey records represented 8 fish across the latest grouped records.","Black Bullhead, Green Sunfish",Official FWP fisheries survey; survey gear and methods vary by record.,,https://fwp-gis.mt.gov/arcgis/rest/services/fish/fishViewer/MapServer/51,
a987ce0007da0e8ece,2025-07-23,stale,368,36,Phillips,Current Reservoir,official_fwp_fish_survey,"Montana Fish, Wildlife & Parks",True,,Official fish survey record for Current Reservoir,"Montana FWP's Fisheries Information System records a fish survey at Current Reservoir. Species recorded include Brook Stickleback, Fathead Minnow, Lake Chub, Rainbow Trout. The survey records represented 591 fish across the latest grouped records.","Brook Stickleback, Fathead Minnow, Lake Chub, Rainbow Trout",Official FWP fisheries survey; survey gear and methods vary by record.,,https://fwp-gis.mt.gov/arcgis/rest/services/fish/fishViewer/MapServer/51,
1f208d4414fd21af98,2025-07-22,stale,369,30,Meagher,Shields River,official_fwp_fish_survey,"Montana Fish, Wildlife & Parks",True,,Official fish survey record for Shields River,"Montana FWP's Fisheries Information System records a fish survey at Shields River. Species recorded include Rocky Mountain Sculpin, Yellowstone Cutthroat Trout. The survey records represented 44 fish across the latest grouped records.","Rocky Mountain Sculpin, Yellowstone Cutthroat Trout",Official FWP fisheries survey; survey gear and methods vary by record.,,https://fwp-gis.mt.gov/arcgis/rest/services/fish/fishViewer/MapServer/51,
dd503eafab57c24c9f,2025-07-18,stale,373,15,Flathead,McInernie Creek,official_fwp_fish_survey,"Montana Fish, Wildlife & Parks",True,,Official fish survey record for McInernie Creek,Montana FWP's Fisheries Information System records a fish survey at McInernie Creek. Species recorded include Westslope Cutthroat Trout. The survey records represented 111 fish across the latest grouped records.,Westslope Cutthroat Trout,Official FWP fisheries survey; survey gear and methods vary by record.,,https://fwp-gis.mt.gov/arcgis/rest/services/fish/fishViewer/MapServer/51,
971d5356b2cef3cdde,2025-07-17,stale,374,1,Beaverhead,Clark Canyon Reservoir,official_fwp_stocking_record,"Montana Fish, Wildlife & Parks",True,,Fish stocking record for Clark Canyon Reservoir,"Montana FWP records a stocking event at Clark Canyon Reservoir involving Rainbow Trout and 23,208 fish. Stocking schedules and completed records can change; open the official source for details.",Rainbow Trout,,,https://fwp-gis.mt.gov/arcgis/rest/services/fish/fishViewer/MapServer/38,
c89e1d45da9b24a3e6,2025-07-16,stale,375,36,Phillips,Ester Lake,official_fwp_fish_survey,"Montana Fish, Wildlife & Parks",True,,Official fish survey record for Ester Lake,"Montana FWP's Fisheries Information System records a fish survey at Ester Lake. Species recorded include Black Crappie, Common Carp, Northern Pike, Walleye, Yellow Perch. The survey records represented 40 fish across the latest grouped records.","Black Crappie, Common Carp, Northern Pike, Walleye, Yellow Perch",Official FWP fisheries survey; survey gear and methods vary by record.,,https://fwp-gis.mt.gov/arcgis/rest/services/fish/fishViewer/MapServer/51,
a9cfe73bfe48b5de2b,2025-07-16,stale,375,32,Missoula,Belmont Creek,official_fwp_fish_survey,"Montana Fish, Wildlife & Parks",True,,Official fish survey record for Belmont Creek,"Montana FWP's Fisheries Information System records a fish survey at Belmont Creek. Species recorded include Bull Trout, Westslope Cutthroat Trout. The survey records represented 58 fish across the latest grouped records.","Bull Trout, Westslope Cutthroat Trout",Official FWP fisheries survey; survey gear and methods vary by record.,,https://fwp-gis.mt.gov/arcgis/rest/services/fish/fishViewer/MapServer/51,
623747bf2bdd774a04,2025-07-15,stale,376,36,Phillips,Pr 054 Reservoir,official_fwp_fish_survey,"Montana Fish, Wildlife & Parks",True,,Official fish survey record for Pr 054 Reservoir,"Montana FWP's Fisheries Information System records a fish survey at Pr 054 Reservoir. Species recorded include Bluegill, Fathead Minnow, Largemouth Bass. The survey records represented 51 fish across the latest grouped records.","Bluegill, Fathead Minnow, Largemouth Bass",Official FWP fisheries survey; survey gear and methods vary by record.,,https://fwp-gis.mt.gov/arcgis/rest/services/fish/fishViewer/MapServer/51,
008201379d01b22e75,2025-07-15,stale,376,36,Phillips,Pr 022 Reservoir,official_fwp_fish_survey,"Montana Fish, Wildlife & Parks",True,,Official fish survey record for Pr 022 Reservoir,"Montana FWP's Fisheries Information System records a fish survey at Pr 022 Reservoir. Species recorded include Fathead Minnow, Largemouth Bass. The survey records represented 423 fish across the latest grouped records.","Fathead Minnow, Largemouth Bass",Official FWP fisheries survey; survey gear and methods vary by record.,,https://fwp-gis.mt.gov/arcgis/rest/services/fish/fishViewer/MapServer/51,
952cbcbbed9a5c9986,2025-07-14,stale,377,10,Daniels,Whitetail Reservoir,official_fwp_fish_survey,"Montana Fish, Wildlife & Parks",True,,Official fish survey record for Whitetail Reservoir,"Montana FWP's Fisheries Information System records a fish survey at Whitetail Reservoir. Species recorded include Northern Pike, Yellow Perch. The survey records represented 87 fish across the latest grouped records.","Northern Pike, Yellow Perch",Official FWP fisheries survey; survey gear and methods vary by record.,,https://fwp-gis.mt.gov/arcgis/rest/services/fish/fishViewer/MapServer/51,
516256b3f5c83f90c2,2025-07-14,stale,377,34,Park,Middle Fork Willow Creek,official_fwp_fish_survey,"Montana Fish, Wildlife & Parks",True,,Official fish survey record for Middle Fork Willow Creek,Montana FWP's Fisheries Information System records a fish survey at Middle Fork Willow Creek. Species recorded include Yellowstone Cutthroat Trout. The survey records represented 74 fish across the latest grouped records.,Yellowstone Cutthroat Trout,Official FWP fisheries survey; survey gear and methods vary by record.,,https://fwp-gis.mt.gov/arcgis/rest/services/fish/fishViewer/MapServer/51,
23afb8bc50d2f45c9a,2025-07-14,stale,377,30,Meagher,Fourmile Creek,official_fwp_fish_survey,"Montana Fish, Wildlife & Parks",True,,Official fish survey record for Fourmile Creek,Montana FWP's Fisheries Information System records a fish survey at Fourmile Creek. Species recorded include Westslope Cutthroat Trout. The survey records represented 51 fish across the latest grouped records.,Westslope Cutthroat Trout,Official FWP fisheries survey; survey gear and methods vary by record.,,https://fwp-gis.mt.gov/arcgis/rest/services/fish/fishViewer/MapServer/51,
66f37c7fc5fe82aaa5,2025-07-14,stale,377,36,Phillips,Cole Pond SW,official_fwp_fish_survey,"Montana Fish, Wildlife & Parks",True,,Official fish survey record for Cole Pond SW,"Montana FWP's Fisheries Information System records a fish survey at Cole Pond SW. Species recorded include Pumpkinseed, Rainbow Trout, White Sucker, Yellow Perch. The survey records represented 46 fish across the latest grouped records.","Pumpkinseed, Rainbow Trout, White Sucker, Yellow Perch",Official FWP fisheries survey; survey gear and methods vary by record.,,https://fwp-gis.mt.gov/arcgis/rest/services/fish/fishViewer/MapServer/51,
d1c37b2b64de3c5486,2025-07-10,stale,381,25,Lewis and Clark,Helena Valley Regulating Reservoir,official_fwp_fish_survey,"Montana Fish, Wildlife & Parks",True,,Official fish survey record for Helena Valley Regulating Reservoir,"Montana FWP's Fisheries Information System records a fish survey at Helena Valley Regulating Reservoir. Species recorded include Burbot, Kokanee, White Sucker, Yellow Perch. The survey records represented 600 fish across the latest grouped records.","Burbot, Kokanee, White Sucker, Yellow Perch",Official FWP fisheries survey; survey gear and methods vary by record.,,https://fwp-gis.mt.gov/arcgis/rest/services/fish/fishViewer/MapServer/51,
19928020fa49a1c909,2025-07-09,stale,382,38,Powder River,Mud Turtle Reservoir,official_fwp_fish_survey,"Montana Fish, Wildlife & Parks",True,,Official fish survey record for Mud Turtle Reservoir,Montana FWP's Fisheries Information System records a fish survey at Mud Turtle Reservoir. Species recorded include Rainbow Trout. The survey records represented 5 fish across the latest grouped records.,Rainbow Trout,Official FWP fisheries survey; survey gear and methods vary by record.,,https://fwp-gis.mt.gov/arcgis/rest/services/fish/fishViewer/MapServer/51,
36dfa42b183a84c309,2025-07-09,stale,382,44,Rosebud,Blacks Sawmill Pond,official_fwp_fish_survey,"Montana Fish, Wildlife & Parks",True,,Official fish survey record for Blacks Sawmill Pond,"Montana FWP's Fisheries Information System records a fish survey at Blacks Sawmill Pond. Species recorded include Fathead Minnow, Rainbow Trout. The survey records represented 138 fish across the latest grouped records.","Fathead Minnow, Rainbow Trout",Official FWP fisheries survey; survey gear and methods vary by record.,,https://fwp-gis.mt.gov/arcgis/rest/services/fish/fishViewer/MapServer/51,
5a3d4e2cfd7fa22c35,2025-07-08,stale,383,34,Park,Eightmile Creek,official_fwp_fish_survey,"Montana Fish, Wildlife & Parks",True,,Official fish survey record for Eightmile Creek,"Montana FWP's Fisheries Information System records a fish survey at Eightmile Creek. Species recorded include Brook Trout, Brown Trout, Rainbow Trout. The survey records represented 95 fish across the latest grouped records.","Brook Trout, Brown Trout, Rainbow Trout",Official FWP fisheries survey; survey gear and methods vary by record.,,https://fwp-gis.mt.gov/arcgis/rest/services/fish/fishViewer/MapServer/51,
94914e60458b8f9768,2025-07-08,stale,383,21,Hill,Bailey Reservoir,official_fwp_fish_survey,"Montana Fish, Wildlife & Parks",True,,Official fish survey record for Bailey Reservoir,"Montana FWP's Fisheries Information System records a fish survey at Bailey Reservoir. Species recorded include Black Crappie, Bluegill, No Fish Caught, Northern Pike. The survey records represented 10 fish across the latest grouped records.","Black Crappie, Bluegill, No Fish Caught, Northern Pike",Official FWP fisheries survey; survey gear and methods vary by record.,,https://fwp-gis.mt.gov/arcgis/rest/services/fish/fishViewer/MapServer/51,
347e2651ec3736812d,2025-07-07,stale,384,3,Blaine,Faber Reservoir,official_fwp_fish_survey,"Montana Fish, Wildlife & Parks",True,,Official fish survey record for Faber Reservoir,"Montana FWP's Fisheries Information System records a fish survey at Faber Reservoir. Species recorded include Brassy Minnow, Fathead Minnow, Northern Redbelly Dace, Rainbow Trout, White Sucker. The survey records represented 1,347 fish across the latest grouped records.","Brassy Minnow, Fathead Minnow, Northern Redbelly Dace, Rainbow Trout, White Sucker",Official FWP fisheries survey; survey gear and methods vary by record.,,https://fwp-gis.mt.gov/arcgis/rest/services/fish/fishViewer/MapServer/51,
72336a5296d99441dc,2025-07-01,stale,390,3,Blaine,Reser Reservoir,official_fwp_fish_survey,"Montana Fish, Wildlife & Parks",True,,Official fish survey record for Reser Reservoir,"Montana FWP's Fisheries Information System records a fish survey at Reser Reservoir. Species recorded include Black Crappie, Bluegill, Fathead Minnow, No Fish Caught. The survey records represented 774 fish across the latest grouped records.","Black Crappie, Bluegill, Fathead Minnow, No Fish Caught",Official FWP fisheries survey; survey gear and methods vary by record.,,https://fwp-gis.mt.gov/arcgis/rest/services/fish/fishViewer/MapServer/51,
b1c8ff01ac5464ebb5,2025-06-26,stale,395,9,Custer,Tongue River,official_fwp_fish_survey,"Montana Fish, Wildlife & Parks",True,,Official fish survey record for Tongue River,"Montana FWP's Fisheries Information System records a fish survey at Tongue River. Species recorded include Channel Catfish, Common Carp, Flathead Chub, Freshwater Drum, Goldeye, River Carpsucker, Sauger, Shorthead Redhorse, Shovelnose Sturgeon, Smallmouth Bass, Stonecat, Walleye. The survey records represented 134 fish across the latest grouped records.","Channel Catfish, Common Carp, Flathead Chub, Freshwater Drum, Goldeye, River Carpsucker, Sauger, Shorthead Redhorse, Shovelnose Sturgeon, Smallmouth Bass, Stonecat, Walleye",Official FWP fisheries survey; survey gear and methods vary by record.,,https://fwp-gis.mt.gov/arcgis/rest/services/fish/fishViewer/MapServer/51,
f7354a81baed5873b6,2025-06-26,stale,395,32,Missoula,Holland Lake,official_fwp_fish_survey,"Montana Fish, Wildlife & Parks",True,,Official fish survey record for Holland Lake,"Montana FWP's Fisheries Information System records a fish survey at Holland Lake. Species recorded include Bull Trout, Kokanee, Lake Trout, Largescale Sucker, Longnose Sucker, Mountain Whitefish, Northern Pike Minnow, Pumpkinseed, Westslope Cutthroat Trout, Yellow Perch. The survey records represented 106 fish across the latest grouped records.","Bull Trout, Kokanee, Lake Trout, Largescale Sucker, Longnose Sucker, Mountain Whitefish, Northern Pike Minnow, Pumpkinseed, Westslope Cutthroat Trout, Yellow Perch",Official FWP fisheries survey; survey gear and methods vary by record.,,https://fwp-gis.mt.gov/arcgis/rest/services/fish/fishViewer/MapServer/51,
cfd145839b578d1d0c,2025-06-26,stale,395,53,Valley,Glasgow Base Pond,official_fwp_fish_survey,"Montana Fish, Wildlife & Parks",True,,Official fish survey record for Glasgow Base Pond,"Montana FWP's Fisheries Information System records a fish survey at Glasgow Base Pond. Species recorded include Northern Pike, Yellow Perch. The survey records represented 53 fish across the latest grouped records.","Northern Pike, Yellow Perch",Official FWP fisheries survey; survey gear and methods vary by record.,,https://fwp-gis.mt.gov/arcgis/rest/services/fish/fishViewer/MapServer/51,
dcaf42b0067f3cbbee,2025-06-25,stale,396,16,Gallatin,Hyalite Creek,official_fwp_fish_survey,"Montana Fish, Wildlife & Parks",True,,Official fish survey record for Hyalite Creek,Montana FWP's Fisheries Information System records a fish survey at Hyalite Creek. Species recorded include Arctic Grayling. The survey records represented 12 fish across the latest grouped records.,Arctic Grayling,Official FWP fisheries survey; survey gear and methods vary by record.,,https://fwp-gis.mt.gov/arcgis/rest/services/fish/fishViewer/MapServer/51,
55079e5a07bb12a358,2025-06-25,stale,396,36,Phillips,Nelson Reservoir,official_fwp_stocking_record,"Montana Fish, Wildlife & Parks",True,,Fish stocking record for Nelson Reservoir,"Montana FWP records a stocking event at Nelson Reservoir involving Walleye and 65,950 fish. Stocking schedules and completed records can change; open the official source for details.",Walleye,,,https://fwp-gis.mt.gov/arcgis/rest/services/fish/fishViewer/MapServer/38,
5411fbc1e91fc33466,2025-06-24,stale,397,15,Flathead,Lagoni Lake,official_fwp_fish_survey,"Montana Fish, Wildlife & Parks",True,,Official fish survey record for Lagoni Lake,Montana FWP's Fisheries Information System records a fish survey at Lagoni Lake. Species recorded include No Fish Caught. The survey records represented 2 fish across the latest grouped records.,No Fish Caught,Official FWP fisheries survey; survey gear and methods vary by record.,,https://fwp-gis.mt.gov/arcgis/rest/services/fish/fishViewer/MapServer/51,
bdf97d0ed565d31fc9,2025-06-24,stale,397,20,Granite,East Fork Reservoir,official_fwp_fish_survey,"Montana Fish, Wildlife & Parks",True,,Official fish survey record for East Fork Reservoir,"Montana FWP's Fisheries Information System records a fish survey at East Fork Reservoir. Species recorded include Bull Trout, No Fish Caught, Rainbow Trout, Westslope Cutthroat Trout. The survey records represented 7 fish across the latest grouped records.","Bull Trout, No Fish Caught, Rainbow Trout, Westslope Cutthroat Trout",Official FWP fisheries survey; survey gear and methods vary by record.,,https://fwp-gis.mt.gov/arcgis/rest/services/fish/fishViewer/MapServer/51,
7f321b717b61be2fd1,2025-06-20,stale,401,27,Lincoln,Middle Thompson Lake,official_fwp_stocking_record,"Montana Fish, Wildlife & Parks",True,,Fish stocking record for Middle Thompson Lake,"Montana FWP records a stocking event at Middle Thompson Lake involving Rainbow Trout and 30,644 fish. Stocking schedules and completed records can change; open the official source for details.",Rainbow Trout,,,https://fwp-gis.mt.gov/arcgis/rest/services/fish/fishViewer/MapServer/38,
8e3af2e913daaf9d94,2025-06-20,stale,401,20,Granite,East Fork Reservoir,official_fwp_stocking_record,"Montana Fish, Wildlife & Parks",True,,Fish stocking record for East Fork Reservoir,"Montana FWP records a stocking event at East Fork Reservoir involving Westslope Cutthroat Trout and 5,000 fish. Stocking schedules and completed records can change; open the official source for details.",Westslope Cutthroat Trout,,,https://fwp-gis.mt.gov/arcgis/rest/services/fish/fishViewer/MapServer/38,
8998fa0abf97c7ef67,2025-06-19,stale,402,44,Rosebud,Castle Rock Reservoir,official_fwp_stocking_record,"Montana Fish, Wildlife & Parks",True,,Fish stocking record for Castle Rock Reservoir,"Montana FWP records a stocking event at Castle Rock Reservoir involving Walleye and 1,000 fish. Stocking schedules and completed records can change; open the official source for details.",Walleye,,,https://fwp-gis.mt.gov/arcgis/rest/services/fish/fishViewer/MapServer/38,
4209fd16b74dd629cc,2025-06-18,stale,403,13,Fallon,South Sandstone Reservoir,official_fwp_stocking_record,"Montana Fish, Wildlife & Parks",True,,Fish stocking record for South Sandstone Reservoir,"Montana FWP records a stocking event at South Sandstone Reservoir involving Walleye and 10,000 fish. Stocking schedules and completed records can change; open the official source for details.",Walleye,,,https://fwp-gis.mt.gov/arcgis/rest/services/fish/fishViewer/MapServer/38,
61ba7e1611d1667c1b,2025-06-18,stale,403,32,Missoula,Kreis Pond,official_fwp_stocking_record,"Montana Fish, Wildlife & Parks",True,,Fish stocking record for Kreis Pond,Montana FWP records a stocking event at Kreis Pond involving Westslope Cutthroat Trout and 148 fish. Stocking schedules and completed records can change; open the official source for details.,Westslope Cutthroat Trout,,,https://fwp-gis.mt.gov/arcgis/rest/services/fish/fishViewer/MapServer/38,
eb37bbba2fa155e617,2025-06-17,stale,404,56,Yellowstone,Laurel Pond,official_fwp_fish_survey,"Montana Fish, Wildlife & Parks",True,,Official fish survey record for Laurel Pond,"Montana FWP's Fisheries Information System records a fish survey at Laurel Pond. Species recorded include Largemouth Bass, Pumpkinseed, Rainbow Trout, Yellowstone Cutthroat Trout. The survey records represented 143 fish across the latest grouped records.","Largemouth Bass, Pumpkinseed, Rainbow Trout, Yellowstone Cutthroat Trout",Official FWP fisheries survey; survey gear and methods vary by record.,,https://fwp-gis.mt.gov/arcgis/rest/services/fish/fishViewer/MapServer/51,
448b820a294c7aa1e5,2025-06-17,stale,404,14,Fergus,Crystal Lake,official_fwp_stocking_record,"Montana Fish, Wildlife & Parks",True,,Fish stocking record for Crystal Lake,Montana FWP records a stocking event at Crystal Lake involving Westslope Cutthroat Trout and 990 fish. Stocking schedules and completed records can change; open the official source for details.,Westslope Cutthroat Trout,,,https://fwp-gis.mt.gov/arcgis/rest/services/fish/fishViewer/MapServer/38,
073c2cecb204b58964,2025-06-14,stale,407,42,Richland,Yellowstone River,official_fwp_fish_survey,"Montana Fish, Wildlife & Parks",True,,Official fish survey record for Yellowstone River,Montana FWP's Fisheries Information System records a fish survey at Yellowstone River. Species recorded include Paddlefish. The survey records represented 2 fish across the latest grouped records.,Paddlefish,Official FWP fisheries survey; survey gear and methods vary by record.,,https://fwp-gis.mt.gov/arcgis/rest/services/fish/fishViewer/MapServer/51,
3bc705cbcf085c171f,2025-06-13,stale,408,1,Beaverhead,Twin Lakes,official_fwp_stocking_record,"Montana Fish, Wildlife & Parks",True,,Fish stocking record for Twin Lakes,"Montana FWP records a stocking event at Twin Lakes involving Westslope Cutthroat Trout and 3,990 fish. Stocking schedules and completed records can change; open the official source for details.",Westslope Cutthroat Trout,,,https://fwp-gis.mt.gov/arcgis/rest/services/fish/fishViewer/MapServer/38,
491d31da598e6226f4,2025-06-11,stale,410,39,Powell,Coopers Lake,official_fwp_fish_survey,"Montana Fish, Wildlife & Parks",True,,Official fish survey record for Coopers Lake,"Montana FWP's Fisheries Information System records a fish survey at Coopers Lake. Species recorded include Brook Trout, Longnose Sucker, Northern Pike Minnow, Westslope Cutthroat Trout. The survey records represented 408 fish across the latest grouped records.","Brook Trout, Longnose Sucker, Northern Pike Minnow, Westslope Cutthroat Trout",Official FWP fisheries survey; survey gear and methods vary by record.,,https://fwp-gis.mt.gov/arcgis/rest/services/fish/fishViewer/MapServer/51,
4892b9b19116bab6e0,2025-06-11,stale,410,53,Valley,Shoot Reservoir,official_fwp_stocking_record,"Montana Fish, Wildlife & Parks",True,,Fish stocking record for Shoot Reservoir,"Montana FWP records a stocking event at Shoot Reservoir involving Rainbow Trout and 1,000 fish. Stocking schedules and completed records can change; open the official source for details.",Rainbow Trout,,,https://fwp-gis.mt.gov/arcgis/rest/services/fish/fishViewer/MapServer/38,
6a363354a9849d28fb,2025-06-10,stale,411,53,Valley,Hose Reservoir,official_fwp_stocking_record,"Montana Fish, Wildlife & Parks",True,,Fish stocking record for Hose Reservoir,"Montana FWP records a stocking event at Hose Reservoir involving Rainbow Trout and 2,000 fish. Stocking schedules and completed records can change; open the official source for details.",Rainbow Trout,,,https://fwp-gis.mt.gov/arcgis/rest/services/fish/fishViewer/MapServer/38,
1043d9a62ba90050eb,2025-06-09,stale,412,22,Jefferson,Maney Lake,official_fwp_stocking_record,"Montana Fish, Wildlife & Parks",True,,Fish stocking record for Maney Lake,Montana FWP records a stocking event at Maney Lake involving Westslope Cutthroat Trout and 497 fish. Stocking schedules and completed records can change; open the official source for details.,Westslope Cutthroat Trout,,,https://fwp-gis.mt.gov/arcgis/rest/services/fish/fishViewer/MapServer/38,
7e67b3bf1491762476,2025-06-04,stale,417,39,Powell,Upsata Lake,official_fwp_fish_survey,"Montana Fish, Wildlife & Parks",True,,Official fish survey record for Upsata Lake,"Montana FWP's Fisheries Information System records a fish survey at Upsata Lake. Species recorded include Largemouth Bass, Northern Pike, Yellow Perch. The survey records represented 197 fish across the latest grouped records.","Largemouth Bass, Northern Pike, Yellow Perch",Official FWP fisheries survey; survey gear and methods vary by record.,,https://fwp-gis.mt.gov/arcgis/rest/services/fish/fishViewer/MapServer/51,
0b825462b6483d20e8,2025-06-04,stale,417,7,Cascade,Giant Springs Fishing Pond,official_fwp_fish_survey,"Montana Fish, Wildlife & Parks",True,,Official fish survey record for Giant Springs Fishing Pond,Montana FWP's Fisheries Information System records a fish survey at Giant Springs Fishing Pond. Species recorded include White Sucker. The survey records represented 11 fish across the latest grouped records.,White Sucker,Official FWP fisheries survey; survey gear and methods vary by record.,,https://fwp-gis.mt.gov/arcgis/rest/services/fish/fishViewer/MapServer/51,
7a8e486528d13e1227,2025-06-04,stale,417,5,Carbon,Bighorn Lake,official_fwp_fish_survey,"Montana Fish, Wildlife & Parks",True,,Official fish survey record for Bighorn Lake,"Montana FWP's Fisheries Information System records a fish survey at Bighorn Lake. Species recorded include Brown Trout, Channel Catfish, Common Carp, River Carpsucker, Shovelnose Sturgeon, Walleye. The survey records represented 80 fish across the latest grouped records.","Brown Trout, Channel Catfish, Common Carp, River Carpsucker, Shovelnose Sturgeon, Walleye",Official FWP fisheries survey; survey gear and methods vary by record.,,https://fwp-gis.mt.gov/arcgis/rest/services/fish/fishViewer/MapServer/51,
88852abb64e72d2baf,2025-06-04,stale,417,16,Gallatin,Elk Grove Community Pond,official_fwp_stocking_record,"Montana Fish, Wildlife & Parks",True,,Fish stocking record for Elk Grove Community Pond,Montana FWP records a stocking event at Elk Grove Community Pond involving Rainbow Trout and 500 fish. Stocking schedules and completed records can change; open the official source for details.,Rainbow Trout,,,https://fwp-gis.mt.gov/arcgis/rest/services/fish/fishViewer/MapServer/38,
9250126d7cf879eb40,2025-06-02,stale,419,15,Flathead,Rogers Lake,official_fwp_fish_survey,"Montana Fish, Wildlife & Parks",True,,Official fish survey record for Rogers Lake,"Montana FWP's Fisheries Information System records a fish survey at Rogers Lake. Species recorded include Arctic Grayling, Westslope Cutthroat Trout. The survey records represented 50 fish across the latest grouped records.","Arctic Grayling, Westslope Cutthroat Trout",Official FWP fisheries survey; survey gear and methods vary by record.,,https://fwp-gis.mt.gov/arcgis/rest/services/fish/fishViewer/MapServer/51,
202aa4b96462f63e94,2025-05-29,stale,423,36,Phillips,Pr 018 Reservoir,official_fwp_stocking_record,"Montana Fish, Wildlife & Parks",True,,Fish stocking record for Pr 018 Reservoir,Montana FWP records a stocking event at Pr 018 Reservoir involving Rainbow Trout and 250 fish. Stocking schedules and completed records can change; open the official source for details.,Rainbow Trout,,,https://fwp-gis.mt.gov/arcgis/rest/services/fish/fishViewer/MapServer/38,
80c28e237077504640,2025-05-29,stale,423,15,Flathead,Lion Lake,official_fwp_stocking_record,"Montana Fish, Wildlife & Parks",True,,Fish stocking record for Lion Lake,"Montana FWP records a stocking event at Lion Lake involving Westslope Cutthroat Trout and 1,505 fish. Stocking schedules and completed records can change; open the official source for details.",Westslope Cutthroat Trout,,,https://fwp-gis.mt.gov/arcgis/rest/services/fish/fishViewer/MapServer/38,
1c1f72da19946acc44,2025-05-22,stale,430,16,Gallatin,Three Forks Pond East,official_fwp_fish_survey,"Montana Fish, Wildlife & Parks",True,,Official fish survey record for Three Forks Pond East,"Montana FWP's Fisheries Information System records a fish survey at Three Forks Pond East. Species recorded include Bluegill, Golden Shiner, Largescale Sucker, White Sucker. The survey records represented 8 fish across the latest grouped records.","Bluegill, Golden Shiner, Largescale Sucker, White Sucker",Official FWP fisheries survey; survey gear and methods vary by record.,,https://fwp-gis.mt.gov/arcgis/rest/services/fish/fishViewer/MapServer/51,
7eabaf05893b924c58,2025-05-22,stale,430,16,Gallatin,Three Forks Pond,official_fwp_fish_survey,"Montana Fish, Wildlife & Parks",True,,Official fish survey record for Three Forks Pond,"Montana FWP's Fisheries Information System records a fish survey at Three Forks Pond. Species recorded include Bluegill, Largemouth Bass, White Sucker, Yellow Perch. The survey records represented 18 fish across the latest grouped records.","Bluegill, Largemouth Bass, White Sucker, Yellow Perch",Official FWP fisheries survey; survey gear and methods vary by record.,,https://fwp-gis.mt.gov/arcgis/rest/services/fish/fishViewer/MapServer/51,
e190ca418dd7d3b366,2025-05-22,stale,430,1,Beaverhead,Van Houten Lake,official_fwp_stocking_record,"Montana Fish, Wildlife & Parks",True,,Fish stocking record for Van Houten Lake,Montana FWP records a stocking event at Van Houten Lake involving Westslope Cutthroat Trout and 800 fish. Stocking schedules and completed records can change; open the official source for details.,Westslope Cutthroat Trout,,,https://fwp-gis.mt.gov/arcgis/rest/services/fish/fishViewer/MapServer/38,
28fd6985243d8fa83b,2025-05-22,stale,430,25,Lewis and Clark,Snowbank Lake,official_fwp_stocking_record,"Montana Fish, Wildlife & Parks",True,,Fish stocking record for Snowbank Lake,Montana FWP records a stocking event at Snowbank Lake involving Westslope Cutthroat Trout and 320 fish. Stocking schedules and completed records can change; open the official source for details.,Westslope Cutthroat Trout,,,https://fwp-gis.mt.gov/arcgis/rest/services/fish/fishViewer/MapServer/38,
a59fd9cc5ae7e71b9d,2025-05-21,stale,431,1,Beaverhead,Lower Miner Lakes,official_fwp_fish_survey,"Montana Fish, Wildlife & Parks",True,,Official fish survey record for Lower Miner Lakes,"Montana FWP's Fisheries Information System records a fish survey at Lower Miner Lakes. Species recorded include Arctic Grayling, Brook Trout, Brown Trout, Mountain Whitefish, Rainbow Trout, Rocky Mountain Sculpin, Westslope Cutthroat Trout, White Sucker. The survey records represented 417 fish across the latest grouped records.","Arctic Grayling, Brook Trout, Brown Trout, Mountain Whitefish, Rainbow Trout, Rocky Mountain Sculpin, Westslope Cutthroat Trout, White Sucker",Official FWP fisheries survey; survey gear and methods vary by record.,,https://fwp-gis.mt.gov/arcgis/rest/services/fish/fishViewer/MapServer/51,
db9611f9c93ae164c5,2025-05-21,stale,431,15,Flathead,Ashley Lake,official_fwp_fish_survey,"Montana Fish, Wildlife & Parks",True,,Official fish survey record for Ashley Lake,"Montana FWP's Fisheries Information System records a fish survey at Ashley Lake. Species recorded include Kokanee, Longnose Sucker, Rainbow X Cutthroat Trout, Redside Shiner, Yellow Perch. The survey records represented 344 fish across the latest grouped records.","Kokanee, Longnose Sucker, Rainbow X Cutthroat Trout, Redside Shiner, Yellow Perch",Official FWP fisheries survey; survey gear and methods vary by record.,,https://fwp-gis.mt.gov/arcgis/rest/services/fish/fishViewer/MapServer/51,
ab4345b743b8a0465a,2025-05-21,stale,431,10,Daniels,Whitetail Reservoir,official_fwp_stocking_record,"Montana Fish, Wildlife & Parks",True,,Fish stocking record for Whitetail Reservoir,"Montana FWP records a stocking event at Whitetail Reservoir involving Rainbow Trout and 2,026 fish. Stocking schedules and completed records can change; open the official source for details.",Rainbow Trout,,,https://fwp-gis.mt.gov/arcgis/rest/services/fish/fishViewer/MapServer/38,
b3f4b8847a2feb54c7,2025-05-20,stale,432,25,Lewis and Clark,Lake Helena,official_fwp_fish_survey,"Montana Fish, Wildlife & Parks",True,,Official fish survey record for Lake Helena,"Montana FWP's Fisheries Information System records a fish survey at Lake Helena. Species recorded include Brown Trout, Common Carp, Longnose Sucker, Rainbow Trout, Walleye, White Sucker, Yellow Perch. The survey records represented 104 fish across the latest grouped records.","Brown Trout, Common Carp, Longnose Sucker, Rainbow Trout, Walleye, White Sucker, Yellow Perch",Official FWP fisheries survey; survey gear and methods vary by record.,,https://fwp-gis.mt.gov/arcgis/rest/services/fish/fishViewer/MapServer/51,
698cab3f82bb9af9a4,2025-05-20,stale,432,36,Phillips,Cole Pond SW,official_fwp_stocking_record,"Montana Fish, Wildlife & Parks",True,,Fish stocking record for Cole Pond SW,"Montana FWP records a stocking event at Cole Pond SW involving Rainbow Trout and 1,500 fish. Stocking schedules and completed records can change; open the official source for details.",Rainbow Trout,,,https://fwp-gis.mt.gov/arcgis/rest/services/fish/fishViewer/MapServer/38,
7cb1bd9752b24a68d8,2025-05-17,stale,435,53,Valley,Big Reservoir,official_fwp_stocking_record,"Montana Fish, Wildlife & Parks",True,,Fish stocking record for Big Reservoir,"Montana FWP records a stocking event at Big Reservoir involving Rainbow Trout and 2,500 fish. Stocking schedules and completed records can change; open the official source for details.",Rainbow Trout,,,https://fwp-gis.mt.gov/arcgis/rest/services/fish/fishViewer/MapServer/38,
c5f7cd77133aeec2f0,2025-05-16,stale,436,48,Stillwater,West Rosebud Creek,official_fwp_fish_survey,"Montana Fish, Wildlife & Parks",True,,Official fish survey record for West Rosebud Creek,"Montana FWP's Fisheries Information System records a fish survey at West Rosebud Creek. Species recorded include Brook Trout, Brown Trout, Rainbow Trout. The survey records represented 54 fish across the latest grouped records.","Brook Trout, Brown Trout, Rainbow Trout",Official FWP fisheries survey; survey gear and methods vary by record.,,https://fwp-gis.mt.gov/arcgis/rest/services/fish/fishViewer/MapServer/51,
d05cdd4f961b39bc15,2025-05-16,stale,436,5,Carbon,Bear Trap Reservoir,official_fwp_stocking_record,"Montana Fish, Wildlife & Parks",True,,Fish stocking record for Bear Trap Reservoir,Montana FWP records a stocking event at Bear Trap Reservoir involving Rainbow Trout and 100 fish. Stocking schedules and completed records can change; open the official source for details.,Rainbow Trout,,,https://fwp-gis.mt.gov/arcgis/rest/services/fish/fishViewer/MapServer/38,
4a3e6a3e2ecb68fe3d,2025-05-14,stale,438,36,Phillips,Wrangler Reservoir,official_fwp_stocking_record,"Montana Fish, Wildlife & Parks",True,,Fish stocking record for Wrangler Reservoir,Montana FWP records a stocking event at Wrangler Reservoir involving Rainbow Trout and 250 fish. Stocking schedules and completed records can change; open the official source for details.,Rainbow Trout,,,https://fwp-gis.mt.gov/arcgis/rest/services/fish/fishViewer/MapServer/38,
b480329e6d31a2f452,2025-05-14,stale,438,36,Phillips,Spanky Reservoir,official_fwp_stocking_record,"Montana Fish, Wildlife & Parks",True,,Fish stocking record for Spanky Reservoir,Montana FWP records a stocking event at Spanky Reservoir involving Rainbow Trout and 250 fish. Stocking schedules and completed records can change; open the official source for details.,Rainbow Trout,,,https://fwp-gis.mt.gov/arcgis/rest/services/fish/fishViewer/MapServer/38,
9f4c1d8c0d487ce282,2025-05-14,stale,438,36,Phillips,Sentinel Reservoir,official_fwp_stocking_record,"Montana Fish, Wildlife & Parks",True,,Fish stocking record for Sentinel Reservoir,"Montana FWP records a stocking event at Sentinel Reservoir involving Rainbow Trout and 6,000 fish. Stocking schedules and completed records can change; open the official source for details.",Rainbow Trout,,,https://fwp-gis.mt.gov/arcgis/rest/services/fish/fishViewer/MapServer/38,
e9aeafa1b018c52b64,2025-05-14,stale,438,36,Phillips,King Reservoir,official_fwp_stocking_record,"Montana Fish, Wildlife & Parks",True,,Fish stocking record for King Reservoir,"Montana FWP records a stocking event at King Reservoir involving Rainbow Trout and 1,500 fish. Stocking schedules and completed records can change; open the official source for details.",Rainbow Trout,,,https://fwp-gis.mt.gov/arcgis/rest/services/fish/fishViewer/MapServer/38,
47fddaa59b78c1138f,2025-05-14,stale,438,36,Phillips,Flake Reservoir,official_fwp_stocking_record,"Montana Fish, Wildlife & Parks",True,,Fish stocking record for Flake Reservoir,Montana FWP records a stocking event at Flake Reservoir involving Rainbow Trout and 250 fish. Stocking schedules and completed records can change; open the official source for details.,Rainbow Trout,,,https://fwp-gis.mt.gov/arcgis/rest/services/fish/fishViewer/MapServer/38,
c07972aa567fb018eb,2025-05-14,stale,438,36,Phillips,Current Reservoir,official_fwp_stocking_record,"Montana Fish, Wildlife & Parks",True,,Fish stocking record for Current Reservoir,"Montana FWP records a stocking event at Current Reservoir involving Rainbow Trout and 3,000 fish. Stocking schedules and completed records can change; open the official source for details.",Rainbow Trout,,,https://fwp-gis.mt.gov/arcgis/rest/services/fish/fishViewer/MapServer/38,
ece466eba6ce3b5210,2025-05-14,stale,438,36,Phillips,Batosh Reservoir,official_fwp_stocking_record,"Montana Fish, Wildlife & Parks",True,,Fish stocking record for Batosh Reservoir,Montana FWP records a stocking event at Batosh Reservoir involving Rainbow Trout and 500 fish. Stocking schedules and completed records can change; open the official source for details.,Rainbow Trout,,,https://fwp-gis.mt.gov/arcgis/rest/services/fish/fishViewer/MapServer/38,
2a0762d818578551c3,2025-05-13,stale,439,1,Beaverhead,Van Houten Lake,official_fwp_fish_survey,"Montana Fish, Wildlife & Parks",True,,Official fish survey record for Van Houten Lake,"Montana FWP's Fisheries Information System records a fish survey at Van Houten Lake. Species recorded include Arctic Grayling, Brook Trout, Westslope Cutthroat Trout. The survey records represented 413 fish across the latest grouped records.","Arctic Grayling, Brook Trout, Westslope Cutthroat Trout",Official FWP fisheries survey; survey gear and methods vary by record.,,https://fwp-gis.mt.gov/arcgis/rest/services/fish/fishViewer/MapServer/51,
6c35d436e664adac25,2025-05-13,stale,439,1,Beaverhead,Mussigbrod Lake,official_fwp_fish_survey,"Montana Fish, Wildlife & Parks",True,,Official fish survey record for Mussigbrod Lake,Montana FWP's Fisheries Information System records a fish survey at Mussigbrod Lake. Species recorded include Arctic Grayling. The survey records represented 50 fish across the latest grouped records.,Arctic Grayling,Official FWP fisheries survey; survey gear and methods vary by record.,,https://fwp-gis.mt.gov/arcgis/rest/services/fish/fishViewer/MapServer/51,
66724eeb7695604265,2025-05-13,stale,439,38,Powder River,Mud Turtle Reservoir,official_fwp_stocking_record,"Montana Fish, Wildlife & Parks",True,,Fish stocking record for Mud Turtle Reservoir,"Montana FWP records a stocking event at Mud Turtle Reservoir involving Rainbow Trout and 1,000 fish. Stocking schedules and completed records can change; open the official source for details.",Rainbow Trout,,,https://fwp-gis.mt.gov/arcgis/rest/services/fish/fishViewer/MapServer/38,
edc80cf5a17af8eb47,2025-05-13,stale,439,6,Carter,MacNab Pond,official_fwp_stocking_record,"Montana Fish, Wildlife & Parks",True,,Fish stocking record for MacNab Pond,Montana FWP records a stocking event at MacNab Pond involving Rainbow Trout and 500 fish. Stocking schedules and completed records can change; open the official source for details.,Rainbow Trout,,,https://fwp-gis.mt.gov/arcgis/rest/services/fish/fishViewer/MapServer/38,
02626581e3f0e08022,2025-05-13,stale,439,44,Rosebud,Blacks Sawmill Pond,official_fwp_stocking_record,"Montana Fish, Wildlife & Parks",True,,Fish stocking record for Blacks Sawmill Pond,"Montana FWP records a stocking event at Blacks Sawmill Pond involving Rainbow Trout and 2,000 fish. Stocking schedules and completed records can change; open the official source for details.",Rainbow Trout,,,https://fwp-gis.mt.gov/arcgis/rest/services/fish/fishViewer/MapServer/38,
bb8e171ab7c981e1f5,2025-05-12,stale,440,24,Lake,Loon Lake,official_fwp_fish_survey,"Montana Fish, Wildlife & Parks",True,,Official fish survey record for Loon Lake,"Montana FWP's Fisheries Information System records a fish survey at Loon Lake. Species recorded include Black Crappie, Rainbow Trout, Yellow Perch. The survey records represented 86 fish across the latest grouped records.","Black Crappie, Rainbow Trout, Yellow Perch",Official FWP fisheries survey; survey gear and methods vary by record.,,https://fwp-gis.mt.gov/arcgis/rest/services/fish/fishViewer/MapServer/51,
aea1b4e2ca21809916,2025-05-08,stale,444,15,Flathead,Echo Lake,official_fwp_stocking_record,"Montana Fish, Wildlife & Parks",True,,Fish stocking record for Echo Lake,"Montana FWP records a stocking event at Echo Lake involving Kokanee and 17,168 fish. Stocking schedules and completed records can change; open the official source for details.",Kokanee,,Plant added.,https://fwp-gis.mt.gov/arcgis/rest/services/fish/fishViewer/MapServer/38,
3a518097b3b63db4c9,2025-05-08,stale,444,1,Beaverhead,Blacktail Meadows Kids Pond,official_fwp_stocking_record,"Montana Fish, Wildlife & Parks",True,,Fish stocking record for Blacktail Meadows Kids Pond,Montana FWP records a stocking event at Blacktail Meadows Kids Pond involving Westslope Cutthroat Trout and 510 fish. Stocking schedules and completed records can change; open the official source for details.,Westslope Cutthroat Trout,,,https://fwp-gis.mt.gov/arcgis/rest/services/fish/fishViewer/MapServer/38,
c0e995f2aa9a48ce95,2025-05-07,stale,445,50,Teton,Eureka Reservoir,official_fwp_fish_survey,"Montana Fish, Wildlife & Parks",True,,Official fish survey record for Eureka Reservoir,"Montana FWP's Fisheries Information System records a fish survey at Eureka Reservoir. Species recorded include Brown Trout, White Sucker. The survey records represented 46 fish across the latest grouped records.","Brown Trout, White Sucker",Official FWP fisheries survey; survey gear and methods vary by record.,,https://fwp-gis.mt.gov/arcgis/rest/services/fish/fishViewer/MapServer/51,
664381746deaa282ac,2025-04-28,stale,454,20,Granite,Rock Creek,official_fwp_fish_survey,"Montana Fish, Wildlife & Parks",True,,Official fish survey record for Rock Creek,"Montana FWP's Fisheries Information System records a fish survey at Rock Creek. Species recorded include Brown Trout, Bull Trout, Rainbow Trout, Westslope Cutthroat Trout, Westslope X Rainbow. The survey records represented 315 fish across the latest grouped records.","Brown Trout, Bull Trout, Rainbow Trout, Westslope Cutthroat Trout, Westslope X Rainbow",Official FWP fisheries survey; survey gear and methods vary by record.,,https://fwp-gis.mt.gov/arcgis/rest/services/fish/fishViewer/MapServer/51,
bf06945b5fd827632e,2025-04-24,stale,458,50,Teton,North Fork Teton River,official_fwp_fish_survey,"Montana Fish, Wildlife & Parks",True,,Official fish survey record for North Fork Teton River,"Montana FWP's Fisheries Information System records a fish survey at North Fork Teton River. Species recorded include Brook Trout, Westslope Cutthroat Trout. The survey records represented 18 fish across the latest grouped records.","Brook Trout, Westslope Cutthroat Trout",Official FWP fisheries survey; survey gear and methods vary by record.,,https://fwp-gis.mt.gov/arcgis/rest/services/fish/fishViewer/MapServer/51,
c5fb2aa14609e3f494,2025-04-22,stale,460,55,Wibaux,Wibaux Fish Pond,official_fwp_stocking_record,"Montana Fish, Wildlife & Parks",True,,Fish stocking record for Wibaux Fish Pond,Montana FWP records a stocking event at Wibaux Fish Pond involving Rainbow Trout and 800 fish. Stocking schedules and completed records can change; open the official source for details.,Rainbow Trout,,,https://fwp-gis.mt.gov/arcgis/rest/services/fish/fishViewer/MapServer/38,
69f691390226e5d8dc,2025-04-22,stale,460,11,Dawson,Hollecker Lake,official_fwp_stocking_record,"Montana Fish, Wildlife & Parks",True,,Fish stocking record for Hollecker Lake,Montana FWP records a stocking event at Hollecker Lake involving Rainbow Trout and 600 fish. Stocking schedules and completed records can change; open the official source for details.,Rainbow Trout,,,https://fwp-gis.mt.gov/arcgis/rest/services/fish/fishViewer/MapServer/38,
5042254fa785fe8676,2025-04-10,stale,472,53,Valley,Winter Harbor Pond,official_fwp_fish_survey,"Montana Fish, Wildlife & Parks",True,,Official fish survey record for Winter Harbor Pond,"Montana FWP's Fisheries Information System records a fish survey at Winter Harbor Pond. Species recorded include Bluegill, Yellow Perch. The survey records represented 314 fish across the latest grouped records.","Bluegill, Yellow Perch",Official FWP fisheries survey; survey gear and methods vary by record.,,https://fwp-gis.mt.gov/arcgis/rest/services/fish/fishViewer/MapServer/51,
83a66bf28d590cce7f,2025-04-07,stale,475,16,Gallatin,East Gallatin River,official_fwp_fish_survey,"Montana Fish, Wildlife & Parks",True,,Official fish survey record for East Gallatin River,"Montana FWP's Fisheries Information System records a fish survey at East Gallatin River. Species recorded include Brown Trout, Rainbow Trout, Westslope Cutthroat Trout. The survey records represented 2,086 fish across the latest grouped records.","Brown Trout, Rainbow Trout, Westslope Cutthroat Trout",Official FWP fisheries survey; survey gear and methods vary by record.,,https://fwp-gis.mt.gov/arcgis/rest/services/fish/fishViewer/MapServer/51,
9014e3f8351dd43556,2025-03-27,stale,486,7,Cascade,Sun River,official_fwp_fish_survey,"Montana Fish, Wildlife & Parks",True,,Official fish survey record for Sun River,"Montana FWP's Fisheries Information System records a fish survey at Sun River. Species recorded include Brown Trout, Common Carp, Longnose Dace, Longnose Sucker, Mountain Sucker, Mountain Whitefish, Northern Pike, Rainbow Trout, Rocky Mountain Sculpin, White Sucker. The survey records represented 240 fish across the latest grouped records.","Brown Trout, Common Carp, Longnose Dace, Longnose Sucker, Mountain Sucker, Mountain Whitefish, Northern Pike, Rainbow Trout, Rocky Mountain Sculpin, White Sucker",Official FWP fisheries survey; survey gear and methods vary by record.,,https://fwp-gis.mt.gov/arcgis/rest/services/fish/fishViewer/MapServer/51,
95a33b2a481f085bae,2025-03-17,stale,496,5,Carbon,Clarks Fork Yellowstone River,official_fwp_fish_survey,"Montana Fish, Wildlife & Parks",True,,Official fish survey record for Clarks Fork Yellowstone River,"Montana FWP's Fisheries Information System records a fish survey at Clarks Fork Yellowstone River. Species recorded include Brown Trout, Mountain Whitefish, Rainbow Trout. The survey records represented 200 fish across the latest grouped records.","Brown Trout, Mountain Whitefish, Rainbow Trout",Official FWP fisheries survey; survey gear and methods vary by record.,,https://fwp-gis.mt.gov/arcgis/rest/services/fish/fishViewer/MapServer/51,
37a7a38abeb0c3ed6f,2025-03-04,stale,509,1,Beaverhead,Twin Lakes,official_fwp_fish_survey,"Montana Fish, Wildlife & Parks",True,,Official fish survey record for Twin Lakes,Montana FWP's Fisheries Information System records a fish survey at Twin Lakes. Species recorded include Lake Trout. The survey records represented 22 fish across the latest grouped records.,Lake Trout,Official FWP fisheries survey; survey gear and methods vary by record.,,https://fwp-gis.mt.gov/arcgis/rest/services/fish/fishViewer/MapServer/51,
67f2ae88902c66f303,2024-10-28,stale,636,15,Flathead,Shady Lane Pond,official_fwp_fish_survey,"Montana Fish, Wildlife & Parks",True,,Official fish survey record for Shady Lane Pond,"Montana FWP's Fisheries Information System records a fish survey at Shady Lane Pond. Species recorded include Black Bullhead, Pumpkinseed, Yellow Perch. The survey records represented 9 fish across the latest grouped records.","Black Bullhead, Pumpkinseed, Yellow Perch",Official FWP fisheries survey; survey gear and methods vary by record.,,https://fwp-gis.mt.gov/arcgis/rest/services/fish/fishViewer/MapServer/51,
fcf14c24611becfd01,2024-10-08,stale,656,3,Blaine,Don Reservoir,official_fwp_stocking_record,"Montana Fish, Wildlife & Parks",True,,Fish stocking record for Don Reservoir,"Montana FWP records a stocking event at Don Reservoir involving Bluegill and 2,000 fish. Stocking schedules and completed records can change; open the official source for details.",Bluegill,,,https://fwp-gis.mt.gov/arcgis/rest/services/fish/fishViewer/MapServer/38,
b3b29e5cdf3374b3ed,2024-09-26,stale,668,5,Carbon,Dry Head Creek,official_fwp_fish_survey,"Montana Fish, Wildlife & Parks",True,,Official fish survey record for Dry Head Creek,Montana FWP's Fisheries Information System records a fish survey at Dry Head Creek. Species recorded include Yellowstone Cutthroat Trout. The survey records represented 268 fish across the latest grouped records.,Yellowstone Cutthroat Trout,Official FWP fisheries survey; survey gear and methods vary by record.,,https://fwp-gis.mt.gov/arcgis/rest/services/fish/fishViewer/MapServer/51,
b3682cc3455473ae5a,2024-09-19,stale,675,1,Beaverhead,Lower Miner Lakes,official_fwp_stocking_record,"Montana Fish, Wildlife & Parks",True,,Fish stocking record for Lower Miner Lakes,"Montana FWP records a stocking event at Lower Miner Lakes involving Westslope Cutthroat Trout and 2,500 fish. Stocking schedules and completed records can change; open the official source for details.",Westslope Cutthroat Trout,,,https://fwp-gis.mt.gov/arcgis/rest/services/fish/fishViewer/MapServer/38,
82ef6b8d1bcd4cdbae,2024-09-19,stale,675,28,Madison,Cliff Lake,official_fwp_stocking_record,"Montana Fish, Wildlife & Parks",True,,Fish stocking record for Cliff Lake,"Montana FWP records a stocking event at Cliff Lake involving Westslope Cutthroat Trout and 1,000 fish. Stocking schedules and completed records can change; open the official source for details.",Westslope Cutthroat Trout,,,https://fwp-gis.mt.gov/arcgis/rest/services/fish/fishViewer/MapServer/38,
fe7a283cb54106509d,2024-09-16,stale,678,25,Lewis and Clark,Nilan Reservoir,official_fwp_fish_survey,"Montana Fish, Wildlife & Parks",True,,Official fish survey record for Nilan Reservoir,"Montana FWP's Fisheries Information System records a fish survey at Nilan Reservoir. Species recorded include Brown Trout, Rainbow Trout, White Sucker. The survey records represented 166 fish across the latest grouped records.","Brown Trout, Rainbow Trout, White Sucker",Official FWP fisheries survey; survey gear and methods vary by record.,,https://fwp-gis.mt.gov/arcgis/rest/services/fish/fishViewer/MapServer/51,
dc08093e723942196e,2024-09-16,stale,678,20,Granite,Georgetown Lake,official_fwp_fish_survey,"Montana Fish, Wildlife & Parks",True,,Official fish survey record for Georgetown Lake,"Montana FWP's Fisheries Information System records a fish survey at Georgetown Lake. Species recorded include Brook Trout, Bull Trout, Kokanee, Largescale Sucker, Longnose Sucker, Rainbow Trout. The survey records represented 394 fish across the latest grouped records.","Brook Trout, Bull Trout, Kokanee, Largescale Sucker, Longnose Sucker, Rainbow Trout",Official FWP fisheries survey; survey gear and methods vary by record.,,https://fwp-gis.mt.gov/arcgis/rest/services/fish/fishViewer/MapServer/51,
f27c19ac4e4e495918,2024-09-16,stale,678,39,Powell,Arrastra Creek,official_fwp_fish_survey,"Montana Fish, Wildlife & Parks",True,,Official fish survey record for Arrastra Creek,"Montana FWP's Fisheries Information System records a fish survey at Arrastra Creek. Species recorded include Brook Trout, Brook X Bull Trout hybrid, Brown Trout, Westslope Cutthroat Trout. The survey records represented 133 fish across the latest grouped records.","Brook Trout, Brook X Bull Trout hybrid, Brown Trout, Westslope Cutthroat Trout",Official FWP fisheries survey; survey gear and methods vary by record.,,https://fwp-gis.mt.gov/arcgis/rest/services/fish/fishViewer/MapServer/51,
b0398a809079b70efc,2024-09-11,stale,683,39,Powell,Pearson Creek,official_fwp_fish_survey,"Montana Fish, Wildlife & Parks",True,,Official fish survey record for Pearson Creek,"Montana FWP's Fisheries Information System records a fish survey at Pearson Creek. Species recorded include Brook Trout, Westslope Cutthroat Trout. The survey records represented 117 fish across the latest grouped records.","Brook Trout, Westslope Cutthroat Trout",Official FWP fisheries survey; survey gear and methods vary by record.,,https://fwp-gis.mt.gov/arcgis/rest/services/fish/fishViewer/MapServer/51,
c8a82ce8ac5a33d4e4,2024-09-11,stale,683,39,Powell,Chamberlain Creek,official_fwp_fish_survey,"Montana Fish, Wildlife & Parks",True,,Official fish survey record for Chamberlain Creek,"Montana FWP's Fisheries Information System records a fish survey at Chamberlain Creek. Species recorded include Brook Trout, Brown Trout, Westslope Cutthroat Trout. The survey records represented 67 fish across the latest grouped records.","Brook Trout, Brown Trout, Westslope Cutthroat Trout",Official FWP fisheries survey; survey gear and methods vary by record.,,https://fwp-gis.mt.gov/arcgis/rest/services/fish/fishViewer/MapServer/51,
8a4464a0ce3ab8078d,2024-09-06,stale,688,15,Flathead,Rogers Lake,official_fwp_stocking_record,"Montana Fish, Wildlife & Parks",True,,Fish stocking record for Rogers Lake,"Montana FWP records a stocking event at Rogers Lake involving Westslope Cutthroat Trout and 22,763 fish. Stocking schedules and completed records can change; open the official source for details.",Westslope Cutthroat Trout,,,https://fwp-gis.mt.gov/arcgis/rest/services/fish/fishViewer/MapServer/38,
87aeecb5aa8ce70b99,2024-09-05,stale,689,28,Madison,Wade Lake,official_fwp_fish_survey,"Montana Fish, Wildlife & Parks",True,,Official fish survey record for Wade Lake,"Montana FWP's Fisheries Information System records a fish survey at Wade Lake. Species recorded include Rainbow Trout, White Sucker. The survey records represented 81 fish across the latest grouped records.","Rainbow Trout, White Sucker",Official FWP fisheries survey; survey gear and methods vary by record.,,https://fwp-gis.mt.gov/arcgis/rest/services/fish/fishViewer/MapServer/51,
9527c36fa34f4954f2,2024-09-03,stale,691,39,Powell,Upsata Lake,official_fwp_stocking_record,"Montana Fish, Wildlife & Parks",True,,Fish stocking record for Upsata Lake,"Montana FWP records a stocking event at Upsata Lake involving Largemouth Bass and 4,000 fish. Stocking schedules and completed records can change; open the official source for details.",Largemouth Bass,,,https://fwp-gis.mt.gov/arcgis/rest/services/fish/fishViewer/MapServer/38,
d21de571a3d8a57ce9,2024-08-29,stale,696,15,Flathead,Tepee Creek,official_fwp_fish_survey,"Montana Fish, Wildlife & Parks",True,,Official fish survey record for Tepee Creek,Montana FWP's Fisheries Information System records a fish survey at Tepee Creek. Species recorded include Westslope X Rainbow. The survey records represented 29 fish across the latest grouped records.,Westslope X Rainbow,Official FWP fisheries survey; survey gear and methods vary by record.,,https://fwp-gis.mt.gov/arcgis/rest/services/fish/fishViewer/MapServer/51,
7503ff86eb5975cae7,2024-08-29,stale,696,56,Yellowstone,Alkali Creek,official_fwp_fish_survey,"Montana Fish, Wildlife & Parks",True,,Official fish survey record for Alkali Creek,Montana FWP's Fisheries Information System records a fish survey at Alkali Creek. Species recorded include Lake Chub. The survey records represented 8 fish across the latest grouped records.,Lake Chub,Official FWP fisheries survey; survey gear and methods vary by record.,,https://fwp-gis.mt.gov/arcgis/rest/services/fish/fishViewer/MapServer/51,
b33813a84bc8fc31b8,2024-08-20,stale,705,56,Yellowstone,Canyon Creek,official_fwp_fish_survey,"Montana Fish, Wildlife & Parks",True,,Official fish survey record for Canyon Creek,"Montana FWP's Fisheries Information System records a fish survey at Canyon Creek. Species recorded include Brook Stickleback, Flathead Chub, Lake Chub, Mountain Sucker, Stonecat, White Sucker. The survey records represented 295 fish across the latest grouped records.","Brook Stickleback, Flathead Chub, Lake Chub, Mountain Sucker, Stonecat, White Sucker",Official FWP fisheries survey; survey gear and methods vary by record.,,https://fwp-gis.mt.gov/arcgis/rest/services/fish/fishViewer/MapServer/51,
26e46af7c1ec7d125b,2024-08-17,stale,708,27,Lincoln,Big Therriault Lake,official_fwp_stocking_record,"Montana Fish, Wildlife & Parks",True,,Fish stocking record for Big Therriault Lake,"Montana FWP records a stocking event at Big Therriault Lake involving Westslope Cutthroat Trout and 4,000 fish. Stocking schedules and completed records can change; open the official source for details.",Westslope Cutthroat Trout,,,https://fwp-gis.mt.gov/arcgis/rest/services/fish/fishViewer/MapServer/38,
66e418093afd2644e8,2024-08-14,stale,711,16,Gallatin,Rat Lake,official_fwp_fish_survey,"Montana Fish, Wildlife & Parks",True,,Official fish survey record for Rat Lake,Montana FWP's Fisheries Information System records a fish survey at Rat Lake. Species recorded include Yellowstone Cutthroat Trout X Rainbow. The survey records represented 1 fish across the latest grouped records.,Yellowstone Cutthroat Trout X Rainbow,Official FWP fisheries survey; survey gear and methods vary by record.,,https://fwp-gis.mt.gov/arcgis/rest/services/fish/fishViewer/MapServer/51,
f143a950b3733caa48,2024-08-09,stale,716,27,Lincoln,Loon Lake,official_fwp_stocking_record,"Montana Fish, Wildlife & Parks",True,,Fish stocking record for Loon Lake,"Montana FWP records a stocking event at Loon Lake involving Westslope Cutthroat Trout and 3,000 fish. Stocking schedules and completed records can change; open the official source for details.",Westslope Cutthroat Trout,,,https://fwp-gis.mt.gov/arcgis/rest/services/fish/fishViewer/MapServer/38,
d526dc81309004c9c7,2024-08-09,stale,716,27,Lincoln,Hawkins Lake,official_fwp_stocking_record,"Montana Fish, Wildlife & Parks",True,,Fish stocking record for Hawkins Lake,"Montana FWP records a stocking event at Hawkins Lake involving Westslope Cutthroat Trout and 2,000 fish. Stocking schedules and completed records can change; open the official source for details.",Westslope Cutthroat Trout,,,https://fwp-gis.mt.gov/arcgis/rest/services/fish/fishViewer/MapServer/38,
1fe5cf514e107719bc,2024-08-08,stale,717,15,Flathead,Blanchard Lake,official_fwp_stocking_record,"Montana Fish, Wildlife & Parks",True,,Fish stocking record for Blanchard Lake,"Montana FWP records a stocking event at Blanchard Lake involving Largemouth Bass and 16,255 fish. Stocking schedules and completed records can change; open the official source for details.",Largemouth Bass,,,https://fwp-gis.mt.gov/arcgis/rest/services/fish/fishViewer/MapServer/38,
2b5cb57f28d0161402,2024-08-06,stale,719,53,Valley,Shoot Reservoir,official_fwp_fish_survey,"Montana Fish, Wildlife & Parks",True,,Official fish survey record for Shoot Reservoir,"Montana FWP's Fisheries Information System records a fish survey at Shoot Reservoir. Species recorded include Fathead Minnow, Rainbow Trout. The survey records represented 660 fish across the latest grouped records.","Fathead Minnow, Rainbow Trout",Official FWP fisheries survey; survey gear and methods vary by record.,,https://fwp-gis.mt.gov/arcgis/rest/services/fish/fishViewer/MapServer/51,
3d632751a0b5211307,2024-08-04,stale,721,15,Flathead,Spotted Bear Lake,official_fwp_stocking_record,"Montana Fish, Wildlife & Parks",True,,Fish stocking record for Spotted Bear Lake,"Montana FWP records a stocking event at Spotted Bear Lake involving Westslope Cutthroat Trout and 3,000 fish. Stocking schedules and completed records can change; open the official source for details.",Westslope Cutthroat Trout,,,https://fwp-gis.mt.gov/arcgis/rest/services/fish/fishViewer/MapServer/38,
8d94a3b06645694227,2024-08-04,stale,721,15,Flathead,Shelf Lake,official_fwp_stocking_record,"Montana Fish, Wildlife & Parks",True,,Fish stocking record for Shelf Lake,"Montana FWP records a stocking event at Shelf Lake involving Westslope Cutthroat Trout and 1,000 fish. Stocking schedules and completed records can change; open the official source for details.",Westslope Cutthroat Trout,,,https://fwp-gis.mt.gov/arcgis/rest/services/fish/fishViewer/MapServer/38,
c07ad4cdc999d14422,2024-08-01,stale,724,31,Mineral,North Fork Little Joe Creek,official_fwp_fish_survey,"Montana Fish, Wildlife & Parks",True,,Official fish survey record for North Fork Little Joe Creek,"Montana FWP's Fisheries Information System records a fish survey at North Fork Little Joe Creek. Species recorded include Brook Trout, Bull Trout, Sculpin, Westslope Cutthroat Trout. The survey records represented 154 fish across the latest grouped records.","Brook Trout, Bull Trout, Sculpin, Westslope Cutthroat Trout",Official FWP fisheries survey; survey gear and methods vary by record.,,https://fwp-gis.mt.gov/arcgis/rest/services/fish/fishViewer/MapServer/51,
c3725c54789e5d302e,2024-07-30,stale,726,50,Teton,West Fork North Fork Teton River,official_fwp_fish_survey,"Montana Fish, Wildlife & Parks",True,,Official fish survey record for West Fork North Fork Teton River,Montana FWP's Fisheries Information System records a fish survey at West Fork North Fork Teton River. Species recorded include Brook Trout. The survey records represented 7 fish across the latest grouped records.,Brook Trout,Official FWP fisheries survey; survey gear and methods vary by record.,,https://fwp-gis.mt.gov/arcgis/rest/services/fish/fishViewer/MapServer/51,
310b53bc35cc0c9a49,2024-07-29,stale,727,32,Missoula,Johnson Gulch,official_fwp_fish_survey,"Montana Fish, Wildlife & Parks",True,,Official fish survey record for Johnson Gulch,"Montana FWP's Fisheries Information System records a fish survey at Johnson Gulch. Species recorded include Brook Trout, Brown Trout, Bull Trout, Mountain Whitefish, Rainbow Trout, Westslope Cutthroat Trout. The survey records represented 158 fish across the latest grouped records.","Brook Trout, Brown Trout, Bull Trout, Mountain Whitefish, Rainbow Trout, Westslope Cutthroat Trout",Official FWP fisheries survey; survey gear and methods vary by record.,,https://fwp-gis.mt.gov/arcgis/rest/services/fish/fishViewer/MapServer/51,
44b6ead7e97d867007,2024-07-22,stale,734,36,Phillips,Flake Reservoir,official_fwp_fish_survey,"Montana Fish, Wildlife & Parks",True,,Official fish survey record for Flake Reservoir,"Montana FWP's Fisheries Information System records a fish survey at Flake Reservoir. Species recorded include Fathead Minnow, Rainbow Trout. The survey records represented 3,836 fish across the latest grouped records.","Fathead Minnow, Rainbow Trout",Official FWP fisheries survey; survey gear and methods vary by record.,,https://fwp-gis.mt.gov/arcgis/rest/services/fish/fishViewer/MapServer/51,
f6d5f3294ceb253e93,2024-07-18,stale,738,27,Lincoln,Ross Creek,official_fwp_fish_survey,"Montana Fish, Wildlife & Parks",True,,Official fish survey record for Ross Creek,"Montana FWP's Fisheries Information System records a fish survey at Ross Creek. Species recorded include Brook Trout, Mountain Whitefish, Rainbow Trout, Westslope Cutthroat Trout. The survey records represented 30 fish across the latest grouped records.","Brook Trout, Mountain Whitefish, Rainbow Trout, Westslope Cutthroat Trout",Official FWP fisheries survey; survey gear and methods vary by record.,,https://fwp-gis.mt.gov/arcgis/rest/services/fish/fishViewer/MapServer/51,
4044779b743fe9e745,2024-07-18,stale,738,41,Ravalli,Lavene Creek,official_fwp_fish_survey,"Montana Fish, Wildlife & Parks",True,,Official fish survey record for Lavene Creek,Montana FWP's Fisheries Information System records a fish survey at Lavene Creek. Species recorded include Westslope Cutthroat Trout. The survey records represented 2 fish across the latest grouped records.,Westslope Cutthroat Trout,Official FWP fisheries survey; survey gear and methods vary by record.,,https://fwp-gis.mt.gov/arcgis/rest/services/fish/fishViewer/MapServer/51,
ba9a03fac8fab74b52,2024-07-18,stale,738,53,Valley,Hose Reservoir,official_fwp_fish_survey,"Montana Fish, Wildlife & Parks",True,,Official fish survey record for Hose Reservoir,Montana FWP's Fisheries Information System records a fish survey at Hose Reservoir. Species recorded include No Fish Caught. The survey records represented 2 fish across the latest grouped records.,No Fish Caught,Official FWP fisheries survey; survey gear and methods vary by record.,,https://fwp-gis.mt.gov/arcgis/rest/services/fish/fishViewer/MapServer/51,
6fb5d77ca05e5c8059,2024-07-16,stale,740,39,Powell,North Fork Arrastra Creek,official_fwp_fish_survey,"Montana Fish, Wildlife & Parks",True,,Official fish survey record for North Fork Arrastra Creek,Montana FWP's Fisheries Information System records a fish survey at North Fork Arrastra Creek. Species recorded include Westslope Cutthroat Trout. The survey records represented 23 fish across the latest grouped records.,Westslope Cutthroat Trout,Official FWP fisheries survey; survey gear and methods vary by record.,,https://fwp-gis.mt.gov/arcgis/rest/services/fish/fishViewer/MapServer/51,
3f8ec3770f7d52f90e,2024-07-16,stale,740,14,Fergus,Castle Creek,official_fwp_fish_survey,"Montana Fish, Wildlife & Parks",True,,Official fish survey record for Castle Creek,"Montana FWP's Fisheries Information System records a fish survey at Castle Creek. Species recorded include Lake Chub, Rocky Mountain Sculpin, White Sucker. The survey records represented 35 fish across the latest grouped records.","Lake Chub, Rocky Mountain Sculpin, White Sucker",Official FWP fisheries survey; survey gear and methods vary by record.,,https://fwp-gis.mt.gov/arcgis/rest/services/fish/fishViewer/MapServer/51,
5905a6f91839ff2c54,2024-07-11,stale,745,15,Flathead,Logan Creek,official_fwp_fish_survey,"Montana Fish, Wildlife & Parks",True,,Official fish survey record for Logan Creek,Montana FWP's Fisheries Information System records a fish survey at Logan Creek. Species recorded include Westslope Cutthroat Trout. The survey records represented 76 fish across the latest grouped records.,Westslope Cutthroat Trout,Official FWP fisheries survey; survey gear and methods vary by record.,,https://fwp-gis.mt.gov/arcgis/rest/services/fish/fishViewer/MapServer/51,
fa95f4c30d36f05746,2024-07-10,stale,746,28,Madison,Ruby Creek,official_fwp_fish_survey,"Montana Fish, Wildlife & Parks",True,,Official fish survey record for Ruby Creek,Montana FWP's Fisheries Information System records a fish survey at Ruby Creek. Species recorded include Westslope Cutthroat Trout. The survey records represented 58 fish across the latest grouped records.,Westslope Cutthroat Trout,Official FWP fisheries survey; survey gear and methods vary by record.,,https://fwp-gis.mt.gov/arcgis/rest/services/fish/fishViewer/MapServer/51,
5e50bb30502a1a28d8,2024-07-09,stale,747,36,Phillips,Spanky Reservoir,official_fwp_fish_survey,"Montana Fish, Wildlife & Parks",True,,Official fish survey record for Spanky Reservoir,Montana FWP's Fisheries Information System records a fish survey at Spanky Reservoir. Species recorded include No Fish Caught. The survey records represented 2 fish across the latest grouped records.,No Fish Caught,Official FWP fisheries survey; survey gear and methods vary by record.,,https://fwp-gis.mt.gov/arcgis/rest/services/fish/fishViewer/MapServer/51,
8d9d14058043a7a326,2024-07-09,stale,747,36,Phillips,Rotator Cup Reservoir,official_fwp_fish_survey,"Montana Fish, Wildlife & Parks",True,,Official fish survey record for Rotator Cup Reservoir,"Montana FWP's Fisheries Information System records a fish survey at Rotator Cup Reservoir. Species recorded include No Fish Caught, Rainbow Trout. The survey records represented 25 fish across the latest grouped records.","No Fish Caught, Rainbow Trout",Official FWP fisheries survey; survey gear and methods vary by record.,,https://fwp-gis.mt.gov/arcgis/rest/services/fish/fishViewer/MapServer/51,
4d0e2544b5af100fc7,2024-07-08,stale,748,36,Phillips,Shallow Reservoir,official_fwp_fish_survey,"Montana Fish, Wildlife & Parks",True,,Official fish survey record for Shallow Reservoir,"Montana FWP's Fisheries Information System records a fish survey at Shallow Reservoir. Species recorded include Fathead Minnow, Rainbow Trout. The survey records represented 108 fish across the latest grouped records.","Fathead Minnow, Rainbow Trout",Official FWP fisheries survey; survey gear and methods vary by record.,,https://fwp-gis.mt.gov/arcgis/rest/services/fish/fishViewer/MapServer/51,
4818181c36b7bc6fa4,2024-07-08,stale,748,36,Phillips,Sentinel Reservoir,official_fwp_fish_survey,"Montana Fish, Wildlife & Parks",True,,Official fish survey record for Sentinel Reservoir,"Montana FWP's Fisheries Information System records a fish survey at Sentinel Reservoir. Species recorded include Fathead Minnow, Rainbow Trout. The survey records represented 705 fish across the latest grouped records.","Fathead Minnow, Rainbow Trout",Official FWP fisheries survey; survey gear and methods vary by record.,,https://fwp-gis.mt.gov/arcgis/rest/services/fish/fishViewer/MapServer/51,
fd21e08d667436486d,2024-07-08,stale,748,39,Powell,Black Canyon Creek,official_fwp_fish_survey,"Montana Fish, Wildlife & Parks",True,,Official fish survey record for Black Canyon Creek,Montana FWP's Fisheries Information System records a fish survey at Black Canyon Creek. Species recorded include No Fish Caught. The survey records represented 1 fish across the latest grouped records.,No Fish Caught,Official FWP fisheries survey; survey gear and methods vary by record.,,https://fwp-gis.mt.gov/arcgis/rest/services/fish/fishViewer/MapServer/51,
00590d416a1fb21c22,2024-07-02,stale,754,53,Valley,Fort Peck Trout Pond,official_fwp_fish_survey,"Montana Fish, Wildlife & Parks",True,,Official fish survey record for Fort Peck Trout Pond,"Montana FWP's Fisheries Information System records a fish survey at Fort Peck Trout Pond. Species recorded include Bluegill, Northern Pike, Walleye, White Sucker, Yellow Perch. The survey records represented 225 fish across the latest grouped records.","Bluegill, Northern Pike, Walleye, White Sucker, Yellow Perch",Official FWP fisheries survey; survey gear and methods vary by record.,,https://fwp-gis.mt.gov/arcgis/rest/services/fish/fishViewer/MapServer/51,
a1e759ec86d7a17290,2024-06-27,stale,759,25,Lewis and Clark,Dickens Lake,official_fwp_stocking_record,"Montana Fish, Wildlife & Parks",True,,Fish stocking record for Dickens Lake,Montana FWP records a stocking event at Dickens Lake involving Rainbow Trout and 998 fish. Stocking schedules and completed records can change; open the official source for details.,Rainbow Trout,,,https://fwp-gis.mt.gov/arcgis/rest/services/fish/fishViewer/MapServer/38,
d6b53865ed7f97bdd3,2024-06-24,stale,762,27,Lincoln,Crowell Creek,official_fwp_fish_survey,"Montana Fish, Wildlife & Parks",True,,Official fish survey record for Crowell Creek,Montana FWP's Fisheries Information System records a fish survey at Crowell Creek. Species recorded include Westslope Cutthroat Trout. The survey records represented 23 fish across the latest grouped records.,Westslope Cutthroat Trout,Official FWP fisheries survey; survey gear and methods vary by record.,,https://fwp-gis.mt.gov/arcgis/rest/services/fish/fishViewer/MapServer/51,
e627bd0a2df5f33538,2024-06-06,stale,780,9,Custer,Dean Reservoir,official_fwp_stocking_record,"Montana Fish, Wildlife & Parks",True,,Fish stocking record for Dean Reservoir,Montana FWP records a stocking event at Dean Reservoir involving Rainbow Trout and 500 fish. Stocking schedules and completed records can change; open the official source for details.,Rainbow Trout,,,https://fwp-gis.mt.gov/arcgis/rest/services/fish/fishViewer/MapServer/38,
afeb02a0a47a45ed78,2024-06-05,stale,781,31,Mineral,Mcgee Point Superior,official_fwp_stocking_record,"Montana Fish, Wildlife & Parks",True,,Fish stocking record for Mcgee Point Superior,Montana FWP records a stocking event at Mcgee Point Superior involving Rainbow Trout and 240 fish. Stocking schedules and completed records can change; open the official source for details.,Rainbow Trout,,,https://fwp-gis.mt.gov/arcgis/rest/services/fish/fishViewer/MapServer/38,
4aa40a46bde942b69d,2024-06-05,stale,781,50,Teton,Bynum Reservoir,official_fwp_stocking_record,"Montana Fish, Wildlife & Parks",True,,Fish stocking record for Bynum Reservoir,"Montana FWP records a stocking event at Bynum Reservoir involving Rainbow Trout and 30,000 fish. Stocking schedules and completed records can change; open the official source for details.",Rainbow Trout,,,https://fwp-gis.mt.gov/arcgis/rest/services/fish/fishViewer/MapServer/38,
739391b520b1d1d7aa,2024-05-27,stale,790,35,Petroleum,Payola Reservoir,official_fwp_fish_survey,"Montana Fish, Wildlife & Parks",True,,Official fish survey record for Payola Reservoir,Montana FWP's Fisheries Information System records a fish survey at Payola Reservoir. Species recorded include Largemouth Bass. The survey records represented 3 fish across the latest grouped records.,Largemouth Bass,Official FWP fisheries survey; survey gear and methods vary by record.,,https://fwp-gis.mt.gov/arcgis/rest/services/fish/fishViewer/MapServer/51,
636935a05db0c12947,2024-05-14,stale,803,36,Phillips,Rotator Cup Reservoir,official_fwp_stocking_record,"Montana Fish, Wildlife & Parks",True,,Fish stocking record for Rotator Cup Reservoir,"Montana FWP records a stocking event at Rotator Cup Reservoir involving Rainbow Trout and 1,000 fish. Stocking schedules and completed records can change; open the official source for details.",Rainbow Trout,,,https://fwp-gis.mt.gov/arcgis/rest/services/fish/fishViewer/MapServer/38,
b81978e7447681f574,2024-05-09,stale,808,50,Teton,Tunnel Lake,official_fwp_fish_survey,"Montana Fish, Wildlife & Parks",True,,Official fish survey record for Tunnel Lake,"Montana FWP's Fisheries Information System records a fish survey at Tunnel Lake. Species recorded include Arctic Grayling, Westslope Cutthroat Trout, White Sucker. The survey records represented 84 fish across the latest grouped records.","Arctic Grayling, Westslope Cutthroat Trout, White Sucker",Official FWP fisheries survey; survey gear and methods vary by record.,,https://fwp-gis.mt.gov/arcgis/rest/services/fish/fishViewer/MapServer/51,
eb4432d182bc2d60be,2024-05-08,stale,809,32,Missoula,Seeley Lake,official_fwp_stocking_record,"Montana Fish, Wildlife & Parks",True,,Fish stocking record for Seeley Lake,"Montana FWP records a stocking event at Seeley Lake involving Kokanee and 20,000 fish. Stocking schedules and completed records can change; open the official source for details.",Kokanee,,,https://fwp-gis.mt.gov/arcgis/rest/services/fish/fishViewer/MapServer/38,
4eb0f00a4b3470423e,2024-04-17,stale,830,25,Lewis and Clark,Sun River,official_fwp_fish_survey,"Montana Fish, Wildlife & Parks",True,,Official fish survey record for Sun River,"Montana FWP's Fisheries Information System records a fish survey at Sun River. Species recorded include Brown Trout, Longnose Dace, Mountain Sucker, Mountain Whitefish, Rainbow Trout, White Sucker. The survey records represented 97 fish across the latest grouped records.","Brown Trout, Longnose Dace, Mountain Sucker, Mountain Whitefish, Rainbow Trout, White Sucker",Official FWP fisheries survey; survey gear and methods vary by record.,,https://fwp-gis.mt.gov/arcgis/rest/services/fish/fishViewer/MapServer/51,
c7533d2a2b93b24231,2024-04-15,stale,832,27,Lincoln,Glen Lake,official_fwp_stocking_record,"Montana Fish, Wildlife & Parks",True,,Fish stocking record for Glen Lake,"Montana FWP records a stocking event at Glen Lake involving Kokanee and 25,000 fish. Stocking schedules and completed records can change; open the official source for details.",Kokanee,,,https://fwp-gis.mt.gov/arcgis/rest/services/fish/fishViewer/MapServer/38,
dd774830d720a5a0f5,2023-10-15,stale,1015,12,Deer Lodge,North Fork Flint Creek,official_fwp_fish_survey,"Montana Fish, Wildlife & Parks",True,,Official fish survey record for North Fork Flint Creek,"Montana FWP's Fisheries Information System records a fish survey at North Fork Flint Creek. Species recorded include Brook Trout, Rainbow Trout. The survey records represented 7 fish across the latest grouped records.","Brook Trout, Rainbow Trout",Official FWP fisheries survey; survey gear and methods vary by record.,,https://fwp-gis.mt.gov/arcgis/rest/services/fish/fishViewer/MapServer/51,
6a38e8dd85286b0bef,2023-09-28,stale,1032,34,Park,West Boulder River,official_fwp_fish_survey,"Montana Fish, Wildlife & Parks",True,,Official fish survey record for West Boulder River,"Montana FWP's Fisheries Information System records a fish survey at West Boulder River. Species recorded include Brown Trout, Rainbow Trout, Sculpin. The survey records represented 99 fish across the latest grouped records.","Brown Trout, Rainbow Trout, Sculpin",Official FWP fisheries survey; survey gear and methods vary by record.,,https://fwp-gis.mt.gov/arcgis/rest/services/fish/fishViewer/MapServer/51,
6a7af82cfbb6840275,2023-09-21,stale,1039,39,Powell,Little Blackfoot River,official_fwp_fish_survey,"Montana Fish, Wildlife & Parks",True,,Official fish survey record for Little Blackfoot River,"Montana FWP's Fisheries Information System records a fish survey at Little Blackfoot River. Species recorded include Brook Trout, Brown Trout, Westslope Cutthroat Trout. The survey records represented 529 fish across the latest grouped records.","Brook Trout, Brown Trout, Westslope Cutthroat Trout",Official FWP fisheries survey; survey gear and methods vary by record.,,https://fwp-gis.mt.gov/arcgis/rest/services/fish/fishViewer/MapServer/51,
2e9c7d2fdb22406d97,2023-09-14,stale,1046,8,Chouteau,Marias River,official_fwp_stocking_record,"Montana Fish, Wildlife & Parks",True,,Fish stocking record for Marias River,"Montana FWP records a stocking event at Marias River involving Brown Trout and 5,640 fish. Stocking schedules and completed records can change; open the official source for details.",Brown Trout,,AD,https://fwp-gis.mt.gov/arcgis/rest/services/fish/fishViewer/MapServer/38,
96e47aed96fd99a1e9,2023-09-14,stale,1046,15,Flathead,Ashley Lake,official_fwp_stocking_record,"Montana Fish, Wildlife & Parks",True,,Fish stocking record for Ashley Lake,"Montana FWP records a stocking event at Ashley Lake involving Rainbow X Cutthroat Trout and 31,206 fish. Stocking schedules and completed records can change; open the official source for details.",Rainbow X Cutthroat Trout,,,https://fwp-gis.mt.gov/arcgis/rest/services/fish/fishViewer/MapServer/38,
04a410f984919bee35,2023-09-13,stale,1047,30,Meagher,Newlan Creek,official_fwp_fish_survey,"Montana Fish, Wildlife & Parks",True,,Official fish survey record for Newlan Creek,"Montana FWP's Fisheries Information System records a fish survey at Newlan Creek. Species recorded include Brook Trout, Rainbow Trout. The survey records represented 15 fish across the latest grouped records.","Brook Trout, Rainbow Trout",Official FWP fisheries survey; survey gear and methods vary by record.,,https://fwp-gis.mt.gov/arcgis/rest/services/fish/fishViewer/MapServer/51,
f64d119c6375d43db5,2023-09-12,stale,1048,50,Teton,Bynum Reservoir,official_fwp_fish_survey,"Montana Fish, Wildlife & Parks",True,,Official fish survey record for Bynum Reservoir,"Montana FWP's Fisheries Information System records a fish survey at Bynum Reservoir. Species recorded include Rainbow Trout, Walleye, White Sucker, Yellow Perch. The survey records represented 255 fish across the latest grouped records.","Rainbow Trout, Walleye, White Sucker, Yellow Perch",Official FWP fisheries survey; survey gear and methods vary by record.,,https://fwp-gis.mt.gov/arcgis/rest/services/fish/fishViewer/MapServer/51,
6ea1071b42fbf71bfa,2023-09-12,stale,1048,2,Big Horn,Arapooish Pond,official_fwp_stocking_record,"Montana Fish, Wildlife & Parks",True,,Fish stocking record for Arapooish Pond,"Montana FWP records a stocking event at Arapooish Pond involving Largemouth Bass and 2,200 fish. Stocking schedules and completed records can change; open the official source for details.",Largemouth Bass,,,https://fwp-gis.mt.gov/arcgis/rest/services/fish/fishViewer/MapServer/38,
5d1062a814c44e2e0b,2023-09-11,stale,1049,47,Silver Bow,Roaring Brook,official_fwp_fish_survey,"Montana Fish, Wildlife & Parks",True,,Official fish survey record for Roaring Brook,Montana FWP's Fisheries Information System records a fish survey at Roaring Brook. Species recorded include No Fish Caught. The survey records represented 1 fish across the latest grouped records.,No Fish Caught,Official FWP fisheries survey; survey gear and methods vary by record.,,https://fwp-gis.mt.gov/arcgis/rest/services/fish/fishViewer/MapServer/51,
5c066e613fab8e5494,2023-08-16,stale,1075,32,Missoula,West Twin Creek,official_fwp_fish_survey,"Montana Fish, Wildlife & Parks",True,,Official fish survey record for West Twin Creek,"Montana FWP's Fisheries Information System records a fish survey at West Twin Creek. Species recorded include Brook Trout, Westslope Cutthroat Trout. The survey records represented 60 fish across the latest grouped records.","Brook Trout, Westslope Cutthroat Trout",Official FWP fisheries survey; survey gear and methods vary by record.,,https://fwp-gis.mt.gov/arcgis/rest/services/fish/fishViewer/MapServer/51,
c791845b2186632543,2023-07-27,stale,1095,15,Flathead,Tuchuck Creek,official_fwp_fish_survey,"Montana Fish, Wildlife & Parks",True,,Official fish survey record for Tuchuck Creek,Montana FWP's Fisheries Information System records a fish survey at Tuchuck Creek. Species recorded include Westslope Cutthroat Trout. The survey records represented 32 fish across the latest grouped records.,Westslope Cutthroat Trout,Official FWP fisheries survey; survey gear and methods vary by record.,,https://fwp-gis.mt.gov/arcgis/rest/services/fish/fishViewer/MapServer/51,
0cc6a14c97ee2c6fac,2023-07-27,stale,1095,41,Ravalli,Bailey Lake,official_fwp_stocking_record,"Montana Fish, Wildlife & Parks",True,,Fish stocking record for Bailey Lake,Montana FWP records a stocking event at Bailey Lake involving Westslope Cutthroat Trout and 750 fish. Stocking schedules and completed records can change; open the official source for details.,Westslope Cutthroat Trout,,,https://fwp-gis.mt.gov/arcgis/rest/services/fish/fishViewer/MapServer/38,
f6b4c6cb909b9067ab,2023-07-26,stale,1096,5,Carbon,Timberline Lake,official_fwp_fish_survey,"Montana Fish, Wildlife & Parks",True,,Official fish survey record for Timberline Lake,Montana FWP's Fisheries Information System records a fish survey at Timberline Lake. Species recorded include Brook Trout. The survey records represented 49 fish across the latest grouped records.,Brook Trout,Official FWP fisheries survey; survey gear and methods vary by record.,,https://fwp-gis.mt.gov/arcgis/rest/services/fish/fishViewer/MapServer/51,
ca03294e970669abe9,2023-07-25,stale,1097,1,Beaverhead,Bryant Creek,official_fwp_fish_survey,"Montana Fish, Wildlife & Parks",True,,Official fish survey record for Bryant Creek,"Montana FWP's Fisheries Information System records a fish survey at Bryant Creek. Species recorded include Brook Trout, Westslope Cutthroat Trout. The survey records represented 29 fish across the latest grouped records.","Brook Trout, Westslope Cutthroat Trout",Official FWP fisheries survey; survey gear and methods vary by record.,,https://fwp-gis.mt.gov/arcgis/rest/services/fish/fishViewer/MapServer/51,
08a092f4ac249209f3,2023-07-20,stale,1102,20,Granite,Douglas Creek,official_fwp_fish_survey,"Montana Fish, Wildlife & Parks",True,,Official fish survey record for Douglas Creek,"Montana FWP's Fisheries Information System records a fish survey at Douglas Creek. Species recorded include Brook Trout, Westslope Cutthroat Trout. The survey records represented 43 fish across the latest grouped records.","Brook Trout, Westslope Cutthroat Trout",Official FWP fisheries survey; survey gear and methods vary by record.,,https://fwp-gis.mt.gov/arcgis/rest/services/fish/fishViewer/MapServer/51,
332db8689e86523211,2023-07-18,stale,1104,25,Lewis and Clark,Hogum Creek,official_fwp_fish_survey,"Montana Fish, Wildlife & Parks",True,,Official fish survey record for Hogum Creek,"Montana FWP's Fisheries Information System records a fish survey at Hogum Creek. Species recorded include Brook Trout, Westslope Cutthroat Trout. The survey records represented 33 fish across the latest grouped records.","Brook Trout, Westslope Cutthroat Trout",Official FWP fisheries survey; survey gear and methods vary by record.,,https://fwp-gis.mt.gov/arcgis/rest/services/fish/fishViewer/MapServer/51,
d8916961109c5c3a59,2023-07-17,stale,1105,16,Gallatin,Hyalite Reservoir,official_fwp_stocking_record,"Montana Fish, Wildlife & Parks",True,,Fish stocking record for Hyalite Reservoir,"Montana FWP records a stocking event at Hyalite Reservoir involving Yellowstone Cutthroat Trout and 10,000 fish. Stocking schedules and completed records can change; open the official source for details.",Yellowstone Cutthroat Trout,,Boat ramp release.,https://fwp-gis.mt.gov/arcgis/rest/services/fish/fishViewer/MapServer/38,
61e9b795b36c84968c,2023-07-13,stale,1109,36,Phillips,Ester Lake,official_fwp_stocking_record,"Montana Fish, Wildlife & Parks",True,,Fish stocking record for Ester Lake,"Montana FWP records a stocking event at Ester Lake involving Walleye and 4,000 fish. Stocking schedules and completed records can change; open the official source for details.",Walleye,,,https://fwp-gis.mt.gov/arcgis/rest/services/fish/fishViewer/MapServer/38,
a8d6f71aad0f77b5b2,2023-07-12,stale,1110,36,Phillips,Douchette Lake,official_fwp_fish_survey,"Montana Fish, Wildlife & Parks",True,,Official fish survey record for Douchette Lake,Montana FWP's Fisheries Information System records a fish survey at Douchette Lake. Species recorded include No Fish Caught. The survey records represented 2 fish across the latest grouped records.,No Fish Caught,Official FWP fisheries survey; survey gear and methods vary by record.,,https://fwp-gis.mt.gov/arcgis/rest/services/fish/fishViewer/MapServer/51,
b47e0668933f3fdf6a,2023-07-12,stale,1110,32,Missoula,Crystal Creek,official_fwp_fish_survey,"Montana Fish, Wildlife & Parks",True,,Official fish survey record for Crystal Creek,"Montana FWP's Fisheries Information System records a fish survey at Crystal Creek. Species recorded include Brook Trout, Westslope Cutthroat Trout. The survey records represented 40 fish across the latest grouped records.","Brook Trout, Westslope Cutthroat Trout",Official FWP fisheries survey; survey gear and methods vary by record.,,https://fwp-gis.mt.gov/arcgis/rest/services/fish/fishViewer/MapServer/51,
c0adb6c82486e47606,2023-07-11,stale,1111,15,Flathead,Rubideau Creek,official_fwp_fish_survey,"Montana Fish, Wildlife & Parks",True,,Official fish survey record for Rubideau Creek,Montana FWP's Fisheries Information System records a fish survey at Rubideau Creek. Species recorded include Westslope Cutthroat Trout. The survey records represented 18 fish across the latest grouped records.,Westslope Cutthroat Trout,Official FWP fisheries survey; survey gear and methods vary by record.,,https://fwp-gis.mt.gov/arcgis/rest/services/fish/fishViewer/MapServer/51,
cfea91382b2adc0602,2023-07-05,stale,1117,36,Phillips,Pr 018 Reservoir,official_fwp_fish_survey,"Montana Fish, Wildlife & Parks",True,,Official fish survey record for Pr 018 Reservoir,"Montana FWP's Fisheries Information System records a fish survey at Pr 018 Reservoir. Species recorded include Bluegill, Fathead Minnow, No Fish Caught. The survey records represented 704 fish across the latest grouped records.","Bluegill, Fathead Minnow, No Fish Caught",Official FWP fisheries survey; survey gear and methods vary by record.,,https://fwp-gis.mt.gov/arcgis/rest/services/fish/fishViewer/MapServer/51,
2c447225d799ec8b89,2023-06-28,stale,1124,53,Valley,Atlas Reservoir,official_fwp_fish_survey,"Montana Fish, Wildlife & Parks",True,,Official fish survey record for Atlas Reservoir,Montana FWP's Fisheries Information System records a fish survey at Atlas Reservoir. Species recorded include No Fish Caught. The survey records represented 1 fish across the latest grouped records.,No Fish Caught,Official FWP fisheries survey; survey gear and methods vary by record.,,https://fwp-gis.mt.gov/arcgis/rest/services/fish/fishViewer/MapServer/51,
1402a8dbdf1e0c7b58,2023-06-22,stale,1130,39,Powell,Racetrack Pond,official_fwp_fish_survey,"Montana Fish, Wildlife & Parks",True,,Official fish survey record for Racetrack Pond,"Montana FWP's Fisheries Information System records a fish survey at Racetrack Pond. Species recorded include Largescale Sucker, Mountain Whitefish, Rainbow Trout, Westslope Cutthroat Trout. The survey records represented 8 fish across the latest grouped records.","Largescale Sucker, Mountain Whitefish, Rainbow Trout, Westslope Cutthroat Trout",Official FWP fisheries survey; survey gear and methods vary by record.,,https://fwp-gis.mt.gov/arcgis/rest/services/fish/fishViewer/MapServer/51,
55867145a2472b99c7,2023-06-22,stale,1130,15,Flathead,Colts Creek,official_fwp_fish_survey,"Montana Fish, Wildlife & Parks",True,,Official fish survey record for Colts Creek,Montana FWP's Fisheries Information System records a fish survey at Colts Creek. Species recorded include Westslope Cutthroat Trout. The survey records represented 30 fish across the latest grouped records.,Westslope Cutthroat Trout,Official FWP fisheries survey; survey gear and methods vary by record.,,https://fwp-gis.mt.gov/arcgis/rest/services/fish/fishViewer/MapServer/51,
6b76ad6ed00fdbdce7,2023-06-21,stale,1131,25,Lewis and Clark,Log Gulch Reservoir,official_fwp_fish_survey,"Montana Fish, Wildlife & Parks",True,,Official fish survey record for Log Gulch Reservoir,"Montana FWP's Fisheries Information System records a fish survey at Log Gulch Reservoir. Species recorded include Brown Trout, Westslope Cutthroat Trout. The survey records represented 17 fish across the latest grouped records.","Brown Trout, Westslope Cutthroat Trout",Official FWP fisheries survey; survey gear and methods vary by record.,,https://fwp-gis.mt.gov/arcgis/rest/services/fish/fishViewer/MapServer/51,
8d9aa4370919ed9ca1,2023-06-19,stale,1133,56,Yellowstone,Chub Ditch,official_fwp_fish_survey,"Montana Fish, Wildlife & Parks",True,,Official fish survey record for Chub Ditch,"Montana FWP's Fisheries Information System records a fish survey at Chub Ditch. Species recorded include Lake Chub, Mountain Sucker. The survey records represented 5 fish across the latest grouped records.","Lake Chub, Mountain Sucker",Official FWP fisheries survey; survey gear and methods vary by record.,,https://fwp-gis.mt.gov/arcgis/rest/services/fish/fishViewer/MapServer/51,
27a5898e8b0f3ffb61,2023-06-15,stale,1137,49,Sweet Grass,Spring Creek Campground South Pond,official_fwp_stocking_record,"Montana Fish, Wildlife & Parks",True,,Fish stocking record for Spring Creek Campground South Pond,Montana FWP records a stocking event at Spring Creek Campground South Pond involving Rainbow Trout and 517 fish. Stocking schedules and completed records can change; open the official source for details.,Rainbow Trout,,,https://fwp-gis.mt.gov/arcgis/rest/services/fish/fishViewer/MapServer/38,
fc88527ec7efa3f535,2023-06-14,stale,1138,3,Blaine,Chouteau Reservoir,official_fwp_fish_survey,"Montana Fish, Wildlife & Parks",True,,Official fish survey record for Chouteau Reservoir,Montana FWP's Fisheries Information System records a fish survey at Chouteau Reservoir. Species recorded include No Fish Caught. The survey records represented 1 fish across the latest grouped records.,No Fish Caught,Official FWP fisheries survey; survey gear and methods vary by record.,,https://fwp-gis.mt.gov/arcgis/rest/services/fish/fishViewer/MapServer/51,
8d4734b708f264fc15,2023-06-13,stale,1139,16,Gallatin,Hebgen Lake,official_fwp_stocking_record,"Montana Fish, Wildlife & Parks",True,,Fish stocking record for Hebgen Lake,"Montana FWP records a stocking event at Hebgen Lake involving Arctic Grayling and 4,534 fish. Stocking schedules and completed records can change; open the official source for details.",Arctic Grayling,,,https://fwp-gis.mt.gov/arcgis/rest/services/fish/fishViewer/MapServer/38,
8bcc6bdde01bb9956c,2023-05-31,stale,1152,15,Flathead,Lion Lake,official_fwp_fish_survey,"Montana Fish, Wildlife & Parks",True,,Official fish survey record for Lion Lake,"Montana FWP's Fisheries Information System records a fish survey at Lion Lake. Species recorded include No Fish Caught, Westslope Cutthroat Trout, Yellow Perch. The survey records represented 32 fish across the latest grouped records.","No Fish Caught, Westslope Cutthroat Trout, Yellow Perch",Official FWP fisheries survey; survey gear and methods vary by record.,,https://fwp-gis.mt.gov/arcgis/rest/services/fish/fishViewer/MapServer/51,
febed9273dfa2ad0cb,2023-05-25,stale,1158,15,Flathead,Third Creek,official_fwp_fish_survey,"Montana Fish, Wildlife & Parks",True,,Official fish survey record for Third Creek,"Montana FWP's Fisheries Information System records a fish survey at Third Creek. Species recorded include Fathead Minnow, Longnose Sucker, Westslope X Rainbow. The survey records represented 5 fish across the latest grouped records.","Fathead Minnow, Longnose Sucker, Westslope X Rainbow",Official FWP fisheries survey; survey gear and methods vary by record.,,https://fwp-gis.mt.gov/arcgis/rest/services/fish/fishViewer/MapServer/51,
6b989bfc926dea6c59,2023-05-16,stale,1167,14,Fergus,Jakes Reservoir,official_fwp_fish_survey,"Montana Fish, Wildlife & Parks",True,,Official fish survey record for Jakes Reservoir,"Montana FWP's Fisheries Information System records a fish survey at Jakes Reservoir. Species recorded include White Sucker, Yellow Perch. The survey records represented 17 fish across the latest grouped records.","White Sucker, Yellow Perch",Official FWP fisheries survey; survey gear and methods vary by record.,,https://fwp-gis.mt.gov/arcgis/rest/services/fish/fishViewer/MapServer/51,
a8626aa6da436c979f,2023-05-16,stale,1167,56,Yellowstone,Broadview Pond,official_fwp_fish_survey,"Montana Fish, Wildlife & Parks",True,,Official fish survey record for Broadview Pond,Montana FWP's Fisheries Information System records a fish survey at Broadview Pond. Species recorded include Rainbow Trout. The survey records represented 4 fish across the latest grouped records.,Rainbow Trout,Official FWP fisheries survey; survey gear and methods vary by record.,,https://fwp-gis.mt.gov/arcgis/rest/services/fish/fishViewer/MapServer/51,
75b0af2b45c4f0b8a2,2023-05-15,stale,1168,2,Big Horn,Arapooish Pond,official_fwp_fish_survey,"Montana Fish, Wildlife & Parks",True,,Official fish survey record for Arapooish Pond,"Montana FWP's Fisheries Information System records a fish survey at Arapooish Pond. Species recorded include Bigmouth Buffalo, Black Crappie, Common Carp, Yellow Bullhead, Yellow Perch. The survey records represented 22 fish across the latest grouped records.","Bigmouth Buffalo, Black Crappie, Common Carp, Yellow Bullhead, Yellow Perch",Official FWP fisheries survey; survey gear and methods vary by record.,,https://fwp-gis.mt.gov/arcgis/rest/services/fish/fishViewer/MapServer/51,
facf3a54946effdadd,2023-03-22,stale,1222,28,Madison,Clear Creek,official_fwp_fish_survey,"Montana Fish, Wildlife & Parks",True,,Official fish survey record for Clear Creek,Montana FWP's Fisheries Information System records a fish survey at Clear Creek. Species recorded include Brown Trout. The survey records represented 45 fish across the latest grouped records.,Brown Trout,Official FWP fisheries survey; survey gear and methods vary by record.,,https://fwp-gis.mt.gov/arcgis/rest/services/fish/fishViewer/MapServer/51,
00d5177a88302ed1e8,2022-10-31,stale,1364,15,Flathead,Hungry Horse Reservoir,official_fwp_fish_survey,"Montana Fish, Wildlife & Parks",True,,Official fish survey record for Hungry Horse Reservoir,"Montana FWP's Fisheries Information System records a fish survey at Hungry Horse Reservoir. Species recorded include Bull Trout, Largescale Sucker, Mountain Whitefish, Northern Pike Minnow, Westslope Cutthroat Trout. The survey records represented 205 fish across the latest grouped records.","Bull Trout, Largescale Sucker, Mountain Whitefish, Northern Pike Minnow, Westslope Cutthroat Trout",Official FWP fisheries survey; survey gear and methods vary by record.,,https://fwp-gis.mt.gov/arcgis/rest/services/fish/fishViewer/MapServer/51,
150201ad1e216b6e93,2022-09-26,stale,1399,16,Gallatin,Leverich Creek,official_fwp_fish_survey,"Montana Fish, Wildlife & Parks",True,,Official fish survey record for Leverich Creek,Montana FWP's Fisheries Information System records a fish survey at Leverich Creek. Species recorded include Westslope Cutthroat Trout. The survey records represented 11 fish across the latest grouped records.,Westslope Cutthroat Trout,Official FWP fisheries survey; survey gear and methods vary by record.,,https://fwp-gis.mt.gov/arcgis/rest/services/fish/fishViewer/MapServer/51,
ffe08d707fb51646af,2022-09-15,stale,1410,30,Meagher,Wolsey Creek,official_fwp_fish_survey,"Montana Fish, Wildlife & Parks",True,,Official fish survey record for Wolsey Creek,Montana FWP's Fisheries Information System records a fish survey at Wolsey Creek. Species recorded include Brook Trout. The survey records represented 46 fish across the latest grouped records.,Brook Trout,Official FWP fisheries survey; survey gear and methods vary by record.,,https://fwp-gis.mt.gov/arcgis/rest/services/fish/fishViewer/MapServer/51,
863f0259d78c6113d2,2022-09-15,stale,1410,30,Meagher,Kinney Creek,official_fwp_fish_survey,"Montana Fish, Wildlife & Parks",True,,Official fish survey record for Kinney Creek,Montana FWP's Fisheries Information System records a fish survey at Kinney Creek. Species recorded include No Fish Caught. The survey records represented 1 fish across the latest grouped records.,No Fish Caught,Official FWP fisheries survey; survey gear and methods vary by record.,,https://fwp-gis.mt.gov/arcgis/rest/services/fish/fishViewer/MapServer/51,
d191ea0863127decdf,2022-09-09,stale,1416,34,Park,Hyalite Creek,official_fwp_fish_survey,"Montana Fish, Wildlife & Parks",True,,Official fish survey record for Hyalite Creek,Montana FWP's Fisheries Information System records a fish survey at Hyalite Creek. Species recorded include No Fish Caught. The survey records represented 1 fish across the latest grouped records.,No Fish Caught,Official FWP fisheries survey; survey gear and methods vary by record.,,https://fwp-gis.mt.gov/arcgis/rest/services/fish/fishViewer/MapServer/51,
725bd90d35d450f1ad,2022-09-07,stale,1418,41,Ravalli,Martin Creek,official_fwp_fish_survey,"Montana Fish, Wildlife & Parks",True,,Official fish survey record for Martin Creek,"Montana FWP's Fisheries Information System records a fish survey at Martin Creek. Species recorded include Bull Trout, Westslope Cutthroat Trout. The survey records represented 142 fish across the latest grouped records.","Bull Trout, Westslope Cutthroat Trout",Official FWP fisheries survey; survey gear and methods vary by record.,,https://fwp-gis.mt.gov/arcgis/rest/services/fish/fishViewer/MapServer/51,
7f82aeb81c7b83295d,2022-08-29,stale,1427,25,Lewis and Clark,Pike Creek,official_fwp_fish_survey,"Montana Fish, Wildlife & Parks",True,,Official fish survey record for Pike Creek,"Montana FWP's Fisheries Information System records a fish survey at Pike Creek. Species recorded include No Fish Caught, Surveyed Site dry. The survey records represented 2 fish across the latest grouped records.","No Fish Caught, Surveyed Site dry",Official FWP fisheries survey; survey gear and methods vary by record.,,https://fwp-gis.mt.gov/arcgis/rest/services/fish/fishViewer/MapServer/51,
f7614cb55265e2fe92,2022-08-24,stale,1432,16,Gallatin,Wapiti Creek,official_fwp_fish_survey,"Montana Fish, Wildlife & Parks",True,,Official fish survey record for Wapiti Creek,"Montana FWP's Fisheries Information System records a fish survey at Wapiti Creek. Species recorded include No Fish Caught, Rainbow Trout, Westslope Cutthroat Trout. The survey records represented 5 fish across the latest grouped records.","No Fish Caught, Rainbow Trout, Westslope Cutthroat Trout",Official FWP fisheries survey; survey gear and methods vary by record.,,https://fwp-gis.mt.gov/arcgis/rest/services/fish/fishViewer/MapServer/51,
eb632bc26f9f3e0954,2022-08-24,stale,1432,16,Gallatin,Little Wapiti Creek,official_fwp_fish_survey,"Montana Fish, Wildlife & Parks",True,,Official fish survey record for Little Wapiti Creek,Montana FWP's Fisheries Information System records a fish survey at Little Wapiti Creek. Species recorded include Rainbow Trout. The survey records represented 7 fish across the latest grouped records.,Rainbow Trout,Official FWP fisheries survey; survey gear and methods vary by record.,,https://fwp-gis.mt.gov/arcgis/rest/services/fish/fishViewer/MapServer/51,
e6dbcbf90dab0f5af6,2022-08-04,stale,1452,31,Mineral,Quartz Creek,official_fwp_fish_survey,"Montana Fish, Wildlife & Parks",True,,Official fish survey record for Quartz Creek,Montana FWP's Fisheries Information System records a fish survey at Quartz Creek. Species recorded include Westslope Cutthroat Trout. The survey records represented 9 fish across the latest grouped records.,Westslope Cutthroat Trout,Official FWP fisheries survey; survey gear and methods vary by record.,,https://fwp-gis.mt.gov/arcgis/rest/services/fish/fishViewer/MapServer/51,
9e806c45e9df5f6754,2022-08-02,stale,1454,53,Valley,Big Reservoir,official_fwp_fish_survey,"Montana Fish, Wildlife & Parks",True,,Official fish survey record for Big Reservoir,"Montana FWP's Fisheries Information System records a fish survey at Big Reservoir. Species recorded include Fathead Minnow, No Fish Caught. The survey records represented 701 fish across the latest grouped records.","Fathead Minnow, No Fish Caught",Official FWP fisheries survey; survey gear and methods vary by record.,,https://fwp-gis.mt.gov/arcgis/rest/services/fish/fishViewer/MapServer/51,
2e6146720543ec7992,2022-07-28,stale,1459,7,Cascade,Palisade Creek,official_fwp_fish_survey,"Montana Fish, Wildlife & Parks",True,,Official fish survey record for Palisade Creek,"Montana FWP's Fisheries Information System records a fish survey at Palisade Creek. Species recorded include Brook Trout, Westslope Cutthroat Trout, Westslope X Rainbow. The survey records represented 70 fish across the latest grouped records.","Brook Trout, Westslope Cutthroat Trout, Westslope X Rainbow",Official FWP fisheries survey; survey gear and methods vary by record.,,https://fwp-gis.mt.gov/arcgis/rest/services/fish/fishViewer/MapServer/51,
c957f7cf8da634a1a9,2022-07-28,stale,1459,13,Fallon,Upper Baker Lake,official_fwp_stocking_record,"Montana Fish, Wildlife & Parks",True,,Fish stocking record for Upper Baker Lake,"Montana FWP records a stocking event at Upper Baker Lake involving Fathead Minnow and 2,950 fish. Stocking schedules and completed records can change; open the official source for details.",Fathead Minnow,,,https://fwp-gis.mt.gov/arcgis/rest/services/fish/fishViewer/MapServer/38,
cb6fbf3b697ee07f98,2022-07-27,stale,1460,28,Madison,Lake Cameron,official_fwp_stocking_record,"Montana Fish, Wildlife & Parks",True,,Fish stocking record for Lake Cameron,Montana FWP records a stocking event at Lake Cameron involving Westslope Cutthroat Trout and 500 fish. Stocking schedules and completed records can change; open the official source for details.,Westslope Cutthroat Trout,,,https://fwp-gis.mt.gov/arcgis/rest/services/fish/fishViewer/MapServer/38,
d9c23c5c03d5acea63,2022-07-27,stale,1460,28,Madison,Axolotl Lake,official_fwp_stocking_record,"Montana Fish, Wildlife & Parks",True,,Fish stocking record for Axolotl Lake,Montana FWP records a stocking event at Axolotl Lake involving Westslope Cutthroat Trout and 725 fish. Stocking schedules and completed records can change; open the official source for details.,Westslope Cutthroat Trout,,,https://fwp-gis.mt.gov/arcgis/rest/services/fish/fishViewer/MapServer/38,
ba11163d8149e241e9,2022-07-26,stale,1461,56,Yellowstone,Yegen Drain,official_fwp_fish_survey,"Montana Fish, Wildlife & Parks",True,,Official fish survey record for Yegen Drain,"Montana FWP's Fisheries Information System records a fish survey at Yegen Drain. Species recorded include Creek Chub, Longnose Dace, Rainbow Trout, Stonecat, White Sucker. The survey records represented 31 fish across the latest grouped records.","Creek Chub, Longnose Dace, Rainbow Trout, Stonecat, White Sucker",Official FWP fisheries survey; survey gear and methods vary by record.,,https://fwp-gis.mt.gov/arcgis/rest/services/fish/fishViewer/MapServer/51,
c207a90f43bda5e4de,2022-07-26,stale,1461,30,Meagher,Gipsy Lake,official_fwp_fish_survey,"Montana Fish, Wildlife & Parks",True,,Official fish survey record for Gipsy Lake,"Montana FWP's Fisheries Information System records a fish survey at Gipsy Lake. Species recorded include Brook Trout, Rainbow Trout. The survey records represented 32 fish across the latest grouped records.","Brook Trout, Rainbow Trout",Official FWP fisheries survey; survey gear and methods vary by record.,,https://fwp-gis.mt.gov/arcgis/rest/services/fish/fishViewer/MapServer/51,
acf737d1b0ade3f0d6,2022-07-25,stale,1462,41,Ravalli,Lick Creek,official_fwp_fish_survey,"Montana Fish, Wildlife & Parks",True,,Official fish survey record for Lick Creek,"Montana FWP's Fisheries Information System records a fish survey at Lick Creek. Species recorded include Brook Trout, Westslope Cutthroat Trout. The survey records represented 58 fish across the latest grouped records.","Brook Trout, Westslope Cutthroat Trout",Official FWP fisheries survey; survey gear and methods vary by record.,,https://fwp-gis.mt.gov/arcgis/rest/services/fish/fishViewer/MapServer/51,
b0c4fa96d58f276f60,2022-07-25,stale,1462,20,Granite,Butte Cabin Creek,official_fwp_fish_survey,"Montana Fish, Wildlife & Parks",True,,Official fish survey record for Butte Cabin Creek,"Montana FWP's Fisheries Information System records a fish survey at Butte Cabin Creek. Species recorded include Brown Trout, Bull Trout, Rainbow Trout, Westslope Cutthroat Trout, Westslope X Rainbow. The survey records represented 28 fish across the latest grouped records.","Brown Trout, Bull Trout, Rainbow Trout, Westslope Cutthroat Trout, Westslope X Rainbow",Official FWP fisheries survey; survey gear and methods vary by record.,,https://fwp-gis.mt.gov/arcgis/rest/services/fish/fishViewer/MapServer/51,
56eb292d9bebcf9857,2022-07-22,stale,1465,27,Lincoln,McGuire Creek,official_fwp_fish_survey,"Montana Fish, Wildlife & Parks",True,,Official fish survey record for McGuire Creek,Montana FWP's Fisheries Information System records a fish survey at McGuire Creek. Species recorded include Westslope Cutthroat Trout. The survey records represented 30 fish across the latest grouped records.,Westslope Cutthroat Trout,Official FWP fisheries survey; survey gear and methods vary by record.,,https://fwp-gis.mt.gov/arcgis/rest/services/fish/fishViewer/MapServer/51,
5c9941b3636da8f772,2022-07-22,stale,1465,15,Flathead,Moose Lake,official_fwp_stocking_record,"Montana Fish, Wildlife & Parks",True,,Fish stocking record for Moose Lake,"Montana FWP records a stocking event at Moose Lake involving Westslope Cutthroat Trout and 2,004 fish. Stocking schedules and completed records can change; open the official source for details.",Westslope Cutthroat Trout,,,https://fwp-gis.mt.gov/arcgis/rest/services/fish/fishViewer/MapServer/38,
f98bdb19243202a36a,2022-07-22,stale,1465,24,Lake,Ducharme Lake,official_fwp_stocking_record,"Montana Fish, Wildlife & Parks",True,,Fish stocking record for Ducharme Lake,"Montana FWP records a stocking event at Ducharme Lake involving Westslope Cutthroat Trout and 2,002 fish. Stocking schedules and completed records can change; open the official source for details.",Westslope Cutthroat Trout,,,https://fwp-gis.mt.gov/arcgis/rest/services/fish/fishViewer/MapServer/38,
29876980a0dba320a5,2022-07-18,stale,1469,41,Ravalli,Hayes Creek,official_fwp_fish_survey,"Montana Fish, Wildlife & Parks",True,,Official fish survey record for Hayes Creek,Montana FWP's Fisheries Information System records a fish survey at Hayes Creek. Species recorded include Westslope Cutthroat Trout. The survey records represented 43 fish across the latest grouped records.,Westslope Cutthroat Trout,Official FWP fisheries survey; survey gear and methods vary by record.,,https://fwp-gis.mt.gov/arcgis/rest/services/fish/fishViewer/MapServer/51,
5975a2159a06456cfa,2022-07-14,stale,1473,34,Park,Eagle Creek,official_fwp_fish_survey,"Montana Fish, Wildlife & Parks",True,,Official fish survey record for Eagle Creek,Montana FWP's Fisheries Information System records a fish survey at Eagle Creek. Species recorded include Yellowstone Cutthroat Trout. The survey records represented 10 fish across the latest grouped records.,Yellowstone Cutthroat Trout,Official FWP fisheries survey; survey gear and methods vary by record.,,https://fwp-gis.mt.gov/arcgis/rest/services/fish/fishViewer/MapServer/51,
a62f5ffbd72538ecbd,2022-07-12,stale,1475,36,Phillips,Whiteface Reservoir,official_fwp_fish_survey,"Montana Fish, Wildlife & Parks",True,,Official fish survey record for Whiteface Reservoir,Montana FWP's Fisheries Information System records a fish survey at Whiteface Reservoir. Species recorded include No Fish Caught. The survey records represented 2 fish across the latest grouped records.,No Fish Caught,Official FWP fisheries survey; survey gear and methods vary by record.,,https://fwp-gis.mt.gov/arcgis/rest/services/fish/fishViewer/MapServer/51,
c38b694d43058405d1,2022-07-12,stale,1475,36,Phillips,Taint Reservoir,official_fwp_fish_survey,"Montana Fish, Wildlife & Parks",True,,Official fish survey record for Taint Reservoir,Montana FWP's Fisheries Information System records a fish survey at Taint Reservoir. Species recorded include Bluegill. The survey records represented 258 fish across the latest grouped records.,Bluegill,Official FWP fisheries survey; survey gear and methods vary by record.,,https://fwp-gis.mt.gov/arcgis/rest/services/fish/fishViewer/MapServer/51,
daf567212cb42452ed,2022-07-12,stale,1475,36,Phillips,Sagebrush Reservoir,official_fwp_fish_survey,"Montana Fish, Wildlife & Parks",True,,Official fish survey record for Sagebrush Reservoir,"Montana FWP's Fisheries Information System records a fish survey at Sagebrush Reservoir. Species recorded include Bluegill, Largemouth Bass. The survey records represented 12 fish across the latest grouped records.","Bluegill, Largemouth Bass",Official FWP fisheries survey; survey gear and methods vary by record.,,https://fwp-gis.mt.gov/arcgis/rest/services/fish/fishViewer/MapServer/51,
fad95abaef6f2ea5c0,2022-07-12,stale,1475,36,Phillips,Paleface Reservoir,official_fwp_fish_survey,"Montana Fish, Wildlife & Parks",True,,Official fish survey record for Paleface Reservoir,Montana FWP's Fisheries Information System records a fish survey at Paleface Reservoir. Species recorded include No Fish Caught. The survey records represented 2 fish across the latest grouped records.,No Fish Caught,Official FWP fisheries survey; survey gear and methods vary by record.,,https://fwp-gis.mt.gov/arcgis/rest/services/fish/fishViewer/MapServer/51,
e0042632c5484c15cd,2022-07-11,stale,1476,36,Phillips,Lark Reservoir,official_fwp_fish_survey,"Montana Fish, Wildlife & Parks",True,,Official fish survey record for Lark Reservoir,"Montana FWP's Fisheries Information System records a fish survey at Lark Reservoir. Species recorded include Bluegill, Largemouth Bass, No Fish Caught. The survey records represented 71 fish across the latest grouped records.","Bluegill, Largemouth Bass, No Fish Caught",Official FWP fisheries survey; survey gear and methods vary by record.,,https://fwp-gis.mt.gov/arcgis/rest/services/fish/fishViewer/MapServer/51,
74298162003932b339,2022-07-11,stale,1476,36,Phillips,Bresaylor Reservoir,official_fwp_fish_survey,"Montana Fish, Wildlife & Parks",True,,Official fish survey record for Bresaylor Reservoir,Montana FWP's Fisheries Information System records a fish survey at Bresaylor Reservoir. Species recorded include Largemouth Bass. The survey records represented 4 fish across the latest grouped records.,Largemouth Bass,Official FWP fisheries survey; survey gear and methods vary by record.,,https://fwp-gis.mt.gov/arcgis/rest/services/fish/fishViewer/MapServer/51,
bc852c7dd4c54227e2,2022-06-30,stale,1487,15,Flathead,Pine Grove Pond,official_fwp_fish_survey,"Montana Fish, Wildlife & Parks",True,,Official fish survey record for Pine Grove Pond,"Montana FWP's Fisheries Information System records a fish survey at Pine Grove Pond. Species recorded include Brook Stickleback, Rainbow Trout. The survey records represented 34 fish across the latest grouped records.","Brook Stickleback, Rainbow Trout",Official FWP fisheries survey; survey gear and methods vary by record.,,https://fwp-gis.mt.gov/arcgis/rest/services/fish/fishViewer/MapServer/51,
f0938def25384a4b10,2022-06-22,stale,1495,1,Beaverhead,East Fork Little Sheep Creek,official_fwp_fish_survey,"Montana Fish, Wildlife & Parks",True,,Official fish survey record for East Fork Little Sheep Creek,"Montana FWP's Fisheries Information System records a fish survey at East Fork Little Sheep Creek. Species recorded include Brook Trout, No Fish Caught, Rocky Mountain Sculpin. The survey records represented 24 fish across the latest grouped records.","Brook Trout, No Fish Caught, Rocky Mountain Sculpin",Official FWP fisheries survey; survey gear and methods vary by record.,,https://fwp-gis.mt.gov/arcgis/rest/services/fish/fishViewer/MapServer/51,
b7664c656c7c2e2380,2022-06-16,stale,1501,34,Park,Pine Creek,official_fwp_fish_survey,"Montana Fish, Wildlife & Parks",True,,Official fish survey record for Pine Creek,Montana FWP's Fisheries Information System records a fish survey at Pine Creek. Species recorded include Yellowstone Cutthroat Trout X Rainbow. The survey records represented 2 fish across the latest grouped records.,Yellowstone Cutthroat Trout X Rainbow,Official FWP fisheries survey; survey gear and methods vary by record.,,https://fwp-gis.mt.gov/arcgis/rest/services/fish/fishViewer/MapServer/51,
0dae68ce709397b65e,2022-06-15,stale,1502,15,Flathead,Lake Five,official_fwp_fish_survey,"Montana Fish, Wildlife & Parks",True,,Official fish survey record for Lake Five,"Montana FWP's Fisheries Information System records a fish survey at Lake Five. Species recorded include Kokanee, Largemouth Bass, Longnose Sucker, No Fish Caught, Pumpkinseed, Rainbow Trout, Rainbow X Cutthroat Trout, Yellow Perch. The survey records represented 173 fish across the latest grouped records.","Kokanee, Largemouth Bass, Longnose Sucker, No Fish Caught, Pumpkinseed, Rainbow Trout, Rainbow X Cutthroat Trout, Yellow Perch",Official FWP fisheries survey; survey gear and methods vary by record.,,https://fwp-gis.mt.gov/arcgis/rest/services/fish/fishViewer/MapServer/51,
7603ad92d34280a8b3,2022-06-06,stale,1511,15,Flathead,Bootjack Lake,official_fwp_fish_survey,"Montana Fish, Wildlife & Parks",True,,Official fish survey record for Bootjack Lake,"Montana FWP's Fisheries Information System records a fish survey at Bootjack Lake. Species recorded include Pumpkinseed, Rainbow Trout. The survey records represented 20 fish across the latest grouped records.","Pumpkinseed, Rainbow Trout",Official FWP fisheries survey; survey gear and methods vary by record.,,https://fwp-gis.mt.gov/arcgis/rest/services/fish/fishViewer/MapServer/51,
a75bc77fb9f6811f66,2022-06-01,stale,1516,27,Lincoln,Howard Lake,official_fwp_fish_survey,"Montana Fish, Wildlife & Parks",True,,Official fish survey record for Howard Lake,Montana FWP's Fisheries Information System records a fish survey at Howard Lake. Species recorded include Rainbow Trout. The survey records represented 19 fish across the latest grouped records.,Rainbow Trout,Official FWP fisheries survey; survey gear and methods vary by record.,,https://fwp-gis.mt.gov/arcgis/rest/services/fish/fishViewer/MapServer/51,
ca1df81e9329799042,2022-05-31,stale,1517,15,Flathead,Skyles Lake,official_fwp_fish_survey,"Montana Fish, Wildlife & Parks",True,,Official fish survey record for Skyles Lake,"Montana FWP's Fisheries Information System records a fish survey at Skyles Lake. Species recorded include Largemouth Bass, Northern Pike, Pumpkinseed, Yellow Perch. The survey records represented 15 fish across the latest grouped records.","Largemouth Bass, Northern Pike, Pumpkinseed, Yellow Perch",Official FWP fisheries survey; survey gear and methods vary by record.,,https://fwp-gis.mt.gov/arcgis/rest/services/fish/fishViewer/MapServer/51,
67dcafa81701d07900,2022-05-31,stale,1517,15,Flathead,Blanchard Lake,official_fwp_fish_survey,"Montana Fish, Wildlife & Parks",True,,Official fish survey record for Blanchard Lake,"Montana FWP's Fisheries Information System records a fish survey at Blanchard Lake. Species recorded include Black Crappie, Largemouth Bass, Northern Pike, Pumpkinseed, Yellow Perch. The survey records represented 123 fish across the latest grouped records.","Black Crappie, Largemouth Bass, Northern Pike, Pumpkinseed, Yellow Perch",Official FWP fisheries survey; survey gear and methods vary by record.,,https://fwp-gis.mt.gov/arcgis/rest/services/fish/fishViewer/MapServer/51,
93da045b7164ea5b88,2022-05-16,stale,1532,32,Missoula,Seeley Lake,official_fwp_fish_survey,"Montana Fish, Wildlife & Parks",True,,Official fish survey record for Seeley Lake,"Montana FWP's Fisheries Information System records a fish survey at Seeley Lake. Species recorded include Brown Trout, Bull Trout, Kokanee, Longnose Sucker, Northern Pike, Northern Pike Minnow, Yellow Perch. The survey records represented 95 fish across the latest grouped records.","Brown Trout, Bull Trout, Kokanee, Longnose Sucker, Northern Pike, Northern Pike Minnow, Yellow Perch",Official FWP fisheries survey; survey gear and methods vary by record.,,https://fwp-gis.mt.gov/arcgis/rest/services/fish/fishViewer/MapServer/51,
df436c50d6f552bdce,2022-05-10,stale,1538,36,Phillips,Plutz Reservoir,official_fwp_stocking_record,"Montana Fish, Wildlife & Parks",True,,Fish stocking record for Plutz Reservoir,"Montana FWP records a stocking event at Plutz Reservoir involving Rainbow Trout and 1,000 fish. Stocking schedules and completed records can change; open the official source for details.",Rainbow Trout,,,https://fwp-gis.mt.gov/arcgis/rest/services/fish/fishViewer/MapServer/38,
8ffac622ba1773eae1,2022-04-07,stale,1571,14,Fergus,Upper Carters Pond,official_fwp_fish_survey,"Montana Fish, Wildlife & Parks",True,,Official fish survey record for Upper Carters Pond,"Montana FWP's Fisheries Information System records a fish survey at Upper Carters Pond. Species recorded include Brook Trout, Rainbow Trout. The survey records represented 22 fish across the latest grouped records.","Brook Trout, Rainbow Trout",Official FWP fisheries survey; survey gear and methods vary by record.,,https://fwp-gis.mt.gov/arcgis/rest/services/fish/fishViewer/MapServer/51,
ebe36b1cbaeb82c866,2022-04-07,stale,1571,14,Fergus,Carters Pond,official_fwp_fish_survey,"Montana Fish, Wildlife & Parks",True,,Official fish survey record for Carters Pond,Montana FWP's Fisheries Information System records a fish survey at Carters Pond. Species recorded include Rainbow Trout. The survey records represented 14 fish across the latest grouped records.,Rainbow Trout,Official FWP fisheries survey; survey gear and methods vary by record.,,https://fwp-gis.mt.gov/arcgis/rest/services/fish/fishViewer/MapServer/51,
8b7d24ea96db054fa0,2021-10-19,stale,1741,50,Teton,South Fork South Fork Teton River,official_fwp_fish_survey,"Montana Fish, Wildlife & Parks",True,,Official fish survey record for South Fork South Fork Teton River,Montana FWP's Fisheries Information System records a fish survey at South Fork South Fork Teton River. Species recorded include Westslope Cutthroat Trout. The survey records represented 28 fish across the latest grouped records.,Westslope Cutthroat Trout,Official FWP fisheries survey; survey gear and methods vary by record.,,https://fwp-gis.mt.gov/arcgis/rest/services/fish/fishViewer/MapServer/51,
9866b8402e90bff801,2021-10-18,stale,1742,56,Yellowstone,Vandenberg Drain,official_fwp_fish_survey,"Montana Fish, Wildlife & Parks",True,,Official fish survey record for Vandenberg Drain,"Montana FWP's Fisheries Information System records a fish survey at Vandenberg Drain. Species recorded include Brook Stickleback, Brown Trout, Common Carp, Fathead Minnow, Largemouth Bass, Longnose Dace, Longnose Sucker, Mountain Sucker, Rainbow Trout, Sculpin, White Sucker, Yellow Perch. The survey records represented 89 fish across the latest grouped records.","Brook Stickleback, Brown Trout, Common Carp, Fathead Minnow, Largemouth Bass, Longnose Dace, Longnose Sucker, Mountain Sucker, Rainbow Trout, Sculpin, White Sucker, Yellow Perch",Official FWP fisheries survey; survey gear and methods vary by record.,,https://fwp-gis.mt.gov/arcgis/rest/services/fish/fishViewer/MapServer/51,
7b125da1dc9060fb12,2021-09-29,stale,1761,49,Sweet Grass,Sweet Grass Creek,official_fwp_fish_survey,"Montana Fish, Wildlife & Parks",True,,Official fish survey record for Sweet Grass Creek,"Montana FWP's Fisheries Information System records a fish survey at Sweet Grass Creek. Species recorded include Brown Trout, Longnose Sucker, Mountain Sucker, Mountain Whitefish, Stonecat. The survey records represented 70 fish across the latest grouped records.","Brown Trout, Longnose Sucker, Mountain Sucker, Mountain Whitefish, Stonecat",Official FWP fisheries survey; survey gear and methods vary by record.,,https://fwp-gis.mt.gov/arcgis/rest/services/fish/fishViewer/MapServer/51,
21728b2395aa690b57,2021-09-23,stale,1767,49,Sweet Grass,West Fork Stillwater River,official_fwp_fish_survey,"Montana Fish, Wildlife & Parks",True,,Official fish survey record for West Fork Stillwater River,Montana FWP's Fisheries Information System records a fish survey at West Fork Stillwater River. Species recorded include Rainbow Trout. The survey records represented 72 fish across the latest grouped records.,Rainbow Trout,Official FWP fisheries survey; survey gear and methods vary by record.,,https://fwp-gis.mt.gov/arcgis/rest/services/fish/fishViewer/MapServer/51,
62e6f0c4d922f2bf7e,2021-09-21,stale,1769,25,Lewis and Clark,Petty Creek,official_fwp_fish_survey,"Montana Fish, Wildlife & Parks",True,,Official fish survey record for Petty Creek,Montana FWP's Fisheries Information System records a fish survey at Petty Creek. Species recorded include No Fish Caught. The survey records represented 1 fish across the latest grouped records.,No Fish Caught,Official FWP fisheries survey; survey gear and methods vary by record.,,https://fwp-gis.mt.gov/arcgis/rest/services/fish/fishViewer/MapServer/51,
8a4b5bfc88eb39ec4b,2021-09-16,stale,1774,9,Custer,Pumpkin Creek,official_fwp_fish_survey,"Montana Fish, Wildlife & Parks",True,,Official fish survey record for Pumpkin Creek,"Montana FWP's Fisheries Information System records a fish survey at Pumpkin Creek. Species recorded include Black Bullhead, Channel Catfish, Common Carp, Fathead Minnow, Green Sunfish, Plains Killifish, Plains Minnow, River Carpsucker, Sand Shiner, Shorthead Redhorse, White Sucker. The survey records represented 1,165 fish across the latest grouped records.","Black Bullhead, Channel Catfish, Common Carp, Fathead Minnow, Green Sunfish, Plains Killifish, Plains Minnow, River Carpsucker, Sand Shiner, Shorthead Redhorse, White Sucker",Official FWP fisheries survey; survey gear and methods vary by record.,,https://fwp-gis.mt.gov/arcgis/rest/services/fish/fishViewer/MapServer/51,
eba42927ccde78ade7,2021-09-10,stale,1780,16,Gallatin,South Fork Brackett Creek,official_fwp_fish_survey,"Montana Fish, Wildlife & Parks",True,,Official fish survey record for South Fork Brackett Creek,Montana FWP's Fisheries Information System records a fish survey at South Fork Brackett Creek. Species recorded include Yellowstone Cutthroat Trout. The survey records represented 10 fish across the latest grouped records.,Yellowstone Cutthroat Trout,Official FWP fisheries survey; survey gear and methods vary by record.,,https://fwp-gis.mt.gov/arcgis/rest/services/fish/fishViewer/MapServer/51,
9d4dc309464108e92b,2021-09-03,stale,1787,34,Park,Fleshman Creek,official_fwp_fish_survey,"Montana Fish, Wildlife & Parks",True,,Official fish survey record for Fleshman Creek,"Montana FWP's Fisheries Information System records a fish survey at Fleshman Creek. Species recorded include Brook Trout, Rocky Mountain Sculpin, Yellowstone Cutthroat Trout. The survey records represented 171 fish across the latest grouped records.","Brook Trout, Rocky Mountain Sculpin, Yellowstone Cutthroat Trout",Official FWP fisheries survey; survey gear and methods vary by record.,,https://fwp-gis.mt.gov/arcgis/rest/services/fish/fishViewer/MapServer/51,
7daca6604631c3c5d2,2021-09-02,stale,1788,48,Stillwater,Nye Creek,official_fwp_fish_survey,"Montana Fish, Wildlife & Parks",True,,Official fish survey record for Nye Creek,Montana FWP's Fisheries Information System records a fish survey at Nye Creek. Species recorded include Brook Trout. The survey records represented 58 fish across the latest grouped records.,Brook Trout,Official FWP fisheries survey; survey gear and methods vary by record.,,https://fwp-gis.mt.gov/arcgis/rest/services/fish/fishViewer/MapServer/51,
6ae1127f38c709bd5a,2021-09-02,stale,1788,7,Cascade,Crawford Creek,official_fwp_fish_survey,"Montana Fish, Wildlife & Parks",True,,Official fish survey record for Crawford Creek,Montana FWP's Fisheries Information System records a fish survey at Crawford Creek. Species recorded include Westslope Cutthroat Trout. The survey records represented 101 fish across the latest grouped records.,Westslope Cutthroat Trout,Official FWP fisheries survey; survey gear and methods vary by record.,,https://fwp-gis.mt.gov/arcgis/rest/services/fish/fishViewer/MapServer/51,
ab628aaa5918374381,2021-08-25,stale,1796,20,Granite,Echo Lake,official_fwp_fish_survey,"Montana Fish, Wildlife & Parks",True,,Official fish survey record for Echo Lake,"Montana FWP's Fisheries Information System records a fish survey at Echo Lake. Species recorded include Brook Trout, Longnose Sucker, Rainbow Trout. The survey records represented 344 fish across the latest grouped records.","Brook Trout, Longnose Sucker, Rainbow Trout",Official FWP fisheries survey; survey gear and methods vary by record.,,https://fwp-gis.mt.gov/arcgis/rest/services/fish/fishViewer/MapServer/51,
79766d526cabf26d80,2021-08-19,stale,1802,5,Carbon,Bear Trap Reservoir,official_fwp_fish_survey,"Montana Fish, Wildlife & Parks",True,,Official fish survey record for Bear Trap Reservoir,Montana FWP's Fisheries Information System records a fish survey at Bear Trap Reservoir. Species recorded include Largemouth Bass. The survey records represented 29 fish across the latest grouped records.,Largemouth Bass,Official FWP fisheries survey; survey gear and methods vary by record.,,https://fwp-gis.mt.gov/arcgis/rest/services/fish/fishViewer/MapServer/51,
cc4418816755515928,2021-08-17,stale,1804,5,Carbon,West Fork Rock Creek,official_fwp_fish_survey,"Montana Fish, Wildlife & Parks",True,,Official fish survey record for West Fork Rock Creek,"Montana FWP's Fisheries Information System records a fish survey at West Fork Rock Creek. Species recorded include Brook Trout, Yellowstone Cutthroat Trout. The survey records represented 7 fish across the latest grouped records.","Brook Trout, Yellowstone Cutthroat Trout",Official FWP fisheries survey; survey gear and methods vary by record.,,https://fwp-gis.mt.gov/arcgis/rest/services/fish/fishViewer/MapServer/51,
513defd3d358829bea,2021-08-11,stale,1810,23,Judith Basin,Yogo Creek,official_fwp_fish_survey,"Montana Fish, Wildlife & Parks",True,,Official fish survey record for Yogo Creek,"Montana FWP's Fisheries Information System records a fish survey at Yogo Creek. Species recorded include Brook Trout, Rocky Mountain Sculpin, Westslope Cutthroat Trout. The survey records represented 39 fish across the latest grouped records.","Brook Trout, Rocky Mountain Sculpin, Westslope Cutthroat Trout",Official FWP fisheries survey; survey gear and methods vary by record.,,https://fwp-gis.mt.gov/arcgis/rest/services/fish/fishViewer/MapServer/51,
1ebf29b766b80730be,2021-08-11,stale,1810,32,Missoula,Owl Creek,official_fwp_fish_survey,"Montana Fish, Wildlife & Parks",True,,Official fish survey record for Owl Creek,"Montana FWP's Fisheries Information System records a fish survey at Owl Creek. Species recorded include Brook Trout, Westslope Cutthroat Trout. The survey records represented 15 fish across the latest grouped records.","Brook Trout, Westslope Cutthroat Trout",Official FWP fisheries survey; survey gear and methods vary by record.,,https://fwp-gis.mt.gov/arcgis/rest/services/fish/fishViewer/MapServer/51,
5bc01483f0a54c8a4a,2021-08-05,stale,1816,41,Ravalli,Little Tin Cup Creek,official_fwp_fish_survey,"Montana Fish, Wildlife & Parks",True,,Official fish survey record for Little Tin Cup Creek,Montana FWP's Fisheries Information System records a fish survey at Little Tin Cup Creek. Species recorded include Westslope Cutthroat Trout. The survey records represented 56 fish across the latest grouped records.,Westslope Cutthroat Trout,Official FWP fisheries survey; survey gear and methods vary by record.,,https://fwp-gis.mt.gov/arcgis/rest/services/fish/fishViewer/MapServer/51,
51ca649f166fc7c7ab,2021-08-03,stale,1818,8,Chouteau,Marias River,official_fwp_fish_survey,"Montana Fish, Wildlife & Parks",True,,Official fish survey record for Marias River,"Montana FWP's Fisheries Information System records a fish survey at Marias River. Species recorded include Common Carp, Emerald Shiner, Flathead Chub, Longnose Dace, Longnose Sucker, Plains Minnow, Smallmouth Bass, White Sucker. The survey records represented 518 fish across the latest grouped records.","Common Carp, Emerald Shiner, Flathead Chub, Longnose Dace, Longnose Sucker, Plains Minnow, Smallmouth Bass, White Sucker",Official FWP fisheries survey; survey gear and methods vary by record.,,https://fwp-gis.mt.gov/arcgis/rest/services/fish/fishViewer/MapServer/51,
f7e9292a1150a4c387,2021-07-28,stale,1824,22,Jefferson,Park Lake,official_fwp_stocking_record,"Montana Fish, Wildlife & Parks",True,,Fish stocking record for Park Lake,Montana FWP records a stocking event at Park Lake involving Westslope Cutthroat Trout and 500 fish. Stocking schedules and completed records can change; open the official source for details.,Westslope Cutthroat Trout,,,https://fwp-gis.mt.gov/arcgis/rest/services/fish/fishViewer/MapServer/38,
bc578391c7b154cd76,2021-07-27,stale,1825,28,Madison,Little Hell Roaring Creek,official_fwp_fish_survey,"Montana Fish, Wildlife & Parks",True,,Official fish survey record for Little Hell Roaring Creek,"Montana FWP's Fisheries Information System records a fish survey at Little Hell Roaring Creek. Species recorded include Brook Trout, Brown Trout, Rainbow Trout, Sculpin, Westslope Cutthroat Trout. The survey records represented 51 fish across the latest grouped records.","Brook Trout, Brown Trout, Rainbow Trout, Sculpin, Westslope Cutthroat Trout",Official FWP fisheries survey; survey gear and methods vary by record.,,https://fwp-gis.mt.gov/arcgis/rest/services/fish/fishViewer/MapServer/51,
08ba917ffa47b5fe26,2021-07-27,stale,1825,56,Yellowstone,Bighorn River,official_fwp_fish_survey,"Montana Fish, Wildlife & Parks",True,,Official fish survey record for Bighorn River,"Montana FWP's Fisheries Information System records a fish survey at Bighorn River. Species recorded include Common Carp, Fathead Minnow, Flathead Chub, Longnose Dace, Longnose Sucker, No Fish Caught, Plains Minnow, Sand Shiner, Shorthead Redhorse, Smallmouth Bass, White Sucker. The survey records represented 78 fish across the latest grouped records.","Common Carp, Fathead Minnow, Flathead Chub, Longnose Dace, Longnose Sucker, No Fish Caught, Plains Minnow, Sand Shiner, Shorthead Redhorse, Smallmouth Bass, White Sucker",Official FWP fisheries survey; survey gear and methods vary by record.,,https://fwp-gis.mt.gov/arcgis/rest/services/fish/fishViewer/MapServer/51,
24c39c345a6fb2a607,2021-07-20,stale,1832,4,Broadwater,Hall Creek,official_fwp_fish_survey,"Montana Fish, Wildlife & Parks",True,,Official fish survey record for Hall Creek,Montana FWP's Fisheries Information System records a fish survey at Hall Creek. Species recorded include Westslope Cutthroat Trout. The survey records represented 6 fish across the latest grouped records.,Westslope Cutthroat Trout,Official FWP fisheries survey; survey gear and methods vary by record.,,https://fwp-gis.mt.gov/arcgis/rest/services/fish/fishViewer/MapServer/51,
76ba0905379e1db517,2021-07-12,stale,1840,36,Phillips,King Reservoir,official_fwp_fish_survey,"Montana Fish, Wildlife & Parks",True,,Official fish survey record for King Reservoir,"Montana FWP's Fisheries Information System records a fish survey at King Reservoir. Species recorded include Fathead Minnow, Rainbow Trout. The survey records represented 626 fish across the latest grouped records.","Fathead Minnow, Rainbow Trout",Official FWP fisheries survey; survey gear and methods vary by record.,,https://fwp-gis.mt.gov/arcgis/rest/services/fish/fishViewer/MapServer/51,
9916f56709af5dc420,2021-07-02,stale,1850,49,Sweet Grass,Otter Creek,official_fwp_fish_survey,"Montana Fish, Wildlife & Parks",True,,Official fish survey record for Otter Creek,"Montana FWP's Fisheries Information System records a fish survey at Otter Creek. Species recorded include Lake Chub, Longnose Dace, Longnose Sucker, Mountain Sucker, White Sucker. The survey records represented 55 fish across the latest grouped records.","Lake Chub, Longnose Dace, Longnose Sucker, Mountain Sucker, White Sucker",Official FWP fisheries survey; survey gear and methods vary by record.,,https://fwp-gis.mt.gov/arcgis/rest/services/fish/fishViewer/MapServer/51,
9c99b5b593a090cef0,2021-06-29,stale,1853,31,Mineral,South Fork Nemote Creek,official_fwp_fish_survey,"Montana Fish, Wildlife & Parks",True,,Official fish survey record for South Fork Nemote Creek,Montana FWP's Fisheries Information System records a fish survey at South Fork Nemote Creek. Species recorded include Westslope Cutthroat Trout. The survey records represented 68 fish across the latest grouped records.,Westslope Cutthroat Trout,Official FWP fisheries survey; survey gear and methods vary by record.,,https://fwp-gis.mt.gov/arcgis/rest/services/fish/fishViewer/MapServer/51,
c46a0d2bf231fa0d52,2021-06-25,stale,1857,25,Lewis and Clark,Wood Lake,official_fwp_fish_survey,"Montana Fish, Wildlife & Parks",True,,Official fish survey record for Wood Lake,Montana FWP's Fisheries Information System records a fish survey at Wood Lake. Species recorded include Westslope Cutthroat Trout. The survey records represented 90 fish across the latest grouped records.,Westslope Cutthroat Trout,Official FWP fisheries survey; survey gear and methods vary by record.,,https://fwp-gis.mt.gov/arcgis/rest/services/fish/fishViewer/MapServer/51,
380e86259dc67de39a,2021-06-24,stale,1858,40,Prairie,Powder River,official_fwp_fish_survey,"Montana Fish, Wildlife & Parks",True,,Official fish survey record for Powder River,"Montana FWP's Fisheries Information System records a fish survey at Powder River. Species recorded include Flathead Chub, Longnose Dace, Plains Minnow, River Carpsucker, Sand Shiner. The survey records represented 444 fish across the latest grouped records.","Flathead Chub, Longnose Dace, Plains Minnow, River Carpsucker, Sand Shiner",Official FWP fisheries survey; survey gear and methods vary by record.,,https://fwp-gis.mt.gov/arcgis/rest/services/fish/fishViewer/MapServer/51,
8c4dec8477fe882684,2021-06-17,stale,1865,25,Lewis and Clark,Bailey Creek,official_fwp_fish_survey,"Montana Fish, Wildlife & Parks",True,,Official fish survey record for Bailey Creek,Montana FWP's Fisheries Information System records a fish survey at Bailey Creek. Species recorded include No Fish Caught. The survey records represented 1 fish across the latest grouped records.,No Fish Caught,Official FWP fisheries survey; survey gear and methods vary by record.,,https://fwp-gis.mt.gov/arcgis/rest/services/fish/fishViewer/MapServer/51,
cfe42b59967cc2a562,2021-06-14,stale,1868,28,Madison,Garrott Creek,official_fwp_fish_survey,"Montana Fish, Wildlife & Parks",True,,Official fish survey record for Garrott Creek,"Montana FWP's Fisheries Information System records a fish survey at Garrott Creek. Species recorded include Brown Trout, Westslope Cutthroat Trout. The survey records represented 44 fish across the latest grouped records.","Brown Trout, Westslope Cutthroat Trout",Official FWP fisheries survey; survey gear and methods vary by record.,,https://fwp-gis.mt.gov/arcgis/rest/services/fish/fishViewer/MapServer/51,
023ac8537e68133651,2021-06-10,stale,1872,28,Madison,Quake Lake,official_fwp_fish_survey,"Montana Fish, Wildlife & Parks",True,,Official fish survey record for Quake Lake,"Montana FWP's Fisheries Information System records a fish survey at Quake Lake. Species recorded include Brown Trout, Longnose Sucker, Mountain Whitefish, Rainbow Trout, Utah Chub, White Sucker. The survey records represented 177 fish across the latest grouped records.","Brown Trout, Longnose Sucker, Mountain Whitefish, Rainbow Trout, Utah Chub, White Sucker",Official FWP fisheries survey; survey gear and methods vary by record.,,https://fwp-gis.mt.gov/arcgis/rest/services/fish/fishViewer/MapServer/51,
2c89f463a546e511c8,2021-06-09,stale,1873,35,Petroleum,Dry Blood Reservoir,official_fwp_fish_survey,"Montana Fish, Wildlife & Parks",True,,Official fish survey record for Dry Blood Reservoir,"Montana FWP's Fisheries Information System records a fish survey at Dry Blood Reservoir. Species recorded include Black Crappie, Largemouth Bass. The survey records represented 3 fish across the latest grouped records.","Black Crappie, Largemouth Bass",Official FWP fisheries survey; survey gear and methods vary by record.,,https://fwp-gis.mt.gov/arcgis/rest/services/fish/fishViewer/MapServer/51,
0d17944686e5d8280c,2021-05-24,stale,1889,28,Madison,Jefferson River,official_fwp_fish_survey,"Montana Fish, Wildlife & Parks",True,,Official fish survey record for Jefferson River,"Montana FWP's Fisheries Information System records a fish survey at Jefferson River. Species recorded include Brown Trout, Rainbow Trout. The survey records represented 80 fish across the latest grouped records.","Brown Trout, Rainbow Trout",Official FWP fisheries survey; survey gear and methods vary by record.,,https://fwp-gis.mt.gov/arcgis/rest/services/fish/fishViewer/MapServer/51,
72a3ea7f470f8f935d,2021-05-14,stale,1899,25,Lewis and Clark,Dickens Lake,official_fwp_fish_survey,"Montana Fish, Wildlife & Parks",True,,Official fish survey record for Dickens Lake,Montana FWP's Fisheries Information System records a fish survey at Dickens Lake. Species recorded include Rainbow Trout. The survey records represented 2 fish across the latest grouped records.,Rainbow Trout,Official FWP fisheries survey; survey gear and methods vary by record.,,https://fwp-gis.mt.gov/arcgis/rest/services/fish/fishViewer/MapServer/51,
75441038a0aa904620,2021-05-11,stale,1902,53,Valley,Valley Reservoir,official_fwp_fish_survey,"Montana Fish, Wildlife & Parks",True,,Official fish survey record for Valley Reservoir,Montana FWP's Fisheries Information System records a fish survey at Valley Reservoir. Species recorded include No Fish Caught. The survey records represented 1 fish across the latest grouped records.,No Fish Caught,Official FWP fisheries survey; survey gear and methods vary by record.,,https://fwp-gis.mt.gov/arcgis/rest/services/fish/fishViewer/MapServer/51,
bd9a8cbf66dd5df15d,2021-05-05,stale,1908,44,Rosebud,Far West Pond,official_fwp_fish_survey,"Montana Fish, Wildlife & Parks",True,,Official fish survey record for Far West Pond,"Montana FWP's Fisheries Information System records a fish survey at Far West Pond. Species recorded include Bigmouth Buffalo, Bluegill, Common Carp, Green Sunfish, Largemouth Bass, Pumpkinseed, Yellow Bullhead, Yellow Perch. The survey records represented 27 fish across the latest grouped records.","Bigmouth Buffalo, Bluegill, Common Carp, Green Sunfish, Largemouth Bass, Pumpkinseed, Yellow Bullhead, Yellow Perch",Official FWP fisheries survey; survey gear and methods vary by record.,,https://fwp-gis.mt.gov/arcgis/rest/services/fish/fishViewer/MapServer/51,
8c74a39ca4fdc4a739,2021-04-22,stale,1921,28,Madison,Odell Creek,official_fwp_fish_survey,"Montana Fish, Wildlife & Parks",True,,Official fish survey record for Odell Creek,"Montana FWP's Fisheries Information System records a fish survey at Odell Creek. Species recorded include Brown Trout, Rainbow Trout. The survey records represented 241 fish across the latest grouped records.","Brown Trout, Rainbow Trout",Official FWP fisheries survey; survey gear and methods vary by record.,,https://fwp-gis.mt.gov/arcgis/rest/services/fish/fishViewer/MapServer/51,
8deb0701f023aa930e,2020-10-14,stale,2111,44,Rosebud,Far West Pond,official_fwp_stocking_record,"Montana Fish, Wildlife & Parks",True,,Fish stocking record for Far West Pond,"Montana FWP records a stocking event at Far West Pond involving Bluegill and 2,088 fish. Stocking schedules and completed records can change; open the official source for details.",Bluegill,,,https://fwp-gis.mt.gov/arcgis/rest/services/fish/fishViewer/MapServer/38,
a80c28ca6704dbcc7a,2020-09-24,stale,2131,48,Stillwater,Little Rocky Creek,official_fwp_fish_survey,"Montana Fish, Wildlife & Parks",True,,Official fish survey record for Little Rocky Creek,"Montana FWP's Fisheries Information System records a fish survey at Little Rocky Creek. Species recorded include Brown Trout, Yellowstone Cutthroat Trout. The survey records represented 102 fish across the latest grouped records.","Brown Trout, Yellowstone Cutthroat Trout",Official FWP fisheries survey; survey gear and methods vary by record.,,https://fwp-gis.mt.gov/arcgis/rest/services/fish/fishViewer/MapServer/51,
5aa96565a8a4e1b3a6,2020-09-03,stale,2152,41,Ravalli,Little Boulder Creek,official_fwp_fish_survey,"Montana Fish, Wildlife & Parks",True,,Official fish survey record for Little Boulder Creek,"Montana FWP's Fisheries Information System records a fish survey at Little Boulder Creek. Species recorded include Bull Trout, Westslope Cutthroat Trout. The survey records represented 103 fish across the latest grouped records.","Bull Trout, Westslope Cutthroat Trout",Official FWP fisheries survey; survey gear and methods vary by record.,,https://fwp-gis.mt.gov/arcgis/rest/services/fish/fishViewer/MapServer/51,
3f194c97b996478efe,2020-09-01,stale,2154,41,Ravalli,Willow Creek,official_fwp_fish_survey,"Montana Fish, Wildlife & Parks",True,,Official fish survey record for Willow Creek,"Montana FWP's Fisheries Information System records a fish survey at Willow Creek. Species recorded include Brook Trout, Brook X Bull Trout hybrid, Bull Trout, Westslope Cutthroat Trout. The survey records represented 123 fish across the latest grouped records.","Brook Trout, Brook X Bull Trout hybrid, Bull Trout, Westslope Cutthroat Trout",Official FWP fisheries survey; survey gear and methods vary by record.,,https://fwp-gis.mt.gov/arcgis/rest/services/fish/fishViewer/MapServer/51,
f56ceb53feeef345bd,2020-08-18,stale,2168,20,Granite,Spring Creek,official_fwp_fish_survey,"Montana Fish, Wildlife & Parks",True,,Official fish survey record for Spring Creek,"Montana FWP's Fisheries Information System records a fish survey at Spring Creek. Species recorded include Brook Trout, Brown Trout. The survey records represented 230 fish across the latest grouped records.","Brook Trout, Brown Trout",Official FWP fisheries survey; survey gear and methods vary by record.,,https://fwp-gis.mt.gov/arcgis/rest/services/fish/fishViewer/MapServer/51,
181248117fb1b79a31,2020-08-14,stale,2172,15,Flathead,Hawk Creek,official_fwp_fish_survey,"Montana Fish, Wildlife & Parks",True,,Official fish survey record for Hawk Creek,Montana FWP's Fisheries Information System records a fish survey at Hawk Creek. Species recorded include Westslope Cutthroat Trout. The survey records represented 12 fish across the latest grouped records.,Westslope Cutthroat Trout,Official FWP fisheries survey; survey gear and methods vary by record.,,https://fwp-gis.mt.gov/arcgis/rest/services/fish/fishViewer/MapServer/51,
82224d18078755bc0b,2020-08-12,stale,2174,20,Granite,Alder Creek,official_fwp_fish_survey,"Montana Fish, Wildlife & Parks",True,,Official fish survey record for Alder Creek,"Montana FWP's Fisheries Information System records a fish survey at Alder Creek. Species recorded include Brown Trout, Bull Trout, Rainbow Trout, Trout, Westslope Cutthroat Trout, Westslope X Rainbow. The survey records represented 107 fish across the latest grouped records.","Brown Trout, Bull Trout, Rainbow Trout, Trout, Westslope Cutthroat Trout, Westslope X Rainbow",Official FWP fisheries survey; survey gear and methods vary by record.,,https://fwp-gis.mt.gov/arcgis/rest/services/fish/fishViewer/MapServer/51,
ce715e071cf49b703d,2020-08-09,stale,2177,47,Silver Bow,Basin Creek Reservoir,official_fwp_fish_survey,"Montana Fish, Wildlife & Parks",True,,Official fish survey record for Basin Creek Reservoir,Montana FWP's Fisheries Information System records a fish survey at Basin Creek Reservoir. Species recorded include Westslope Cutthroat Trout. The survey records represented 197 fish across the latest grouped records.,Westslope Cutthroat Trout,Official FWP fisheries survey; survey gear and methods vary by record.,,https://fwp-gis.mt.gov/arcgis/rest/services/fish/fishViewer/MapServer/51,
74baeaef762e90f0ef,2020-08-06,stale,2180,5,Carbon,North Fork Sage Creek,official_fwp_fish_survey,"Montana Fish, Wildlife & Parks",True,,Official fish survey record for North Fork Sage Creek,Montana FWP's Fisheries Information System records a fish survey at North Fork Sage Creek. Species recorded include Yellowstone Cutthroat Trout. The survey records represented 141 fish across the latest grouped records.,Yellowstone Cutthroat Trout,Official FWP fisheries survey; survey gear and methods vary by record.,,https://fwp-gis.mt.gov/arcgis/rest/services/fish/fishViewer/MapServer/51,
014376b1c6663bc401,2020-08-04,stale,2182,20,Granite,Hogback Creek,official_fwp_fish_survey,"Montana Fish, Wildlife & Parks",True,,Official fish survey record for Hogback Creek,Montana FWP's Fisheries Information System records a fish survey at Hogback Creek. Species recorded include Trout. The survey records represented 28 fish across the latest grouped records.,Trout,Official FWP fisheries survey; survey gear and methods vary by record.,,https://fwp-gis.mt.gov/arcgis/rest/services/fish/fishViewer/MapServer/51,
4c7bb68f082cb6860e,2020-08-03,stale,2183,20,Granite,Welcome Creek,official_fwp_fish_survey,"Montana Fish, Wildlife & Parks",True,,Official fish survey record for Welcome Creek,Montana FWP's Fisheries Information System records a fish survey at Welcome Creek. Species recorded include Trout. The survey records represented 28 fish across the latest grouped records.,Trout,Official FWP fisheries survey; survey gear and methods vary by record.,,https://fwp-gis.mt.gov/arcgis/rest/services/fish/fishViewer/MapServer/51,
d3925253dd2c050960,2020-08-03,stale,2183,15,Flathead,Deep Creek,official_fwp_fish_survey,"Montana Fish, Wildlife & Parks",True,,Official fish survey record for Deep Creek,Montana FWP's Fisheries Information System records a fish survey at Deep Creek. Species recorded include Westslope Cutthroat Trout. The survey records represented 31 fish across the latest grouped records.,Westslope Cutthroat Trout,Official FWP fisheries survey; survey gear and methods vary by record.,,https://fwp-gis.mt.gov/arcgis/rest/services/fish/fishViewer/MapServer/51,
00cbe1bb2be9ffa6d7,2020-07-28,stale,2189,32,Missoula,Clearwater River,official_fwp_fish_survey,"Montana Fish, Wildlife & Parks",True,,Official fish survey record for Clearwater River,"Montana FWP's Fisheries Information System records a fish survey at Clearwater River. Species recorded include Brown Trout, Central Mud Minnow, Longnose Dace, Redside Shiner, Rocky Mountain Sculpin. The survey records represented 34 fish across the latest grouped records.","Brown Trout, Central Mud Minnow, Longnose Dace, Redside Shiner, Rocky Mountain Sculpin",Official FWP fisheries survey; survey gear and methods vary by record.,,https://fwp-gis.mt.gov/arcgis/rest/services/fish/fishViewer/MapServer/51,
f83d32013775d97fac,2020-07-23,stale,2194,20,Granite,Windlass Gulch,official_fwp_fish_survey,"Montana Fish, Wildlife & Parks",True,,Official fish survey record for Windlass Gulch,"Montana FWP's Fisheries Information System records a fish survey at Windlass Gulch. Species recorded include Brown Trout, Rainbow Trout, Westslope Cutthroat Trout, Westslope X Rainbow. The survey records represented 38 fish across the latest grouped records.","Brown Trout, Rainbow Trout, Westslope Cutthroat Trout, Westslope X Rainbow",Official FWP fisheries survey; survey gear and methods vary by record.,,https://fwp-gis.mt.gov/arcgis/rest/services/fish/fishViewer/MapServer/51,
ac0e5d6ca9e4c86c04,2020-07-22,stale,2195,15,Flathead,Goldie Creek,official_fwp_fish_survey,"Montana Fish, Wildlife & Parks",True,,Official fish survey record for Goldie Creek,Montana FWP's Fisheries Information System records a fish survey at Goldie Creek. Species recorded include Westslope Cutthroat Trout. The survey records represented 31 fish across the latest grouped records.,Westslope Cutthroat Trout,Official FWP fisheries survey; survey gear and methods vary by record.,,https://fwp-gis.mt.gov/arcgis/rest/services/fish/fishViewer/MapServer/51,
374ed6c8ee3e5a87fc,2020-07-20,stale,2197,20,Granite,Eagle Creek,official_fwp_fish_survey,"Montana Fish, Wildlife & Parks",True,,Official fish survey record for Eagle Creek,"Montana FWP's Fisheries Information System records a fish survey at Eagle Creek. Species recorded include Brook Trout, Rainbow Trout, Westslope Cutthroat Trout, Westslope X Rainbow. The survey records represented 49 fish across the latest grouped records.","Brook Trout, Rainbow Trout, Westslope Cutthroat Trout, Westslope X Rainbow",Official FWP fisheries survey; survey gear and methods vary by record.,,https://fwp-gis.mt.gov/arcgis/rest/services/fish/fishViewer/MapServer/51,
ec210771da5396c17f,2020-07-16,stale,2201,28,Madison,Indian Creek,official_fwp_fish_survey,"Montana Fish, Wildlife & Parks",True,,Official fish survey record for Indian Creek,"Montana FWP's Fisheries Information System records a fish survey at Indian Creek. Species recorded include Brook Trout, Westslope Cutthroat Trout, Westslope X Yellowstone X Rainbow, Yellowstone Cutthroat Trout. The survey records represented 65 fish across the latest grouped records.","Brook Trout, Westslope Cutthroat Trout, Westslope X Yellowstone X Rainbow, Yellowstone Cutthroat Trout",Official FWP fisheries survey; survey gear and methods vary by record.,,https://fwp-gis.mt.gov/arcgis/rest/services/fish/fishViewer/MapServer/51,
08e778efa5ea3d5fd8,2020-07-15,stale,2202,36,Phillips,Pr 020 Reservoir,official_fwp_stocking_record,"Montana Fish, Wildlife & Parks",True,,Fish stocking record for Pr 020 Reservoir,"Montana FWP records a stocking event at Pr 020 Reservoir involving Largemouth Bass and 2,000 fish. Stocking schedules and completed records can change; open the official source for details.",Largemouth Bass,,,https://fwp-gis.mt.gov/arcgis/rest/services/fish/fishViewer/MapServer/38,
5fd3169f6d3b785145,2020-07-15,stale,2202,3,Blaine,Gazob Reservoir,official_fwp_stocking_record,"Montana Fish, Wildlife & Parks",True,,Fish stocking record for Gazob Reservoir,"Montana FWP records a stocking event at Gazob Reservoir involving Largemouth Bass and 1,000 fish. Stocking schedules and completed records can change; open the official source for details.",Largemouth Bass,,,https://fwp-gis.mt.gov/arcgis/rest/services/fish/fishViewer/MapServer/38,
84ab76c7119b62b391,2020-07-14,stale,2203,32,Missoula,Little Fish Creek,official_fwp_fish_survey,"Montana Fish, Wildlife & Parks",True,,Official fish survey record for Little Fish Creek,Montana FWP's Fisheries Information System records a fish survey at Little Fish Creek. Species recorded include Westslope Cutthroat Trout. The survey records represented 147 fish across the latest grouped records.,Westslope Cutthroat Trout,Official FWP fisheries survey; survey gear and methods vary by record.,,https://fwp-gis.mt.gov/arcgis/rest/services/fish/fishViewer/MapServer/51,
04e34122b84b5f74b2,2020-07-14,stale,2203,20,Granite,Grizzly Creek,official_fwp_fish_survey,"Montana Fish, Wildlife & Parks",True,,Official fish survey record for Grizzly Creek,"Montana FWP's Fisheries Information System records a fish survey at Grizzly Creek. Species recorded include Brook Trout, Bull Trout, Westslope Cutthroat Trout, Westslope X Rainbow. The survey records represented 36 fish across the latest grouped records.","Brook Trout, Bull Trout, Westslope Cutthroat Trout, Westslope X Rainbow",Official FWP fisheries survey; survey gear and methods vary by record.,,https://fwp-gis.mt.gov/arcgis/rest/services/fish/fishViewer/MapServer/51,
e76fb598ef5540a4d9,2020-07-08,stale,2209,20,Granite,Fuse Lake,official_fwp_fish_survey,"Montana Fish, Wildlife & Parks",True,,Official fish survey record for Fuse Lake,Montana FWP's Fisheries Information System records a fish survey at Fuse Lake. Species recorded include Arctic Grayling. The survey records represented 29 fish across the latest grouped records.,Arctic Grayling,Official FWP fisheries survey; survey gear and methods vary by record.,,https://fwp-gis.mt.gov/arcgis/rest/services/fish/fishViewer/MapServer/51,
4be9296b7ced745993,2020-06-24,stale,2223,34,Park,Slip And Slide Creek,official_fwp_fish_survey,"Montana Fish, Wildlife & Parks",True,,Official fish survey record for Slip And Slide Creek,Montana FWP's Fisheries Information System records a fish survey at Slip And Slide Creek. Species recorded include Rainbow Trout. The survey records represented 4 fish across the latest grouped records.,Rainbow Trout,Official FWP fisheries survey; survey gear and methods vary by record.,,https://fwp-gis.mt.gov/arcgis/rest/services/fish/fishViewer/MapServer/51,
7d8a76c01e1ad22c9a,2020-06-18,stale,2229,27,Lincoln,Kilbrennan Creek,official_fwp_fish_survey,"Montana Fish, Wildlife & Parks",True,,Official fish survey record for Kilbrennan Creek,"Montana FWP's Fisheries Information System records a fish survey at Kilbrennan Creek. Species recorded include Brook Trout, Rainbow Trout. The survey records represented 31 fish across the latest grouped records.","Brook Trout, Rainbow Trout",Official FWP fisheries survey; survey gear and methods vary by record.,,https://fwp-gis.mt.gov/arcgis/rest/services/fish/fishViewer/MapServer/51,
898741ecf759578dbd,2020-06-09,stale,2238,22,Jefferson,Park Lake,official_fwp_fish_survey,"Montana Fish, Wildlife & Parks",True,,Official fish survey record for Park Lake,Montana FWP's Fisheries Information System records a fish survey at Park Lake. Species recorded include Arctic Grayling. The survey records represented 68 fish across the latest grouped records.,Arctic Grayling,Official FWP fisheries survey; survey gear and methods vary by record.,,https://fwp-gis.mt.gov/arcgis/rest/services/fish/fishViewer/MapServer/51,
8174d7858dc9f801fa,2020-06-02,stale,2245,11,Dawson,Johnson Reservoir,official_fwp_stocking_record,"Montana Fish, Wildlife & Parks",True,,Fish stocking record for Johnson Reservoir,Montana FWP records a stocking event at Johnson Reservoir involving Rainbow Trout and 205 fish. Stocking schedules and completed records can change; open the official source for details.,Rainbow Trout,,,https://fwp-gis.mt.gov/arcgis/rest/services/fish/fishViewer/MapServer/38,
afb50d0e943981cf9f,2020-05-19,stale,2259,11,Dawson,Johnson Reservoir,official_fwp_fish_survey,"Montana Fish, Wildlife & Parks",True,,Official fish survey record for Johnson Reservoir,"Montana FWP's Fisheries Information System records a fish survey at Johnson Reservoir. Species recorded include Brook Stickleback, Yellow Perch. The survey records represented 793 fish across the latest grouped records.","Brook Stickleback, Yellow Perch",Official FWP fisheries survey; survey gear and methods vary by record.,,https://fwp-gis.mt.gov/arcgis/rest/services/fish/fishViewer/MapServer/51,
5e142b77b09f6d9dfe,2020-04-22,stale,2286,38,Powder River,Gaskill Reservoir,official_fwp_stocking_record,"Montana Fish, Wildlife & Parks",True,,Fish stocking record for Gaskill Reservoir,"Montana FWP records a stocking event at Gaskill Reservoir involving Rainbow Trout and 1,000 fish. Stocking schedules and completed records can change; open the official source for details.",Rainbow Trout,,,https://fwp-gis.mt.gov/arcgis/rest/services/fish/fishViewer/MapServer/38,
86deac12e21ae4fd3f,2019-10-07,stale,2484,34,Park,"Shields River, Unnamed Trib RM 59.9",official_fwp_fish_survey,"Montana Fish, Wildlife & Parks",True,,"Official fish survey record for Shields River, Unnamed Trib RM 59.9","Montana FWP's Fisheries Information System records a fish survey at Shields River, Unnamed Trib RM 59.9. Species recorded include Brook Trout, Yellowstone Cutthroat Trout. The survey records represented 39 fish across the latest grouped records.","Brook Trout, Yellowstone Cutthroat Trout",Official FWP fisheries survey; survey gear and methods vary by record.,,https://fwp-gis.mt.gov/arcgis/rest/services/fish/fishViewer/MapServer/51,
5af40c5566bfe754be,2019-10-03,stale,2488,48,Stillwater,Vandenberg Drain,official_fwp_fish_survey,"Montana Fish, Wildlife & Parks",True,,Official fish survey record for Vandenberg Drain,"Montana FWP's Fisheries Information System records a fish survey at Vandenberg Drain. Species recorded include Brook Stickleback, Brown Trout, Fathead Minnow, Lake Chub, Longnose Sucker, Mountain Sucker, White Sucker. The survey records represented 46 fish across the latest grouped records.","Brook Stickleback, Brown Trout, Fathead Minnow, Lake Chub, Longnose Sucker, Mountain Sucker, White Sucker",Official FWP fisheries survey; survey gear and methods vary by record.,,https://fwp-gis.mt.gov/arcgis/rest/services/fish/fishViewer/MapServer/51,
1b306464af0a2a6ae8,2019-09-17,stale,2504,39,Powell,Gold Creek,official_fwp_fish_survey,"Montana Fish, Wildlife & Parks",True,,Official fish survey record for Gold Creek,"Montana FWP's Fisheries Information System records a fish survey at Gold Creek. Species recorded include Brown Trout, Rocky Mountain Sculpin, Westslope Cutthroat Trout. The survey records represented 89 fish across the latest grouped records.","Brown Trout, Rocky Mountain Sculpin, Westslope Cutthroat Trout",Official FWP fisheries survey; survey gear and methods vary by record.,,https://fwp-gis.mt.gov/arcgis/rest/services/fish/fishViewer/MapServer/51,
58bfda1667686ecc47,2019-08-29,stale,2523,27,Lincoln,East Fork Pipe Creek,official_fwp_fish_survey,"Montana Fish, Wildlife & Parks",True,,Official fish survey record for East Fork Pipe Creek,"Montana FWP's Fisheries Information System records a fish survey at East Fork Pipe Creek. Species recorded include Brook Trout, Rainbow Trout, Slimy Sculpin, Westslope X Rainbow. The survey records represented 24 fish across the latest grouped records.","Brook Trout, Rainbow Trout, Slimy Sculpin, Westslope X Rainbow",Official FWP fisheries survey; survey gear and methods vary by record.,,https://fwp-gis.mt.gov/arcgis/rest/services/fish/fishViewer/MapServer/51,
1db9dd4a3c919b2b7b,2019-08-21,stale,2531,15,Flathead,Giefer Creek,official_fwp_fish_survey,"Montana Fish, Wildlife & Parks",True,,Official fish survey record for Giefer Creek,Montana FWP's Fisheries Information System records a fish survey at Giefer Creek. Species recorded include Westslope Cutthroat Trout. The survey records represented 29 fish across the latest grouped records.,Westslope Cutthroat Trout,Official FWP fisheries survey; survey gear and methods vary by record.,,https://fwp-gis.mt.gov/arcgis/rest/services/fish/fishViewer/MapServer/51,
ad7e1142ec43c776db,2019-08-05,stale,2547,6,Carter,Bucholtz Reservoir,official_fwp_fish_survey,"Montana Fish, Wildlife & Parks",True,,Official fish survey record for Bucholtz Reservoir,Montana FWP's Fisheries Information System records a fish survey at Bucholtz Reservoir. Species recorded include Black Bullhead. The survey records represented 6 fish across the latest grouped records.,Black Bullhead,Official FWP fisheries survey; survey gear and methods vary by record.,,https://fwp-gis.mt.gov/arcgis/rest/services/fish/fishViewer/MapServer/51,
5df85a5bf8b0ce81c9,2019-08-02,stale,2550,27,Lincoln,Trail Creek,official_fwp_fish_survey,"Montana Fish, Wildlife & Parks",True,,Official fish survey record for Trail Creek,"Montana FWP's Fisheries Information System records a fish survey at Trail Creek. Species recorded include Brook Trout, Rainbow Trout, Torrent Sculpin. The survey records represented 6 fish across the latest grouped records.","Brook Trout, Rainbow Trout, Torrent Sculpin",Official FWP fisheries survey; survey gear and methods vary by record.,,https://fwp-gis.mt.gov/arcgis/rest/services/fish/fishViewer/MapServer/51,
63ac536a76d598e89f,2019-07-08,stale,2575,16,Gallatin,Hood Creek,official_fwp_fish_survey,"Montana Fish, Wildlife & Parks",True,,Official fish survey record for Hood Creek,Montana FWP's Fisheries Information System records a fish survey at Hood Creek. Species recorded include No Fish Caught. The survey records represented 1 fish across the latest grouped records.,No Fish Caught,Official FWP fisheries survey; survey gear and methods vary by record.,,https://fwp-gis.mt.gov/arcgis/rest/services/fish/fishViewer/MapServer/51,
74a7e0932e46e69477,2019-06-26,stale,2587,27,Lincoln,Therriault Creek,official_fwp_fish_survey,"Montana Fish, Wildlife & Parks",True,,Official fish survey record for Therriault Creek,"Montana FWP's Fisheries Information System records a fish survey at Therriault Creek. Species recorded include Brook Trout, Bull Trout, Rainbow Trout. The survey records represented 201 fish across the latest grouped records.","Brook Trout, Bull Trout, Rainbow Trout",Official FWP fisheries survey; survey gear and methods vary by record.,,https://fwp-gis.mt.gov/arcgis/rest/services/fish/fishViewer/MapServer/51,
65c21243c2f4f3da97,2018-10-23,stale,2833,4,Broadwater,Toston Canal,official_fwp_fish_survey,"Montana Fish, Wildlife & Parks",True,,Official fish survey record for Toston Canal,"Montana FWP's Fisheries Information System records a fish survey at Toston Canal. Species recorded include Fathead Minnow, Longnose Dace, Longnose Sucker, Redside Shiner, Rocky Mountain Sculpin, Stonecat. The survey records represented 81 fish across the latest grouped records.","Fathead Minnow, Longnose Dace, Longnose Sucker, Redside Shiner, Rocky Mountain Sculpin, Stonecat",Official FWP fisheries survey; survey gear and methods vary by record.,,https://fwp-gis.mt.gov/arcgis/rest/services/fish/fishViewer/MapServer/51,
9eaf22011db4402c51,2018-10-04,stale,2852,41,Ravalli,Tie Chute Creek,official_fwp_fish_survey,"Montana Fish, Wildlife & Parks",True,,Official fish survey record for Tie Chute Creek,Montana FWP's Fisheries Information System records a fish survey at Tie Chute Creek. Species recorded include Brook Trout. The survey records represented 59 fish across the latest grouped records.,Brook Trout,Official FWP fisheries survey; survey gear and methods vary by record.,,https://fwp-gis.mt.gov/arcgis/rest/services/fish/fishViewer/MapServer/51,
0c498affd77244ca60,2018-09-26,stale,2860,15,Flathead,Java Creek,official_fwp_fish_survey,"Montana Fish, Wildlife & Parks",True,,Official fish survey record for Java Creek,Montana FWP's Fisheries Information System records a fish survey at Java Creek. Species recorded include Westslope Cutthroat Trout. The survey records represented 900 fish across the latest grouped records.,Westslope Cutthroat Trout,Official FWP fisheries survey; survey gear and methods vary by record.,,https://fwp-gis.mt.gov/arcgis/rest/services/fish/fishViewer/MapServer/51,
c20294b6be69691e51,2018-09-05,stale,2881,54,Wheatland,East Fork Haymaker Creek,official_fwp_fish_survey,"Montana Fish, Wildlife & Parks",True,,Official fish survey record for East Fork Haymaker Creek,Montana FWP's Fisheries Information System records a fish survey at East Fork Haymaker Creek. Species recorded include Yellowstone Cutthroat Trout. The survey records represented 167 fish across the latest grouped records.,Yellowstone Cutthroat Trout,Official FWP fisheries survey; survey gear and methods vary by record.,,https://fwp-gis.mt.gov/arcgis/rest/services/fish/fishViewer/MapServer/51,
fa80ac7d7ef003d676,2018-08-23,stale,2894,35,Petroleum,Musselshell River,official_fwp_fish_survey,"Montana Fish, Wildlife & Parks",True,,Official fish survey record for Musselshell River,"Montana FWP's Fisheries Information System records a fish survey at Musselshell River. Species recorded include Black Crappie, Channel Catfish, Common Carp, Emerald Shiner, Flathead Chub, River Carpsucker, Sand Shiner, Western Silvery/Plains Minnow. The survey records represented 115 fish across the latest grouped records.","Black Crappie, Channel Catfish, Common Carp, Emerald Shiner, Flathead Chub, River Carpsucker, Sand Shiner, Western Silvery/Plains Minnow",Official FWP fisheries survey; survey gear and methods vary by record.,,https://fwp-gis.mt.gov/arcgis/rest/services/fish/fishViewer/MapServer/51,
598ce4fae03fd68831,2018-08-09,stale,2908,41,Ravalli,Nez Perce Fork,official_fwp_fish_survey,"Montana Fish, Wildlife & Parks",True,,Official fish survey record for Nez Perce Fork,"Montana FWP's Fisheries Information System records a fish survey at Nez Perce Fork. Species recorded include Brook Trout, Bull Trout, Westslope Cutthroat Trout. The survey records represented 119 fish across the latest grouped records.","Brook Trout, Bull Trout, Westslope Cutthroat Trout",Official FWP fisheries survey; survey gear and methods vary by record.,,https://fwp-gis.mt.gov/arcgis/rest/services/fish/fishViewer/MapServer/51,
9f8b1013262482ab06,2018-07-31,stale,2917,1,Beaverhead,Charlies Lake,official_fwp_fish_survey,"Montana Fish, Wildlife & Parks",True,,Official fish survey record for Charlies Lake,Montana FWP's Fisheries Information System records a fish survey at Charlies Lake. Species recorded include No Fish Caught. The survey records represented 1 fish across the latest grouped records.,No Fish Caught,Official FWP fisheries survey; survey gear and methods vary by record.,,https://fwp-gis.mt.gov/arcgis/rest/services/fish/fishViewer/MapServer/51,
d76fa4b69524c7555b,2018-07-25,stale,2923,41,Ravalli,Deer Creek,official_fwp_fish_survey,"Montana Fish, Wildlife & Parks",True,,Official fish survey record for Deer Creek,Montana FWP's Fisheries Information System records a fish survey at Deer Creek. Species recorded include Westslope Cutthroat Trout. The survey records represented 30 fish across the latest grouped records.,Westslope Cutthroat Trout,Official FWP fisheries survey; survey gear and methods vary by record.,,https://fwp-gis.mt.gov/arcgis/rest/services/fish/fishViewer/MapServer/51,
5923a5437334adde01,2018-07-24,stale,2924,41,Ravalli,Slate Creek,official_fwp_fish_survey,"Montana Fish, Wildlife & Parks",True,,Official fish survey record for Slate Creek,"Montana FWP's Fisheries Information System records a fish survey at Slate Creek. Species recorded include Brook Trout, Brook X Bull Trout hybrid, Bull Trout, Mountain Whitefish, Westslope Cutthroat Trout. The survey records represented 92 fish across the latest grouped records.","Brook Trout, Brook X Bull Trout hybrid, Bull Trout, Mountain Whitefish, Westslope Cutthroat Trout",Official FWP fisheries survey; survey gear and methods vary by record.,,https://fwp-gis.mt.gov/arcgis/rest/services/fish/fishViewer/MapServer/51,
7fcc944842eae14b48,2018-07-17,stale,2931,41,Ravalli,Ditch Creek,official_fwp_fish_survey,"Montana Fish, Wildlife & Parks",True,,Official fish survey record for Ditch Creek,"Montana FWP's Fisheries Information System records a fish survey at Ditch Creek. Species recorded include Brook Trout, Westslope Cutthroat Trout. The survey records represented 15 fish across the latest grouped records.","Brook Trout, Westslope Cutthroat Trout",Official FWP fisheries survey; survey gear and methods vary by record.,,https://fwp-gis.mt.gov/arcgis/rest/services/fish/fishViewer/MapServer/51,
f9c205848a0512a431,2018-07-12,stale,2936,28,Madison,Upper Branham Lakes,official_fwp_fish_survey,"Montana Fish, Wildlife & Parks",True,,Official fish survey record for Upper Branham Lakes,Montana FWP's Fisheries Information System records a fish survey at Upper Branham Lakes. Species recorded include Brook Trout. The survey records represented 90 fish across the latest grouped records.,Brook Trout,Official FWP fisheries survey; survey gear and methods vary by record.,,https://fwp-gis.mt.gov/arcgis/rest/services/fish/fishViewer/MapServer/51,
93c3f429f1bc51526d,2018-07-02,stale,2946,15,Flathead,Red Meadow Lake,official_fwp_fish_survey,"Montana Fish, Wildlife & Parks",True,,Official fish survey record for Red Meadow Lake,Montana FWP's Fisheries Information System records a fish survey at Red Meadow Lake. Species recorded include Arctic Grayling. The survey records represented 15 fish across the latest grouped records.,Arctic Grayling,Official FWP fisheries survey; survey gear and methods vary by record.,,https://fwp-gis.mt.gov/arcgis/rest/services/fish/fishViewer/MapServer/51,
e13f043b61f6d1da9d,2018-06-25,stale,2953,15,Flathead,Moose Lake,official_fwp_fish_survey,"Montana Fish, Wildlife & Parks",True,,Official fish survey record for Moose Lake,Montana FWP's Fisheries Information System records a fish survey at Moose Lake. Species recorded include Westslope Cutthroat Trout. The survey records represented 526 fish across the latest grouped records.,Westslope Cutthroat Trout,Official FWP fisheries survey; survey gear and methods vary by record.,,https://fwp-gis.mt.gov/arcgis/rest/services/fish/fishViewer/MapServer/51,
b3fb9fa59a527a5522,2018-06-18,stale,2960,1,Beaverhead,Reservoir Lake,official_fwp_fish_survey,"Montana Fish, Wildlife & Parks",True,,Official fish survey record for Reservoir Lake,Montana FWP's Fisheries Information System records a fish survey at Reservoir Lake. Species recorded include Brook Trout. The survey records represented 24 fish across the latest grouped records.,Brook Trout,Official FWP fisheries survey; survey gear and methods vary by record.,,https://fwp-gis.mt.gov/arcgis/rest/services/fish/fishViewer/MapServer/51,
e621ec42cc16ce56df,2018-06-06,stale,2972,27,Lincoln,Loon Lake,official_fwp_fish_survey,"Montana Fish, Wildlife & Parks",True,,Official fish survey record for Loon Lake,"Montana FWP's Fisheries Information System records a fish survey at Loon Lake. Species recorded include Brook Trout, Westslope Cutthroat Trout. The survey records represented 69 fish across the latest grouped records.","Brook Trout, Westslope Cutthroat Trout",Official FWP fisheries survey; survey gear and methods vary by record.,,https://fwp-gis.mt.gov/arcgis/rest/services/fish/fishViewer/MapServer/51,
e039d76f6d18dde0a2,2018-06-06,stale,2972,15,Flathead,Beaver Lake,official_fwp_fish_survey,"Montana Fish, Wildlife & Parks",True,,Official fish survey record for Beaver Lake,"Montana FWP's Fisheries Information System records a fish survey at Beaver Lake. Species recorded include Kokanee, Rainbow Trout, Yellow Perch. The survey records represented 111 fish across the latest grouped records.","Kokanee, Rainbow Trout, Yellow Perch",Official FWP fisheries survey; survey gear and methods vary by record.,,https://fwp-gis.mt.gov/arcgis/rest/services/fish/fishViewer/MapServer/51,
12f81bf71abc74155d,2017-09-14,stale,3237,12,Deer Lodge,Mudd Creek,official_fwp_fish_survey,"Montana Fish, Wildlife & Parks",True,,Official fish survey record for Mudd Creek,Montana FWP's Fisheries Information System records a fish survey at Mudd Creek. Species recorded include No Fish Caught. The survey records represented 1 fish across the latest grouped records.,No Fish Caught,Official FWP fisheries survey; survey gear and methods vary by record.,,https://fwp-gis.mt.gov/arcgis/rest/services/fish/fishViewer/MapServer/51,
81e7b2f5eb741bbd0f,2017-09-12,stale,3239,16,Gallatin,West fork Denny Creek RM 1.8 Unnamed trib,official_fwp_fish_survey,"Montana Fish, Wildlife & Parks",True,,Official fish survey record for West fork Denny Creek RM 1.8 Unnamed trib,Montana FWP's Fisheries Information System records a fish survey at West fork Denny Creek RM 1.8 Unnamed trib. Species recorded include Brook Trout. The survey records represented 5 fish across the latest grouped records.,Brook Trout,Official FWP fisheries survey; survey gear and methods vary by record.,,https://fwp-gis.mt.gov/arcgis/rest/services/fish/fishViewer/MapServer/51,
291e33a0a535532a96,2017-08-29,stale,3253,41,Ravalli,Tin Cup Creek,official_fwp_fish_survey,"Montana Fish, Wildlife & Parks",True,,Official fish survey record for Tin Cup Creek,"Montana FWP's Fisheries Information System records a fish survey at Tin Cup Creek. Species recorded include Brook Trout, Brown Trout, Longnose Dace, Rainbow Trout, Redside Shiner, Slimy Sculpin, Sucker, Westslope Cutthroat Trout. The survey records represented 109 fish across the latest grouped records.","Brook Trout, Brown Trout, Longnose Dace, Rainbow Trout, Redside Shiner, Slimy Sculpin, Sucker, Westslope Cutthroat Trout",Official FWP fisheries survey; survey gear and methods vary by record.,,https://fwp-gis.mt.gov/arcgis/rest/services/fish/fishViewer/MapServer/51,
ad3aa8cb284e9b5163,2017-08-22,stale,3260,8,Chouteau,Highwood Creek,official_fwp_fish_survey,"Montana Fish, Wildlife & Parks",True,,Official fish survey record for Highwood Creek,"Montana FWP's Fisheries Information System records a fish survey at Highwood Creek. Species recorded include Brook Trout, Brown Trout, Rainbow Trout, Westslope Cutthroat Trout. The survey records represented 210 fish across the latest grouped records.","Brook Trout, Brown Trout, Rainbow Trout, Westslope Cutthroat Trout",Official FWP fisheries survey; survey gear and methods vary by record.,,https://fwp-gis.mt.gov/arcgis/rest/services/fish/fishViewer/MapServer/51,
3f26318f9b5e3d5abb,2017-08-18,stale,3264,24,Lake,Horseshoe Lake,official_fwp_stocking_record,"Montana Fish, Wildlife & Parks",True,,Fish stocking record for Horseshoe Lake,"Montana FWP records a stocking event at Horseshoe Lake involving Smallmouth Bass and 3,500 fish. Stocking schedules and completed records can change; open the official source for details.",Smallmouth Bass,,,https://fwp-gis.mt.gov/arcgis/rest/services/fish/fishViewer/MapServer/38,
b1db79d27dc76c7e4f,2017-08-08,stale,3274,16,Gallatin,Lake Elsie,official_fwp_fish_survey,"Montana Fish, Wildlife & Parks",True,,Official fish survey record for Lake Elsie,Montana FWP's Fisheries Information System records a fish survey at Lake Elsie. Species recorded include Yellowstone Cutthroat Trout. The survey records represented 13 fish across the latest grouped records.,Yellowstone Cutthroat Trout,Official FWP fisheries survey; survey gear and methods vary by record.,,https://fwp-gis.mt.gov/arcgis/rest/services/fish/fishViewer/MapServer/51,
233172aff5180252e4,2017-08-07,stale,3275,16,Gallatin,Tepee Creek,official_fwp_fish_survey,"Montana Fish, Wildlife & Parks",True,,Official fish survey record for Tepee Creek,Montana FWP's Fisheries Information System records a fish survey at Tepee Creek. Species recorded include Westslope Cutthroat Trout. The survey records represented 42 fish across the latest grouped records.,Westslope Cutthroat Trout,Official FWP fisheries survey; survey gear and methods vary by record.,,https://fwp-gis.mt.gov/arcgis/rest/services/fish/fishViewer/MapServer/51,
8670458b8839c84153,2017-07-26,stale,3287,41,Ravalli,Gold Creek,official_fwp_fish_survey,"Montana Fish, Wildlife & Parks",True,,Official fish survey record for Gold Creek,"Montana FWP's Fisheries Information System records a fish survey at Gold Creek. Species recorded include Brook Trout, Brook X Bull Trout hybrid, Bull Trout, Westslope Cutthroat Trout. The survey records represented 79 fish across the latest grouped records.","Brook Trout, Brook X Bull Trout hybrid, Bull Trout, Westslope Cutthroat Trout",Official FWP fisheries survey; survey gear and methods vary by record.,,https://fwp-gis.mt.gov/arcgis/rest/services/fish/fishViewer/MapServer/51,
3cbc3808f22dec4222,2017-07-24,stale,3289,16,Gallatin,Lake Elsie,official_fwp_stocking_record,"Montana Fish, Wildlife & Parks",True,,Fish stocking record for Lake Elsie,Montana FWP records a stocking event at Lake Elsie involving Yellowstone Cutthroat Trout and 500 fish. Stocking schedules and completed records can change; open the official source for details.,Yellowstone Cutthroat Trout,,,https://fwp-gis.mt.gov/arcgis/rest/services/fish/fishViewer/MapServer/38,
a5faed995d612ba4c9,2017-07-20,stale,3293,16,Gallatin,Watkins Creek,official_fwp_fish_survey,"Montana Fish, Wildlife & Parks",True,,Official fish survey record for Watkins Creek,Montana FWP's Fisheries Information System records a fish survey at Watkins Creek. Species recorded include No Fish Caught. The survey records represented 1 fish across the latest grouped records.,No Fish Caught,Official FWP fisheries survey; survey gear and methods vary by record.,,https://fwp-gis.mt.gov/arcgis/rest/services/fish/fishViewer/MapServer/51,
eef3082b0f125fd8c6,2017-07-13,stale,3300,24,Lake,Swan River,official_fwp_fish_survey,"Montana Fish, Wildlife & Parks",True,,Official fish survey record for Swan River,"Montana FWP's Fisheries Information System records a fish survey at Swan River. Species recorded include Brook Trout, Bull Trout, Mountain Whitefish, Rainbow Trout, Westslope Cutthroat Trout. The survey records represented 100 fish across the latest grouped records.","Brook Trout, Bull Trout, Mountain Whitefish, Rainbow Trout, Westslope Cutthroat Trout",Official FWP fisheries survey; survey gear and methods vary by record.,,https://fwp-gis.mt.gov/arcgis/rest/services/fish/fishViewer/MapServer/51,
09fe04367c0c082062,2017-07-12,stale,3301,16,Gallatin,Twin Cabin Creek,official_fwp_fish_survey,"Montana Fish, Wildlife & Parks",True,,Official fish survey record for Twin Cabin Creek,Montana FWP's Fisheries Information System records a fish survey at Twin Cabin Creek. Species recorded include No Fish Caught. The survey records represented 1 fish across the latest grouped records.,No Fish Caught,Official FWP fisheries survey; survey gear and methods vary by record.,,https://fwp-gis.mt.gov/arcgis/rest/services/fish/fishViewer/MapServer/51,
87a095b2dc052a1b36,2017-07-11,stale,3302,16,Gallatin,Fox Creek,official_fwp_fish_survey,"Montana Fish, Wildlife & Parks",True,,Official fish survey record for Fox Creek,Montana FWP's Fisheries Information System records a fish survey at Fox Creek. Species recorded include No Fish Caught. The survey records represented 1 fish across the latest grouped records.,No Fish Caught,Official FWP fisheries survey; survey gear and methods vary by record.,,https://fwp-gis.mt.gov/arcgis/rest/services/fish/fishViewer/MapServer/51,
3f20453f38d4a590ab,2017-07-07,stale,3306,48,Stillwater,Meyers Creek,official_fwp_fish_survey,"Montana Fish, Wildlife & Parks",True,,Official fish survey record for Meyers Creek,Montana FWP's Fisheries Information System records a fish survey at Meyers Creek. Species recorded include No Fish Caught. The survey records represented 2 fish across the latest grouped records.,No Fish Caught,Official FWP fisheries survey; survey gear and methods vary by record.,,https://fwp-gis.mt.gov/arcgis/rest/services/fish/fishViewer/MapServer/51,
28507abb44e6239b79,2016-10-31,stale,3555,32,Missoula,Game Ridge Creek,official_fwp_fish_survey,"Montana Fish, Wildlife & Parks",True,,Official fish survey record for Game Ridge Creek,Montana FWP's Fisheries Information System records a fish survey at Game Ridge Creek. Species recorded include Westslope Cutthroat Trout. The survey records represented 19 fish across the latest grouped records.,Westslope Cutthroat Trout,Official FWP fisheries survey; survey gear and methods vary by record.,,https://fwp-gis.mt.gov/arcgis/rest/services/fish/fishViewer/MapServer/51,
f4d233c309a092c2f4,2016-10-18,stale,3568,16,Gallatin,Bear Creek,official_fwp_fish_survey,"Montana Fish, Wildlife & Parks",True,,Official fish survey record for Bear Creek,"Montana FWP's Fisheries Information System records a fish survey at Bear Creek. Species recorded include Brook Trout, Mottled Sculpin, Rainbow Trout, Rainbow X Cutthroat Trout. The survey records represented 104 fish across the latest grouped records.","Brook Trout, Mottled Sculpin, Rainbow Trout, Rainbow X Cutthroat Trout",Official FWP fisheries survey; survey gear and methods vary by record.,,https://fwp-gis.mt.gov/arcgis/rest/services/fish/fishViewer/MapServer/51,
1f58f4e2e08e3d8e66,2016-10-13,stale,3573,27,Lincoln,Howard Lake,official_fwp_stocking_record,"Montana Fish, Wildlife & Parks",True,,Fish stocking record for Howard Lake,"Montana FWP records a stocking event at Howard Lake involving Rainbow Trout and 1,175 fish. Stocking schedules and completed records can change; open the official source for details.",Rainbow Trout,,Snow Present in Campground,https://fwp-gis.mt.gov/arcgis/rest/services/fish/fishViewer/MapServer/38,
b06377feb4e1ed7b11,2016-09-27,stale,3589,16,Gallatin,Fairy Creek,official_fwp_fish_survey,"Montana Fish, Wildlife & Parks",True,,Official fish survey record for Fairy Creek,"Montana FWP's Fisheries Information System records a fish survey at Fairy Creek. Species recorded include No Fish Caught, Yellowstone Cutthroat Trout. The survey records represented 27 fish across the latest grouped records.","No Fish Caught, Yellowstone Cutthroat Trout",Official FWP fisheries survey; survey gear and methods vary by record.,,https://fwp-gis.mt.gov/arcgis/rest/services/fish/fishViewer/MapServer/51,
9a1c2afc84bff28326,2016-09-27,stale,3589,28,Madison,CHERRY CR TRIB22.8,official_fwp_fish_survey,"Montana Fish, Wildlife & Parks",True,,Official fish survey record for CHERRY CR TRIB22.8,Montana FWP's Fisheries Information System records a fish survey at CHERRY CR TRIB22.8. Species recorded include Westslope Cutthroat Trout. The survey records represented 76 fish across the latest grouped records.,Westslope Cutthroat Trout,Official FWP fisheries survey; survey gear and methods vary by record.,,https://fwp-gis.mt.gov/arcgis/rest/services/fish/fishViewer/MapServer/51,
df99deb196cfe0683f,2016-09-01,stale,3615,1,Beaverhead,Blacktail Meadows Kids Pond,official_fwp_fish_survey,"Montana Fish, Wildlife & Parks",True,,Official fish survey record for Blacktail Meadows Kids Pond,"Montana FWP's Fisheries Information System records a fish survey at Blacktail Meadows Kids Pond. Species recorded include Rainbow Trout, White Sucker. The survey records represented 95 fish across the latest grouped records.","Rainbow Trout, White Sucker",Official FWP fisheries survey; survey gear and methods vary by record.,,https://fwp-gis.mt.gov/arcgis/rest/services/fish/fishViewer/MapServer/51,
754cc90bc3f8c261df,2016-08-31,stale,3616,41,Ravalli,Orphan Creek,official_fwp_fish_survey,"Montana Fish, Wildlife & Parks",True,,Official fish survey record for Orphan Creek,"Montana FWP's Fisheries Information System records a fish survey at Orphan Creek. Species recorded include Bull Trout, Westslope Cutthroat Trout. The survey records represented 52 fish across the latest grouped records.","Bull Trout, Westslope Cutthroat Trout",Official FWP fisheries survey; survey gear and methods vary by record.,,https://fwp-gis.mt.gov/arcgis/rest/services/fish/fishViewer/MapServer/51,
46d8dac907eea25707,2016-08-25,stale,3622,39,Powell,Braziel Creek,official_fwp_fish_survey,"Montana Fish, Wildlife & Parks",True,,Official fish survey record for Braziel Creek,"Montana FWP's Fisheries Information System records a fish survey at Braziel Creek. Species recorded include Brook Trout, Cutthroat Trout. The survey records represented 17 fish across the latest grouped records.","Brook Trout, Cutthroat Trout",Official FWP fisheries survey; survey gear and methods vary by record.,,https://fwp-gis.mt.gov/arcgis/rest/services/fish/fishViewer/MapServer/51,
0f7bf749c2f5e67a4c,2016-08-24,stale,3623,34,Park,DePuy Spring Creek,official_fwp_fish_survey,"Montana Fish, Wildlife & Parks",True,,Official fish survey record for DePuy Spring Creek,"Montana FWP's Fisheries Information System records a fish survey at DePuy Spring Creek. Species recorded include Brown Trout, Rainbow Trout. The survey records represented 20 fish across the latest grouped records.","Brown Trout, Rainbow Trout",Official FWP fisheries survey; survey gear and methods vary by record.,,https://fwp-gis.mt.gov/arcgis/rest/services/fish/fishViewer/MapServer/51,
9e59a72274943d4593,2016-08-12,stale,3635,34,Park,Rock Creek,official_fwp_fish_survey,"Montana Fish, Wildlife & Parks",True,,Official fish survey record for Rock Creek,Montana FWP's Fisheries Information System records a fish survey at Rock Creek. Species recorded include Yellowstone Cutthroat Trout. The survey records represented 2 fish across the latest grouped records.,Yellowstone Cutthroat Trout,Official FWP fisheries survey; survey gear and methods vary by record.,,https://fwp-gis.mt.gov/arcgis/rest/services/fish/fishViewer/MapServer/51,
fb3e106fc0f5c0ef5e,2016-08-03,stale,3644,27,Lincoln,Dunn Creek,official_fwp_fish_survey,"Montana Fish, Wildlife & Parks",True,,Official fish survey record for Dunn Creek,Montana FWP's Fisheries Information System records a fish survey at Dunn Creek. Species recorded include Rainbow Trout. The survey records represented 87 fish across the latest grouped records.,Rainbow Trout,Official FWP fisheries survey; survey gear and methods vary by record.,,https://fwp-gis.mt.gov/arcgis/rest/services/fish/fishViewer/MapServer/51,
a3d40fe177e9982342,2016-07-27,stale,3651,1,Beaverhead,Deerhead Lake,official_fwp_stocking_record,"Montana Fish, Wildlife & Parks",True,,Fish stocking record for Deerhead Lake,"Montana FWP records a stocking event at Deerhead Lake involving Westslope Cutthroat Trout and 1,000 fish. Stocking schedules and completed records can change; open the official source for details.",Westslope Cutthroat Trout,,,https://fwp-gis.mt.gov/arcgis/rest/services/fish/fishViewer/MapServer/38,
56f1af1af371399c2a,2016-07-25,stale,3653,15,Flathead,Moccasin Creek,official_fwp_fish_survey,"Montana Fish, Wildlife & Parks",True,,Official fish survey record for Moccasin Creek,Montana FWP's Fisheries Information System records a fish survey at Moccasin Creek. Species recorded include Westslope X Rainbow. The survey records represented 1 fish across the latest grouped records.,Westslope X Rainbow,Official FWP fisheries survey; survey gear and methods vary by record.,,https://fwp-gis.mt.gov/arcgis/rest/services/fish/fishViewer/MapServer/51,
c17ad6ffca5d18dc58,2016-07-18,stale,3660,15,Flathead,Yakinikak Creek,official_fwp_fish_survey,"Montana Fish, Wildlife & Parks",True,,Official fish survey record for Yakinikak Creek,Montana FWP's Fisheries Information System records a fish survey at Yakinikak Creek. Species recorded include Westslope X Rainbow. The survey records represented 6 fish across the latest grouped records.,Westslope X Rainbow,Official FWP fisheries survey; survey gear and methods vary by record.,,https://fwp-gis.mt.gov/arcgis/rest/services/fish/fishViewer/MapServer/51,
6164d0a90fdf66d013,2016-07-12,stale,3666,11,Dawson,Morgan Creek,official_fwp_fish_survey,"Montana Fish, Wildlife & Parks",True,,Official fish survey record for Morgan Creek,"Montana FWP's Fisheries Information System records a fish survey at Morgan Creek. Species recorded include Creek Chub, Longnose Dace, Northern Redbelly Dace. The survey records represented 142 fish across the latest grouped records.","Creek Chub, Longnose Dace, Northern Redbelly Dace",Official FWP fisheries survey; survey gear and methods vary by record.,,https://fwp-gis.mt.gov/arcgis/rest/services/fish/fishViewer/MapServer/51,
74f6fe369903f146a5,2016-07-11,stale,3667,16,Gallatin,Lick Creek,official_fwp_fish_survey,"Montana Fish, Wildlife & Parks",True,,Official fish survey record for Lick Creek,"Montana FWP's Fisheries Information System records a fish survey at Lick Creek. Species recorded include Brook Trout, Rainbow Trout, Westslope Cutthroat Trout. The survey records represented 98 fish across the latest grouped records.","Brook Trout, Rainbow Trout, Westslope Cutthroat Trout",Official FWP fisheries survey; survey gear and methods vary by record.,,https://fwp-gis.mt.gov/arcgis/rest/services/fish/fishViewer/MapServer/51,
c7d76a993b08de586e,2016-06-29,stale,3679,47,Silver Bow,Unnamed Tributary to Blacktail Creek near RM 9.3,official_fwp_fish_survey,"Montana Fish, Wildlife & Parks",True,,Official fish survey record for Unnamed Tributary to Blacktail Creek near RM 9.3,"Montana FWP's Fisheries Information System records a fish survey at Unnamed Tributary to Blacktail Creek near RM 9.3. Species recorded include Brook Trout, Westslope Cutthroat Trout. The survey records represented 4 fish across the latest grouped records.","Brook Trout, Westslope Cutthroat Trout",Official FWP fisheries survey; survey gear and methods vary by record.,,https://fwp-gis.mt.gov/arcgis/rest/services/fish/fishViewer/MapServer/51,
599f2e686576c23073,2016-06-29,stale,3679,26,Liberty,Marias River,official_fwp_fish_survey,"Montana Fish, Wildlife & Parks",True,,Official fish survey record for Marias River,"Montana FWP's Fisheries Information System records a fish survey at Marias River. Species recorded include Brown Trout, Mountain Whitefish, Rainbow Trout, Walleye. The survey records represented 96 fish across the latest grouped records.","Brown Trout, Mountain Whitefish, Rainbow Trout, Walleye",Official FWP fisheries survey; survey gear and methods vary by record.,,https://fwp-gis.mt.gov/arcgis/rest/services/fish/fishViewer/MapServer/51,
37f6f865fce2ef42a1,2016-06-14,stale,3694,1,Beaverhead,Lost Creek,official_fwp_fish_survey,"Montana Fish, Wildlife & Parks",True,,Official fish survey record for Lost Creek,Montana FWP's Fisheries Information System records a fish survey at Lost Creek. Species recorded include Westslope Cutthroat Trout. The survey records represented 2 fish across the latest grouped records.,Westslope Cutthroat Trout,Official FWP fisheries survey; survey gear and methods vary by record.,,https://fwp-gis.mt.gov/arcgis/rest/services/fish/fishViewer/MapServer/51,
78012ac4b88dd9a172,2016-06-02,stale,3706,5,Carbon,"Willow Cr, Palisade Fk",official_fwp_fish_survey,"Montana Fish, Wildlife & Parks",True,,"Official fish survey record for Willow Cr, Palisade Fk","Montana FWP's Fisheries Information System records a fish survey at Willow Cr, Palisade Fk. Species recorded include Brook Trout, Brown Trout. The survey records represented 48 fish across the latest grouped records.","Brook Trout, Brown Trout",Official FWP fisheries survey; survey gear and methods vary by record.,,https://fwp-gis.mt.gov/arcgis/rest/services/fish/fishViewer/MapServer/51,
2ef02835019f026d6a,2016-05-17,stale,3722,28,Madison,Axolotl Lake,official_fwp_fish_survey,"Montana Fish, Wildlife & Parks",True,,Official fish survey record for Axolotl Lake,Montana FWP's Fisheries Information System records a fish survey at Axolotl Lake. Species recorded include Arctic Grayling. The survey records represented 178 fish across the latest grouped records.,Arctic Grayling,Official FWP fisheries survey; survey gear and methods vary by record.,,https://fwp-gis.mt.gov/arcgis/rest/services/fish/fishViewer/MapServer/51,
50b6ad663c1da699c8,2016-04-01,stale,3768,31,Mineral,Fish Creek,official_fwp_fish_survey,"Montana Fish, Wildlife & Parks",True,,Official fish survey record for Fish Creek,Montana FWP's Fisheries Information System records a fish survey at Fish Creek. Species recorded include Sculpin. The survey records represented 19 fish across the latest grouped records.,Sculpin,Official FWP fisheries survey; survey gear and methods vary by record.,,https://fwp-gis.mt.gov/arcgis/rest/services/fish/fishViewer/MapServer/51,
ac4b8dd460e18c1c65,2015-10-09,stale,3943,16,Gallatin,Spanish Creek,official_fwp_fish_survey,"Montana Fish, Wildlife & Parks",True,,Official fish survey record for Spanish Creek,"Montana FWP's Fisheries Information System records a fish survey at Spanish Creek. Species recorded include Brook Trout, Brown Trout, Rainbow Trout. The survey records represented 78 fish across the latest grouped records.","Brook Trout, Brown Trout, Rainbow Trout",Official FWP fisheries survey; survey gear and methods vary by record.,,https://fwp-gis.mt.gov/arcgis/rest/services/fish/fishViewer/MapServer/51,
471856bdf396e2cf28,2015-09-24,stale,3958,28,Madison,CHERRY CR TRIB21.9,official_fwp_fish_survey,"Montana Fish, Wildlife & Parks",True,,Official fish survey record for CHERRY CR TRIB21.9,Montana FWP's Fisheries Information System records a fish survey at CHERRY CR TRIB21.9. Species recorded include Westslope Cutthroat Trout. The survey records represented 87 fish across the latest grouped records.,Westslope Cutthroat Trout,Official FWP fisheries survey; survey gear and methods vary by record.,,https://fwp-gis.mt.gov/arcgis/rest/services/fish/fishViewer/MapServer/51,
994f4bccba1744e4ee,2015-09-08,stale,3974,34,Park,Bassett Creek,official_fwp_fish_survey,"Montana Fish, Wildlife & Parks",True,,Official fish survey record for Bassett Creek,Montana FWP's Fisheries Information System records a fish survey at Bassett Creek. Species recorded include Brook Trout. The survey records represented 47 fish across the latest grouped records.,Brook Trout,Official FWP fisheries survey; survey gear and methods vary by record.,,https://fwp-gis.mt.gov/arcgis/rest/services/fish/fishViewer/MapServer/51,
f4d713c517a9a980f5,2015-09-01,stale,3981,25,Lewis and Clark,Magpie Creek,official_fwp_fish_survey,"Montana Fish, Wildlife & Parks",True,,Official fish survey record for Magpie Creek,"Montana FWP's Fisheries Information System records a fish survey at Magpie Creek. Species recorded include Brook Trout, Rainbow Trout. The survey records represented 375 fish across the latest grouped records.","Brook Trout, Rainbow Trout",Official FWP fisheries survey; survey gear and methods vary by record.,,https://fwp-gis.mt.gov/arcgis/rest/services/fish/fishViewer/MapServer/51,
a67fd974157617dbd2,2015-08-18,stale,3995,56,Yellowstone,Audubon Center Pond 2,official_fwp_stocking_record,"Montana Fish, Wildlife & Parks",True,,Fish stocking record for Audubon Center Pond 2,Montana FWP records a stocking event at Audubon Center Pond 2 involving Largemouth Bass and 500 fish. Stocking schedules and completed records can change; open the official source for details.,Largemouth Bass,,,https://fwp-gis.mt.gov/arcgis/rest/services/fish/fishViewer/MapServer/38,
adf15a1a6c6ddd934a,2015-08-05,stale,4008,16,Gallatin,Burnt Creek,official_fwp_fish_survey,"Montana Fish, Wildlife & Parks",True,,Official fish survey record for Burnt Creek,Montana FWP's Fisheries Information System records a fish survey at Burnt Creek. Species recorded include Rainbow Trout. The survey records represented 68 fish across the latest grouped records.,Rainbow Trout,Official FWP fisheries survey; survey gear and methods vary by record.,,https://fwp-gis.mt.gov/arcgis/rest/services/fish/fishViewer/MapServer/51,
8285f92955de445ea6,2015-07-30,stale,4014,20,Granite,Emerine Lake,official_fwp_stocking_record,"Montana Fish, Wildlife & Parks",True,,Fish stocking record for Emerine Lake,Montana FWP records a stocking event at Emerine Lake involving Westslope Cutthroat Trout and 300 fish. Stocking schedules and completed records can change; open the official source for details.,Westslope Cutthroat Trout,,Anaconda,https://fwp-gis.mt.gov/arcgis/rest/services/fish/fishViewer/MapServer/38,
37e203e310c904c98c,2015-07-28,stale,4016,41,Ravalli,Sweeney Creek,official_fwp_fish_survey,"Montana Fish, Wildlife & Parks",True,,Official fish survey record for Sweeney Creek,"Montana FWP's Fisheries Information System records a fish survey at Sweeney Creek. Species recorded include Brook Trout, Rainbow Trout, Slimy Sculpin. The survey records represented 19 fish across the latest grouped records.","Brook Trout, Rainbow Trout, Slimy Sculpin",Official FWP fisheries survey; survey gear and methods vary by record.,,https://fwp-gis.mt.gov/arcgis/rest/services/fish/fishViewer/MapServer/51,
9bce67c917061a96cc,2015-07-22,stale,4022,32,Missoula,Petty Creek,official_fwp_fish_survey,"Montana Fish, Wildlife & Parks",True,,Official fish survey record for Petty Creek,Montana FWP's Fisheries Information System records a fish survey at Petty Creek. Species recorded include Rainbow Trout. The survey records represented 8 fish across the latest grouped records.,Rainbow Trout,Official FWP fisheries survey; survey gear and methods vary by record.,,https://fwp-gis.mt.gov/arcgis/rest/services/fish/fishViewer/MapServer/51,
0058e9c4e216acd142,2015-07-15,stale,4029,36,Phillips,Wrangler Reservoir,official_fwp_fish_survey,"Montana Fish, Wildlife & Parks",True,,Official fish survey record for Wrangler Reservoir,Montana FWP's Fisheries Information System records a fish survey at Wrangler Reservoir. Species recorded include Rainbow Trout. The survey records represented 35 fish across the latest grouped records.,Rainbow Trout,Official FWP fisheries survey; survey gear and methods vary by record.,,https://fwp-gis.mt.gov/arcgis/rest/services/fish/fishViewer/MapServer/51,
3d2db82213dd9c698e,2015-07-15,stale,4029,36,Phillips,Pr 020 Reservoir,official_fwp_fish_survey,"Montana Fish, Wildlife & Parks",True,,Official fish survey record for Pr 020 Reservoir,"Montana FWP's Fisheries Information System records a fish survey at Pr 020 Reservoir. Species recorded include Largemouth Bass, No Fish Caught. The survey records represented 15 fish across the latest grouped records.","Largemouth Bass, No Fish Caught",Official FWP fisheries survey; survey gear and methods vary by record.,,https://fwp-gis.mt.gov/arcgis/rest/services/fish/fishViewer/MapServer/51,
02da6d1c9c59b7978b,2015-06-28,stale,4046,35,Petroleum,Drag Creek Reservoir,official_fwp_fish_survey,"Montana Fish, Wildlife & Parks",True,,Official fish survey record for Drag Creek Reservoir,"Montana FWP's Fisheries Information System records a fish survey at Drag Creek Reservoir. Species recorded include Bluegill, Largemouth Bass. The survey records represented 78 fish across the latest grouped records.","Bluegill, Largemouth Bass",Official FWP fisheries survey; survey gear and methods vary by record.,,https://fwp-gis.mt.gov/arcgis/rest/services/fish/fishViewer/MapServer/51,
10238cd9fcd4ef0f23,2015-06-16,stale,4058,3,Blaine,Don Reservoir,official_fwp_fish_survey,"Montana Fish, Wildlife & Parks",True,,Official fish survey record for Don Reservoir,Montana FWP's Fisheries Information System records a fish survey at Don Reservoir. Species recorded include Bluegill. The survey records represented 157 fish across the latest grouped records.,Bluegill,Official FWP fisheries survey; survey gear and methods vary by record.,,https://fwp-gis.mt.gov/arcgis/rest/services/fish/fishViewer/MapServer/51,
73385001cd170a6d85,2015-06-10,stale,4064,27,Lincoln,Kilbrennan Lake,official_fwp_stocking_record,"Montana Fish, Wildlife & Parks",True,,Fish stocking record for Kilbrennan Lake,"Montana FWP records a stocking event at Kilbrennan Lake involving Rainbow Trout and 3,046 fish. Stocking schedules and completed records can change; open the official source for details.",Rainbow Trout,,,https://fwp-gis.mt.gov/arcgis/rest/services/fish/fishViewer/MapServer/38,
32bcac586de1a6dac9,2015-06-01,stale,4073,16,Gallatin,Johnson Lake,official_fwp_fish_survey,"Montana Fish, Wildlife & Parks",True,,Official fish survey record for Johnson Lake,Montana FWP's Fisheries Information System records a fish survey at Johnson Lake. Species recorded include No Fish Caught. The survey records represented 1 fish across the latest grouped records.,No Fish Caught,Official FWP fisheries survey; survey gear and methods vary by record.,,https://fwp-gis.mt.gov/arcgis/rest/services/fish/fishViewer/MapServer/51,
d501d22a0a3fb19b89,2015-05-06,stale,4099,27,Lincoln,Island Lake,official_fwp_fish_survey,"Montana Fish, Wildlife & Parks",True,,Official fish survey record for Island Lake,"Montana FWP's Fisheries Information System records a fish survey at Island Lake. Species recorded include Largemouth Bass, Northern Pike, Pumpkinseed, Yellow Perch. The survey records represented 240 fish across the latest grouped records.","Largemouth Bass, Northern Pike, Pumpkinseed, Yellow Perch",Official FWP fisheries survey; survey gear and methods vary by record.,,https://fwp-gis.mt.gov/arcgis/rest/services/fish/fishViewer/MapServer/51,
db504ebca2b17d172f,2014-09-25,stale,4322,30,Meagher,South Fork Musselshell River,official_fwp_fish_survey,"Montana Fish, Wildlife & Parks",True,,Official fish survey record for South Fork Musselshell River,"Montana FWP's Fisheries Information System records a fish survey at South Fork Musselshell River. Species recorded include Brown Trout, Mountain Whitefish. The survey records represented 110 fish across the latest grouped records.","Brown Trout, Mountain Whitefish",Official FWP fisheries survey; survey gear and methods vary by record.,,https://fwp-gis.mt.gov/arcgis/rest/services/fish/fishViewer/MapServer/51,
a3969213a574237c68,2014-08-20,stale,4358,41,Ravalli,East Fork Camp Creek,official_fwp_fish_survey,"Montana Fish, Wildlife & Parks",True,,Official fish survey record for East Fork Camp Creek,"Montana FWP's Fisheries Information System records a fish survey at East Fork Camp Creek. Species recorded include Brook Trout, Slimy Sculpin, Westslope Cutthroat Trout. The survey records represented 74 fish across the latest grouped records.","Brook Trout, Slimy Sculpin, Westslope Cutthroat Trout",Official FWP fisheries survey; survey gear and methods vary by record.,,https://fwp-gis.mt.gov/arcgis/rest/services/fish/fishViewer/MapServer/51,
23a5eafcf39e8a935b,2014-08-19,stale,4359,49,Sweet Grass,Davis Gulch,official_fwp_fish_survey,"Montana Fish, Wildlife & Parks",True,,Official fish survey record for Davis Gulch,Montana FWP's Fisheries Information System records a fish survey at Davis Gulch. Species recorded include Yellowstone Cutthroat Trout. The survey records represented 35 fish across the latest grouped records.,Yellowstone Cutthroat Trout,Official FWP fisheries survey; survey gear and methods vary by record.,,https://fwp-gis.mt.gov/arcgis/rest/services/fish/fishViewer/MapServer/51,
5fc76a8907a11cd5fb,2014-08-18,stale,4360,41,Ravalli,Trapper Creek,official_fwp_fish_survey,"Montana Fish, Wildlife & Parks",True,,Official fish survey record for Trapper Creek,"Montana FWP's Fisheries Information System records a fish survey at Trapper Creek. Species recorded include Brook Trout, Longnose Dace, Slimy Sculpin, Trout, Westslope Cutthroat Trout. The survey records represented 31 fish across the latest grouped records.","Brook Trout, Longnose Dace, Slimy Sculpin, Trout, Westslope Cutthroat Trout",Official FWP fisheries survey; survey gear and methods vary by record.,,https://fwp-gis.mt.gov/arcgis/rest/services/fish/fishViewer/MapServer/51,
7bd0cd8b10696a19d8,2014-08-15,stale,4363,41,Ravalli,Bass Creek,official_fwp_fish_survey,"Montana Fish, Wildlife & Parks",True,,Official fish survey record for Bass Creek,"Montana FWP's Fisheries Information System records a fish survey at Bass Creek. Species recorded include Sculpin, Slimy Sculpin. The survey records represented 11 fish across the latest grouped records.","Sculpin, Slimy Sculpin",Official FWP fisheries survey; survey gear and methods vary by record.,,https://fwp-gis.mt.gov/arcgis/rest/services/fish/fishViewer/MapServer/51,
282de56193b1b76fc2,2014-08-08,stale,4370,41,Ravalli,Rock Creek,official_fwp_fish_survey,"Montana Fish, Wildlife & Parks",True,,Official fish survey record for Rock Creek,"Montana FWP's Fisheries Information System records a fish survey at Rock Creek. Species recorded include Brook Trout, Brown Trout, Longnose Dace, Rainbow Trout, Slimy Sculpin, Westslope Cutthroat Trout. The survey records represented 96 fish across the latest grouped records.","Brook Trout, Brown Trout, Longnose Dace, Rainbow Trout, Slimy Sculpin, Westslope Cutthroat Trout",Official FWP fisheries survey; survey gear and methods vary by record.,,https://fwp-gis.mt.gov/arcgis/rest/services/fish/fishViewer/MapServer/51,
b5c21c9761f645fe3b,2014-08-06,stale,4372,32,Missoula,Swartz Creek,official_fwp_fish_survey,"Montana Fish, Wildlife & Parks",True,,Official fish survey record for Swartz Creek,"Montana FWP's Fisheries Information System records a fish survey at Swartz Creek. Species recorded include Rocky Mountain Sculpin, Sculpin, Slimy Sculpin. The survey records represented 113 fish across the latest grouped records.","Rocky Mountain Sculpin, Sculpin, Slimy Sculpin",Official FWP fisheries survey; survey gear and methods vary by record.,,https://fwp-gis.mt.gov/arcgis/rest/services/fish/fishViewer/MapServer/51,
220cf73a64d10c7b2c,2014-07-31,stale,4378,41,Ravalli,Swift Creek,official_fwp_fish_survey,"Montana Fish, Wildlife & Parks",True,,Official fish survey record for Swift Creek,"Montana FWP's Fisheries Information System records a fish survey at Swift Creek. Species recorded include Bull Trout, Westslope Cutthroat Trout. The survey records represented 45 fish across the latest grouped records.","Bull Trout, Westslope Cutthroat Trout",Official FWP fisheries survey; survey gear and methods vary by record.,,https://fwp-gis.mt.gov/arcgis/rest/services/fish/fishViewer/MapServer/51,
00e186d4c83735293b,2014-07-31,stale,4378,16,Gallatin,Fairy Lake,official_fwp_fish_survey,"Montana Fish, Wildlife & Parks",True,,Official fish survey record for Fairy Lake,Montana FWP's Fisheries Information System records a fish survey at Fairy Lake. Species recorded include No Fish Caught. The survey records represented 1 fish across the latest grouped records.,No Fish Caught,Official FWP fisheries survey; survey gear and methods vary by record.,,https://fwp-gis.mt.gov/arcgis/rest/services/fish/fishViewer/MapServer/51,
0efe14954a23e12bbd,2014-07-23,stale,4386,3,Blaine,Gazob Reservoir,official_fwp_fish_survey,"Montana Fish, Wildlife & Parks",True,,Official fish survey record for Gazob Reservoir,"Montana FWP's Fisheries Information System records a fish survey at Gazob Reservoir. Species recorded include Bluegill, Golden Shiner, Largemouth Bass. The survey records represented 28 fish across the latest grouped records.","Bluegill, Golden Shiner, Largemouth Bass",Official FWP fisheries survey; survey gear and methods vary by record.,,https://fwp-gis.mt.gov/arcgis/rest/services/fish/fishViewer/MapServer/51,
2e3e6c1505120495a3,2014-07-19,stale,4390,41,Ravalli,Tag Alder Creek,official_fwp_fish_survey,"Montana Fish, Wildlife & Parks",True,,Official fish survey record for Tag Alder Creek,Montana FWP's Fisheries Information System records a fish survey at Tag Alder Creek. Species recorded include Westslope Cutthroat Trout. The survey records represented 17 fish across the latest grouped records.,Westslope Cutthroat Trout,Official FWP fisheries survey; survey gear and methods vary by record.,,https://fwp-gis.mt.gov/arcgis/rest/services/fish/fishViewer/MapServer/51,
0d195a8ba626bceaad,2014-07-14,stale,4395,9,Custer,Dean Reservoir,official_fwp_fish_survey,"Montana Fish, Wildlife & Parks",True,,Official fish survey record for Dean Reservoir,Montana FWP's Fisheries Information System records a fish survey at Dean Reservoir. Species recorded include Rainbow Trout. The survey records represented 17 fish across the latest grouped records.,Rainbow Trout,Official FWP fisheries survey; survey gear and methods vary by record.,,https://fwp-gis.mt.gov/arcgis/rest/services/fish/fishViewer/MapServer/51,
35855e5be2934aecb0,2014-07-07,stale,4402,41,Ravalli,Smoke Creek,official_fwp_fish_survey,"Montana Fish, Wildlife & Parks",True,,Official fish survey record for Smoke Creek,Montana FWP's Fisheries Information System records a fish survey at Smoke Creek. Species recorded include Westslope Cutthroat Trout. The survey records represented 47 fish across the latest grouped records.,Westslope Cutthroat Trout,Official FWP fisheries survey; survey gear and methods vary by record.,,https://fwp-gis.mt.gov/arcgis/rest/services/fish/fishViewer/MapServer/51,
2559811b96500ea9a9,2014-07-07,stale,4402,41,Ravalli,Crazy Creek,official_fwp_fish_survey,"Montana Fish, Wildlife & Parks",True,,Official fish survey record for Crazy Creek,Montana FWP's Fisheries Information System records a fish survey at Crazy Creek. Species recorded include Westslope Cutthroat Trout. The survey records represented 6 fish across the latest grouped records.,Westslope Cutthroat Trout,Official FWP fisheries survey; survey gear and methods vary by record.,,https://fwp-gis.mt.gov/arcgis/rest/services/fish/fishViewer/MapServer/51,
35937fcef213d1058d,2014-05-21,stale,4449,15,Flathead,McWenneger Slough,official_fwp_fish_survey,"Montana Fish, Wildlife & Parks",True,,Official fish survey record for McWenneger Slough,"Montana FWP's Fisheries Information System records a fish survey at McWenneger Slough. Species recorded include Black Bullhead, Northern Pike, Yellow Perch. The survey records represented 9 fish across the latest grouped records.","Black Bullhead, Northern Pike, Yellow Perch",Official FWP fisheries survey; survey gear and methods vary by record.,,https://fwp-gis.mt.gov/arcgis/rest/services/fish/fishViewer/MapServer/51,
7c572f957ea24c29fb,2014-05-20,stale,4450,53,Valley,Milk River,official_fwp_stocking_record,"Montana Fish, Wildlife & Parks",True,,Fish stocking record for Milk River,"Montana FWP records a stocking event at Milk River involving Rainbow Trout and 2,534 fish. Stocking schedules and completed records can change; open the official source for details.",Rainbow Trout,,,https://fwp-gis.mt.gov/arcgis/rest/services/fish/fishViewer/MapServer/38,
85fd38fff39553d89b,2013-10-03,stale,4679,22,Jefferson,Piedmont Pond,official_fwp_stocking_record,"Montana Fish, Wildlife & Parks",True,,Fish stocking record for Piedmont Pond,Montana FWP records a stocking event at Piedmont Pond involving Westslope Cutthroat Trout and 500 fish. Stocking schedules and completed records can change; open the official source for details.,Westslope Cutthroat Trout,,,https://fwp-gis.mt.gov/arcgis/rest/services/fish/fishViewer/MapServer/38,
23cf9baff081a4fa85,2013-08-28,stale,4715,41,Ravalli,Kootenai Creek,official_fwp_fish_survey,"Montana Fish, Wildlife & Parks",True,,Official fish survey record for Kootenai Creek,"Montana FWP's Fisheries Information System records a fish survey at Kootenai Creek. Species recorded include Brook Trout, Brown Trout, Bull Trout, Longnose Dace, Mountain Whitefish, Northern Pike Minnow, Rainbow Trout, Redside Shiner, Slimy Sculpin, Trout, Westslope Cutthroat Trout. The survey records represented 311 fish across the latest grouped records.","Brook Trout, Brown Trout, Bull Trout, Longnose Dace, Mountain Whitefish, Northern Pike Minnow, Rainbow Trout, Redside Shiner, Slimy Sculpin, Trout, Westslope Cutthroat Trout",Official FWP fisheries survey; survey gear and methods vary by record.,,https://fwp-gis.mt.gov/arcgis/rest/services/fish/fishViewer/MapServer/51,
a82ad32c8e645d52f7,2013-08-22,stale,4721,41,Ravalli,Mill Creek,official_fwp_fish_survey,"Montana Fish, Wildlife & Parks",True,,Official fish survey record for Mill Creek,"Montana FWP's Fisheries Information System records a fish survey at Mill Creek. Species recorded include Brown Trout, Bull Trout, Longnose Dace, Rainbow Trout, Slimy Sculpin, Sucker, Westslope Cutthroat Trout. The survey records represented 94 fish across the latest grouped records.","Brown Trout, Bull Trout, Longnose Dace, Rainbow Trout, Slimy Sculpin, Sucker, Westslope Cutthroat Trout",Official FWP fisheries survey; survey gear and methods vary by record.,,https://fwp-gis.mt.gov/arcgis/rest/services/fish/fishViewer/MapServer/51,
62d15ca9ecd413f037,2013-08-08,stale,4735,41,Ravalli,Canyon Creek,official_fwp_fish_survey,"Montana Fish, Wildlife & Parks",True,,Official fish survey record for Canyon Creek,"Montana FWP's Fisheries Information System records a fish survey at Canyon Creek. Species recorded include Brook Trout, Rainbow Trout, Trout, Westslope Cutthroat Trout. The survey records represented 25 fish across the latest grouped records.","Brook Trout, Rainbow Trout, Trout, Westslope Cutthroat Trout",Official FWP fisheries survey; survey gear and methods vary by record.,,https://fwp-gis.mt.gov/arcgis/rest/services/fish/fishViewer/MapServer/51,
fdf23c56584929c8b8,2013-07-19,stale,4755,15,Flathead,Twin Creek,official_fwp_fish_survey,"Montana Fish, Wildlife & Parks",True,,Official fish survey record for Twin Creek,"Montana FWP's Fisheries Information System records a fish survey at Twin Creek. Species recorded include Brook Trout, Westslope Cutthroat Trout. The survey records represented 23 fish across the latest grouped records.","Brook Trout, Westslope Cutthroat Trout",Official FWP fisheries survey; survey gear and methods vary by record.,,https://fwp-gis.mt.gov/arcgis/rest/services/fish/fishViewer/MapServer/51,
17226f8a24dd5e40c2,2013-07-19,stale,4755,41,Ravalli,Needle Creek,official_fwp_fish_survey,"Montana Fish, Wildlife & Parks",True,,Official fish survey record for Needle Creek,"Montana FWP's Fisheries Information System records a fish survey at Needle Creek. Species recorded include Bull Trout, Westslope Cutthroat Trout. The survey records represented 108 fish across the latest grouped records.","Bull Trout, Westslope Cutthroat Trout",Official FWP fisheries survey; survey gear and methods vary by record.,,https://fwp-gis.mt.gov/arcgis/rest/services/fish/fishViewer/MapServer/51,
155e1d1d5e4a53f9fb,2013-07-12,stale,4762,34,Park,Magee Creek,official_fwp_fish_survey,"Montana Fish, Wildlife & Parks",True,,Official fish survey record for Magee Creek,Montana FWP's Fisheries Information System records a fish survey at Magee Creek. Species recorded include Yellowstone Cutthroat Trout. The survey records represented 28 fish across the latest grouped records.,Yellowstone Cutthroat Trout,Official FWP fisheries survey; survey gear and methods vary by record.,,https://fwp-gis.mt.gov/arcgis/rest/services/fish/fishViewer/MapServer/51,
8706eae46a81b35f7b,2013-07-12,stale,4762,32,Missoula,"Beaver Creek, Trib 3",official_fwp_fish_survey,"Montana Fish, Wildlife & Parks",True,,"Official fish survey record for Beaver Creek, Trib 3","Montana FWP's Fisheries Information System records a fish survey at Beaver Creek, Trib 3. Species recorded include Brook Stickleback, Central Mud Minnow. The survey records represented 580 fish across the latest grouped records.","Brook Stickleback, Central Mud Minnow",Official FWP fisheries survey; survey gear and methods vary by record.,,https://fwp-gis.mt.gov/arcgis/rest/services/fish/fishViewer/MapServer/51,
3f44fed8c9004aff8b,2013-06-25,stale,4779,45,Sanders,.,official_fwp_fish_survey,"Montana Fish, Wildlife & Parks",True,,Official fish survey record for .,Montana FWP's Fisheries Information System records a fish survey at .. Species recorded include No Fish Caught. The survey records represented 1 fish across the latest grouped records.,No Fish Caught,Official FWP fisheries survey; survey gear and methods vary by record.,,https://fwp-gis.mt.gov/arcgis/rest/services/fish/fishViewer/MapServer/51,
1e6c8745519ae8c58c,2013-05-29,stale,4806,15,Flathead,Gooderich Bayou,official_fwp_stocking_record,"Montana Fish, Wildlife & Parks",True,,Fish stocking record for Gooderich Bayou,Montana FWP records a stocking event at Gooderich Bayou involving Westslope Cutthroat Trout and 252 fish. Stocking schedules and completed records can change; open the official source for details.,Westslope Cutthroat Trout,,P7. Tubed fish from truck.,https://fwp-gis.mt.gov/arcgis/rest/services/fish/fishViewer/MapServer/38,
ee4db6a30109e2c50c,2012-10-22,stale,5025,15,Flathead,Bigfork Canal,official_fwp_fish_survey,"Montana Fish, Wildlife & Parks",True,,Official fish survey record for Bigfork Canal,"Montana FWP's Fisheries Information System records a fish survey at Bigfork Canal. Species recorded include Longnose Sucker, Mountain Whitefish, Rainbow Trout. The survey records represented 483 fish across the latest grouped records.","Longnose Sucker, Mountain Whitefish, Rainbow Trout",Official FWP fisheries survey; survey gear and methods vary by record.,,https://fwp-gis.mt.gov/arcgis/rest/services/fish/fishViewer/MapServer/51,
b4b027fdea15f6e4ac,2012-10-09,stale,5038,5,Carbon,Clear Creek,official_fwp_fish_survey,"Montana Fish, Wildlife & Parks",True,,Official fish survey record for Clear Creek,"Montana FWP's Fisheries Information System records a fish survey at Clear Creek. Species recorded include Brown Trout, Mountain Whitefish, Rainbow Trout. The survey records represented 43 fish across the latest grouped records.","Brown Trout, Mountain Whitefish, Rainbow Trout",Official FWP fisheries survey; survey gear and methods vary by record.,,https://fwp-gis.mt.gov/arcgis/rest/services/fish/fishViewer/MapServer/51,
934ee45eb81c181713,2012-09-13,stale,5064,25,Lewis and Clark,Moose Creek,official_fwp_fish_survey,"Montana Fish, Wildlife & Parks",True,,Official fish survey record for Moose Creek,Montana FWP's Fisheries Information System records a fish survey at Moose Creek. Species recorded include Brook Trout. The survey records represented 163 fish across the latest grouped records.,Brook Trout,Official FWP fisheries survey; survey gear and methods vary by record.,,https://fwp-gis.mt.gov/arcgis/rest/services/fish/fishViewer/MapServer/51,
e5a5b561b27e3fc1b6,2012-09-05,stale,5072,24,Lake,Hall Creek,official_fwp_fish_survey,"Montana Fish, Wildlife & Parks",True,,Official fish survey record for Hall Creek,Montana FWP's Fisheries Information System records a fish survey at Hall Creek. Species recorded include Brook Trout. The survey records represented 22 fish across the latest grouped records.,Brook Trout,Official FWP fisheries survey; survey gear and methods vary by record.,,https://fwp-gis.mt.gov/arcgis/rest/services/fish/fishViewer/MapServer/51,
6ae05fd4c89d727607,2012-08-16,stale,5092,41,Ravalli,Roaring Lion Creek,official_fwp_fish_survey,"Montana Fish, Wildlife & Parks",True,,Official fish survey record for Roaring Lion Creek,"Montana FWP's Fisheries Information System records a fish survey at Roaring Lion Creek. Species recorded include Brook Trout, Brown Trout, Bull Trout, Westslope Cutthroat Trout. The survey records represented 40 fish across the latest grouped records.","Brook Trout, Brown Trout, Bull Trout, Westslope Cutthroat Trout",Official FWP fisheries survey; survey gear and methods vary by record.,,https://fwp-gis.mt.gov/arcgis/rest/services/fish/fishViewer/MapServer/51,
e85ebad8f145043365,2012-08-07,stale,5101,20,Granite,Stewart Lake,official_fwp_fish_survey,"Montana Fish, Wildlife & Parks",True,,Official fish survey record for Stewart Lake,Montana FWP's Fisheries Information System records a fish survey at Stewart Lake. Species recorded include Westslope Cutthroat Trout. The survey records represented 36 fish across the latest grouped records.,Westslope Cutthroat Trout,Official FWP fisheries survey; survey gear and methods vary by record.,,https://fwp-gis.mt.gov/arcgis/rest/services/fish/fishViewer/MapServer/51,
6e5b4c964dff049b53,2012-07-31,stale,5108,34,Park,Bear Creek,official_fwp_fish_survey,"Montana Fish, Wildlife & Parks",True,,Official fish survey record for Bear Creek,Montana FWP's Fisheries Information System records a fish survey at Bear Creek. Species recorded include No Fish Caught. The survey records represented 1 fish across the latest grouped records.,No Fish Caught,Official FWP fisheries survey; survey gear and methods vary by record.,,https://fwp-gis.mt.gov/arcgis/rest/services/fish/fishViewer/MapServer/51,
d4e838679856a0477b,2012-07-30,stale,5109,20,Granite,Moose Lake,official_fwp_fish_survey,"Montana Fish, Wildlife & Parks",True,,Official fish survey record for Moose Lake,"Montana FWP's Fisheries Information System records a fish survey at Moose Lake. Species recorded include Brook Trout, Bull Trout, Longnose Sucker, Mountain Whitefish, Westslope Cutthroat Trout. The survey records represented 268 fish across the latest grouped records.","Brook Trout, Bull Trout, Longnose Sucker, Mountain Whitefish, Westslope Cutthroat Trout",Official FWP fisheries survey; survey gear and methods vary by record.,,https://fwp-gis.mt.gov/arcgis/rest/services/fish/fishViewer/MapServer/51,
50d4e088802f542d0f,2012-07-25,stale,5114,27,Lincoln,Island Lake,official_fwp_stocking_record,"Montana Fish, Wildlife & Parks",True,,Fish stocking record for Island Lake,"Montana FWP records a stocking event at Island Lake involving Largemouth Bass and 22,500 fish. Stocking schedules and completed records can change; open the official source for details.",Largemouth Bass,,,https://fwp-gis.mt.gov/arcgis/rest/services/fish/fishViewer/MapServer/38,
8ec944afa3d5a02a6b,2012-07-16,stale,5123,41,Ravalli,West Creek,official_fwp_fish_survey,"Montana Fish, Wildlife & Parks",True,,Official fish survey record for West Creek,"Montana FWP's Fisheries Information System records a fish survey at West Creek. Species recorded include Brook Trout, Bull Trout, Westslope Cutthroat Trout. The survey records represented 78 fish across the latest grouped records.","Brook Trout, Bull Trout, Westslope Cutthroat Trout",Official FWP fisheries survey; survey gear and methods vary by record.,,https://fwp-gis.mt.gov/arcgis/rest/services/fish/fishViewer/MapServer/51,
18783b03318d947f85,2012-07-12,stale,5127,30,Meagher,Newlan Creek,official_fwp_stocking_record,"Montana Fish, Wildlife & Parks",True,,Fish stocking record for Newlan Creek,"Montana FWP records a stocking event at Newlan Creek involving Rainbow Trout and 30,000 fish. Stocking schedules and completed records can change; open the official source for details.",Rainbow Trout,,,https://fwp-gis.mt.gov/arcgis/rest/services/fish/fishViewer/MapServer/38,
03e0289a9015276940,2012-06-12,stale,5157,1,Beaverhead,Metzel Creek,official_fwp_fish_survey,"Montana Fish, Wildlife & Parks",True,,Official fish survey record for Metzel Creek,Montana FWP's Fisheries Information System records a fish survey at Metzel Creek. Species recorded include Brook Trout. The survey records represented 6 fish across the latest grouped records.,Brook Trout,Official FWP fisheries survey; survey gear and methods vary by record.,,https://fwp-gis.mt.gov/arcgis/rest/services/fish/fishViewer/MapServer/51,
2825d24326f557192c,2012-06-06,stale,5163,1,Beaverhead,East Shambow Creek,official_fwp_fish_survey,"Montana Fish, Wildlife & Parks",True,,Official fish survey record for East Shambow Creek,"Montana FWP's Fisheries Information System records a fish survey at East Shambow Creek. Species recorded include Brook Trout, Burbot. The survey records represented 49 fish across the latest grouped records.","Brook Trout, Burbot",Official FWP fisheries survey; survey gear and methods vary by record.,,https://fwp-gis.mt.gov/arcgis/rest/services/fish/fishViewer/MapServer/51,
d8f8bcb809672bc3e8,2012-05-31,stale,5169,24,Lake,Horseshoe Lake,official_fwp_fish_survey,"Montana Fish, Wildlife & Parks",True,,Official fish survey record for Horseshoe Lake,Montana FWP's Fisheries Information System records a fish survey at Horseshoe Lake. Species recorded include Yellow Perch. The survey records represented 80 fish across the latest grouped records.,Yellow Perch,Official FWP fisheries survey; survey gear and methods vary by record.,,https://fwp-gis.mt.gov/arcgis/rest/services/fish/fishViewer/MapServer/51,
8ea8ee2191a606eaa1,2012-05-17,stale,5183,5,Carbon,Thiel's Pond,official_fwp_stocking_record,"Montana Fish, Wildlife & Parks",True,,Fish stocking record for Thiel's Pond,Montana FWP records a stocking event at Thiel's Pond involving Rainbow Trout and 198 fish. Stocking schedules and completed records can change; open the official source for details.,Rainbow Trout,,,https://fwp-gis.mt.gov/arcgis/rest/services/fish/fishViewer/MapServer/38,
4ccb10fac7d7a617ad,2012-05-16,stale,5184,7,Cascade,Woodland Estates Pond,official_fwp_stocking_record,"Montana Fish, Wildlife & Parks",True,,Fish stocking record for Woodland Estates Pond,Montana FWP records a stocking event at Woodland Estates Pond involving Rainbow Trout and 300 fish. Stocking schedules and completed records can change; open the official source for details.,Rainbow Trout,,,https://fwp-gis.mt.gov/arcgis/rest/services/fish/fishViewer/MapServer/38,
95002ddb88c6ee96d2,2011-11-03,stale,5379,28,Madison,Willow Springs,official_fwp_fish_survey,"Montana Fish, Wildlife & Parks",True,,Official fish survey record for Willow Springs,"Montana FWP's Fisheries Information System records a fish survey at Willow Springs. Species recorded include Brook Trout, Brown Trout, Rainbow Trout. The survey records represented 352 fish across the latest grouped records.","Brook Trout, Brown Trout, Rainbow Trout",Official FWP fisheries survey; survey gear and methods vary by record.,,https://fwp-gis.mt.gov/arcgis/rest/services/fish/fishViewer/MapServer/51,
2854b37020c50bfc90,2011-11-03,stale,5379,16,Gallatin,Sappington Spring Creek,official_fwp_fish_survey,"Montana Fish, Wildlife & Parks",True,,Official fish survey record for Sappington Spring Creek,"Montana FWP's Fisheries Information System records a fish survey at Sappington Spring Creek. Species recorded include Brown Trout, Rainbow Trout. The survey records represented 217 fish across the latest grouped records.","Brown Trout, Rainbow Trout",Official FWP fisheries survey; survey gear and methods vary by record.,,https://fwp-gis.mt.gov/arcgis/rest/services/fish/fishViewer/MapServer/51,
46fd1b11faaf67fd79,2011-10-17,stale,5396,4,Broadwater,Confederate Gulch,official_fwp_fish_survey,"Montana Fish, Wildlife & Parks",True,,Official fish survey record for Confederate Gulch,"Montana FWP's Fisheries Information System records a fish survey at Confederate Gulch. Species recorded include Brook Trout, Brown Trout, Rainbow Trout. The survey records represented 76 fish across the latest grouped records.","Brook Trout, Brown Trout, Rainbow Trout",Official FWP fisheries survey; survey gear and methods vary by record.,,https://fwp-gis.mt.gov/arcgis/rest/services/fish/fishViewer/MapServer/51,
35b91404a4f6124936,2011-10-17,stale,5396,4,Broadwater,Beaver Creek,official_fwp_fish_survey,"Montana Fish, Wildlife & Parks",True,,Official fish survey record for Beaver Creek,Montana FWP's Fisheries Information System records a fish survey at Beaver Creek. Species recorded include Rainbow Trout. The survey records represented 4 fish across the latest grouped records.,Rainbow Trout,Official FWP fisheries survey; survey gear and methods vary by record.,,https://fwp-gis.mt.gov/arcgis/rest/services/fish/fishViewer/MapServer/51,
cbf641156aac1977b0,2011-09-26,stale,5417,53,Valley,Forsman Reservoir,official_fwp_fish_survey,"Montana Fish, Wildlife & Parks",True,,Official fish survey record for Forsman Reservoir,"Montana FWP's Fisheries Information System records a fish survey at Forsman Reservoir. Species recorded include Fathead Minnow, Largemouth Bass. The survey records represented 130 fish across the latest grouped records.","Fathead Minnow, Largemouth Bass",Official FWP fisheries survey; survey gear and methods vary by record.,,https://fwp-gis.mt.gov/arcgis/rest/services/fish/fishViewer/MapServer/51,
ff5caa18a10dddf191,2011-09-02,stale,5441,15,Flathead,Skiumah Creek,official_fwp_fish_survey,"Montana Fish, Wildlife & Parks",True,,Official fish survey record for Skiumah Creek,Montana FWP's Fisheries Information System records a fish survey at Skiumah Creek. Species recorded include Brook Trout. The survey records represented 4 fish across the latest grouped records.,Brook Trout,Official FWP fisheries survey; survey gear and methods vary by record.,,https://fwp-gis.mt.gov/arcgis/rest/services/fish/fishViewer/MapServer/51,
51b90f4f5deb62c925,2011-08-04,stale,5470,34,Park,South Fork Deep Creek,official_fwp_fish_survey,"Montana Fish, Wildlife & Parks",True,,Official fish survey record for South Fork Deep Creek,Montana FWP's Fisheries Information System records a fish survey at South Fork Deep Creek. Species recorded include No Fish Caught. The survey records represented 2 fish across the latest grouped records.,No Fish Caught,Official FWP fisheries survey; survey gear and methods vary by record.,,https://fwp-gis.mt.gov/arcgis/rest/services/fish/fishViewer/MapServer/51,
f70664beeb567b8b2b,2011-08-01,stale,5473,1,Beaverhead,Moose Meadows,official_fwp_fish_survey,"Montana Fish, Wildlife & Parks",True,,Official fish survey record for Moose Meadows,Montana FWP's Fisheries Information System records a fish survey at Moose Meadows. Species recorded include Brook Trout. The survey records represented 12 fish across the latest grouped records.,Brook Trout,Official FWP fisheries survey; survey gear and methods vary by record.,,https://fwp-gis.mt.gov/arcgis/rest/services/fish/fishViewer/MapServer/51,
6c4a5ddcf6e374c2f8,2011-07-28,stale,5477,41,Ravalli,Sign Creek,official_fwp_fish_survey,"Montana Fish, Wildlife & Parks",True,,Official fish survey record for Sign Creek,"Montana FWP's Fisheries Information System records a fish survey at Sign Creek. Species recorded include Bull Trout, Westslope Cutthroat Trout. The survey records represented 58 fish across the latest grouped records.","Bull Trout, Westslope Cutthroat Trout",Official FWP fisheries survey; survey gear and methods vary by record.,,https://fwp-gis.mt.gov/arcgis/rest/services/fish/fishViewer/MapServer/51,
8cb3e46e6cbd690f84,2011-07-26,stale,5479,34,Park,Sphinx Creek,official_fwp_fish_survey,"Montana Fish, Wildlife & Parks",True,,Official fish survey record for Sphinx Creek,Montana FWP's Fisheries Information System records a fish survey at Sphinx Creek. Species recorded include No Fish Caught. The survey records represented 3 fish across the latest grouped records.,No Fish Caught,Official FWP fisheries survey; survey gear and methods vary by record.,,https://fwp-gis.mt.gov/arcgis/rest/services/fish/fishViewer/MapServer/51,
9f01ffa1736a23014e,2011-07-26,stale,5479,34,Park,Joe Brown Creek,official_fwp_fish_survey,"Montana Fish, Wildlife & Parks",True,,Official fish survey record for Joe Brown Creek,Montana FWP's Fisheries Information System records a fish survey at Joe Brown Creek. Species recorded include No Fish Caught. The survey records represented 1 fish across the latest grouped records.,No Fish Caught,Official FWP fisheries survey; survey gear and methods vary by record.,,https://fwp-gis.mt.gov/arcgis/rest/services/fish/fishViewer/MapServer/51,
fcb7b8dc08a5ca30ca,2011-07-19,stale,5486,41,Ravalli,Trib to Reynolds Creek RM 2.1,official_fwp_fish_survey,"Montana Fish, Wildlife & Parks",True,,Official fish survey record for Trib to Reynolds Creek RM 2.1,Montana FWP's Fisheries Information System records a fish survey at Trib to Reynolds Creek RM 2.1. Species recorded include Westslope Cutthroat Trout. The survey records represented 7 fish across the latest grouped records.,Westslope Cutthroat Trout,Official FWP fisheries survey; survey gear and methods vary by record.,,https://fwp-gis.mt.gov/arcgis/rest/services/fish/fishViewer/MapServer/51,
46f1724daebdea3b44,2011-07-08,stale,5497,41,Ravalli,"Camp Creek, W Fk Trib 1.0",official_fwp_fish_survey,"Montana Fish, Wildlife & Parks",True,,"Official fish survey record for Camp Creek, W Fk Trib 1.0","Montana FWP's Fisheries Information System records a fish survey at Camp Creek, W Fk Trib 1.0. Species recorded include Westslope Cutthroat Trout. The survey records represented 51 fish across the latest grouped records.",Westslope Cutthroat Trout,Official FWP fisheries survey; survey gear and methods vary by record.,,https://fwp-gis.mt.gov/arcgis/rest/services/fish/fishViewer/MapServer/51,
d877fafcb759fa9d82,2011-07-07,stale,5498,41,Ravalli,"Camp Creek, W Fk Trib 0.1",official_fwp_fish_survey,"Montana Fish, Wildlife & Parks",True,,"Official fish survey record for Camp Creek, W Fk Trib 0.1","Montana FWP's Fisheries Information System records a fish survey at Camp Creek, W Fk Trib 0.1. Species recorded include Westslope Cutthroat Trout. The survey records represented 140 fish across the latest grouped records.",Westslope Cutthroat Trout,Official FWP fisheries survey; survey gear and methods vary by record.,,https://fwp-gis.mt.gov/arcgis/rest/services/fish/fishViewer/MapServer/51,
120dc5eb351afe6663,2011-06-30,stale,5505,48,Stillwater,Keyser Creek,official_fwp_stocking_record,"Montana Fish, Wildlife & Parks",True,,Fish stocking record for Keyser Creek,Montana FWP records a stocking event at Keyser Creek involving Yellowstone Cutthroat Trout and 150 fish. Stocking schedules and completed records can change; open the official source for details.,Yellowstone Cutthroat Trout,,Experimental Stocking,https://fwp-gis.mt.gov/arcgis/rest/services/fish/fishViewer/MapServer/38,
6d92c043539e81e4be,2011-06-27,stale,5508,3,Blaine,Butch Reservoir,official_fwp_fish_survey,"Montana Fish, Wildlife & Parks",True,,Official fish survey record for Butch Reservoir,"Montana FWP's Fisheries Information System records a fish survey at Butch Reservoir. Species recorded include No Fish Caught, Rainbow Trout. The survey records represented 53 fish across the latest grouped records.","No Fish Caught, Rainbow Trout",Official FWP fisheries survey; survey gear and methods vary by record.,,https://fwp-gis.mt.gov/arcgis/rest/services/fish/fishViewer/MapServer/51,
6f4fe40e0dbb2e1226,2011-05-17,stale,5549,3,Blaine,Butch Reservoir,official_fwp_stocking_record,"Montana Fish, Wildlife & Parks",True,,Fish stocking record for Butch Reservoir,"Montana FWP records a stocking event at Butch Reservoir involving Rainbow Trout and 1,012 fish. Stocking schedules and completed records can change; open the official source for details.",Rainbow Trout,,,https://fwp-gis.mt.gov/arcgis/rest/services/fish/fishViewer/MapServer/38,
881c45f300927c6a94,2010-08-17,stale,5822,34,Park,Lewis Creek,official_fwp_fish_survey,"Montana Fish, Wildlife & Parks",True,,Official fish survey record for Lewis Creek,Montana FWP's Fisheries Information System records a fish survey at Lewis Creek. Species recorded include Rainbow Trout. The survey records represented 5 fish across the latest grouped records.,Rainbow Trout,Official FWP fisheries survey; survey gear and methods vary by record.,,https://fwp-gis.mt.gov/arcgis/rest/services/fish/fishViewer/MapServer/51,
b0a9b076d96696fafc,2010-08-09,stale,5830,41,Ravalli,Guide Creek,official_fwp_fish_survey,"Montana Fish, Wildlife & Parks",True,,Official fish survey record for Guide Creek,Montana FWP's Fisheries Information System records a fish survey at Guide Creek. Species recorded include Westslope Cutthroat Trout. The survey records represented 21 fish across the latest grouped records.,Westslope Cutthroat Trout,Official FWP fisheries survey; survey gear and methods vary by record.,,https://fwp-gis.mt.gov/arcgis/rest/services/fish/fishViewer/MapServer/51,
b45502e6491b561f1b,2010-07-16,stale,5854,16,Gallatin,Mystic Lake,official_fwp_fish_survey,"Montana Fish, Wildlife & Parks",True,,Official fish survey record for Mystic Lake,"Montana FWP's Fisheries Information System records a fish survey at Mystic Lake. Species recorded include Brook Trout, Lake Trout, Yellowstone Cutthroat Trout. The survey records represented 16 fish across the latest grouped records.","Brook Trout, Lake Trout, Yellowstone Cutthroat Trout",Official FWP fisheries survey; survey gear and methods vary by record.,,https://fwp-gis.mt.gov/arcgis/rest/services/fish/fishViewer/MapServer/51,
9c78cbcb2013fea537,2010-04-08,stale,5953,56,Yellowstone,Arrow Creek,official_fwp_fish_survey,"Montana Fish, Wildlife & Parks",True,,Official fish survey record for Arrow Creek,"Montana FWP's Fisheries Information System records a fish survey at Arrow Creek. Species recorded include Brook Stickleback, Common Carp, Flathead Chub, Lake Chub, Longnose Dace, Longnose Sucker, Mountain Sucker, Western Silvery/Plains Minnow, White Sucker. The survey records represented 146 fish across the latest grouped records.","Brook Stickleback, Common Carp, Flathead Chub, Lake Chub, Longnose Dace, Longnose Sucker, Mountain Sucker, Western Silvery/Plains Minnow, White Sucker",Official FWP fisheries survey; survey gear and methods vary by record.,,https://fwp-gis.mt.gov/arcgis/rest/services/fish/fishViewer/MapServer/51,
6d7170d4cdc598b825,2009-09-09,stale,6164,53,Valley,Winter Harbor Pond,official_fwp_stocking_record,"Montana Fish, Wildlife & Parks",True,,Fish stocking record for Winter Harbor Pond,"Montana FWP records a stocking event at Winter Harbor Pond involving Largemouth Bass and 4,000 fish. Stocking schedules and completed records can change; open the official source for details.",Largemouth Bass,,,https://fwp-gis.mt.gov/arcgis/rest/services/fish/fishViewer/MapServer/38,
735705e57a185399be,2009-08-19,stale,6185,26,Liberty,Dugout Coulee,official_fwp_fish_survey,"Montana Fish, Wildlife & Parks",True,,Official fish survey record for Dugout Coulee,"Montana FWP's Fisheries Information System records a fish survey at Dugout Coulee. Species recorded include Brassy Minnow, Brook Stickleback, Common Carp, Fathead Minnow, Longnose Sucker, White Sucker. The survey records represented 104 fish across the latest grouped records.","Brassy Minnow, Brook Stickleback, Common Carp, Fathead Minnow, Longnose Sucker, White Sucker",Official FWP fisheries survey; survey gear and methods vary by record.,,https://fwp-gis.mt.gov/arcgis/rest/services/fish/fishViewer/MapServer/51,
71432e5eec3b9de9ee,2009-08-19,stale,6185,16,Gallatin,Axolotl Lake,official_fwp_fish_survey,"Montana Fish, Wildlife & Parks",True,,Official fish survey record for Axolotl Lake,Montana FWP's Fisheries Information System records a fish survey at Axolotl Lake. Species recorded include No Fish Caught. The survey records represented 1 fish across the latest grouped records.,No Fish Caught,Official FWP fisheries survey; survey gear and methods vary by record.,,https://fwp-gis.mt.gov/arcgis/rest/services/fish/fishViewer/MapServer/51,
ae262631acc6f43d20,2009-08-18,stale,6186,41,Ravalli,South Fork Lolo Creek,official_fwp_fish_survey,"Montana Fish, Wildlife & Parks",True,,Official fish survey record for South Fork Lolo Creek,"Montana FWP's Fisheries Information System records a fish survey at South Fork Lolo Creek. Species recorded include Bull Trout, Westslope Cutthroat Trout. The survey records represented 42 fish across the latest grouped records.","Bull Trout, Westslope Cutthroat Trout",Official FWP fisheries survey; survey gear and methods vary by record.,,https://fwp-gis.mt.gov/arcgis/rest/services/fish/fishViewer/MapServer/51,
6dd304d4ed6c01a59a,2009-08-10,stale,6194,28,Madison,Lake Cameron,official_fwp_fish_survey,"Montana Fish, Wildlife & Parks",True,,Official fish survey record for Lake Cameron,Montana FWP's Fisheries Information System records a fish survey at Lake Cameron. Species recorded include Westslope Cutthroat Trout. The survey records represented 13 fish across the latest grouped records.,Westslope Cutthroat Trout,Official FWP fisheries survey; survey gear and methods vary by record.,,https://fwp-gis.mt.gov/arcgis/rest/services/fish/fishViewer/MapServer/51,
ca564da7595d022f12,2009-08-10,stale,6194,41,Ravalli,Bear Gulch,official_fwp_fish_survey,"Montana Fish, Wildlife & Parks",True,,Official fish survey record for Bear Gulch,Montana FWP's Fisheries Information System records a fish survey at Bear Gulch. Species recorded include Westslope Cutthroat Trout. The survey records represented 54 fish across the latest grouped records.,Westslope Cutthroat Trout,Official FWP fisheries survey; survey gear and methods vary by record.,,https://fwp-gis.mt.gov/arcgis/rest/services/fish/fishViewer/MapServer/51,
8250322805127b20e6,2009-08-03,stale,6201,20,Granite,Tenmile Creek,official_fwp_fish_survey,"Montana Fish, Wildlife & Parks",True,,Official fish survey record for Tenmile Creek,Montana FWP's Fisheries Information System records a fish survey at Tenmile Creek. Species recorded include No Fish Caught. The survey records represented 1 fish across the latest grouped records.,No Fish Caught,Official FWP fisheries survey; survey gear and methods vary by record.,,https://fwp-gis.mt.gov/arcgis/rest/services/fish/fishViewer/MapServer/51,
79f2ece71b7fc34f69,2009-07-21,stale,6214,20,Granite,Bobcat Creek,official_fwp_fish_survey,"Montana Fish, Wildlife & Parks",True,,Official fish survey record for Bobcat Creek,Montana FWP's Fisheries Information System records a fish survey at Bobcat Creek. Species recorded include No Fish Caught. The survey records represented 2 fish across the latest grouped records.,No Fish Caught,Official FWP fisheries survey; survey gear and methods vary by record.,,https://fwp-gis.mt.gov/arcgis/rest/services/fish/fishViewer/MapServer/51,
5dc6c6f6039fca0544,2009-07-13,stale,6222,48,Stillwater,West Rosebud Creek,official_fwp_stocking_record,"Montana Fish, Wildlife & Parks",True,,Fish stocking record for West Rosebud Creek,Montana FWP records a stocking event at West Rosebud Creek involving Arctic Grayling and 437 fish. Stocking schedules and completed records can change; open the official source for details.,Arctic Grayling,,,https://fwp-gis.mt.gov/arcgis/rest/services/fish/fishViewer/MapServer/38,
83cfc7c7c8710f240d,2009-07-09,stale,6226,47,Silver Bow,South Fork Divide Creek,official_fwp_fish_survey,"Montana Fish, Wildlife & Parks",True,,Official fish survey record for South Fork Divide Creek,"Montana FWP's Fisheries Information System records a fish survey at South Fork Divide Creek. Species recorded include Brook Trout, Westslope Cutthroat Trout. The survey records represented 35 fish across the latest grouped records.","Brook Trout, Westslope Cutthroat Trout",Official FWP fisheries survey; survey gear and methods vary by record.,,https://fwp-gis.mt.gov/arcgis/rest/services/fish/fishViewer/MapServer/51,
ee36b3bcb0888b0cf3,2009-07-08,stale,6227,41,Ravalli,Smith Creek,official_fwp_fish_survey,"Montana Fish, Wildlife & Parks",True,,Official fish survey record for Smith Creek,"Montana FWP's Fisheries Information System records a fish survey at Smith Creek. Species recorded include Brook Trout, Westslope Cutthroat Trout. The survey records represented 32 fish across the latest grouped records.","Brook Trout, Westslope Cutthroat Trout",Official FWP fisheries survey; survey gear and methods vary by record.,,https://fwp-gis.mt.gov/arcgis/rest/services/fish/fishViewer/MapServer/51,
0c3bb39760bb061c01,2009-06-26,stale,6239,14,Fergus,Buffalo Wallow Reservoir,official_fwp_stocking_record,"Montana Fish, Wildlife & Parks",True,,Fish stocking record for Buffalo Wallow Reservoir,"Montana FWP records a stocking event at Buffalo Wallow Reservoir involving Rainbow Trout and 4,023 fish. Stocking schedules and completed records can change; open the official source for details.",Rainbow Trout,,,https://fwp-gis.mt.gov/arcgis/rest/services/fish/fishViewer/MapServer/38,
70251015d0b865fd5f,2009-06-24,stale,6241,3,Blaine,Fr Reservoir,official_fwp_fish_survey,"Montana Fish, Wildlife & Parks",True,,Official fish survey record for Fr Reservoir,"Montana FWP's Fisheries Information System records a fish survey at Fr Reservoir. Species recorded include No Fish Caught, Rainbow Trout. The survey records represented 16 fish across the latest grouped records.","No Fish Caught, Rainbow Trout",Official FWP fisheries survey; survey gear and methods vary by record.,,https://fwp-gis.mt.gov/arcgis/rest/services/fish/fishViewer/MapServer/51,
ce21a5f219cc6ddda4,2009-06-03,stale,6262,36,Phillips,Compton Reservoir,official_fwp_fish_survey,"Montana Fish, Wildlife & Parks",True,,Official fish survey record for Compton Reservoir,"Montana FWP's Fisheries Information System records a fish survey at Compton Reservoir. Species recorded include Fathead Minnow, No Fish Caught. The survey records represented 3,296 fish across the latest grouped records.","Fathead Minnow, No Fish Caught",Official FWP fisheries survey; survey gear and methods vary by record.,,https://fwp-gis.mt.gov/arcgis/rest/services/fish/fishViewer/MapServer/51,
75ddb4a20e4356b174,2009-05-18,stale,6278,14,Fergus,Buffalo Wallow Reservoir,official_fwp_fish_survey,"Montana Fish, Wildlife & Parks",True,,Official fish survey record for Buffalo Wallow Reservoir,Montana FWP's Fisheries Information System records a fish survey at Buffalo Wallow Reservoir. Species recorded include Rainbow Trout. The survey records represented 89 fish across the latest grouped records.,Rainbow Trout,Official FWP fisheries survey; survey gear and methods vary by record.,,https://fwp-gis.mt.gov/arcgis/rest/services/fish/fishViewer/MapServer/51,
b1bcae51299c10af1d,2009-04-14,stale,6312,44,Rosebud,Hansen Reservoir,official_fwp_stocking_record,"Montana Fish, Wildlife & Parks",True,,Fish stocking record for Hansen Reservoir,"Montana FWP records a stocking event at Hansen Reservoir involving Rainbow Trout and 1,000 fish. Stocking schedules and completed records can change; open the official source for details.",Rainbow Trout,,,https://fwp-gis.mt.gov/arcgis/rest/services/fish/fishViewer/MapServer/38,
153c83dee6ae3204a9,2008-08-20,stale,6549,1,Beaverhead,Sucker Creek,official_fwp_fish_survey,"Montana Fish, Wildlife & Parks",True,,Official fish survey record for Sucker Creek,"Montana FWP's Fisheries Information System records a fish survey at Sucker Creek. Species recorded include Brook Trout, Brown Trout, Westslope Cutthroat Trout. The survey records represented 49 fish across the latest grouped records.","Brook Trout, Brown Trout, Westslope Cutthroat Trout",Official FWP fisheries survey; survey gear and methods vary by record.,,https://fwp-gis.mt.gov/arcgis/rest/services/fish/fishViewer/MapServer/51,
a55a9ba7dc90f178ed,2008-08-06,stale,6563,25,Lewis and Clark,Coyote Creek,official_fwp_fish_survey,"Montana Fish, Wildlife & Parks",True,,Official fish survey record for Coyote Creek,Montana FWP's Fisheries Information System records a fish survey at Coyote Creek. Species recorded include No Fish Caught. The survey records represented 2 fish across the latest grouped records.,No Fish Caught,Official FWP fisheries survey; survey gear and methods vary by record.,,https://fwp-gis.mt.gov/arcgis/rest/services/fish/fishViewer/MapServer/51,
73affc60ca89258174,2008-08-04,stale,6565,32,Missoula,Farmers Lake 6,official_fwp_fish_survey,"Montana Fish, Wildlife & Parks",True,,Official fish survey record for Farmers Lake 6,Montana FWP's Fisheries Information System records a fish survey at Farmers Lake 6. Species recorded include Westslope Cutthroat Trout. The survey records represented 21 fish across the latest grouped records.,Westslope Cutthroat Trout,Official FWP fisheries survey; survey gear and methods vary by record.,,https://fwp-gis.mt.gov/arcgis/rest/services/fish/fishViewer/MapServer/51,
9326299f166a617edf,2008-07-22,stale,6578,32,Missoula,Carlton Creek,official_fwp_fish_survey,"Montana Fish, Wildlife & Parks",True,,Official fish survey record for Carlton Creek,Montana FWP's Fisheries Information System records a fish survey at Carlton Creek. Species recorded include Westslope Cutthroat Trout. The survey records represented 18 fish across the latest grouped records.,Westslope Cutthroat Trout,Official FWP fisheries survey; survey gear and methods vary by record.,,https://fwp-gis.mt.gov/arcgis/rest/services/fish/fishViewer/MapServer/51,
0a3f27c718e0749d9e,2008-07-10,stale,6590,47,Silver Bow,Moose Creek,official_fwp_fish_survey,"Montana Fish, Wildlife & Parks",True,,Official fish survey record for Moose Creek,"Montana FWP's Fisheries Information System records a fish survey at Moose Creek. Species recorded include No Fish Caught, Yellowstone Cutthroat Trout. The survey records represented 233 fish across the latest grouped records.","No Fish Caught, Yellowstone Cutthroat Trout",Official FWP fisheries survey; survey gear and methods vary by record.,,https://fwp-gis.mt.gov/arcgis/rest/services/fish/fishViewer/MapServer/51,
6bcc0dec8db890184e,2008-06-26,stale,6604,41,Ravalli,Larry Creek,official_fwp_fish_survey,"Montana Fish, Wildlife & Parks",True,,Official fish survey record for Larry Creek,Montana FWP's Fisheries Information System records a fish survey at Larry Creek. Species recorded include Westslope Cutthroat Trout. The survey records represented 14 fish across the latest grouped records.,Westslope Cutthroat Trout,Official FWP fisheries survey; survey gear and methods vary by record.,,https://fwp-gis.mt.gov/arcgis/rest/services/fish/fishViewer/MapServer/51,
b352f2a12f2581790d,2008-06-19,stale,6611,15,Flathead,Sylvia Lake,official_fwp_fish_survey,"Montana Fish, Wildlife & Parks",True,,Official fish survey record for Sylvia Lake,"Montana FWP's Fisheries Information System records a fish survey at Sylvia Lake. Species recorded include Arctic Grayling, Westslope Cutthroat Trout. The survey records represented 79 fish across the latest grouped records.","Arctic Grayling, Westslope Cutthroat Trout",Official FWP fisheries survey; survey gear and methods vary by record.,,https://fwp-gis.mt.gov/arcgis/rest/services/fish/fishViewer/MapServer/51,
26e8b16b0e27fd4284,2008-06-19,stale,6611,24,Lake,Pablo Reservoir,official_fwp_stocking_record,"Montana Fish, Wildlife & Parks",True,,Fish stocking record for Pablo Reservoir,"Montana FWP records a stocking event at Pablo Reservoir involving Rainbow Trout and 5,000 fish. Stocking schedules and completed records can change; open the official source for details.",Rainbow Trout,,,https://fwp-gis.mt.gov/arcgis/rest/services/fish/fishViewer/MapServer/38,
04f6c44fa59869f665,2008-06-19,stale,6611,28,Madison,Ennis Kids Pond,official_fwp_stocking_record,"Montana Fish, Wildlife & Parks",True,,Fish stocking record for Ennis Kids Pond,Montana FWP records a stocking event at Ennis Kids Pond involving Rainbow Trout and 45 fish. Stocking schedules and completed records can change; open the official source for details.,Rainbow Trout,,,https://fwp-gis.mt.gov/arcgis/rest/services/fish/fishViewer/MapServer/38,
ef908493d1bf135287,2007-09-24,stale,6880,32,Missoula,Tamarack Creek,official_fwp_fish_survey,"Montana Fish, Wildlife & Parks",True,,Official fish survey record for Tamarack Creek,Montana FWP's Fisheries Information System records a fish survey at Tamarack Creek. Species recorded include Westslope Cutthroat Trout. The survey records represented 31 fish across the latest grouped records.,Westslope Cutthroat Trout,Official FWP fisheries survey; survey gear and methods vary by record.,,https://fwp-gis.mt.gov/arcgis/rest/services/fish/fishViewer/MapServer/51,
02ce206971337506cf,2007-08-23,stale,6912,15,Flathead,Akokala Creek,official_fwp_fish_survey,"Montana Fish, Wildlife & Parks",True,,Official fish survey record for Akokala Creek,"Montana FWP's Fisheries Information System records a fish survey at Akokala Creek. Species recorded include Mountain Whitefish, Westslope Cutthroat Trout. The survey records represented 44 fish across the latest grouped records.","Mountain Whitefish, Westslope Cutthroat Trout",Official FWP fisheries survey; survey gear and methods vary by record.,,https://fwp-gis.mt.gov/arcgis/rest/services/fish/fishViewer/MapServer/51,
38523ba4a3096e10f6,2007-08-22,stale,6913,41,Ravalli,Baker Lake,official_fwp_fish_survey,"Montana Fish, Wildlife & Parks",True,,Official fish survey record for Baker Lake,Montana FWP's Fisheries Information System records a fish survey at Baker Lake. Species recorded include Yellowstone Cutthroat Trout. The survey records represented 5 fish across the latest grouped records.,Yellowstone Cutthroat Trout,Official FWP fisheries survey; survey gear and methods vary by record.,,https://fwp-gis.mt.gov/arcgis/rest/services/fish/fishViewer/MapServer/51,
5b0755118531fdb7e0,2007-08-07,stale,6928,9,Custer,Cottonwood Creek,official_fwp_fish_survey,"Montana Fish, Wildlife & Parks",True,,Official fish survey record for Cottonwood Creek,"Montana FWP's Fisheries Information System records a fish survey at Cottonwood Creek. Species recorded include Black Bullhead, Channel Catfish, Common Carp, Creek Chub, Fathead Minnow, Flathead Chub, Green Sunfish, Longnose Sucker, Plains Killifish, Plains Minnow, River Carpsucker, Sand Shiner. The survey records represented 1,539 fish across the latest grouped records.","Black Bullhead, Channel Catfish, Common Carp, Creek Chub, Fathead Minnow, Flathead Chub, Green Sunfish, Longnose Sucker, Plains Killifish, Plains Minnow, River Carpsucker, Sand Shiner",Official FWP fisheries survey; survey gear and methods vary by record.,,https://fwp-gis.mt.gov/arcgis/rest/services/fish/fishViewer/MapServer/51,
06f6b8336106ce3533,2007-07-17,stale,6949,53,Valley,Forsman Reservoir,official_fwp_stocking_record,"Montana Fish, Wildlife & Parks",True,,Fish stocking record for Forsman Reservoir,"Montana FWP records a stocking event at Forsman Reservoir involving Largemouth Bass and 1,500 fish. Stocking schedules and completed records can change; open the official source for details.",Largemouth Bass,,,https://fwp-gis.mt.gov/arcgis/rest/services/fish/fishViewer/MapServer/38,
4f77d232f84f652698,2007-06-27,stale,6969,16,Gallatin,Albino Lake,official_fwp_fish_survey,"Montana Fish, Wildlife & Parks",True,,Official fish survey record for Albino Lake,Montana FWP's Fisheries Information System records a fish survey at Albino Lake. Species recorded include No Fish Caught. The survey records represented 1 fish across the latest grouped records.,No Fish Caught,Official FWP fisheries survey; survey gear and methods vary by record.,,https://fwp-gis.mt.gov/arcgis/rest/services/fish/fishViewer/MapServer/51,
65c37720d529ced864,2007-06-14,stale,6982,44,Rosebud,Slaughterhouse Creek,official_fwp_fish_survey,"Montana Fish, Wildlife & Parks",True,,Official fish survey record for Slaughterhouse Creek,Montana FWP's Fisheries Information System records a fish survey at Slaughterhouse Creek. Species recorded include Surveyed Site dry. The survey records represented 1 fish across the latest grouped records.,Surveyed Site dry,Official FWP fisheries survey; survey gear and methods vary by record.,,https://fwp-gis.mt.gov/arcgis/rest/services/fish/fishViewer/MapServer/51,
4ae075de856fbab917,2007-06-05,stale,6991,11,Dawson,War Dance Cr,official_fwp_fish_survey,"Montana Fish, Wildlife & Parks",True,,Official fish survey record for War Dance Cr,Montana FWP's Fisheries Information System records a fish survey at War Dance Cr. Species recorded include Surveyed Site dry. The survey records represented 1 fish across the latest grouped records.,Surveyed Site dry,Official FWP fisheries survey; survey gear and methods vary by record.,,https://fwp-gis.mt.gov/arcgis/rest/services/fish/fishViewer/MapServer/51,
e5215aa707687a27fa,2006-10-19,stale,7220,56,Yellowstone,Blue Creek,official_fwp_fish_survey,"Montana Fish, Wildlife & Parks",True,,Official fish survey record for Blue Creek,"Montana FWP's Fisheries Information System records a fish survey at Blue Creek. Species recorded include Brook Stickleback, Fathead Minnow, Green Sunfish, Lake Chub, Longnose Dace, Longnose Sucker, Mountain Sucker, White Sucker. The survey records represented 829 fish across the latest grouped records.","Brook Stickleback, Fathead Minnow, Green Sunfish, Lake Chub, Longnose Dace, Longnose Sucker, Mountain Sucker, White Sucker",Official FWP fisheries survey; survey gear and methods vary by record.,,https://fwp-gis.mt.gov/arcgis/rest/services/fish/fishViewer/MapServer/51,
fc35a9cac249858a84,2006-09-06,stale,7263,31,Mineral,Deer Creek,official_fwp_fish_survey,"Montana Fish, Wildlife & Parks",True,,Official fish survey record for Deer Creek,"Montana FWP's Fisheries Information System records a fish survey at Deer Creek. Species recorded include Brook Trout, Westslope Cutthroat Trout. The survey records represented 77 fish across the latest grouped records.","Brook Trout, Westslope Cutthroat Trout",Official FWP fisheries survey; survey gear and methods vary by record.,,https://fwp-gis.mt.gov/arcgis/rest/services/fish/fishViewer/MapServer/51,
956f8414ee53262683,2006-08-15,stale,7285,7,Cascade,Goon Coulee,official_fwp_fish_survey,"Montana Fish, Wildlife & Parks",True,,Official fish survey record for Goon Coulee,Montana FWP's Fisheries Information System records a fish survey at Goon Coulee. Species recorded include Surveyed Site dry. The survey records represented 1 fish across the latest grouped records.,Surveyed Site dry,Official FWP fisheries survey; survey gear and methods vary by record.,,https://fwp-gis.mt.gov/arcgis/rest/services/fish/fishViewer/MapServer/51,
bac7ef1ddb5868329b,2006-08-15,stale,7285,8,Chouteau,Eagle Creek,official_fwp_fish_survey,"Montana Fish, Wildlife & Parks",True,,Official fish survey record for Eagle Creek,"Montana FWP's Fisheries Information System records a fish survey at Eagle Creek. Species recorded include Brassy Minnow, Fathead Minnow, Lake Chub, Longnose Dace, Mountain Sucker, Northern Redbelly Dace, Stonecat, White Sucker. The survey records represented 782 fish across the latest grouped records.","Brassy Minnow, Fathead Minnow, Lake Chub, Longnose Dace, Mountain Sucker, Northern Redbelly Dace, Stonecat, White Sucker",Official FWP fisheries survey; survey gear and methods vary by record.,,https://fwp-gis.mt.gov/arcgis/rest/services/fish/fishViewer/MapServer/51,
eb414273580ae20353,2006-07-19,stale,7312,7,Cascade,Lord Coulee,official_fwp_fish_survey,"Montana Fish, Wildlife & Parks",True,,Official fish survey record for Lord Coulee,Montana FWP's Fisheries Information System records a fish survey at Lord Coulee. Species recorded include Surveyed Site dry. The survey records represented 1 fish across the latest grouped records.,Surveyed Site dry,Official FWP fisheries survey; survey gear and methods vary by record.,,https://fwp-gis.mt.gov/arcgis/rest/services/fish/fishViewer/MapServer/51,
cbb276be140a7f7945,2006-07-16,stale,7315,41,Ravalli,Gash Creek,official_fwp_fish_survey,"Montana Fish, Wildlife & Parks",True,,Official fish survey record for Gash Creek,Montana FWP's Fisheries Information System records a fish survey at Gash Creek. Species recorded include Westslope Cutthroat Trout. The survey records represented 8 fish across the latest grouped records.,Westslope Cutthroat Trout,Official FWP fisheries survey; survey gear and methods vary by record.,,https://fwp-gis.mt.gov/arcgis/rest/services/fish/fishViewer/MapServer/51,
872d73a447e5877e8b,2006-07-13,stale,7318,36,Phillips,Alder Gulch,official_fwp_fish_survey,"Montana Fish, Wildlife & Parks",True,,Official fish survey record for Alder Gulch,Montana FWP's Fisheries Information System records a fish survey at Alder Gulch. Species recorded include No Fish Caught. The survey records represented 2 fish across the latest grouped records.,No Fish Caught,Official FWP fisheries survey; survey gear and methods vary by record.,,https://fwp-gis.mt.gov/arcgis/rest/services/fish/fishViewer/MapServer/51,
8999f6d9e86a0d4304,2006-06-27,stale,7334,41,Ravalli,Bailey Lake,official_fwp_fish_survey,"Montana Fish, Wildlife & Parks",True,,Official fish survey record for Bailey Lake,"Montana FWP's Fisheries Information System records a fish survey at Bailey Lake. Species recorded include Rainbow Trout, Westslope Cutthroat Trout. The survey records represented 7 fish across the latest grouped records.","Rainbow Trout, Westslope Cutthroat Trout",Official FWP fisheries survey; survey gear and methods vary by record.,,https://fwp-gis.mt.gov/arcgis/rest/services/fish/fishViewer/MapServer/51,
48ece7548423f37f01,2006-06-13,stale,7348,52,Treasure,Muggins Creek,official_fwp_fish_survey,"Montana Fish, Wildlife & Parks",True,,Official fish survey record for Muggins Creek,Montana FWP's Fisheries Information System records a fish survey at Muggins Creek. Species recorded include No Fish Caught. The survey records represented 2 fish across the latest grouped records.,No Fish Caught,Official FWP fisheries survey; survey gear and methods vary by record.,,https://fwp-gis.mt.gov/arcgis/rest/services/fish/fishViewer/MapServer/51,
4e5145be75cead077a,2006-06-12,stale,7349,42,Richland,First Hay Creek,official_fwp_fish_survey,"Montana Fish, Wildlife & Parks",True,,Official fish survey record for First Hay Creek,"Montana FWP's Fisheries Information System records a fish survey at First Hay Creek. Species recorded include Channel Catfish, Emerald Shiner, Fathead Minnow, Longnose Dace, Minnow, No Fish Caught, Sand Shiner. The survey records represented 38 fish across the latest grouped records.","Channel Catfish, Emerald Shiner, Fathead Minnow, Longnose Dace, Minnow, No Fish Caught, Sand Shiner",Official FWP fisheries survey; survey gear and methods vary by record.,,https://fwp-gis.mt.gov/arcgis/rest/services/fish/fishViewer/MapServer/51,
10b094a97f14a7cc8b,2006-06-05,stale,7356,11,Dawson,Dry Creek,official_fwp_fish_survey,"Montana Fish, Wildlife & Parks",True,,Official fish survey record for Dry Creek,Montana FWP's Fisheries Information System records a fish survey at Dry Creek. Species recorded include No Fish Caught. The survey records represented 1 fish across the latest grouped records.,No Fish Caught,Official FWP fisheries survey; survey gear and methods vary by record.,,https://fwp-gis.mt.gov/arcgis/rest/services/fish/fishViewer/MapServer/51,
591d761b3f7ddaccc7,2006-06-01,stale,7360,42,Richland,Alkali Creek,official_fwp_fish_survey,"Montana Fish, Wildlife & Parks",True,,Official fish survey record for Alkali Creek,"Montana FWP's Fisheries Information System records a fish survey at Alkali Creek. Species recorded include Fathead Minnow, Minnow, No Fish Caught, River Carpsucker. The survey records represented 14 fish across the latest grouped records.","Fathead Minnow, Minnow, No Fish Caught, River Carpsucker",Official FWP fisheries survey; survey gear and methods vary by record.,,https://fwp-gis.mt.gov/arcgis/rest/services/fish/fishViewer/MapServer/51,
7a9263e3d013b4fd8d,2006-05-30,stale,7362,1,Beaverhead,Grasshopper Creek,official_fwp_fish_survey,"Montana Fish, Wildlife & Parks",True,,Official fish survey record for Grasshopper Creek,"Montana FWP's Fisheries Information System records a fish survey at Grasshopper Creek. Species recorded include Brook Trout, Brown Trout, Rainbow Trout. The survey records represented 235 fish across the latest grouped records.","Brook Trout, Brown Trout, Rainbow Trout",Official FWP fisheries survey; survey gear and methods vary by record.,,https://fwp-gis.mt.gov/arcgis/rest/services/fish/fishViewer/MapServer/51,
37ce255c2e232c2a8a,2006-04-21,stale,7401,16,Gallatin,Gallatin River,official_fwp_stocking_record,"Montana Fish, Wildlife & Parks",True,,Fish stocking record for Gallatin River,"Montana FWP records a stocking event at Gallatin River involving Arctic Grayling and 9,235 fish. Stocking schedules and completed records can change; open the official source for details.",Arctic Grayling,,,https://fwp-gis.mt.gov/arcgis/rest/services/fish/fishViewer/MapServer/38,
4078aed0a397eb9571,2005-08-01,stale,7664,53,Valley,Fifth Coulee,official_fwp_fish_survey,"Montana Fish, Wildlife & Parks",True,,Official fish survey record for Fifth Coulee,Montana FWP's Fisheries Information System records a fish survey at Fifth Coulee. Species recorded include Surveyed Site dry. The survey records represented 2 fish across the latest grouped records.,Surveyed Site dry,Official FWP fisheries survey; survey gear and methods vary by record.,,https://fwp-gis.mt.gov/arcgis/rest/services/fish/fishViewer/MapServer/51,
0122335dd34b156629,2005-07-27,stale,7669,8,Chouteau,Sheep Shed Coulee,official_fwp_fish_survey,"Montana Fish, Wildlife & Parks",True,,Official fish survey record for Sheep Shed Coulee,Montana FWP's Fisheries Information System records a fish survey at Sheep Shed Coulee. Species recorded include Surveyed Site dry. The survey records represented 1 fish across the latest grouped records.,Surveyed Site dry,Official FWP fisheries survey; survey gear and methods vary by record.,,https://fwp-gis.mt.gov/arcgis/rest/services/fish/fishViewer/MapServer/51,
063e852d0d07e7fdb3,2005-07-18,stale,7678,49,Sweet Grass,Work Creek,official_fwp_fish_survey,"Montana Fish, Wildlife & Parks",True,,Official fish survey record for Work Creek,"Montana FWP's Fisheries Information System records a fish survey at Work Creek. Species recorded include Brown Trout, White Sucker. The survey records represented 306 fish across the latest grouped records.","Brown Trout, White Sucker",Official FWP fisheries survey; survey gear and methods vary by record.,,https://fwp-gis.mt.gov/arcgis/rest/services/fish/fishViewer/MapServer/51,
7705a301da04b33ab2,2005-07-13,stale,7683,36,Phillips,Batosh Reservoir,official_fwp_fish_survey,"Montana Fish, Wildlife & Parks",True,,Official fish survey record for Batosh Reservoir,Montana FWP's Fisheries Information System records a fish survey at Batosh Reservoir. Species recorded include Rainbow Trout. The survey records represented 27 fish across the latest grouped records.,Rainbow Trout,Official FWP fisheries survey; survey gear and methods vary by record.,,https://fwp-gis.mt.gov/arcgis/rest/services/fish/fishViewer/MapServer/51,
b9d152405c89cf6585,2005-07-12,stale,7684,41,Ravalli,"Chaffin Creek, S Fk",official_fwp_fish_survey,"Montana Fish, Wildlife & Parks",True,,"Official fish survey record for Chaffin Creek, S Fk","Montana FWP's Fisheries Information System records a fish survey at Chaffin Creek, S Fk. Species recorded include Westslope Cutthroat Trout. The survey records represented 22 fish across the latest grouped records.",Westslope Cutthroat Trout,Official FWP fisheries survey; survey gear and methods vary by record.,,https://fwp-gis.mt.gov/arcgis/rest/services/fish/fishViewer/MapServer/51,
b6c298965d8a9fd459,2005-07-10,stale,7686,15,Flathead,Red Meadow Lake,official_fwp_stocking_record,"Montana Fish, Wildlife & Parks",True,,Fish stocking record for Red Meadow Lake,"Montana FWP records a stocking event at Red Meadow Lake involving Arctic Grayling and 15,000 fish. Stocking schedules and completed records can change; open the official source for details.",Arctic Grayling,,,https://fwp-gis.mt.gov/arcgis/rest/services/fish/fishViewer/MapServer/38,
0b65d40e61679b99d6,2005-07-08,stale,7688,52,Treasure,Froze To Death Creek,official_fwp_fish_survey,"Montana Fish, Wildlife & Parks",True,,Official fish survey record for Froze To Death Creek,"Montana FWP's Fisheries Information System records a fish survey at Froze To Death Creek. Species recorded include Black Bullhead, Channel Catfish, Common Carp, Emerald Shiner, Fathead Minnow, Plains Minnow, River Carpsucker, Western Silvery Minnow, White Sucker. The survey records represented 561 fish across the latest grouped records.","Black Bullhead, Channel Catfish, Common Carp, Emerald Shiner, Fathead Minnow, Plains Minnow, River Carpsucker, Western Silvery Minnow, White Sucker",Official FWP fisheries survey; survey gear and methods vary by record.,,https://fwp-gis.mt.gov/arcgis/rest/services/fish/fishViewer/MapServer/51,
cb4c1ac235bf9b57f4,2005-07-07,stale,7689,3,Blaine,Ridge Reservoir,official_fwp_fish_survey,"Montana Fish, Wildlife & Parks",True,,Official fish survey record for Ridge Reservoir,Montana FWP's Fisheries Information System records a fish survey at Ridge Reservoir. Species recorded include No Fish Caught. The survey records represented 1 fish across the latest grouped records.,No Fish Caught,Official FWP fisheries survey; survey gear and methods vary by record.,,https://fwp-gis.mt.gov/arcgis/rest/services/fish/fishViewer/MapServer/51,
67a5d2dfe2ef3b9df2,2005-06-30,stale,7696,14,Fergus,Jakes Reservoir,official_fwp_stocking_record,"Montana Fish, Wildlife & Parks",True,,Fish stocking record for Jakes Reservoir,"Montana FWP records a stocking event at Jakes Reservoir involving Sauger and 1,000 fish. Stocking schedules and completed records can change; open the official source for details.",Sauger,,,https://fwp-gis.mt.gov/arcgis/rest/services/fish/fishViewer/MapServer/38,
b39608b22923695a95,2005-06-29,stale,7697,26,Liberty,Wilson Coulee,official_fwp_fish_survey,"Montana Fish, Wildlife & Parks",True,,Official fish survey record for Wilson Coulee,Montana FWP's Fisheries Information System records a fish survey at Wilson Coulee. Species recorded include Surveyed Site dry. The survey records represented 1 fish across the latest grouped records.,Surveyed Site dry,Official FWP fisheries survey; survey gear and methods vary by record.,,https://fwp-gis.mt.gov/arcgis/rest/services/fish/fishViewer/MapServer/51,
6f405a3c08c3066030,2005-06-21,stale,7705,26,Liberty,Spring Coulee,official_fwp_fish_survey,"Montana Fish, Wildlife & Parks",True,,Official fish survey record for Spring Coulee,Montana FWP's Fisheries Information System records a fish survey at Spring Coulee. Species recorded include No Fish Caught. The survey records represented 1 fish across the latest grouped records.,No Fish Caught,Official FWP fisheries survey; survey gear and methods vary by record.,,https://fwp-gis.mt.gov/arcgis/rest/services/fish/fishViewer/MapServer/51,
e6de3cfc2ef0289eb8,2005-06-02,stale,7724,29,McCone,Nelson Creek,official_fwp_fish_survey,"Montana Fish, Wildlife & Parks",True,,Official fish survey record for Nelson Creek,"Montana FWP's Fisheries Information System records a fish survey at Nelson Creek. Species recorded include Brook Stickleback, Creek Chub, Fathead Minnow, Lake Chub, Longnose Dace, Plains Killifish, Plains Minnow, Sand Shiner, White Sucker. The survey records represented 153 fish across the latest grouped records.","Brook Stickleback, Creek Chub, Fathead Minnow, Lake Chub, Longnose Dace, Plains Killifish, Plains Minnow, Sand Shiner, White Sucker",Official FWP fisheries survey; survey gear and methods vary by record.,,https://fwp-gis.mt.gov/arcgis/rest/services/fish/fishViewer/MapServer/51,
511cc4304e689483aa,2005-05-04,stale,7753,9,Custer,Sand Creek,official_fwp_fish_survey,"Montana Fish, Wildlife & Parks",True,,Official fish survey record for Sand Creek,Montana FWP's Fisheries Information System records a fish survey at Sand Creek. Species recorded include No Fish Caught. The survey records represented 1 fish across the latest grouped records.,No Fish Caught,Official FWP fisheries survey; survey gear and methods vary by record.,,https://fwp-gis.mt.gov/arcgis/rest/services/fish/fishViewer/MapServer/51,
d5daffe25959e34a99,2004-08-21,stale,8009,8,Chouteau,Shonkin Creek,official_fwp_fish_survey,"Montana Fish, Wildlife & Parks",True,,Official fish survey record for Shonkin Creek,"Montana FWP's Fisheries Information System records a fish survey at Shonkin Creek. Species recorded include Fathead Minnow, Flathead Chub, Lake Chub, Longnose Dace, Longnose Sucker, Mountain Sucker, Sand Shiner, Shorthead Redhorse, Stonecat, Western Silvery Minnow, White Sucker. The survey records represented 1,202 fish across the latest grouped records.","Fathead Minnow, Flathead Chub, Lake Chub, Longnose Dace, Longnose Sucker, Mountain Sucker, Sand Shiner, Shorthead Redhorse, Stonecat, Western Silvery Minnow, White Sucker",Official FWP fisheries survey; survey gear and methods vary by record.,,https://fwp-gis.mt.gov/arcgis/rest/services/fish/fishViewer/MapServer/51,
7b54f0fa2c93995016,2004-07-13,stale,8048,25,Lewis and Clark,Cabin Creek,official_fwp_fish_survey,"Montana Fish, Wildlife & Parks",True,,Official fish survey record for Cabin Creek,"Montana FWP's Fisheries Information System records a fish survey at Cabin Creek. Species recorded include Bull Trout, Cutthroat Trout. The survey records represented 38 fish across the latest grouped records.","Bull Trout, Cutthroat Trout",Official FWP fisheries survey; survey gear and methods vary by record.,,https://fwp-gis.mt.gov/arcgis/rest/services/fish/fishViewer/MapServer/51,
08bdeec3f612e3cebe,2004-06-10,stale,8081,36,Phillips,Alkali Creek,official_fwp_fish_survey,"Montana Fish, Wildlife & Parks",True,,Official fish survey record for Alkali Creek,Montana FWP's Fisheries Information System records a fish survey at Alkali Creek. Species recorded include Fathead Minnow. The survey records represented 35 fish across the latest grouped records.,Fathead Minnow,Official FWP fisheries survey; survey gear and methods vary by record.,,https://fwp-gis.mt.gov/arcgis/rest/services/fish/fishViewer/MapServer/51,
3c50e2c59ea21a63a3,2004-05-27,stale,8095,48,Stillwater,Grove Creek,official_fwp_fish_survey,"Montana Fish, Wildlife & Parks",True,,Official fish survey record for Grove Creek,"Montana FWP's Fisheries Information System records a fish survey at Grove Creek. Species recorded include Fathead Minnow, Lake Chub, Longnose Dace, Mountain Sucker, White Sucker. The survey records represented 715 fish across the latest grouped records.","Fathead Minnow, Lake Chub, Longnose Dace, Mountain Sucker, White Sucker",Official FWP fisheries survey; survey gear and methods vary by record.,,https://fwp-gis.mt.gov/arcgis/rest/services/fish/fishViewer/MapServer/51,
aac53a2ce64592d80f,2004-04-15,stale,8137,56,Yellowstone,Pompeys Overpass Creek,official_fwp_fish_survey,"Montana Fish, Wildlife & Parks",True,,Official fish survey record for Pompeys Overpass Creek,"Montana FWP's Fisheries Information System records a fish survey at Pompeys Overpass Creek. Species recorded include Fathead Minnow, Flathead Chub, Longnose Dace, Longnose Sucker, Sand Shiner, Shorthead Redhorse, Western Silvery Minnow, White Sucker. The survey records represented 192 fish across the latest grouped records.","Fathead Minnow, Flathead Chub, Longnose Dace, Longnose Sucker, Sand Shiner, Shorthead Redhorse, Western Silvery Minnow, White Sucker",Official FWP fisheries survey; survey gear and methods vary by record.,,https://fwp-gis.mt.gov/arcgis/rest/services/fish/fishViewer/MapServer/51,
c90912ad725c9e8437,2004-03-05,stale,8178,32,Missoula,Milltown Dam,official_fwp_fish_survey,"Montana Fish, Wildlife & Parks",True,,Official fish survey record for Milltown Dam,"Montana FWP's Fisheries Information System records a fish survey at Milltown Dam. Species recorded include Brown Trout, Largescale Sucker, Mountain Whitefish, Northern Pike, Rainbow Trout. The survey records represented 36 fish across the latest grouped records.","Brown Trout, Largescale Sucker, Mountain Whitefish, Northern Pike, Rainbow Trout",Official FWP fisheries survey; survey gear and methods vary by record.,,https://fwp-gis.mt.gov/arcgis/rest/services/fish/fishViewer/MapServer/51,
7c706abab4b2fb6a5a,2003-08-13,stale,8383,49,Sweet Grass,Great Falls Creek,official_fwp_fish_survey,"Montana Fish, Wildlife & Parks",True,,Official fish survey record for Great Falls Creek,Montana FWP's Fisheries Information System records a fish survey at Great Falls Creek. Species recorded include Rainbow Trout. The survey records represented 8 fish across the latest grouped records.,Rainbow Trout,Official FWP fisheries survey; survey gear and methods vary by record.,,https://fwp-gis.mt.gov/arcgis/rest/services/fish/fishViewer/MapServer/51,
1b08b58e51f12ef179,2003-08-07,stale,8389,28,Madison,Twin Lakes,official_fwp_stocking_record,"Montana Fish, Wildlife & Parks",True,,Fish stocking record for Twin Lakes,Montana FWP records a stocking event at Twin Lakes involving Yellowstone Cutthroat Trout and 250 fish. Stocking schedules and completed records can change; open the official source for details.,Yellowstone Cutthroat Trout,,,https://fwp-gis.mt.gov/arcgis/rest/services/fish/fishViewer/MapServer/38,
061e9cfa3ce95ea25b,2003-05-28,stale,8460,31,Mineral,Superior Golf Course Pond,official_fwp_stocking_record,"Montana Fish, Wildlife & Parks",True,,Fish stocking record for Superior Golf Course Pond,Montana FWP records a stocking event at Superior Golf Course Pond involving Rainbow Trout and 4 fish. Stocking schedules and completed records can change; open the official source for details.,Rainbow Trout,,,https://fwp-gis.mt.gov/arcgis/rest/services/fish/fishViewer/MapServer/38,
f0d977dbcef52c0fac,2003-05-20,stale,8468,28,Madison,Twin Lakes,official_fwp_fish_survey,"Montana Fish, Wildlife & Parks",True,,Official fish survey record for Twin Lakes,Montana FWP's Fisheries Information System records a fish survey at Twin Lakes. Species recorded include Rainbow Trout. The survey records represented 20 fish across the latest grouped records.,Rainbow Trout,Official FWP fisheries survey; survey gear and methods vary by record.,,https://fwp-gis.mt.gov/arcgis/rest/services/fish/fishViewer/MapServer/51,
5167de146ad5571bdc,2002-07-16,stale,8776,41,Ravalli,Little Rock Creek,official_fwp_fish_survey,"Montana Fish, Wildlife & Parks",True,,Official fish survey record for Little Rock Creek,Montana FWP's Fisheries Information System records a fish survey at Little Rock Creek. Species recorded include Westslope Cutthroat Trout. The survey records represented 28 fish across the latest grouped records.,Westslope Cutthroat Trout,Official FWP fisheries survey; survey gear and methods vary by record.,,https://fwp-gis.mt.gov/arcgis/rest/services/fish/fishViewer/MapServer/51,
da5e8a4ef892e17452,2002-06-17,stale,8805,1,Beaverhead,Beaverhead River,official_fwp_stocking_record,"Montana Fish, Wildlife & Parks",True,,Fish stocking record for Beaverhead River,"Montana FWP records a stocking event at Beaverhead River involving Arctic Grayling and 2,552 fish. Stocking schedules and completed records can change; open the official source for details.",Arctic Grayling,,,https://fwp-gis.mt.gov/arcgis/rest/services/fish/fishViewer/MapServer/38,
3e15df76d5e44e345f,2001-07-25,stale,9132,30,Meagher,Calf Creek,official_fwp_fish_survey,"Montana Fish, Wildlife & Parks",True,,Official fish survey record for Calf Creek,"Montana FWP's Fisheries Information System records a fish survey at Calf Creek. Species recorded include Brook Trout, Rainbow Trout, Westslope X Rainbow. The survey records represented 147 fish across the latest grouped records.","Brook Trout, Rainbow Trout, Westslope X Rainbow",Official FWP fisheries survey; survey gear and methods vary by record.,,https://fwp-gis.mt.gov/arcgis/rest/services/fish/fishViewer/MapServer/51,
c73c5ef51addfbb532,2001-07-19,stale,9138,34,Park,Emigrant Pond,official_fwp_fish_survey,"Montana Fish, Wildlife & Parks",True,,Official fish survey record for Emigrant Pond,"Montana FWP's Fisheries Information System records a fish survey at Emigrant Pond. Species recorded include White Sucker, Yellow Perch. The survey records represented 235 fish across the latest grouped records.","White Sucker, Yellow Perch",Official FWP fisheries survey; survey gear and methods vary by record.,,https://fwp-gis.mt.gov/arcgis/rest/services/fish/fishViewer/MapServer/51,
eaf8f7a083efc8b3b9,2001-05-23,stale,9195,14,Fergus,Fritzner Reservoir,official_fwp_stocking_record,"Montana Fish, Wildlife & Parks",True,,Fish stocking record for Fritzner Reservoir,"Montana FWP records a stocking event at Fritzner Reservoir involving Rainbow Trout and 1,516 fish. Stocking schedules and completed records can change; open the official source for details.",Rainbow Trout,,,https://fwp-gis.mt.gov/arcgis/rest/services/fish/fishViewer/MapServer/38,
4516778d05752e36b4,2001-05-22,stale,9196,14,Fergus,Fritzner Reservoir,official_fwp_fish_survey,"Montana Fish, Wildlife & Parks",True,,Official fish survey record for Fritzner Reservoir,Montana FWP's Fisheries Information System records a fish survey at Fritzner Reservoir. Species recorded include No Fish Caught. The survey records represented 1 fish across the latest grouped records.,No Fish Caught,Official FWP fisheries survey; survey gear and methods vary by record.,,https://fwp-gis.mt.gov/arcgis/rest/services/fish/fishViewer/MapServer/51,
189478c2e6a6ae9395,2001-02-05,stale,9302,25,Lewis and Clark,Spokane Creek,official_fwp_stocking_record,"Montana Fish, Wildlife & Parks",True,,Fish stocking record for Spokane Creek,"Montana FWP records a stocking event at Spokane Creek involving Kokanee and 658,300 fish. Stocking schedules and completed records can change; open the official source for details.",Kokanee,,,https://fwp-gis.mt.gov/arcgis/rest/services/fish/fishViewer/MapServer/38,
9d7246f6e7625ffb0f,2000-09-09,stale,9451,26,Liberty,Pondera Coulee,official_fwp_fish_survey,"Montana Fish, Wildlife & Parks",True,,Official fish survey record for Pondera Coulee,"Montana FWP's Fisheries Information System records a fish survey at Pondera Coulee. Species recorded include Brassy Minnow, Brook Stickleback, Common Carp, Fathead Minnow, Lake Chub, Longnose Dace, White Sucker. The survey records represented 208 fish across the latest grouped records.","Brassy Minnow, Brook Stickleback, Common Carp, Fathead Minnow, Lake Chub, Longnose Dace, White Sucker",Official FWP fisheries survey; survey gear and methods vary by record.,,https://fwp-gis.mt.gov/arcgis/rest/services/fish/fishViewer/MapServer/51,
2e457b816feadd2b30,2000-08-08,stale,9483,39,Powell,Yourname Creek,official_fwp_fish_survey,"Montana Fish, Wildlife & Parks",True,,Official fish survey record for Yourname Creek,"Montana FWP's Fisheries Information System records a fish survey at Yourname Creek. Species recorded include No Fish Caught, Sculpin, Westslope Cutthroat Trout. The survey records represented 93 fish across the latest grouped records.","No Fish Caught, Sculpin, Westslope Cutthroat Trout",Official FWP fisheries survey; survey gear and methods vary by record.,,https://fwp-gis.mt.gov/arcgis/rest/services/fish/fishViewer/MapServer/51,
5f220a786160e54320,2000-07-28,stale,9494,39,Powell,Dry Creek,official_fwp_fish_survey,"Montana Fish, Wildlife & Parks",True,,Official fish survey record for Dry Creek,"Montana FWP's Fisheries Information System records a fish survey at Dry Creek. Species recorded include Brook Trout, Bull Trout, Westslope Cutthroat Trout. The survey records represented 24 fish across the latest grouped records.","Brook Trout, Bull Trout, Westslope Cutthroat Trout",Official FWP fisheries survey; survey gear and methods vary by record.,,https://fwp-gis.mt.gov/arcgis/rest/services/fish/fishViewer/MapServer/51,
b1a80d01afbadaae40,2000-06-26,stale,9526,32,Missoula,Union Creek,official_fwp_fish_survey,"Montana Fish, Wildlife & Parks",True,,Official fish survey record for Union Creek,"Montana FWP's Fisheries Information System records a fish survey at Union Creek. Species recorded include Brook Trout, Longnose Dace, Longnose Sucker, Redside Shiner, Westslope Cutthroat Trout. The survey records represented 16 fish across the latest grouped records.","Brook Trout, Longnose Dace, Longnose Sucker, Redside Shiner, Westslope Cutthroat Trout",Official FWP fisheries survey; survey gear and methods vary by record.,,https://fwp-gis.mt.gov/arcgis/rest/services/fish/fishViewer/MapServer/51,
397f4b31286fe68c96,2000-06-22,stale,9530,27,Lincoln,Tetrault Lake,official_fwp_fish_survey,"Montana Fish, Wildlife & Parks",True,,Official fish survey record for Tetrault Lake,"Montana FWP's Fisheries Information System records a fish survey at Tetrault Lake. Species recorded include Largemouth Bass, Rainbow Trout, Smallmouth Bass, Westslope Cutthroat Trout. The survey records represented 34 fish across the latest grouped records.","Largemouth Bass, Rainbow Trout, Smallmouth Bass, Westslope Cutthroat Trout",Official FWP fisheries survey; survey gear and methods vary by record.,,https://fwp-gis.mt.gov/arcgis/rest/services/fish/fishViewer/MapServer/51,
60244ced5050a25647,2000-06-16,stale,9536,15,Flathead,Montana Veterans Home Pond,official_fwp_stocking_record,"Montana Fish, Wildlife & Parks",True,,Fish stocking record for Montana Veterans Home Pond,Montana FWP records a stocking event at Montana Veterans Home Pond involving Rainbow Trout and 32 fish. Stocking schedules and completed records can change; open the official source for details.,Rainbow Trout,,,https://fwp-gis.mt.gov/arcgis/rest/services/fish/fishViewer/MapServer/38,
76669ecd09d52640e1,2000-06-14,stale,9538,28,Madison,KOA Dredge Pond,official_fwp_stocking_record,"Montana Fish, Wildlife & Parks",True,,Fish stocking record for KOA Dredge Pond,Montana FWP records a stocking event at KOA Dredge Pond involving Rainbow Trout and 100 fish. Stocking schedules and completed records can change; open the official source for details.,Rainbow Trout,,,https://fwp-gis.mt.gov/arcgis/rest/services/fish/fishViewer/MapServer/38,
2f0b0b19b483a21f0a,2000-06-07,stale,9545,15,Flathead,Taylor Spring Creek,official_fwp_stocking_record,"Montana Fish, Wildlife & Parks",True,,Fish stocking record for Taylor Spring Creek,"Montana FWP records a stocking event at Taylor Spring Creek involving Westslope Cutthroat Trout and 19,998 fish. Stocking schedules and completed records can change; open the official source for details.",Westslope Cutthroat Trout,,,https://fwp-gis.mt.gov/arcgis/rest/services/fish/fishViewer/MapServer/38,
fe42a7cb799eb1c452,2000-04-21,stale,9592,36,Phillips,Pr 109a Reservoir,official_fwp_stocking_record,"Montana Fish, Wildlife & Parks",True,,Fish stocking record for Pr 109a Reservoir,"Montana FWP records a stocking event at Pr 109a Reservoir involving Rainbow Trout and 2,039 fish. Stocking schedules and completed records can change; open the official source for details.",Rainbow Trout,,,https://fwp-gis.mt.gov/arcgis/rest/services/fish/fishViewer/MapServer/38,
5962e0b0fecb835557,2000-03-28,stale,9616,41,Ravalli,Spring Creek (unnamed),official_fwp_fish_survey,"Montana Fish, Wildlife & Parks",True,,Official fish survey record for Spring Creek (unnamed),"Montana FWP's Fisheries Information System records a fish survey at Spring Creek (unnamed). Species recorded include Brown Trout, Longnose Sucker, Rainbow Trout, Redside Shiner. The survey records represented 47 fish across the latest grouped records.","Brown Trout, Longnose Sucker, Rainbow Trout, Redside Shiner",Official FWP fisheries survey; survey gear and methods vary by record.,,https://fwp-gis.mt.gov/arcgis/rest/services/fish/fishViewer/MapServer/51,
e0b32300cbd29e69e6,1999-07-26,stale,9862,17,Garfield,Devils Creek,official_fwp_fish_survey,"Montana Fish, Wildlife & Parks",True,,Official fish survey record for Devils Creek,Montana FWP's Fisheries Information System records a fish survey at Devils Creek. Species recorded include Surveyed Site dry. The survey records represented 1 fish across the latest grouped records.,Surveyed Site dry,Official FWP fisheries survey; survey gear and methods vary by record.,,https://fwp-gis.mt.gov/arcgis/rest/services/fish/fishViewer/MapServer/51,
97e4f2ed4f97eab023,1999-07-16,stale,9872,29,McCone,Mcguire Creek,official_fwp_fish_survey,"Montana Fish, Wildlife & Parks",True,,Official fish survey record for Mcguire Creek,"Montana FWP's Fisheries Information System records a fish survey at Mcguire Creek. Species recorded include Common Carp, Fathead Minnow, Minnow. The survey records represented 20 fish across the latest grouped records.","Common Carp, Fathead Minnow, Minnow",Official FWP fisheries survey; survey gear and methods vary by record.,,https://fwp-gis.mt.gov/arcgis/rest/services/fish/fishViewer/MapServer/51,
dc73ed1ab6f18105a4,1999-07-13,stale,9875,36,Phillips,Kill Woman Creek,official_fwp_fish_survey,"Montana Fish, Wildlife & Parks",True,,Official fish survey record for Kill Woman Creek,"Montana FWP's Fisheries Information System records a fish survey at Kill Woman Creek. Species recorded include Fathead Minnow, Minnow. The survey records represented 43 fish across the latest grouped records.","Fathead Minnow, Minnow",Official FWP fisheries survey; survey gear and methods vary by record.,,https://fwp-gis.mt.gov/arcgis/rest/services/fish/fishViewer/MapServer/51,
c5e409516814912263,1999-04-26,stale,9953,25,Lewis and Clark,Lake Helena,official_fwp_stocking_record,"Montana Fish, Wildlife & Parks",True,,Fish stocking record for Lake Helena,"Montana FWP records a stocking event at Lake Helena involving Kokanee and 86,400 fish. Stocking schedules and completed records can change; open the official source for details.",Kokanee,,,https://fwp-gis.mt.gov/arcgis/rest/services/fish/fishViewer/MapServer/38,
b73bf20533457f31bb,1998-08-31,stale,10191,30,Meagher,Iron Mines Creek,official_fwp_fish_survey,"Montana Fish, Wildlife & Parks",True,,Official fish survey record for Iron Mines Creek,Montana FWP's Fisheries Information System records a fish survey at Iron Mines Creek. Species recorded include Westslope Cutthroat Trout. The survey records represented 15 fish across the latest grouped records.,Westslope Cutthroat Trout,Official FWP fisheries survey; survey gear and methods vary by record.,,https://fwp-gis.mt.gov/arcgis/rest/services/fish/fishViewer/MapServer/51,
7cbfc709a6d2392f48,1998-08-12,stale,10210,41,Ravalli,Sheafman Creek,official_fwp_fish_survey,"Montana Fish, Wildlife & Parks",True,,Official fish survey record for Sheafman Creek,Montana FWP's Fisheries Information System records a fish survey at Sheafman Creek. Species recorded include Westslope Cutthroat Trout. The survey records represented 25 fish across the latest grouped records.,Westslope Cutthroat Trout,Official FWP fisheries survey; survey gear and methods vary by record.,,https://fwp-gis.mt.gov/arcgis/rest/services/fish/fishViewer/MapServer/51,
1c353ca4cfefbd3f11,1998-08-11,stale,10211,32,Missoula,Burnt Bridge Creek,official_fwp_fish_survey,"Montana Fish, Wildlife & Parks",True,,Official fish survey record for Burnt Bridge Creek,Montana FWP's Fisheries Information System records a fish survey at Burnt Bridge Creek. Species recorded include Brook Trout. The survey records represented 5 fish across the latest grouped records.,Brook Trout,Official FWP fisheries survey; survey gear and methods vary by record.,,https://fwp-gis.mt.gov/arcgis/rest/services/fish/fishViewer/MapServer/51,
53b5cd93666d8b6022,1997-06-12,stale,10636,15,Flathead,Elliot Creek,official_fwp_stocking_record,"Montana Fish, Wildlife & Parks",True,,Fish stocking record for Elliot Creek,"Montana FWP records a stocking event at Elliot Creek involving Westslope Cutthroat Trout and 19,670 fish. Stocking schedules and completed records can change; open the official source for details.",Westslope Cutthroat Trout,,,https://fwp-gis.mt.gov/arcgis/rest/services/fish/fishViewer/MapServer/38,
93f3dfd68e1ff0ff3e,1996-10-15,stale,10876,27,Lincoln,Geibler Creek,official_fwp_fish_survey,"Montana Fish, Wildlife & Parks",True,,Official fish survey record for Geibler Creek,Montana FWP's Fisheries Information System records a fish survey at Geibler Creek. Species recorded include Rainbow Trout. The survey records represented 4 fish across the latest grouped records.,Rainbow Trout,Official FWP fisheries survey; survey gear and methods vary by record.,,https://fwp-gis.mt.gov/arcgis/rest/services/fish/fishViewer/MapServer/51,
da7ef03dcc2a481f62,1996-08-27,stale,10925,8,Chouteau,Belt Creek,official_fwp_stocking_record,"Montana Fish, Wildlife & Parks",True,,Fish stocking record for Belt Creek,Montana FWP records a stocking event at Belt Creek involving Rainbow Trout and 575 fish. Stocking schedules and completed records can change; open the official source for details.,Rainbow Trout,,,https://fwp-gis.mt.gov/arcgis/rest/services/fish/fishViewer/MapServer/38,
ed85124cf3880fdfce,1996-08-26,stale,10926,41,Ravalli,Flat Rock Creek,official_fwp_fish_survey,"Montana Fish, Wildlife & Parks",True,,Official fish survey record for Flat Rock Creek,"Montana FWP's Fisheries Information System records a fish survey at Flat Rock Creek. Species recorded include Brook Trout, Bull Trout, Westslope Cutthroat Trout. The survey records represented 17 fish across the latest grouped records.","Brook Trout, Bull Trout, Westslope Cutthroat Trout",Official FWP fisheries survey; survey gear and methods vary by record.,,https://fwp-gis.mt.gov/arcgis/rest/services/fish/fishViewer/MapServer/51,
7167cac56c9a8f4065,1995-09-13,stale,11274,23,Judith Basin,Lyons Gulch,official_fwp_fish_survey,"Montana Fish, Wildlife & Parks",True,,Official fish survey record for Lyons Gulch,"Montana FWP's Fisheries Information System records a fish survey at Lyons Gulch. Species recorded include Brook Trout, Westslope Cutthroat Trout. The survey records represented 57 fish across the latest grouped records.","Brook Trout, Westslope Cutthroat Trout",Official FWP fisheries survey; survey gear and methods vary by record.,,https://fwp-gis.mt.gov/arcgis/rest/services/fish/fishViewer/MapServer/51,
03ccfbbef8ad3d619f,1995-08-15,stale,11303,41,Ravalli,Lowman Creek,official_fwp_fish_survey,"Montana Fish, Wildlife & Parks",True,,Official fish survey record for Lowman Creek,Montana FWP's Fisheries Information System records a fish survey at Lowman Creek. Species recorded include Westslope Cutthroat Trout. The survey records represented 13 fish across the latest grouped records.,Westslope Cutthroat Trout,Official FWP fisheries survey; survey gear and methods vary by record.,,https://fwp-gis.mt.gov/arcgis/rest/services/fish/fishViewer/MapServer/51,
abc1568782dc0598fa,1995-08-11,stale,11307,27,Lincoln,Bristow Creek,official_fwp_fish_survey,"Montana Fish, Wildlife & Parks",True,,Official fish survey record for Bristow Creek,"Montana FWP's Fisheries Information System records a fish survey at Bristow Creek. Species recorded include Brook Trout, Westslope X Rainbow. The survey records represented 27 fish across the latest grouped records.","Brook Trout, Westslope X Rainbow",Official FWP fisheries survey; survey gear and methods vary by record.,,https://fwp-gis.mt.gov/arcgis/rest/services/fish/fishViewer/MapServer/51,
cc5df212a382142628,1995-08-10,stale,11308,27,Lincoln,Canyon Creek,official_fwp_fish_survey,"Montana Fish, Wildlife & Parks",True,,Official fish survey record for Canyon Creek,Montana FWP's Fisheries Information System records a fish survey at Canyon Creek. Species recorded include Rainbow Trout. The survey records represented 12 fish across the latest grouped records.,Rainbow Trout,Official FWP fisheries survey; survey gear and methods vary by record.,,https://fwp-gis.mt.gov/arcgis/rest/services/fish/fishViewer/MapServer/51,
f62dca14557ea0c405,1995-08-09,stale,11309,24,Lake,Hall Creek,official_fwp_stocking_record,"Montana Fish, Wildlife & Parks",True,,Fish stocking record for Hall Creek,"Montana FWP records a stocking event at Hall Creek involving Westslope Cutthroat Trout and 20,000 fish. Stocking schedules and completed records can change; open the official source for details.",Westslope Cutthroat Trout,,,https://fwp-gis.mt.gov/arcgis/rest/services/fish/fishViewer/MapServer/38,
79603877751d60bb04,1995-08-08,stale,11310,16,Gallatin,East Gallatin River,official_fwp_stocking_record,"Montana Fish, Wildlife & Parks",True,,Fish stocking record for East Gallatin River,"Montana FWP records a stocking event at East Gallatin River involving Arctic Grayling and 3,787 fish. Stocking schedules and completed records can change; open the official source for details.",Arctic Grayling,,,https://fwp-gis.mt.gov/arcgis/rest/services/fish/fishViewer/MapServer/38,
da495cc452437e80bc,1995-07-18,stale,11331,41,Ravalli,Barley Creek,official_fwp_fish_survey,"Montana Fish, Wildlife & Parks",True,,Official fish survey record for Barley Creek,Montana FWP's Fisheries Information System records a fish survey at Barley Creek. Species recorded include Brook Trout. The survey records represented 19 fish across the latest grouped records.,Brook Trout,Official FWP fisheries survey; survey gear and methods vary by record.,,https://fwp-gis.mt.gov/arcgis/rest/services/fish/fishViewer/MapServer/51,
d1243287e21d3403ce,1995-07-14,stale,11335,41,Ravalli,Judd Creek,official_fwp_fish_survey,"Montana Fish, Wildlife & Parks",True,,Official fish survey record for Judd Creek,Montana FWP's Fisheries Information System records a fish survey at Judd Creek. Species recorded include Westslope Cutthroat Trout. The survey records represented 8 fish across the latest grouped records.,Westslope Cutthroat Trout,Official FWP fisheries survey; survey gear and methods vary by record.,,https://fwp-gis.mt.gov/arcgis/rest/services/fish/fishViewer/MapServer/51,
8a7a07af70bc4eefdb,1995-06-23,stale,11356,34,Park,Fleshman Creek,official_fwp_stocking_record,"Montana Fish, Wildlife & Parks",True,,Fish stocking record for Fleshman Creek,"Montana FWP records a stocking event at Fleshman Creek involving Yellowstone Cutthroat Trout and 20,034 fish. Stocking schedules and completed records can change; open the official source for details.",Yellowstone Cutthroat Trout,,,https://fwp-gis.mt.gov/arcgis/rest/services/fish/fishViewer/MapServer/38,
48983054f872a596f9,1995-05-31,stale,11379,34,Park,Mill Creek,official_fwp_stocking_record,"Montana Fish, Wildlife & Parks",True,,Fish stocking record for Mill Creek,"Montana FWP records a stocking event at Mill Creek involving Yellowstone Cutthroat Trout and 9,963 fish. Stocking schedules and completed records can change; open the official source for details.",Yellowstone Cutthroat Trout,,,https://fwp-gis.mt.gov/arcgis/rest/services/fish/fishViewer/MapServer/38,
66e0c9f7e45175118d,1995-05-23,stale,11387,41,Ravalli,Brooks Creek,official_fwp_fish_survey,"Montana Fish, Wildlife & Parks",True,,Official fish survey record for Brooks Creek,Montana FWP's Fisheries Information System records a fish survey at Brooks Creek. Species recorded include Westslope Cutthroat Trout. The survey records represented 14 fish across the latest grouped records.,Westslope Cutthroat Trout,Official FWP fisheries survey; survey gear and methods vary by record.,,https://fwp-gis.mt.gov/arcgis/rest/services/fish/fishViewer/MapServer/51,
0857bcc2ad68ee4431,1994-08-10,stale,11673,53,Valley,Helen Reservoir,official_fwp_stocking_record,"Montana Fish, Wildlife & Parks",True,,Fish stocking record for Helen Reservoir,Montana FWP records a stocking event at Helen Reservoir involving Largemouth Bass and 500 fish. Stocking schedules and completed records can change; open the official source for details.,Largemouth Bass,,,https://fwp-gis.mt.gov/arcgis/rest/services/fish/fishViewer/MapServer/38,
27bac781b6f157c4e8,1994-06-28,stale,11716,15,Flathead,Harris Creek,official_fwp_stocking_record,"Montana Fish, Wildlife & Parks",True,,Fish stocking record for Harris Creek,"Montana FWP records a stocking event at Harris Creek involving Westslope Cutthroat Trout and 1,529 fish. Stocking schedules and completed records can change; open the official source for details.",Westslope Cutthroat Trout,,,https://fwp-gis.mt.gov/arcgis/rest/services/fish/fishViewer/MapServer/38,
edc3b6a0b82c99b4a0,1994-06-06,stale,11738,54,Wheatland,Chief Joseph Pond,official_fwp_fish_survey,"Montana Fish, Wildlife & Parks",True,,Official fish survey record for Chief Joseph Pond,"Montana FWP's Fisheries Information System records a fish survey at Chief Joseph Pond. Species recorded include Lake Chub, Rainbow Trout, White Sucker. The survey records represented 32 fish across the latest grouped records.","Lake Chub, Rainbow Trout, White Sucker",Official FWP fisheries survey; survey gear and methods vary by record.,,https://fwp-gis.mt.gov/arcgis/rest/services/fish/fishViewer/MapServer/51,
d2696bd3d73547365c,1993-08-24,stale,12024,27,Lincoln,Sylvan Lake,official_fwp_fish_survey,"Montana Fish, Wildlife & Parks",True,,Official fish survey record for Sylvan Lake,"Montana FWP's Fisheries Information System records a fish survey at Sylvan Lake. Species recorded include Brook Trout, Northern Pike Minnow. The survey records represented 85 fish across the latest grouped records.","Brook Trout, Northern Pike Minnow",Official FWP fisheries survey; survey gear and methods vary by record.,,https://fwp-gis.mt.gov/arcgis/rest/services/fish/fishViewer/MapServer/51,
6354c5a3c0df727a53,1993-08-17,stale,12031,41,Ravalli,McCalla Creek,official_fwp_fish_survey,"Montana Fish, Wildlife & Parks",True,,Official fish survey record for McCalla Creek,"Montana FWP's Fisheries Information System records a fish survey at McCalla Creek. Species recorded include Brook Trout, Westslope Cutthroat Trout. The survey records represented 31 fish across the latest grouped records.","Brook Trout, Westslope Cutthroat Trout",Official FWP fisheries survey; survey gear and methods vary by record.,,https://fwp-gis.mt.gov/arcgis/rest/services/fish/fishViewer/MapServer/51,
b7ac1bc8a640184713,1993-08-02,stale,12046,28,Madison,Big Hole River,official_fwp_stocking_record,"Montana Fish, Wildlife & Parks",True,,Fish stocking record for Big Hole River,Montana FWP records a stocking event at Big Hole River involving Arctic Grayling and 408 fish. Stocking schedules and completed records can change; open the official source for details.,Arctic Grayling,,,https://fwp-gis.mt.gov/arcgis/rest/services/fish/fishViewer/MapServer/38,
d6883f3e1e888c5653,1993-06-25,stale,12084,15,Flathead,Clark Creek,official_fwp_stocking_record,"Montana Fish, Wildlife & Parks",True,,Fish stocking record for Clark Creek,"Montana FWP records a stocking event at Clark Creek involving Westslope Cutthroat Trout and 1,297 fish. Stocking schedules and completed records can change; open the official source for details.",Westslope Cutthroat Trout,,,https://fwp-gis.mt.gov/arcgis/rest/services/fish/fishViewer/MapServer/38,
de562bfede3f1bb170,1992-08-03,stale,12410,41,Ravalli,Porcupine Creek,official_fwp_fish_survey,"Montana Fish, Wildlife & Parks",True,,Official fish survey record for Porcupine Creek,"Montana FWP's Fisheries Information System records a fish survey at Porcupine Creek. Species recorded include Bull Trout, Westslope Cutthroat Trout. The survey records represented 45 fish across the latest grouped records.","Bull Trout, Westslope Cutthroat Trout",Official FWP fisheries survey; survey gear and methods vary by record.,,https://fwp-gis.mt.gov/arcgis/rest/services/fish/fishViewer/MapServer/51,
3cda4b86f40a27c075,1992-06-10,stale,12464,39,Powell,North Fork Blackfoot River,official_fwp_stocking_record,"Montana Fish, Wildlife & Parks",True,,Fish stocking record for North Fork Blackfoot River,"Montana FWP records a stocking event at North Fork Blackfoot River involving Westslope Cutthroat Trout and 4,950 fish. Stocking schedules and completed records can change; open the official source for details.",Westslope Cutthroat Trout,,,https://fwp-gis.mt.gov/arcgis/rest/services/fish/fishViewer/MapServer/38,
2fd9e7797e89fbcce4,1992-04-14,stale,12521,34,Park,Crazy Head Creek,official_fwp_fish_survey,"Montana Fish, Wildlife & Parks",True,,Official fish survey record for Crazy Head Creek,Montana FWP's Fisheries Information System records a fish survey at Crazy Head Creek. Species recorded include No Fish Caught. The survey records represented 1 fish across the latest grouped records.,No Fish Caught,Official FWP fisheries survey; survey gear and methods vary by record.,,https://fwp-gis.mt.gov/arcgis/rest/services/fish/fishViewer/MapServer/51,
7e18aaceb1581550f2,1991-05-28,stale,12843,28,Madison,Wade Lake,official_fwp_stocking_record,"Montana Fish, Wildlife & Parks",True,,Fish stocking record for Wade Lake,"Montana FWP records a stocking event at Wade Lake involving Rainbow Trout and 30,641 fish. Stocking schedules and completed records can change; open the official source for details.",Rainbow Trout,,,https://fwp-gis.mt.gov/arcgis/rest/services/fish/fishViewer/MapServer/38,
70753fc9afb779d4fb,1990-10-16,stale,13067,15,Flathead,Hungry Horse Reservoir,official_fwp_stocking_record,"Montana Fish, Wildlife & Parks",True,,Fish stocking record for Hungry Horse Reservoir,"Montana FWP records a stocking event at Hungry Horse Reservoir involving Westslope Cutthroat Trout and 1,084 fish. Stocking schedules and completed records can change; open the official source for details.",Westslope Cutthroat Trout,,,https://fwp-gis.mt.gov/arcgis/rest/services/fish/fishViewer/MapServer/38,
4ddcdea0f682f6d9e4,1990-09-27,stale,13086,15,Flathead,McInernie Creek,official_fwp_stocking_record,"Montana Fish, Wildlife & Parks",True,,Fish stocking record for McInernie Creek,"Montana FWP records a stocking event at McInernie Creek involving Westslope Cutthroat Trout and 1,299 fish. Stocking schedules and completed records can change; open the official source for details.",Westslope Cutthroat Trout,,,https://fwp-gis.mt.gov/arcgis/rest/services/fish/fishViewer/MapServer/38,
78365197b56df15e6e,1990-08-31,stale,13113,53,Valley,Valley Reservoir,official_fwp_stocking_record,"Montana Fish, Wildlife & Parks",True,,Fish stocking record for Valley Reservoir,Montana FWP records a stocking event at Valley Reservoir involving Walleye and 559 fish. Stocking schedules and completed records can change; open the official source for details.,Walleye,,,https://fwp-gis.mt.gov/arcgis/rest/services/fish/fishViewer/MapServer/38,
8887342aff415d6aac,1990-08-17,stale,13127,39,Powell,Bohn Lake,official_fwp_stocking_record,"Montana Fish, Wildlife & Parks",True,,Fish stocking record for Bohn Lake,Montana FWP records a stocking event at Bohn Lake involving Westslope Cutthroat Trout and 500 fish. Stocking schedules and completed records can change; open the official source for details.,Westslope Cutthroat Trout,,,https://fwp-gis.mt.gov/arcgis/rest/services/fish/fishViewer/MapServer/38,
2e54cf0550ad029a31,1990-07-18,stale,13157,15,Flathead,Lagoni Lake,official_fwp_stocking_record,"Montana Fish, Wildlife & Parks",True,,Fish stocking record for Lagoni Lake,"Montana FWP records a stocking event at Lagoni Lake involving Rainbow Trout and 1,508 fish. Stocking schedules and completed records can change; open the official source for details.",Rainbow Trout,,,https://fwp-gis.mt.gov/arcgis/rest/services/fish/fishViewer/MapServer/38,
b7f3fe54543c3b698a,1990-04-20,stale,13246,36,Phillips,Compton Reservoir,official_fwp_stocking_record,"Montana Fish, Wildlife & Parks",True,,Fish stocking record for Compton Reservoir,"Montana FWP records a stocking event at Compton Reservoir involving Rainbow Trout and 3,500 fish. Stocking schedules and completed records can change; open the official source for details.",Rainbow Trout,,,https://fwp-gis.mt.gov/arcgis/rest/services/fish/fishViewer/MapServer/38,
cedf87b7a05596808a,1989-08-24,stale,13485,16,Gallatin,Rat Lake,official_fwp_stocking_record,"Montana Fish, Wildlife & Parks",True,,Fish stocking record for Rat Lake,"Montana FWP records a stocking event at Rat Lake involving Rainbow Trout and 2,999 fish. Stocking schedules and completed records can change; open the official source for details.",Rainbow Trout,,,https://fwp-gis.mt.gov/arcgis/rest/services/fish/fishViewer/MapServer/38,
fb0e2194f9f98c3324,1989-08-04,stale,13505,6,Carter,Bucholtz Reservoir,official_fwp_stocking_record,"Montana Fish, Wildlife & Parks",True,,Fish stocking record for Bucholtz Reservoir,Montana FWP records a stocking event at Bucholtz Reservoir involving Largemouth Bass and 800 fish. Stocking schedules and completed records can change; open the official source for details.,Largemouth Bass,,,https://fwp-gis.mt.gov/arcgis/rest/services/fish/fishViewer/MapServer/38,
94960a01c36f0a8baa,1989-08-01,stale,13508,2,Big Horn,Whiskey Coule Lake,official_fwp_stocking_record,"Montana Fish, Wildlife & Parks",True,,Fish stocking record for Whiskey Coule Lake,Montana FWP records a stocking event at Whiskey Coule Lake involving Largemouth Bass and 400 fish. Stocking schedules and completed records can change; open the official source for details.,Largemouth Bass,,,https://fwp-gis.mt.gov/arcgis/rest/services/fish/fishViewer/MapServer/38,
fe5ef9c36d5de91027,1989-07-13,stale,13527,1,Beaverhead,Grasshopper Creek,official_fwp_stocking_record,"Montana Fish, Wildlife & Parks",True,,Fish stocking record for Grasshopper Creek,Montana FWP records a stocking event at Grasshopper Creek involving Rainbow Trout and 517 fish. Stocking schedules and completed records can change; open the official source for details.,Rainbow Trout,,,https://fwp-gis.mt.gov/arcgis/rest/services/fish/fishViewer/MapServer/38,
5b01f2c929bf22cbd4,1989-05-18,stale,13583,53,Valley,Lunch Reservoir,official_fwp_stocking_record,"Montana Fish, Wildlife & Parks",True,,Fish stocking record for Lunch Reservoir,Montana FWP records a stocking event at Lunch Reservoir involving Largemouth Bass and 125 fish. Stocking schedules and completed records can change; open the official source for details.,Largemouth Bass,,,https://fwp-gis.mt.gov/arcgis/rest/services/fish/fishViewer/MapServer/38,
7d47615c89b26981a4,1989-04-26,stale,13605,48,Stillwater,Rosebud Creek,official_fwp_fish_survey,"Montana Fish, Wildlife & Parks",True,,Official fish survey record for Rosebud Creek,"Montana FWP's Fisheries Information System records a fish survey at Rosebud Creek. Species recorded include Brown Trout, Rainbow Trout. The survey records represented 205 fish across the latest grouped records.","Brown Trout, Rainbow Trout",Official FWP fisheries survey; survey gear and methods vary by record.,,https://fwp-gis.mt.gov/arcgis/rest/services/fish/fishViewer/MapServer/51,
6ba79c83b1e5331459,1988-12-01,stale,13751,28,Madison,Willow Springs,official_fwp_stocking_record,"Montana Fish, Wildlife & Parks",True,,Fish stocking record for Willow Springs,"Montana FWP records a stocking event at Willow Springs involving Rainbow Trout and 2,000 fish. Stocking schedules and completed records can change; open the official source for details.",Rainbow Trout,,,https://fwp-gis.mt.gov/arcgis/rest/services/fish/fishViewer/MapServer/38,
86ff7078b27c837caa,1988-11-02,stale,13780,1,Beaverhead,Lower Red Rock Lake,official_fwp_stocking_record,"Montana Fish, Wildlife & Parks",True,,Fish stocking record for Lower Red Rock Lake,"Montana FWP records a stocking event at Lower Red Rock Lake involving Brook Trout and 2,727 fish. Stocking schedules and completed records can change; open the official source for details.",Brook Trout,,,https://fwp-gis.mt.gov/arcgis/rest/services/fish/fishViewer/MapServer/38,
282255b0d7542344f9,1987-07-29,stale,14242,24,Lake,Estes Lake,official_fwp_stocking_record,"Montana Fish, Wildlife & Parks",True,,Fish stocking record for Estes Lake,Montana FWP records a stocking event at Estes Lake involving Rainbow Trout and 900 fish. Stocking schedules and completed records can change; open the official source for details.,Rainbow Trout,,,https://fwp-gis.mt.gov/arcgis/rest/services/fish/fishViewer/MapServer/38,
c778fdea7b415b9463,1987-07-08,stale,14263,34,Park,Mcdonald Creek,official_fwp_fish_survey,"Montana Fish, Wildlife & Parks",True,,Official fish survey record for Mcdonald Creek,Montana FWP's Fisheries Information System records a fish survey at Mcdonald Creek. Species recorded include Yellowstone Cutthroat Trout. The survey records represented 1 fish across the latest grouped records.,Yellowstone Cutthroat Trout,Official FWP fisheries survey; survey gear and methods vary by record.,,https://fwp-gis.mt.gov/arcgis/rest/services/fish/fishViewer/MapServer/51,
57ceba7e764cbd0ab0,1987-06-13,stale,14288,34,Park,Suce Creek,official_fwp_fish_survey,"Montana Fish, Wildlife & Parks",True,,Official fish survey record for Suce Creek,Montana FWP's Fisheries Information System records a fish survey at Suce Creek. Species recorded include Yellowstone Cutthroat Trout. The survey records represented 16 fish across the latest grouped records.,Yellowstone Cutthroat Trout,Official FWP fisheries survey; survey gear and methods vary by record.,,https://fwp-gis.mt.gov/arcgis/rest/services/fish/fishViewer/MapServer/51,
495982574a0ae2d32b,1986-09-23,stale,14551,27,Lincoln,Phills Lake,official_fwp_stocking_record,"Montana Fish, Wildlife & Parks",True,,Fish stocking record for Phills Lake,Montana FWP records a stocking event at Phills Lake involving Westslope Cutthroat Trout and 500 fish. Stocking schedules and completed records can change; open the official source for details.,Westslope Cutthroat Trout,,,https://fwp-gis.mt.gov/arcgis/rest/services/fish/fishViewer/MapServer/38,
e2a6eed5cca01a332c,1986-08-20,stale,14585,27,Lincoln,Fisher River,official_fwp_fish_survey,"Montana Fish, Wildlife & Parks",True,,Official fish survey record for Fisher River,"Montana FWP's Fisheries Information System records a fish survey at Fisher River. Species recorded include Brook Trout, Burbot, Mountain Whitefish, Rainbow Trout. The survey records represented 1,056 fish across the latest grouped records.","Brook Trout, Burbot, Mountain Whitefish, Rainbow Trout",Official FWP fisheries survey; survey gear and methods vary by record.,,https://fwp-gis.mt.gov/arcgis/rest/services/fish/fishViewer/MapServer/51,
5feb5e5b4f104756f5,1986-08-13,stale,14592,16,Gallatin,Watkins Creek,official_fwp_stocking_record,"Montana Fish, Wildlife & Parks",True,,Fish stocking record for Watkins Creek,"Montana FWP records a stocking event at Watkins Creek involving Yellowstone Cutthroat Trout and 9,664 fish. Stocking schedules and completed records can change; open the official source for details.",Yellowstone Cutthroat Trout,,,https://fwp-gis.mt.gov/arcgis/rest/services/fish/fishViewer/MapServer/38,
d8875cf9c1a3eab468,1986-08-13,stale,14592,16,Gallatin,Grayling Creek,official_fwp_stocking_record,"Montana Fish, Wildlife & Parks",True,,Fish stocking record for Grayling Creek,"Montana FWP records a stocking event at Grayling Creek involving Yellowstone Cutthroat Trout and 9,664 fish. Stocking schedules and completed records can change; open the official source for details.",Yellowstone Cutthroat Trout,,,https://fwp-gis.mt.gov/arcgis/rest/services/fish/fishViewer/MapServer/38,
0a6415a9da4f53d83e,1986-08-13,stale,14592,16,Gallatin,Cherry Creek,official_fwp_stocking_record,"Montana Fish, Wildlife & Parks",True,,Fish stocking record for Cherry Creek,"Montana FWP records a stocking event at Cherry Creek involving Yellowstone Cutthroat Trout and 1,208 fish. Stocking schedules and completed records can change; open the official source for details.",Yellowstone Cutthroat Trout,,,https://fwp-gis.mt.gov/arcgis/rest/services/fish/fishViewer/MapServer/38,
2eba05fbd37ec0e476,1986-08-13,stale,14592,16,Gallatin,Black Sand Spring,official_fwp_stocking_record,"Montana Fish, Wildlife & Parks",True,,Fish stocking record for Black Sand Spring,"Montana FWP records a stocking event at Black Sand Spring involving Yellowstone Cutthroat Trout and 11,694 fish. Stocking schedules and completed records can change; open the official source for details.",Yellowstone Cutthroat Trout,,,https://fwp-gis.mt.gov/arcgis/rest/services/fish/fishViewer/MapServer/38,
702c60f8c36a1471cf,1986-05-22,stale,14675,50,Teton,Lower Eyraud Lake,official_fwp_stocking_record,"Montana Fish, Wildlife & Parks",True,,Fish stocking record for Lower Eyraud Lake,"Montana FWP records a stocking event at Lower Eyraud Lake involving Crappie and 2,500 fish. Stocking schedules and completed records can change; open the official source for details.",Crappie,,,https://fwp-gis.mt.gov/arcgis/rest/services/fish/fishViewer/MapServer/38,
76dd680b2b914e66e3,1986-05-20,stale,14677,49,Sweet Grass,Overland Pond,official_fwp_stocking_record,"Montana Fish, Wildlife & Parks",True,,Fish stocking record for Overland Pond,Montana FWP records a stocking event at Overland Pond involving Yellowstone Cutthroat Trout and 25 fish. Stocking schedules and completed records can change; open the official source for details.,Yellowstone Cutthroat Trout,,,https://fwp-gis.mt.gov/arcgis/rest/services/fish/fishViewer/MapServer/38,
cd6bb996e6479e2c8f,1986-04-24,stale,14703,38,Powder River,Cow Creek Reservoir,official_fwp_stocking_record,"Montana Fish, Wildlife & Parks",True,,Fish stocking record for Cow Creek Reservoir,"Montana FWP records a stocking event at Cow Creek Reservoir involving Rainbow Trout and 2,007 fish. Stocking schedules and completed records can change; open the official source for details.",Rainbow Trout,,,https://fwp-gis.mt.gov/arcgis/rest/services/fish/fishViewer/MapServer/38,
3c7a837bb8a03f9f50,1985-06-21,stale,15010,20,Granite,Bearmouth Rest Area Pond,official_fwp_stocking_record,"Montana Fish, Wildlife & Parks",True,,Fish stocking record for Bearmouth Rest Area Pond,Montana FWP records a stocking event at Bearmouth Rest Area Pond involving Rainbow Trout and 529 fish. Stocking schedules and completed records can change; open the official source for details.,Rainbow Trout,,,https://fwp-gis.mt.gov/arcgis/rest/services/fish/fishViewer/MapServer/38,
01d82edc6c81633832,1985-05-09,stale,15053,3,Blaine,Ridge Reservoir,official_fwp_stocking_record,"Montana Fish, Wildlife & Parks",True,,Fish stocking record for Ridge Reservoir,"Montana FWP records a stocking event at Ridge Reservoir involving Rainbow Trout and 1,003 fish. Stocking schedules and completed records can change; open the official source for details.",Rainbow Trout,,,https://fwp-gis.mt.gov/arcgis/rest/services/fish/fishViewer/MapServer/38,
e6f36d0a5d0d085764,1984-10-09,stale,15265,49,Sweet Grass,Overland Pond,official_fwp_fish_survey,"Montana Fish, Wildlife & Parks",True,,Official fish survey record for Overland Pond,"Montana FWP's Fisheries Information System records a fish survey at Overland Pond. Species recorded include Brown Trout, Longnose Sucker, White Sucker. The survey records represented 42 fish across the latest grouped records.","Brown Trout, Longnose Sucker, White Sucker",Official FWP fisheries survey; survey gear and methods vary by record.,,https://fwp-gis.mt.gov/arcgis/rest/services/fish/fishViewer/MapServer/51,
7672b95c156e45ab29,1984-07-18,stale,15348,34,Park,Pine Creek,official_fwp_stocking_record,"Montana Fish, Wildlife & Parks",True,,Fish stocking record for Pine Creek,Montana FWP records a stocking event at Pine Creek involving Rainbow Trout and 516 fish. Stocking schedules and completed records can change; open the official source for details.,Rainbow Trout,,,https://fwp-gis.mt.gov/arcgis/rest/services/fish/fishViewer/MapServer/38,
62baabbc2d97c9d6f4,1984-06-13,stale,15383,49,Sweet Grass,Sweet Grass Creek,official_fwp_stocking_record,"Montana Fish, Wildlife & Parks",True,,Fish stocking record for Sweet Grass Creek,Montana FWP records a stocking event at Sweet Grass Creek involving Yellowstone Cutthroat Trout and 499 fish. Stocking schedules and completed records can change; open the official source for details.,Yellowstone Cutthroat Trout,,,https://fwp-gis.mt.gov/arcgis/rest/services/fish/fishViewer/MapServer/38,
58010bd426f0cbab2f,1984-04-14,stale,15443,15,Flathead,Skyles Lake,official_fwp_stocking_record,"Montana Fish, Wildlife & Parks",True,,Fish stocking record for Skyles Lake,"Montana FWP records a stocking event at Skyles Lake involving Westslope Cutthroat Trout and 4,000 fish. Stocking schedules and completed records can change; open the official source for details.",Westslope Cutthroat Trout,,,https://fwp-gis.mt.gov/arcgis/rest/services/fish/fishViewer/MapServer/38,
3227ee34bd8fb7f6a2,1983-07-22,stale,15710,6,Carter,Cheesman Reservoir,official_fwp_stocking_record,"Montana Fish, Wildlife & Parks",True,,Fish stocking record for Cheesman Reservoir,Montana FWP records a stocking event at Cheesman Reservoir involving Smallmouth Bass and 750 fish. Stocking schedules and completed records can change; open the official source for details.,Smallmouth Bass,,,https://fwp-gis.mt.gov/arcgis/rest/services/fish/fishViewer/MapServer/38,
2907ec469954f0bc90,1983-04-29,stale,15794,7,Cascade,Sun River,official_fwp_stocking_record,"Montana Fish, Wildlife & Parks",True,,Fish stocking record for Sun River,Montana FWP records a stocking event at Sun River involving Arctic Grayling and 636 fish. Stocking schedules and completed records can change; open the official source for details.,Arctic Grayling,,,https://fwp-gis.mt.gov/arcgis/rest/services/fish/fishViewer/MapServer/38,
fad7b02291a8bf7471,1982-08-24,stale,16042,48,Stillwater,Stillwater River,official_fwp_stocking_record,"Montana Fish, Wildlife & Parks",True,,Fish stocking record for Stillwater River,"Montana FWP records a stocking event at Stillwater River involving Rainbow Trout and 1,380 fish. Stocking schedules and completed records can change; open the official source for details.",Rainbow Trout,,,https://fwp-gis.mt.gov/arcgis/rest/services/fish/fishViewer/MapServer/38,
9fc6490906c15111ba,1982-08-06,stale,16060,53,Valley,Burke Reservoir,official_fwp_stocking_record,"Montana Fish, Wildlife & Parks",True,,Fish stocking record for Burke Reservoir,Montana FWP records a stocking event at Burke Reservoir involving Black Bullhead and 300 fish. Stocking schedules and completed records can change; open the official source for details.,Black Bullhead,,,https://fwp-gis.mt.gov/arcgis/rest/services/fish/fishViewer/MapServer/38,
e7ba8b90cbb71063a4,1982-07-13,stale,16084,14,Fergus,Spring Creek,official_fwp_stocking_record,"Montana Fish, Wildlife & Parks",True,,Fish stocking record for Spring Creek,"Montana FWP records a stocking event at Spring Creek involving Largemouth Bass and 1,000 fish. Stocking schedules and completed records can change; open the official source for details.",Largemouth Bass,,,https://fwp-gis.mt.gov/arcgis/rest/services/fish/fishViewer/MapServer/38,
d459057190603ab497,1982-07-13,stale,16084,27,Lincoln,Fisher River,official_fwp_stocking_record,"Montana Fish, Wildlife & Parks",True,,Fish stocking record for Fisher River,"Montana FWP records a stocking event at Fisher River involving Rainbow Trout and 1,639 fish. Stocking schedules and completed records can change; open the official source for details.",Rainbow Trout,,,https://fwp-gis.mt.gov/arcgis/rest/services/fish/fishViewer/MapServer/38,
30b40949cec40f61ae,1982-06-09,stale,16118,53,Valley,Gay Reservoir,official_fwp_stocking_record,"Montana Fish, Wildlife & Parks",True,,Fish stocking record for Gay Reservoir,"Montana FWP records a stocking event at Gay Reservoir involving Rainbow Trout and 2,009 fish. Stocking schedules and completed records can change; open the official source for details.",Rainbow Trout,,,https://fwp-gis.mt.gov/arcgis/rest/services/fish/fishViewer/MapServer/38,
ff9947c2adef7d632a,1981-09-02,stale,16398,27,Lincoln,Big Therriault Lake,official_fwp_fish_survey,"Montana Fish, Wildlife & Parks",True,,Official fish survey record for Big Therriault Lake,Montana FWP's Fisheries Information System records a fish survey at Big Therriault Lake. Species recorded include Westslope Cutthroat Trout. The survey records represented 6 fish across the latest grouped records.,Westslope Cutthroat Trout,Official FWP fisheries survey; survey gear and methods vary by record.,,https://fwp-gis.mt.gov/arcgis/rest/services/fish/fishViewer/MapServer/51,
2dce3a35a9d15ee263,1981-07-15,stale,16447,16,Gallatin,Beaver Ponds,official_fwp_stocking_record,"Montana Fish, Wildlife & Parks",True,,Fish stocking record for Beaver Ponds,"Montana FWP records a stocking event at Beaver Ponds involving Yellowstone Cutthroat Trout and 4,000 fish. Stocking schedules and completed records can change; open the official source for details.",Yellowstone Cutthroat Trout,,,https://fwp-gis.mt.gov/arcgis/rest/services/fish/fishViewer/MapServer/38,
142fdab7373e87a97f,1981-07-06,stale,16456,25,Lewis and Clark,Pollack Pond,official_fwp_stocking_record,"Montana Fish, Wildlife & Parks",True,,Fish stocking record for Pollack Pond,Montana FWP records a stocking event at Pollack Pond involving Rainbow Trout and 502 fish. Stocking schedules and completed records can change; open the official source for details.,Rainbow Trout,,,https://fwp-gis.mt.gov/arcgis/rest/services/fish/fishViewer/MapServer/38,
488c5a3d6cc1db3618,1981-06-24,stale,16468,32,Missoula,Neal Pond,official_fwp_stocking_record,"Montana Fish, Wildlife & Parks",True,,Fish stocking record for Neal Pond,Montana FWP records a stocking event at Neal Pond involving Rainbow Trout and 128 fish. Stocking schedules and completed records can change; open the official source for details.,Rainbow Trout,,,https://fwp-gis.mt.gov/arcgis/rest/services/fish/fishViewer/MapServer/38,
a06e5a1c81897a3668,1980-09-18,stale,16747,27,Lincoln,Bristow Creek,official_fwp_stocking_record,"Montana Fish, Wildlife & Parks",True,,Fish stocking record for Bristow Creek,"Montana FWP records a stocking event at Bristow Creek involving Westslope Cutthroat Trout and 15,080 fish. Stocking schedules and completed records can change; open the official source for details.",Westslope Cutthroat Trout,,,https://fwp-gis.mt.gov/arcgis/rest/services/fish/fishViewer/MapServer/38,
0f564608c645c9e6eb,1980-07-24,stale,16803,16,Gallatin,Hyalite Creek,official_fwp_stocking_record,"Montana Fish, Wildlife & Parks",True,,Fish stocking record for Hyalite Creek,"Montana FWP records a stocking event at Hyalite Creek involving Yellowstone Cutthroat Trout and 21,254 fish. Stocking schedules and completed records can change; open the official source for details.",Yellowstone Cutthroat Trout,,,https://fwp-gis.mt.gov/arcgis/rest/services/fish/fishViewer/MapServer/38,
cb94ebee916d32b5e8,1980-07-02,stale,16825,1,Beaverhead,Benson Pond,official_fwp_stocking_record,"Montana Fish, Wildlife & Parks",True,,Fish stocking record for Benson Pond,Montana FWP records a stocking event at Benson Pond involving Rainbow Trout and 510 fish. Stocking schedules and completed records can change; open the official source for details.,Rainbow Trout,,,https://fwp-gis.mt.gov/arcgis/rest/services/fish/fishViewer/MapServer/38,
fd84c0af58302d67ef,1979-07-31,stale,17162,41,Ravalli,West Fork Bitterroot River,official_fwp_stocking_record,"Montana Fish, Wildlife & Parks",True,,Fish stocking record for West Fork Bitterroot River,Montana FWP records a stocking event at West Fork Bitterroot River involving Rainbow Trout and 800 fish. Stocking schedules and completed records can change; open the official source for details.,Rainbow Trout,,,https://fwp-gis.mt.gov/arcgis/rest/services/fish/fishViewer/MapServer/38,
96ff9ef9478a853f02,1979-07-19,stale,17174,36,Phillips,Dogtown Reservoir,official_fwp_stocking_record,"Montana Fish, Wildlife & Parks",True,,Fish stocking record for Dogtown Reservoir,"Montana FWP records a stocking event at Dogtown Reservoir involving Largemouth Bass and 3,500 fish. Stocking schedules and completed records can change; open the official source for details.",Largemouth Bass,,,https://fwp-gis.mt.gov/arcgis/rest/services/fish/fishViewer/MapServer/38,
0840fa7a1633d61a37,1979-07-12,stale,17181,27,Lincoln,Phills Lake,official_fwp_fish_survey,"Montana Fish, Wildlife & Parks",True,,Official fish survey record for Phills Lake,Montana FWP's Fisheries Information System records a fish survey at Phills Lake. Species recorded include Black Bullhead. The survey records represented 52 fish across the latest grouped records.,Black Bullhead,Official FWP fisheries survey; survey gear and methods vary by record.,,https://fwp-gis.mt.gov/arcgis/rest/services/fish/fishViewer/MapServer/51,
3b97804a7b1135a945,1978-08-28,stale,17499,16,Gallatin,Johnson Lake,official_fwp_stocking_record,"Montana Fish, Wildlife & Parks",True,,Fish stocking record for Johnson Lake,"Montana FWP records a stocking event at Johnson Lake involving Rainbow Trout and 2,030 fish. Stocking schedules and completed records can change; open the official source for details.",Rainbow Trout,,,https://fwp-gis.mt.gov/arcgis/rest/services/fish/fishViewer/MapServer/38,
0c7a236a3b68b8c64b,1978-07-31,stale,17527,53,Valley,Snow Reservoir,official_fwp_stocking_record,"Montana Fish, Wildlife & Parks",True,,Fish stocking record for Snow Reservoir,Montana FWP records a stocking event at Snow Reservoir involving Largemouth Bass and 700 fish. Stocking schedules and completed records can change; open the official source for details.,Largemouth Bass,,,https://fwp-gis.mt.gov/arcgis/rest/services/fish/fishViewer/MapServer/38,
9d880b34c362ca3c0d,1978-06-28,stale,17560,16,Gallatin,Swan Creek,official_fwp_stocking_record,"Montana Fish, Wildlife & Parks",True,,Fish stocking record for Swan Creek,Montana FWP records a stocking event at Swan Creek involving Rainbow Trout and 500 fish. Stocking schedules and completed records can change; open the official source for details.,Rainbow Trout,,,https://fwp-gis.mt.gov/arcgis/rest/services/fish/fishViewer/MapServer/38,
0d7350a6869b855303,1978-06-22,stale,17566,21,Hill,Casady Pond,official_fwp_stocking_record,"Montana Fish, Wildlife & Parks",True,,Fish stocking record for Casady Pond,"Montana FWP records a stocking event at Casady Pond involving Rainbow Trout and 7,020 fish. Stocking schedules and completed records can change; open the official source for details.",Rainbow Trout,,,https://fwp-gis.mt.gov/arcgis/rest/services/fish/fishViewer/MapServer/38,
6592c21e70b3eafbbe,1976-08-04,stale,18253,1,Beaverhead,Lower Red Rock Lake,official_fwp_fish_survey,"Montana Fish, Wildlife & Parks",True,,Official fish survey record for Lower Red Rock Lake,"Montana FWP's Fisheries Information System records a fish survey at Lower Red Rock Lake. Species recorded include Arctic Grayling, White Sucker. The survey records represented 77 fish across the latest grouped records.","Arctic Grayling, White Sucker",Official FWP fisheries survey; survey gear and methods vary by record.,,https://fwp-gis.mt.gov/arcgis/rest/services/fish/fishViewer/MapServer/51,
2a72ebd52c91cf0282,1976-02-10,stale,18429,27,Lincoln,Sutton Creek,official_fwp_stocking_record,"Montana Fish, Wildlife & Parks",True,,Fish stocking record for Sutton Creek,"Montana FWP records a stocking event at Sutton Creek involving Mountain Whitefish and 53,000 fish. Stocking schedules and completed records can change; open the official source for details.",Mountain Whitefish,,,https://fwp-gis.mt.gov/arcgis/rest/services/fish/fishViewer/MapServer/38,
4d11883e3008aca4d7,1975-08-28,stale,18595,32,Missoula,Farmers Lake 6,official_fwp_stocking_record,"Montana Fish, Wildlife & Parks",True,,Fish stocking record for Farmers Lake 6,"Montana FWP records a stocking event at Farmers Lake 6 involving Westslope Cutthroat Trout and 7,000 fish. Stocking schedules and completed records can change; open the official source for details.",Westslope Cutthroat Trout,,,https://fwp-gis.mt.gov/arcgis/rest/services/fish/fishViewer/MapServer/38,
9587e4e18861b50c78,1975-06-17,stale,18667,27,Lincoln,Ross Creek,official_fwp_stocking_record,"Montana Fish, Wildlife & Parks",True,,Fish stocking record for Ross Creek,"Montana FWP records a stocking event at Ross Creek involving Yellowstone Cutthroat Trout and 5,737 fish. Stocking schedules and completed records can change; open the official source for details.",Yellowstone Cutthroat Trout,,,https://fwp-gis.mt.gov/arcgis/rest/services/fish/fishViewer/MapServer/38,
5129cee3578ad526cd,1975-06-17,stale,18667,27,Lincoln,Crowell Creek,official_fwp_stocking_record,"Montana Fish, Wildlife & Parks",True,,Fish stocking record for Crowell Creek,"Montana FWP records a stocking event at Crowell Creek involving Yellowstone Cutthroat Trout and 5,737 fish. Stocking schedules and completed records can change; open the official source for details.",Yellowstone Cutthroat Trout,,,https://fwp-gis.mt.gov/arcgis/rest/services/fish/fishViewer/MapServer/38,
f49d48d54bb6e0a533,1975-06-11,stale,18673,53,Valley,Perimeter Reservoir,official_fwp_stocking_record,"Montana Fish, Wildlife & Parks",True,,Fish stocking record for Perimeter Reservoir,"Montana FWP records a stocking event at Perimeter Reservoir involving Rainbow Trout and 3,015 fish. Stocking schedules and completed records can change; open the official source for details.",Rainbow Trout,,,https://fwp-gis.mt.gov/arcgis/rest/services/fish/fishViewer/MapServer/38,
0ba332613191c6ac43,1975-05-29,stale,18686,14,Fergus,Castle Creek,official_fwp_stocking_record,"Montana Fish, Wildlife & Parks",True,,Fish stocking record for Castle Creek,"Montana FWP records a stocking event at Castle Creek involving Brook Trout and 3,042 fish. Stocking schedules and completed records can change; open the official source for details.",Brook Trout,,,https://fwp-gis.mt.gov/arcgis/rest/services/fish/fishViewer/MapServer/38,
0e68cd6cddf006deec,1974-10-30,stale,18897,34,Park,Dog Creek,official_fwp_fish_survey,"Montana Fish, Wildlife & Parks",True,,Official fish survey record for Dog Creek,Montana FWP's Fisheries Information System records a fish survey at Dog Creek. Species recorded include No Fish Caught. The survey records represented 1 fish across the latest grouped records.,No Fish Caught,Official FWP fisheries survey; survey gear and methods vary by record.,,https://fwp-gis.mt.gov/arcgis/rest/services/fish/fishViewer/MapServer/51,
e687bdeabb1fda9f93,1973-08-15,stale,19338,15,Flathead,Logan Creek,official_fwp_stocking_record,"Montana Fish, Wildlife & Parks",True,,Fish stocking record for Logan Creek,"Montana FWP records a stocking event at Logan Creek involving Westslope Cutthroat Trout and 20,700 fish. Stocking schedules and completed records can change; open the official source for details.",Westslope Cutthroat Trout,,,https://fwp-gis.mt.gov/arcgis/rest/services/fish/fishViewer/MapServer/38,
9cf31b4e0ae196b209,1973-07-24,stale,19360,31,Mineral,Fish Creek,official_fwp_stocking_record,"Montana Fish, Wildlife & Parks",True,,Fish stocking record for Fish Creek,Montana FWP records a stocking event at Fish Creek involving Rainbow Trout and 954 fish. Stocking schedules and completed records can change; open the official source for details.,Rainbow Trout,,,https://fwp-gis.mt.gov/arcgis/rest/services/fish/fishViewer/MapServer/38,
df22f6285b3fd06dc4,1973-07-24,stale,19360,25,Lewis and Clark,Dearborn River,official_fwp_stocking_record,"Montana Fish, Wildlife & Parks",True,,Fish stocking record for Dearborn River,Montana FWP records a stocking event at Dearborn River involving Rainbow Trout and 876 fish. Stocking schedules and completed records can change; open the official source for details.,Rainbow Trout,,,https://fwp-gis.mt.gov/arcgis/rest/services/fish/fishViewer/MapServer/38,
c887affd7ec111b83f,1973-07-20,stale,19364,25,Lewis and Clark,Unnamed trib to MF Dearborn R 11,official_fwp_stocking_record,"Montana Fish, Wildlife & Parks",True,,Fish stocking record for Unnamed trib to MF Dearborn R 11,Montana FWP records a stocking event at Unnamed trib to MF Dearborn R 11 involving Rainbow Trout and 342 fish. Stocking schedules and completed records can change; open the official source for details.,Rainbow Trout,,,https://fwp-gis.mt.gov/arcgis/rest/services/fish/fishViewer/MapServer/38,
1683ac2f27b807ee8e,1973-07-06,stale,19378,7,Cascade,Smith River,official_fwp_stocking_record,"Montana Fish, Wildlife & Parks",True,,Fish stocking record for Smith River,Montana FWP records a stocking event at Smith River involving Rainbow Trout and 420 fish. Stocking schedules and completed records can change; open the official source for details.,Rainbow Trout,,,https://fwp-gis.mt.gov/arcgis/rest/services/fish/fishViewer/MapServer/38,
16503030cd4a3051e6,1973-06-28,stale,19386,41,Ravalli,East Fork Bitterroot River,official_fwp_stocking_record,"Montana Fish, Wildlife & Parks",True,,Fish stocking record for East Fork Bitterroot River,"Montana FWP records a stocking event at East Fork Bitterroot River involving Rainbow Trout and 1,000 fish. Stocking schedules and completed records can change; open the official source for details.",Rainbow Trout,,,https://fwp-gis.mt.gov/arcgis/rest/services/fish/fishViewer/MapServer/38,
eac1ae1c3fdd30d966,1973-06-25,stale,19389,5,Carbon,Clear Creek,official_fwp_stocking_record,"Montana Fish, Wildlife & Parks",True,,Fish stocking record for Clear Creek,Montana FWP records a stocking event at Clear Creek involving Rainbow Trout and 759 fish. Stocking schedules and completed records can change; open the official source for details.,Rainbow Trout,,,https://fwp-gis.mt.gov/arcgis/rest/services/fish/fishViewer/MapServer/38,
032ea1ab043cbacfbc,1973-06-22,stale,19392,22,Jefferson,South Boulder River,official_fwp_stocking_record,"Montana Fish, Wildlife & Parks",True,,Fish stocking record for South Boulder River,"Montana FWP records a stocking event at South Boulder River involving Rainbow Trout and 1,000 fish. Stocking schedules and completed records can change; open the official source for details.",Rainbow Trout,,,https://fwp-gis.mt.gov/arcgis/rest/services/fish/fishViewer/MapServer/38,
57db41faef29acd931,1973-05-17,stale,19428,27,Lincoln,Swisher Lake,official_fwp_fish_survey,"Montana Fish, Wildlife & Parks",True,,Official fish survey record for Swisher Lake,"Montana FWP's Fisheries Information System records a fish survey at Swisher Lake. Species recorded include Brook Trout, Redside Shiner. The survey records represented 21 fish across the latest grouped records.","Brook Trout, Redside Shiner",Official FWP fisheries survey; survey gear and methods vary by record.,,https://fwp-gis.mt.gov/arcgis/rest/services/fish/fishViewer/MapServer/51,
d18fb1652127838c2d,1972-09-07,stale,19680,27,Lincoln,Jackson Creek,official_fwp_fish_survey,"Montana Fish, Wildlife & Parks",True,,Official fish survey record for Jackson Creek,Montana FWP's Fisheries Information System records a fish survey at Jackson Creek. Species recorded include Brook Trout. The survey records represented 79 fish across the latest grouped records.,Brook Trout,Official FWP fisheries survey; survey gear and methods vary by record.,,https://fwp-gis.mt.gov/arcgis/rest/services/fish/fishViewer/MapServer/51,
ab2ee34d1371de4e7c,1972-08-02,stale,19716,28,Madison,Odell Creek,official_fwp_stocking_record,"Montana Fish, Wildlife & Parks",True,,Fish stocking record for Odell Creek,Montana FWP records a stocking event at Odell Creek involving Rainbow Trout and 750 fish. Stocking schedules and completed records can change; open the official source for details.,Rainbow Trout,,,https://fwp-gis.mt.gov/arcgis/rest/services/fish/fishViewer/MapServer/38,
82e69d2078fcd7685f,1971-07-06,stale,20109,25,Lewis and Clark,Craig Pond,official_fwp_stocking_record,"Montana Fish, Wildlife & Parks",True,,Fish stocking record for Craig Pond,Montana FWP records a stocking event at Craig Pond involving Rainbow Trout and 147 fish. Stocking schedules and completed records can change; open the official source for details.,Rainbow Trout,,,https://fwp-gis.mt.gov/arcgis/rest/services/fish/fishViewer/MapServer/38,
dc5b5251bac55a8385,1970-09-10,stale,20408,41,Ravalli,Rock Creek,official_fwp_stocking_record,"Montana Fish, Wildlife & Parks",True,,Fish stocking record for Rock Creek,"Montana FWP records a stocking event at Rock Creek involving Westslope Cutthroat Trout and 2,000 fish. Stocking schedules and completed records can change; open the official source for details.",Westslope Cutthroat Trout,,,https://fwp-gis.mt.gov/arcgis/rest/services/fish/fishViewer/MapServer/38,
117ce8949c6ae20855,1970-09-01,stale,20417,41,Ravalli,Trapper Creek,official_fwp_stocking_record,"Montana Fish, Wildlife & Parks",True,,Fish stocking record for Trapper Creek,"Montana FWP records a stocking event at Trapper Creek involving Westslope Cutthroat Trout and 1,248 fish. Stocking schedules and completed records can change; open the official source for details.",Westslope Cutthroat Trout,,,https://fwp-gis.mt.gov/arcgis/rest/services/fish/fishViewer/MapServer/38,
1962a83d14b7579f62,1970-08-05,stale,20444,4,Broadwater,Crow Creek,official_fwp_stocking_record,"Montana Fish, Wildlife & Parks",True,,Fish stocking record for Crow Creek,Montana FWP records a stocking event at Crow Creek involving Rainbow Trout and 245 fish. Stocking schedules and completed records can change; open the official source for details.,Rainbow Trout,,,https://fwp-gis.mt.gov/arcgis/rest/services/fish/fishViewer/MapServer/38,
8ed04c93a243f86561,1970-07-28,stale,20452,1,Beaverhead,Horse Prairie Creek,official_fwp_fish_survey,"Montana Fish, Wildlife & Parks",True,,Official fish survey record for Horse Prairie Creek,"Montana FWP's Fisheries Information System records a fish survey at Horse Prairie Creek. Species recorded include Brook Trout, Brown Trout, Rainbow Trout. The survey records represented 163 fish across the latest grouped records.","Brook Trout, Brown Trout, Rainbow Trout",Official FWP fisheries survey; survey gear and methods vary by record.,,https://fwp-gis.mt.gov/arcgis/rest/services/fish/fishViewer/MapServer/51,
7e0520695e28f8ddf0,1970-06-26,stale,20484,8,Chouteau,Shonkin Creek,official_fwp_stocking_record,"Montana Fish, Wildlife & Parks",True,,Fish stocking record for Shonkin Creek,Montana FWP records a stocking event at Shonkin Creek involving Rainbow Trout and 756 fish. Stocking schedules and completed records can change; open the official source for details.,Rainbow Trout,,,https://fwp-gis.mt.gov/arcgis/rest/services/fish/fishViewer/MapServer/38,
2728e881b657b10bf7,1600-05-20,stale,155660,25,Lewis and Clark,Little Prickly Pear Creek,official_fwp_stocking_record,"Montana Fish, Wildlife & Parks",True,,Fish stocking record for Little Prickly Pear Creek,Montana FWP records a stocking event at Little Prickly Pear Creek involving Rainbow Trout and 100 fish. Stocking schedules and completed records can change; open the official source for details.,Rainbow Trout,,,https://fwp-gis.mt.gov/arcgis/rest/services/fish/fishViewer/MapServer/38,
9b046f71743622a3b2,1542-11-21,stale,176660,39,Powell,Monture Creek,official_fwp_stocking_record,"Montana Fish, Wildlife & Parks",True,,Fish stocking record for Monture Creek,Montana FWP records a stocking event at Monture Creek involving Rainbow Trout and 500 fish. Stocking schedules and completed records can change; open the official source for details.,Rainbow Trout,,,https://fwp-gis.mt.gov/arcgis/rest/services/fish/fishViewer/MapServer/38,
0f8219a6c3b40ab427,1542-11-21,stale,176660,39,Powell,Arrastra Creek,official_fwp_stocking_record,"Montana Fish, Wildlife & Parks",True,,Fish stocking record for Arrastra Creek,Montana FWP records a stocking event at Arrastra Creek involving Rainbow Trout and 500 fish. Stocking schedules and completed records can change; open the official source for details.,Rainbow Trout,,,https://fwp-gis.mt.gov/arcgis/rest/services/fish/fishViewer/MapServer/38,
94788b9120ee854689,1523-09-22,stale,183660,34,Park,Broadwater River,official_fwp_stocking_record,"Montana Fish, Wildlife & Parks",True,,Fish stocking record for Broadwater River,"Montana FWP records a stocking event at Broadwater River involving Yellowstone Cutthroat Trout and 4,000 fish. Stocking schedules and completed records can change; open the official source for details.",Yellowstone Cutthroat Trout,,,https://fwp-gis.mt.gov/arcgis/rest/services/fish/fishViewer/MapServer/38,
ca772f5b2ac91e1d8d,1471-09-14,stale,202660,22,Jefferson,Lowland Creek,official_fwp_stocking_record,"Montana Fish, Wildlife & Parks",True,,Fish stocking record for Lowland Creek,"Montana FWP records a stocking event at Lowland Creek involving Rainbow Trout and 1,002 fish. Stocking schedules and completed records can change; open the official source for details.",Rainbow Trout,,,https://fwp-gis.mt.gov/arcgis/rest/services/fish/fishViewer/MapServer/38,
85465748a29862bb5c,0587-05-11,stale,525660,32,Missoula,Elk Creek,official_fwp_stocking_record,"Montana Fish, Wildlife & Parks",True,,Fish stocking record for Elk Creek,"Montana FWP records a stocking event at Elk Creek involving Cutthroat Trout and 6,000 fish. Stocking schedules and completed records can change; open the official source for details.",Cutthroat Trout,,,https://fwp-gis.mt.gov/arcgis/rest/services/fish/fishViewer/MapServer/38,
76ac96fb6d340cdbda,0532-08-07,stale,545660,47,Silver Bow,Divide Creek,official_fwp_stocking_record,"Montana Fish, Wildlife & Parks",True,,Fish stocking record for Divide Creek,"Montana FWP records a stocking event at Divide Creek involving Rainbow Trout and 2,100 fish. Stocking schedules and completed records can change; open the official source for details.",Rainbow Trout,,,https://fwp-gis.mt.gov/arcgis/rest/services/fish/fishViewer/MapServer/38,
8946c2c5344eb1788f,0516-03-04,stale,551660,41,Ravalli,Daly Creek,official_fwp_stocking_record,"Montana Fish, Wildlife & Parks",True,,Fish stocking record for Daly Creek,"Montana FWP records a stocking event at Daly Creek involving Rainbow Trout and 1,008 fish. Stocking schedules and completed records can change; open the official source for details.",Rainbow Trout,,,https://fwp-gis.mt.gov/arcgis/rest/services/fish/fishViewer/MapServer/38,
64a6e6bda0c6460dc4,0294-05-27,stale,632660,51,Toole,Westermarks Reservoir 2,official_fwp_stocking_record,"Montana Fish, Wildlife & Parks",True,,Fish stocking record for Westermarks Reservoir 2,"Montana FWP records a stocking event at Westermarks Reservoir 2 involving Rainbow Trout and 2,065 fish. Stocking schedules and completed records can change; open the official source for details.",Rainbow Trout,,,https://fwp-gis.mt.gov/arcgis/rest/services/fish/fishViewer/MapServer/38,
