county_number,county,water_name,water_type,latitude,longitude,public_access_verified,access_point_count,access_point_name,manager,boat_ramp,dock,restroom,camping,ada_fishing,official_source_url,access_details
1,Beaverhead,Beaverhead River,river,45.08399640300044,-112.78332260623877,True,6,Corrals,"Montana Fish, Wildlife & Parks Fishing Access Site",True,False,False,False,False,https://myfwp.mt.gov/fishMT/fas/39753520,"Montana Fish, Wildlife & Parks Fishing Access Site. Boat Fac: No Boat Facilities. Camping: No. Hunt Access: Refer to current hunting regulations for hunting and weapons restrictions."
1,Beaverhead,Beaverhead River,river,45.08399640300044,-112.78332260623877,True,6,Henneberry,"Montana Fish, Wildlife & Parks Fishing Access Site",True,False,False,False,False,https://myfwp.mt.gov/fishMT/fas/39753418,"Montana Fish, Wildlife & Parks Fishing Access Site. Boat Fac: Ramp (Gravel). Camping: No. Hunt Access: Refer to current hunting regulations for hunting and weapons restrictions."
1,Beaverhead,Beaverhead River,river,45.08399640300044,-112.78332260623877,True,6,Pipe Organ,"Montana Fish, Wildlife & Parks Fishing Access Site",True,False,False,False,False,https://myfwp.mt.gov/fishMT/fas/39754491,"Montana Fish, Wildlife & Parks Fishing Access Site. Boat Fac: Ramp (Concrete). Camping: No. Hunt Access: Refer to current hunting regulations for hunting and weapons restrictions."
1,Beaverhead,Beaverhead River,river,45.08399640300044,-112.78332260623877,True,6,Beaverhead Campground,Bureau of Reclamation recreation site,False,False,False,False,False,https://fwp-gis.mt.gov/arcgis/rest/services/fish/fishViewer/MapServer/46,Bureau of Reclamation recreation site
1,Beaverhead,Beaverhead River,river,45.08399640300044,-112.78332260623877,True,6,Beaverhead River Campground,Bureau of Reclamation recreation site,False,False,False,False,False,https://fwp-gis.mt.gov/arcgis/rest/services/fish/fishViewer/MapServer/46,Bureau of Reclamation recreation site
1,Beaverhead,Beaverhead River,river,45.08399640300044,-112.78332260623877,True,6,Barretts,Bureau of Reclamation recreation site,False,False,False,False,False,https://fwp-gis.mt.gov/arcgis/rest/services/fish/fishViewer/MapServer/46,Bureau of Reclamation recreation site
1,Beaverhead,Benson Pond,pond,45.20360642394741,-112.66831260566507,True,1,Trash Road Bridge,"City, county, or local developed access site",False,False,False,False,False,https://fwp-gis.mt.gov/arcgis/rest/services/fish/fishViewer/MapServer/48,"City, county, or local developed access site. Accesstype: Primitive Launch. Location: Trash Road. Owner: Beaverhead County"
1,Beaverhead,Blacktail Meadows Kids Pond,pond,45.2239964297005,-112.63914260338728,True,4,Selway Park,"Montana Fish, Wildlife & Parks Fishing Access Site",True,False,False,False,False,https://myfwp.mt.gov/fishMT/fas/67814639,"Montana Fish, Wildlife & Parks Fishing Access Site. Boat Fac: No Boat Facilities. Camping: No"
1,Beaverhead,Blacktail Meadows Kids Pond,pond,45.2239964297005,-112.63914260338728,True,4,Cornell Park Fishing Access Site,"Montana Fish, Wildlife & Parks Fishing Access Site",True,False,False,False,False,https://myfwp.mt.gov/fishMT/fas/89003401,"Montana Fish, Wildlife & Parks Fishing Access Site. Boat Fac: No Boat Facilities. Camping: No"
1,Beaverhead,Blacktail Meadows Kids Pond,pond,45.2239964297005,-112.63914260338728,True,4,Blacktail Meadows,"Montana Fish, Wildlife & Parks Fishing Access Site",True,False,False,False,False,https://myfwp.mt.gov/fishMT/fas/39754531,"Montana Fish, Wildlife & Parks Fishing Access Site. Boat Fac: No Boat Facilities. Camping: No. Hunt Access: Refer to current hunting regulations for hunting and weapons restrictions."
1,Beaverhead,Blacktail Meadows Kids Pond,pond,45.2239964297005,-112.63914260338728,True,4,Selway Bridge,"City, county, or local developed access site",False,False,False,False,False,https://fwp-gis.mt.gov/arcgis/rest/services/fish/fishViewer/MapServer/48,"City, county, or local developed access site. Accesstype: Primitive Launch. Location: Selway Bridge. Owner: MT DOT"
1,Beaverhead,Bryant Creek,creek,45.824912435971115,-113.14487882171538,True,1,BRYANT CREEK REC SITE,Bureau of Land Management recreation site,False,False,False,False,False,https://fwp-gis.mt.gov/arcgis/rest/services/fish/fishViewer/MapServer/45,Bureau of Land Management recreation site. Descriptio: BRYANT CREEK REC SITE
1,Beaverhead,Charlies Lake,lake,44.57826644107609,-111.83812231875814,True,1,LAKEVIEW SKI CHALET RECREATION SITE,Bureau of Land Management recreation site,False,False,False,False,False,https://fwp-gis.mt.gov/arcgis/rest/services/fish/fishViewer/MapServer/45,Bureau of Land Management recreation site. Descriptio: LAKEVIEW SKI CHALET RECREATION SITE
1,Beaverhead,Clark Canyon Reservoir,reservoir,44.97204638427444,-112.87010260344465,True,8,High Bridge,"Montana Fish, Wildlife & Parks Fishing Access Site",True,False,False,False,False,https://myfwp.mt.gov/fishMT/fas/39753552,"Montana Fish, Wildlife & Parks Fishing Access Site. Boat Fac: Hand Launch. Camping: No. Hunt Access: Refer to current hunting regulations for hunting and weapons restrictions."
1,Beaverhead,Clark Canyon Reservoir,reservoir,44.97204638427444,-112.87010260344465,True,8,Red Rock Inlet,Bureau of Reclamation recreation site,False,False,False,False,False,https://fwp-gis.mt.gov/arcgis/rest/services/fish/fishViewer/MapServer/46,Bureau of Reclamation recreation site
1,Beaverhead,Clark Canyon Reservoir,reservoir,44.97204638427444,-112.87010260344465,True,8,Lone Tree Campground,Bureau of Reclamation recreation site,False,False,False,False,False,https://fwp-gis.mt.gov/arcgis/rest/services/fish/fishViewer/MapServer/46,Bureau of Reclamation recreation site
1,Beaverhead,Clark Canyon Reservoir,reservoir,44.97204638427444,-112.87010260344465,True,8,Hap Hawkins Campground,Bureau of Reclamation recreation site,False,False,False,False,False,https://fwp-gis.mt.gov/arcgis/rest/services/fish/fishViewer/MapServer/46,Bureau of Reclamation recreation site
1,Beaverhead,Clark Canyon Reservoir,reservoir,44.97204638427444,-112.87010260344465,True,8,West Cameahweit Campground,Bureau of Reclamation recreation site,False,False,False,False,False,https://fwp-gis.mt.gov/arcgis/rest/services/fish/fishViewer/MapServer/46,Bureau of Reclamation recreation site
1,Beaverhead,Clark Canyon Reservoir,reservoir,44.97204638427444,-112.87010260344465,True,8,Cameahweit Campground,Bureau of Reclamation recreation site,False,False,False,False,False,https://fwp-gis.mt.gov/arcgis/rest/services/fish/fishViewer/MapServer/46,Bureau of Reclamation recreation site
1,Beaverhead,Clark Canyon Reservoir,reservoir,44.97204638427444,-112.87010260344465,True,8,Lewis & Clark Campground,Bureau of Reclamation recreation site,False,False,False,False,False,https://fwp-gis.mt.gov/arcgis/rest/services/fish/fishViewer/MapServer/46,Bureau of Reclamation recreation site
1,Beaverhead,Clark Canyon Reservoir,reservoir,44.97204638427444,-112.87010260344465,True,8,Buffalo Bridge Boat Launch,Bureau of Reclamation recreation site,True,False,False,False,False,https://fwp-gis.mt.gov/arcgis/rest/services/fish/fishViewer/MapServer/46,Bureau of Reclamation recreation site
1,Beaverhead,Deerhead Lake,lake,45.437336422885274,-112.9147826991274,True,3,Public access site 533,U.S. Forest Service recreation site,False,False,False,False,False,https://fwp-gis.mt.gov/arcgis/rest/services/fish/fishViewer/MapServer/47,U.S. Forest Service recreation site
1,Beaverhead,Deerhead Lake,lake,45.437336422885274,-112.9147826991274,True,3,Public access site 535,U.S. Forest Service recreation site,False,False,False,False,False,https://fwp-gis.mt.gov/arcgis/rest/services/fish/fishViewer/MapServer/47,U.S. Forest Service recreation site
1,Beaverhead,Deerhead Lake,lake,45.437336422885274,-112.9147826991274,True,3,Public access site 563,U.S. Forest Service recreation site,False,False,False,False,False,https://fwp-gis.mt.gov/arcgis/rest/services/fish/fishViewer/MapServer/47,U.S. Forest Service recreation site
1,Beaverhead,East Fork Little Sheep Creek,creek,44.57284636508263,-112.67366249089858,True,1,Public access site 564,U.S. Forest Service recreation site,False,False,False,False,False,https://fwp-gis.mt.gov/arcgis/rest/services/fish/fishViewer/MapServer/47,U.S. Forest Service recreation site
1,Beaverhead,East Shambow Creek,creek,44.596056451924284,-111.74240230221776,True,1,"Red Rock Lake, Upper","City, county, or local developed access site",False,False,False,False,False,https://fwp-gis.mt.gov/arcgis/rest/services/fish/fishViewer/MapServer/48,"City, county, or local developed access site. Accesstype: walk-in. Location: Red Rock Lake, Upper. Owner: USFWS"
1,Beaverhead,Elk Lake,lake,44.67855647109471,-111.61614229060756,True,1,Public access site 675,U.S. Forest Service recreation site,False,False,False,False,False,https://fwp-gis.mt.gov/arcgis/rest/services/fish/fishViewer/MapServer/47,U.S. Forest Service recreation site
1,Beaverhead,George Grant Memorial,public fishing access site,45.77770257950518,-112.84827572943826,True,1,George Grant Memorial,"Montana Fish, Wildlife & Parks Fishing Access Site",True,False,False,False,False,https://myfwp.mt.gov/fishMT/fas/39753524,"Montana Fish, Wildlife & Parks Fishing Access Site. Boat Fac: Ramp (Concrete). Camping: No. Hunt Access: Refer to current hunting regulations for hunting and weapons restrictions."
1,Beaverhead,Glen,public fishing access site,45.46666639860114,-112.66907179886113,True,1,Glen,"Montana Fish, Wildlife & Parks Fishing Access Site",True,False,False,True,False,https://myfwp.mt.gov/fishMT/fas/39753546,"Montana Fish, Wildlife & Parks Fishing Access Site. Boat Fac: Ramp (Concrete). Camping: Yes. Hunt Access: Refer to current hunting regulations for hunting and weapons restrictions."
1,Beaverhead,Grasshopper Creek,creek,45.15115639096546,-112.97497265824646,True,1,Grasshopper,"Montana Fish, Wildlife & Parks Fishing Access Site",True,False,False,False,False,https://myfwp.mt.gov/fishMT/fas/39754489,"Montana Fish, Wildlife & Parks Fishing Access Site. Boat Fac: Ramp (Concrete). Camping: No. Hunt Access: Refer to current hunting regulations for hunting and weapons restrictions."
1,Beaverhead,Greenwood Bottoms,public fishing access site,45.77807966023311,-112.83753169987546,True,1,Greenwood Bottoms,"Montana Fish, Wildlife & Parks Fishing Access Site",True,False,False,True,False,https://myfwp.mt.gov/fishMT/fas/39753548,"Montana Fish, Wildlife & Parks Fishing Access Site. Boat Fac: No Boat Facilities. Camping: Yes. Hunt Access: Refer to current hunting regulations for hunting and weapons restrictions."
1,Beaverhead,Horse Prairie Creek,creek,45.01018637350768,-113.01842264140333,True,1,Horse Prairie Campground,Bureau of Reclamation recreation site,False,False,False,False,False,https://fwp-gis.mt.gov/arcgis/rest/services/fish/fishViewer/MapServer/46,Bureau of Reclamation recreation site
1,Beaverhead,Howell Creek Side Channel,creek,45.74711640509936,-113.38722285695806,True,1,PINTLAR CREEK REC SITE,Bureau of Land Management recreation site,False,False,False,False,False,https://fwp-gis.mt.gov/arcgis/rest/services/fish/fishViewer/MapServer/45,Bureau of Land Management recreation site. Descriptio: PINTLAR CREEK REC SITE
1,Beaverhead,Jacobson Creek,creek,45.534006416287255,-113.08142275261498,True,1,Public access site 544,U.S. Forest Service recreation site,False,False,False,False,False,https://fwp-gis.mt.gov/arcgis/rest/services/fish/fishViewer/MapServer/47,U.S. Forest Service recreation site
1,Beaverhead,JERRY CREEK BRIDGE REC SITE,public fishing access site,45.78512656517847,-112.91637086844744,True,1,JERRY CREEK BRIDGE REC SITE,Bureau of Land Management recreation site,True,False,False,False,False,https://fwp-gis.mt.gov/arcgis/rest/services/fish/fishViewer/MapServer/45,Bureau of Land Management recreation site. Descriptio: JERRY CREEK BRIDGE REC SITE
1,Beaverhead,Joseph Creek,creek,45.66229635696084,-113.81469292676252,True,1,Public access site 551,U.S. Forest Service recreation site,False,False,False,False,False,https://fwp-gis.mt.gov/arcgis/rest/services/fish/fishViewer/MapServer/47,U.S. Forest Service recreation site
1,Beaverhead,Lion Creek,creek,45.60189643304723,-112.96633274269216,True,1,Public access site 539,U.S. Forest Service recreation site,False,False,False,False,False,https://fwp-gis.mt.gov/arcgis/rest/services/fish/fishViewer/MapServer/47,U.S. Forest Service recreation site
1,Beaverhead,Lost Creek,creek,45.490156440921794,-112.77153267986874,True,1,Kalsta Bridge,"Montana Fish, Wildlife & Parks Fishing Access Site",True,False,False,False,False,https://myfwp.mt.gov/fishMT/fas/39753558,"Montana Fish, Wildlife & Parks Fishing Access Site. Boat Fac: No Boat Facilities. Camping: No. Hunt Access: Refer to current hunting regulations for hunting and weapons restrictions."
1,Beaverhead,Lower Miner Lakes,water,45.32240635015683,-113.57417281290645,True,1,Public access site 557,U.S. Forest Service recreation site,False,False,False,False,False,https://fwp-gis.mt.gov/arcgis/rest/services/fish/fishViewer/MapServer/47,U.S. Forest Service recreation site
1,Beaverhead,Lower Red Rock Lake,lake,44.63245644608187,-111.84486232982586,True,1,"Red Rock Lake, Lower 2","City, county, or local developed access site",False,False,False,False,False,https://fwp-gis.mt.gov/arcgis/rest/services/fish/fishViewer/MapServer/48,"City, county, or local developed access site. Accesstype: Primitive Ramp. Location: Red Rock Lake, Lower 2. Owner: USFWS"
1,Beaverhead,Maidenrock,public fishing access site,45.65558930196401,-112.69611902283371,True,1,Maidenrock,"Montana Fish, Wildlife & Parks Fishing Access Site",True,False,False,True,False,https://myfwp.mt.gov/fishMT/fas/39753424,"Montana Fish, Wildlife & Parks Fishing Access Site. Boat Fac: Ramp (Gravel). Camping: Yes. Hunt Access: Refer to current hunting regulations for hunting and weapons restrictions."
1,Beaverhead,May Creek,creek,45.655236359664215,-113.7786629173597,True,1,Public access site 556,U.S. Forest Service recreation site,False,False,False,False,False,https://fwp-gis.mt.gov/arcgis/rest/services/fish/fishViewer/MapServer/47,U.S. Forest Service recreation site
1,Beaverhead,Metzel Creek,creek,44.651576443770225,-111.89352234310296,True,1,"Red Rock Lake, Lower","City, county, or local developed access site",False,False,False,False,False,https://fwp-gis.mt.gov/arcgis/rest/services/fish/fishViewer/MapServer/48,"City, county, or local developed access site. Accesstype: Primitive Ramp. Location: Red Rock Lake, Lower. Owner: USFWS"
1,Beaverhead,Moose Meadows,water,45.592756397863376,-113.31786281277371,True,1,Public access site 547,U.S. Forest Service recreation site,False,False,False,False,False,https://fwp-gis.mt.gov/arcgis/rest/services/fish/fishViewer/MapServer/47,U.S. Forest Service recreation site
1,Beaverhead,Mussigbrod Lake,lake,45.795786387734,-113.61630291309446,True,1,Public access site 558,U.S. Forest Service recreation site,False,False,False,False,False,https://fwp-gis.mt.gov/arcgis/rest/services/fish/fishViewer/MapServer/47,U.S. Forest Service recreation site
1,Beaverhead,Pettengill Creek,creek,45.68314643124658,-113.06006277707921,True,2,Public access site 538,U.S. Forest Service recreation site,False,False,False,False,False,https://fwp-gis.mt.gov/arcgis/rest/services/fish/fishViewer/MapServer/47,U.S. Forest Service recreation site
1,Beaverhead,Pettengill Creek,creek,45.68314643124658,-113.06006277707921,True,2,Public access site 545,U.S. Forest Service recreation site,False,False,False,False,False,https://fwp-gis.mt.gov/arcgis/rest/services/fish/fishViewer/MapServer/47,U.S. Forest Service recreation site
1,Beaverhead,Poindexter Slough,slough,45.186836422365595,-112.67600260401036,True,1,Poindexter Slough,"Montana Fish, Wildlife & Parks Fishing Access Site",True,False,False,False,False,https://myfwp.mt.gov/fishMT/fas/39753408,"Montana Fish, Wildlife & Parks Fishing Access Site. Boat Fac: No Boat Facilities. Camping: No. Hunt Access: Refer to current hunting regulations for hunting and weapons restrictions."
1,Beaverhead,Rattlesnake Creek,creek,45.189126421201756,-112.68703260685398,True,1,Hwy 91 Bridge,"City, county, or local developed access site",False,False,False,False,False,https://fwp-gis.mt.gov/arcgis/rest/services/fish/fishViewer/MapServer/48,"City, county, or local developed access site. Accesstype: Primitive Launch. Location: Hwy 91 Bridge. Owner: County ROW / Private"
1,Beaverhead,Reservoir Lake,reservoir,45.12277634325811,-113.4535827499773,True,2,Public access site 531,U.S. Forest Service recreation site,False,False,False,False,False,https://fwp-gis.mt.gov/arcgis/rest/services/fish/fishViewer/MapServer/47,U.S. Forest Service recreation site
1,Beaverhead,Reservoir Lake,reservoir,45.12277634325811,-113.4535827499773,True,2,Public access site 536,U.S. Forest Service recreation site,False,False,False,False,False,https://fwp-gis.mt.gov/arcgis/rest/services/fish/fishViewer/MapServer/47,U.S. Forest Service recreation site
1,Beaverhead,Salmon Fly,public fishing access site,45.624395702849,-112.68806152101074,True,1,Salmon Fly,"Montana Fish, Wildlife & Parks Fishing Access Site",True,False,False,True,False,https://myfwp.mt.gov/fishMT/fas/39753438,"Montana Fish, Wildlife & Parks Fishing Access Site. Boat Fac: Ramp (Concrete). Camping: Yes. Hunt Access: Refer to current hunting regulations for hunting and weapons restrictions."
1,Beaverhead,Shoestring Creek,creek,45.46738640615346,-113.12154274838727,True,2,Public access site 565,U.S. Forest Service recreation site,False,False,False,False,False,https://fwp-gis.mt.gov/arcgis/rest/services/fish/fishViewer/MapServer/47,U.S. Forest Service recreation site
1,Beaverhead,Shoestring Creek,creek,45.46738640615346,-113.12154274838727,True,2,Public access site 566,U.S. Forest Service recreation site,False,False,False,False,False,https://fwp-gis.mt.gov/arcgis/rest/services/fish/fishViewer/MapServer/47,U.S. Forest Service recreation site
1,Beaverhead,Sucker Creek,creek,45.64270645162204,-112.80741271733154,True,1,Public access site 555,U.S. Forest Service recreation site,False,False,False,False,False,https://fwp-gis.mt.gov/arcgis/rest/services/fish/fishViewer/MapServer/47,U.S. Forest Service recreation site
1,Beaverhead,Twin Lakes,water,45.41199634629304,-113.69418285341956,True,2,Public access site 548,U.S. Forest Service recreation site,False,False,False,False,False,https://fwp-gis.mt.gov/arcgis/rest/services/fish/fishViewer/MapServer/47,U.S. Forest Service recreation site
1,Beaverhead,Twin Lakes,water,45.41199634629304,-113.69418285341956,True,2,Public access site 552,U.S. Forest Service recreation site,False,False,False,False,False,https://fwp-gis.mt.gov/arcgis/rest/services/fish/fishViewer/MapServer/47,U.S. Forest Service recreation site
1,Beaverhead,Van Houten Lake,lake,45.24603635229148,-113.47892277875303,True,2,Public access site 559,U.S. Forest Service recreation site,False,False,False,False,False,https://fwp-gis.mt.gov/arcgis/rest/services/fish/fishViewer/MapServer/47,U.S. Forest Service recreation site
1,Beaverhead,Van Houten Lake,lake,45.24603635229148,-113.47892277875303,True,2,Public access site 560,U.S. Forest Service recreation site,False,False,False,False,False,https://fwp-gis.mt.gov/arcgis/rest/services/fish/fishViewer/MapServer/47,U.S. Forest Service recreation site
2,Big Horn,Arapooish Pond,pond,45.75448694713206,-107.56791159184449,True,1,Arapooish,"Montana Fish, Wildlife & Parks Fishing Access Site",True,False,False,False,False,https://myfwp.mt.gov/fishMT/fas/39753824,"Montana Fish, Wildlife & Parks Fishing Access Site. Boat Fac: Ramp (Concrete). Camping: No. Hunt Access: Refer to current hunting regulations for hunting and weapons restrictions."
2,Big Horn,General Custer,public fishing access site,45.926423844422494,-107.57860136046921,True,1,General Custer,"Montana Fish, Wildlife & Parks Fishing Access Site",True,False,False,True,False,https://myfwp.mt.gov/fishMT/fas/39753842,"Montana Fish, Wildlife & Parks Fishing Access Site. Boat Fac: Ramp (Concrete). Camping: Yes. Hunt Access: Refer to current hunting regulations for hunting and weapons restrictions."
2,Big Horn,Mallard's Landing,public fishing access site,45.52149105329488,-107.72428493829044,True,1,Mallard's Landing,"Montana Fish, Wildlife & Parks Fishing Access Site",True,False,False,True,False,https://myfwp.mt.gov/fishMT/fas/39753860,"Montana Fish, Wildlife & Parks Fishing Access Site. Boat Fac: Ramp (Concrete). Camping: Yes. Hunt Access: Refer to current hunting regulations for hunting and weapons restrictions."
2,Big Horn,Soap Creek,creek,45.391286887180144,-107.80745158084353,True,1,Bighorn,"Montana Fish, Wildlife & Parks Fishing Access Site",True,False,False,True,False,https://myfwp.mt.gov/fishMT/fas/39753822,"Montana Fish, Wildlife & Parks Fishing Access Site. Boat Fac: Ramp (Concrete). Camping: Yes. Hunt Access: Refer to current hunting regulations for hunting and weapons restrictions."
2,Big Horn,St Clair Ottun Pond,pond,45.84964695915683,-107.54513160352504,True,1,Grant Marsh,"Montana Fish, Wildlife & Parks Fishing Access Site",True,False,False,True,False,https://myfwp.mt.gov/fishMT/fas/39754577,"Montana Fish, Wildlife & Parks Fishing Access Site. Boat Fac: Ramp (Concrete). Camping: Yes. Hunt Access: Refer to current hunting regulations for hunting and weapons restrictions."
2,Big Horn,Whiskey Coule Lake,lake,45.614796920712514,-107.69820159583792,True,1,Two Leggins,"Montana Fish, Wildlife & Parks Fishing Access Site",True,False,False,True,False,https://myfwp.mt.gov/fishMT/fas/39753876,"Montana Fish, Wildlife & Parks Fishing Access Site. Boat Fac: Ramp (Concrete). Camping: Yes. Hunt Access: Refer to current hunting regulations for hunting and weapons restrictions."
2,Big Horn,Yellowtail Afterbay Reservoir,reservoir,45.314046868342864,-107.9313615951789,True,4,Yellowtail Afterbay,Bureau of Reclamation recreation site,False,False,False,False,False,https://fwp-gis.mt.gov/arcgis/rest/services/fish/fishViewer/MapServer/46,Bureau of Reclamation recreation site
2,Big Horn,Yellowtail Afterbay Reservoir,reservoir,45.314046868342864,-107.9313615951789,True,4,Yellowtail Dam,"City, county, or local developed access site",False,False,False,False,False,https://fwp-gis.mt.gov/arcgis/rest/services/fish/fishViewer/MapServer/48,"City, county, or local developed access site. Accesstype: Concrete Ramp. Location: Yellowtail Dam. Owner: USDI"
2,Big Horn,Yellowtail Afterbay Reservoir,reservoir,45.314046868342864,-107.9313615951789,True,4,Yellowtail Afterbay Reservoir,"City, county, or local developed access site",False,False,False,False,False,https://fwp-gis.mt.gov/arcgis/rest/services/fish/fishViewer/MapServer/48,"City, county, or local developed access site. Accesstype: Concrete Ramp. Location: Yellowtail Afterbay Reservoir. Owner: USDI"
2,Big Horn,Yellowtail Afterbay Reservoir,reservoir,45.314046868342864,-107.9313615951789,True,4,Yellowtail Dam Marina,"City, county, or local developed access site",False,False,False,False,False,https://fwp-gis.mt.gov/arcgis/rest/services/fish/fishViewer/MapServer/48,"City, county, or local developed access site. Accesstype: Concrete Ramp. Location: Bighorn Reservoir. Owner: NPS"
3,Blaine,Butch Reservoir,reservoir,47.951397020490575,-109.11223238575877,True,1,BUTCH RESERVOIR,Bureau of Land Management recreation site,False,False,False,False,False,https://fwp-gis.mt.gov/arcgis/rest/services/fish/fishViewer/MapServer/45,Bureau of Land Management recreation site. Descriptio: BUTCH RESERVOIR
3,Blaine,Chouteau Reservoir,reservoir,48.83467710803652,-109.04965256931911,True,1,Choteau Reservoir,"City, county, or local developed access site",False,False,False,False,False,https://fwp-gis.mt.gov/arcgis/rest/services/fish/fishViewer/MapServer/48,"City, county, or local developed access site. Accesstype: walk-in. Location: Choteau Reservoir. Owner: Montana DNRC"
3,Blaine,Don Reservoir,reservoir,48.88140710755691,-109.09051259003594,True,1,DON RESERVOIR,Bureau of Land Management recreation site,False,False,False,False,False,https://fwp-gis.mt.gov/arcgis/rest/services/fish/fishViewer/MapServer/45,Bureau of Land Management recreation site. Descriptio: DON RESERVOIR
3,Blaine,Faber Reservoir,reservoir,48.26388704742882,-109.13310245966447,True,1,Faber Reservoir,"Montana Fish, Wildlife & Parks Fishing Access Site",True,False,False,False,False,https://myfwp.mt.gov/fishMT/fas/39754319,"Montana Fish, Wildlife & Parks Fishing Access Site. Boat Fac: No Boat Facilities. Camping: No. Hunt Access: Refer to current hunting regulations for hunting and weapons restrictions."
3,Blaine,Fr Reservoir,reservoir,47.93180700419649,-109.26883241757506,True,1,FR RESERVOIR,Bureau of Land Management recreation site,False,False,False,False,False,https://fwp-gis.mt.gov/arcgis/rest/services/fish/fishViewer/MapServer/45,Bureau of Land Management recreation site. Descriptio: FR RESERVOIR
3,Blaine,Gazob Reservoir,reservoir,48.01270704191357,-108.95251236212862,True,1,GAZOB RESERVOIR,Bureau of Land Management recreation site,False,False,False,False,False,https://fwp-gis.mt.gov/arcgis/rest/services/fish/fishViewer/MapServer/45,Bureau of Land Management recreation site. Descriptio: GAZOB RESERVOIR
3,Blaine,North Faber Reservoir,reservoir,48.60882709342894,-108.9881425035507,True,1,NORTH FABER RESERVOIR,Bureau of Land Management recreation site,False,False,False,False,False,https://fwp-gis.mt.gov/arcgis/rest/services/fish/fishViewer/MapServer/45,Bureau of Land Management recreation site. Descriptio: NORTH FABER RESERVOIR
3,Blaine,Reser Reservoir,reservoir,48.716507061575534,-109.40151262384215,True,1,RESER RESERVOIR,Bureau of Land Management recreation site,False,False,False,False,False,https://fwp-gis.mt.gov/arcgis/rest/services/fish/fishViewer/MapServer/45,Bureau of Land Management recreation site. Descriptio: RESER RESERVOIR
3,Blaine,Ridge Reservoir,reservoir,48.04160701888855,-109.21205242913855,True,1,RIDGE RESERVOIR,Bureau of Land Management recreation site,False,False,False,False,False,https://fwp-gis.mt.gov/arcgis/rest/services/fish/fishViewer/MapServer/45,Bureau of Land Management recreation site. Descriptio: RIDGE RESERVOIR
3,Blaine,Salmo Reservoir,reservoir,48.61920707605735,-109.16631254779598,True,1,SALMO RESERVOIR,Bureau of Land Management recreation site,False,False,False,False,False,https://fwp-gis.mt.gov/arcgis/rest/services/fish/fishViewer/MapServer/45,Bureau of Land Management recreation site. Descriptio: SALMO RESERVOIR
4,Broadwater,Bar Gulch,water,46.695076660784,-111.62080267753804,True,1,Public access site 333,U.S. Forest Service recreation site,False,False,False,True,False,https://fwp-gis.mt.gov/arcgis/rest/services/fish/fishViewer/MapServer/47,U.S. Forest Service recreation site
4,Broadwater,Beaver Creek,creek,46.51383664672394,-111.59659263596494,True,1,White Earth Campground,Bureau of Reclamation recreation site,False,False,False,False,False,https://fwp-gis.mt.gov/arcgis/rest/services/fish/fishViewer/MapServer/46,Bureau of Reclamation recreation site
4,Broadwater,Canyon Ferry Lake,lake,46.43711664662556,-111.52724260440276,True,1,Silos Campground,Bureau of Reclamation recreation site,False,False,False,False,False,https://fwp-gis.mt.gov/arcgis/rest/services/fish/fishViewer/MapServer/46,Bureau of Reclamation recreation site
4,Broadwater,Confederate Gulch,water,46.487416652156824,-111.51334261268545,True,2,Confederate Campground,Bureau of Reclamation recreation site,False,False,False,False,False,https://fwp-gis.mt.gov/arcgis/rest/services/fish/fishViewer/MapServer/46,Bureau of Reclamation recreation site
4,Broadwater,Confederate Gulch,water,46.487416652156824,-111.51334261268545,True,2,Public access site 266,U.S. Forest Service recreation site,False,True,False,False,False,https://fwp-gis.mt.gov/arcgis/rest/services/fish/fishViewer/MapServer/47,U.S. Forest Service recreation site
4,Broadwater,Crow Creek,creek,46.18973662822301,-111.48226254507696,True,1,CROW CREEK REC SITE,Bureau of Land Management recreation site,False,False,False,False,False,https://fwp-gis.mt.gov/arcgis/rest/services/fish/fishViewer/MapServer/45,Bureau of Land Management recreation site. Descriptio: CROW CREEK REC SITE
4,Broadwater,Duck Creek,creek,46.46095664748699,-111.53782261147614,True,2,DUCK CREEK REC SITE,Bureau of Land Management recreation site,False,False,False,False,False,https://fwp-gis.mt.gov/arcgis/rest/services/fish/fishViewer/MapServer/45,Bureau of Land Management recreation site. Descriptio: DUCK CREEK REC SITE
4,Broadwater,Duck Creek,creek,46.46095664748699,-111.53782261147614,True,2,Duck Creek Campground,Bureau of Reclamation recreation site,False,False,False,False,False,https://fwp-gis.mt.gov/arcgis/rest/services/fish/fishViewer/MapServer/46,Bureau of Reclamation recreation site
4,Broadwater,Greyson Creek,creek,46.26328663318995,-111.49617256378944,True,1,York's Islands,"Montana Fish, Wildlife & Parks Fishing Access Site",True,False,False,True,False,https://myfwp.mt.gov/fishMT/fas/39753472,"Montana Fish, Wildlife & Parks Fishing Access Site. Boat Fac: Ramp (Concrete). Camping: Yes. Hunt Access: Refer to current hunting regulations for hunting and weapons restrictions."
4,Broadwater,Hall Creek,creek,46.322896611177065,-111.78147263634348,True,1,Public access site 334,U.S. Forest Service recreation site,False,False,True,True,False,https://fwp-gis.mt.gov/arcgis/rest/services/fish/fishViewer/MapServer/47,U.S. Forest Service recreation site
4,Broadwater,Indian Road Pond,pond,46.33303663636376,-111.53006258406457,True,1,Cottonwood Campground,Bureau of Reclamation recreation site,False,False,False,False,False,https://fwp-gis.mt.gov/arcgis/rest/services/fish/fishViewer/MapServer/46,Bureau of Reclamation recreation site
4,Broadwater,North Fork Deep Creek,creek,46.32591666023612,-111.28239253002883,True,1,Public access site 335,U.S. Forest Service recreation site,False,False,False,True,False,https://fwp-gis.mt.gov/arcgis/rest/services/fish/fishViewer/MapServer/47,U.S. Forest Service recreation site
4,Broadwater,Russell Fork Deep Creek,creek,46.34881667618494,-111.13576250339395,True,2,Public access site 277,U.S. Forest Service recreation site,False,False,False,False,False,https://fwp-gis.mt.gov/arcgis/rest/services/fish/fishViewer/MapServer/47,U.S. Forest Service recreation site
4,Broadwater,Russell Fork Deep Creek,creek,46.34881667618494,-111.13576250339395,True,2,Public access site 340,U.S. Forest Service recreation site,False,False,False,False,False,https://fwp-gis.mt.gov/arcgis/rest/services/fish/fishViewer/MapServer/47,U.S. Forest Service recreation site
4,Broadwater,Spring Creek,creek,46.55530665309725,-111.56713263775052,True,1,Goose Bay Marina and Campground,Bureau of Reclamation recreation site,False,False,False,False,False,https://fwp-gis.mt.gov/arcgis/rest/services/fish/fishViewer/MapServer/46,Bureau of Reclamation recreation site
4,Broadwater,Toston Canal,canal,46.13674163020084,-111.40437851831562,True,1,Toston,"Montana Fish, Wildlife & Parks Fishing Access Site",True,False,False,False,False,https://myfwp.mt.gov/fishMT/fas/39753480,"Montana Fish, Wildlife & Parks Fishing Access Site. Boat Fac: Ramp (Gravel). Camping: No. Hunt Access: Refer to current hunting regulations for hunting and weapons restrictions."
5,Carbon,Armstrong Creek,creek,45.19975670250174,-109.64370195931143,True,1,Public access site 121,U.S. Forest Service recreation site,False,False,True,False,False,https://fwp-gis.mt.gov/arcgis/rest/services/fish/fishViewer/MapServer/47,U.S. Forest Service recreation site
5,Carbon,Basin Creek,creek,45.15823672157235,-109.3831618940154,True,1,Public access site 151,U.S. Forest Service recreation site,False,False,True,True,True,https://fwp-gis.mt.gov/arcgis/rest/services/fish/fishViewer/MapServer/47,"U.S. Forest Service recreation site. Accessibility: <p><strong>Handicap Accessible Facilities:</strong><br />Toilet and 3 campsites.&nbsp; Visit <a href=""http://www.recreation.gov""><strong>www.recreation.gov</strong></a> for details.</p>"
5,Carbon,Bear Trap Reservoir,reservoir,45.10438675019515,-108.99499179736767,True,1,Bridger Bend,"Montana Fish, Wildlife & Parks Fishing Access Site",True,False,False,False,False,https://myfwp.mt.gov/fishMT/fas/39753834,"Montana Fish, Wildlife & Parks Fishing Access Site. Boat Fac: No Boat Facilities. Camping: No. Hunt Access: Refer to current hunting regulations for hunting and weapons restrictions."
5,Carbon,Bighorn Lake,lake,45.09629681968836,-108.21430162100503,True,1,Barrys Landing,Bureau of Reclamation recreation site,False,False,False,False,False,https://fwp-gis.mt.gov/arcgis/rest/services/fish/fishViewer/MapServer/46,Bureau of Reclamation recreation site
5,Carbon,Bridgers Lions Ditch,water,45.294046778977645,-108.90061181121135,True,1,Bridger,"Montana Fish, Wildlife & Parks Fishing Access Site",True,False,False,False,False,https://myfwp.mt.gov/fishMT/fas/39754495,"Montana Fish, Wildlife & Parks Fishing Access Site. Boat Fac: Ramp (Gravel). Camping: No. Hunt Access: Refer to current hunting regulations for hunting and weapons restrictions."
5,Carbon,Clarks Fork Yellowstone River,river,45.46396680216982,-108.84014182835362,True,1,Clarks Fork Yellowstone,"Montana Fish, Wildlife & Parks Fishing Access Site",True,False,False,True,False,https://myfwp.mt.gov/fishMT/fas/39754253,"Montana Fish, Wildlife & Parks Fishing Access Site. Boat Fac: No Boat Facilities. Camping: Yes. Hunt Access: Refer to current hunting regulations for hunting and weapons restrictions."
5,Carbon,Clear Creek,creek,45.37364676512482,-109.14615188065667,True,1,Clear Creek Rest Area,"City, county, or local developed access site",False,False,False,False,False,https://fwp-gis.mt.gov/arcgis/rest/services/fish/fishViewer/MapServer/48,"City, county, or local developed access site. Location: Hwy 212 - RM 25. Owner: County ROW/Private"
5,Carbon,Dry Head Creek,creek,45.21126681390369,-108.40810168554239,True,1,Public access site 131,U.S. Forest Service recreation site,False,False,False,False,False,https://fwp-gis.mt.gov/arcgis/rest/services/fish/fishViewer/MapServer/47,U.S. Forest Service recreation site
5,Carbon,Greenough Lake,lake,45.05162670701526,-109.41706188289523,True,6,Public access site 100,U.S. Forest Service recreation site,False,False,True,False,False,https://fwp-gis.mt.gov/arcgis/rest/services/fish/fishViewer/MapServer/47,U.S. Forest Service recreation site
5,Carbon,Greenough Lake,lake,45.05162670701526,-109.41706188289523,True,6,Public access site 128,U.S. Forest Service recreation site,False,False,True,True,True,https://fwp-gis.mt.gov/arcgis/rest/services/fish/fishViewer/MapServer/47,U.S. Forest Service recreation site
5,Carbon,Greenough Lake,lake,45.05162670701526,-109.41706188289523,True,6,Public access site 134,U.S. Forest Service recreation site,False,False,True,False,False,https://fwp-gis.mt.gov/arcgis/rest/services/fish/fishViewer/MapServer/47,U.S. Forest Service recreation site
5,Carbon,Greenough Lake,lake,45.05162670701526,-109.41706188289523,True,6,Public access site 145,U.S. Forest Service recreation site,False,False,True,True,False,https://fwp-gis.mt.gov/arcgis/rest/services/fish/fishViewer/MapServer/47,U.S. Forest Service recreation site
5,Carbon,Greenough Lake,lake,45.05162670701526,-109.41706188289523,True,6,Public access site 146,U.S. Forest Service recreation site,False,False,True,True,False,https://fwp-gis.mt.gov/arcgis/rest/services/fish/fishViewer/MapServer/47,U.S. Forest Service recreation site
5,Carbon,Greenough Lake,lake,45.05162670701526,-109.41706188289523,True,6,Public access site 147,U.S. Forest Service recreation site,False,False,True,True,False,https://fwp-gis.mt.gov/arcgis/rest/services/fish/fishViewer/MapServer/47,U.S. Forest Service recreation site
5,Carbon,North Fork Sage Creek,creek,45.21136680479818,-108.511221708983,True,1,Public access site 123,U.S. Forest Service recreation site,False,False,True,False,False,https://fwp-gis.mt.gov/arcgis/rest/services/fish/fishViewer/MapServer/47,U.S. Forest Service recreation site
5,Carbon,Seeley Creek,creek,45.10387672344798,-109.30507186738974,True,1,Public access site 149,U.S. Forest Service recreation site,False,False,True,True,False,https://fwp-gis.mt.gov/arcgis/rest/services/fish/fishViewer/MapServer/47,U.S. Forest Service recreation site
5,Carbon,Sheridan Creek,creek,45.09564672160092,-109.31366186805529,True,1,Public access site 148,U.S. Forest Service recreation site,False,False,True,True,False,https://fwp-gis.mt.gov/arcgis/rest/services/fish/fishViewer/MapServer/47,U.S. Forest Service recreation site
5,Carbon,Spread Creek,creek,45.21198670467745,-109.63543196010968,True,1,Public access site 122,U.S. Forest Service recreation site,False,False,True,False,False,https://fwp-gis.mt.gov/arcgis/rest/services/fish/fishViewer/MapServer/47,U.S. Forest Service recreation site
5,Carbon,Spring Creek,creek,45.284206745974146,-109.26113189007631,True,3,Water Birch,"Montana Fish, Wildlife & Parks Fishing Access Site",True,False,False,True,False,https://myfwp.mt.gov/fishMT/fas/39753878,"Montana Fish, Wildlife & Parks Fishing Access Site. Boat Fac: Hand Launch. Camping: Yes. Hunt Access: Refer to current hunting regulations for hunting and weapons restrictions."
5,Carbon,Spring Creek,creek,45.284206745974146,-109.26113189007631,True,3,Bull Springs,"Montana Fish, Wildlife & Parks Fishing Access Site",True,False,False,False,False,https://myfwp.mt.gov/fishMT/fas/39753832,"Montana Fish, Wildlife & Parks Fishing Access Site. Boat Fac: No Boat Facilities. Camping: No. Hunt Access: Refer to current hunting regulations for hunting and weapons restrictions."
5,Carbon,Spring Creek,creek,45.284206745974146,-109.26113189007631,True,3,Beaver Lodge,"Montana Fish, Wildlife & Parks Fishing Access Site",True,False,False,False,False,https://myfwp.mt.gov/fishMT/fas/39753812,"Montana Fish, Wildlife & Parks Fishing Access Site. Boat Fac: Hand Launch. Camping: No. Hunt Access: Refer to current hunting regulations for hunting and weapons restrictions."
5,Carbon,Thiel's Pond,pond,45.29964678991636,-108.7820517863141,True,1,Bluewater Springs,"Montana Fish, Wildlife & Parks Fishing Access Site",True,False,False,False,False,https://myfwp.mt.gov/fishMT/fas/39753885,"Montana Fish, Wildlife & Parks Fishing Access Site. Boat Fac: No Boat Facilities. Camping: No. Hunt Access: Refer to current hunting regulations for hunting and weapons restrictions."
5,Carbon,Timberline Creek,creek,45.172266716257674,-109.45836191281127,True,1,Public access site 150,U.S. Forest Service recreation site,False,False,True,True,False,https://fwp-gis.mt.gov/arcgis/rest/services/fish/fishViewer/MapServer/47,U.S. Forest Service recreation site
5,Carbon,Timberline Lake,lake,45.13573670782462,-109.50537191674415,True,1,Public access site 142,U.S. Forest Service recreation site,False,False,False,False,False,https://fwp-gis.mt.gov/arcgis/rest/services/fish/fishViewer/MapServer/47,U.S. Forest Service recreation site
5,Carbon,West Fork Rock Creek,creek,45.15560672866705,-109.30331187640702,True,1,Public access site 102,U.S. Forest Service recreation site,False,False,True,False,False,https://fwp-gis.mt.gov/arcgis/rest/services/fish/fishViewer/MapServer/47,U.S. Forest Service recreation site
5,Carbon,Weymiller,public fishing access site,45.02685704962167,-109.06095240002294,True,1,Weymiller,"Montana Fish, Wildlife & Parks Fishing Access Site",True,False,False,True,False,https://myfwp.mt.gov/fishMT/fas/39754672,"Montana Fish, Wildlife & Parks Fishing Access Site. Boat Fac: No Boat Facilities. Camping: Yes. Hunt Access: Refer to current hunting regulations for hunting and weapons restrictions."
5,Carbon,"Willow Cr, Palisade Fk",water,45.23858673874127,-109.28379188683003,True,1,Horsethief Station,"Montana Fish, Wildlife & Parks Fishing Access Site",True,False,False,True,False,https://myfwp.mt.gov/fishMT/fas/39753848,"Montana Fish, Wildlife & Parks Fishing Access Site. Boat Fac: No Boat Facilities. Camping: Yes. Hunt Access: Refer to current hunting regulations for hunting and weapons restrictions."
6,Carter,Bucholtz Reservoir,reservoir,45.5862272356658,-104.0607807244835,True,2,Public access site 143,U.S. Forest Service recreation site,False,False,False,False,False,https://fwp-gis.mt.gov/arcgis/rest/services/fish/fishViewer/MapServer/47,U.S. Forest Service recreation site
6,Carter,Bucholtz Reservoir,reservoir,45.5862272356658,-104.0607807244835,True,2,Bucholtz,"City, county, or local developed access site",False,False,False,False,False,https://fwp-gis.mt.gov/arcgis/rest/services/fish/fishViewer/MapServer/48,"City, county, or local developed access site. Accesstype: walk-in. Location: Bucholtz. Owner: USFS"
6,Carter,Cheesman Reservoir,reservoir,45.58681722853773,-104.14649074554099,True,1,Cheesman,"City, county, or local developed access site",False,False,False,False,False,https://fwp-gis.mt.gov/arcgis/rest/services/fish/fishViewer/MapServer/48,"City, county, or local developed access site. Accesstype: walk-in. Location: Cheesman. Owner: USFS"
6,Carter,Exie Pond,pond,45.59954722726841,-104.17803075596485,True,1,Exie,"City, county, or local developed access site",False,False,False,False,False,https://fwp-gis.mt.gov/arcgis/rest/services/fish/fishViewer/MapServer/48,"City, county, or local developed access site. Accesstype: walk-in. Location: Exie. Owner: USFS"
6,Carter,MacNab Pond,pond,45.836397232279204,-104.43109085980879,True,1,Public access site 96,U.S. Forest Service recreation site,False,False,True,True,False,https://fwp-gis.mt.gov/arcgis/rest/services/fish/fishViewer/MapServer/47,U.S. Forest Service recreation site
7,Cascade,Big Coulee,water,47.51633670832621,-111.875702904783,True,1,Fort Shaw,"Montana Fish, Wildlife & Parks Fishing Access Site",True,False,False,False,False,https://myfwp.mt.gov/fishMT/fas/39753682,"Montana Fish, Wildlife & Parks Fishing Access Site. Boat Fac: Hand Launch. Camping: No. Hunt Access: Refer to current hunting regulations for hunting and weapons restrictions."
7,Cascade,Crawford Creek,creek,47.00098677123724,-110.76994255659214,True,1,Public access site 520,U.S. Forest Service recreation site,False,False,False,False,False,https://fwp-gis.mt.gov/arcgis/rest/services/fish/fishViewer/MapServer/47,U.S. Forest Service recreation site
7,Cascade,Giant Springs Fishing Pond,pond,47.5327067745129,-111.23235277005234,True,2,Public access site 593,U.S. Forest Service recreation site,False,False,False,False,False,https://fwp-gis.mt.gov/arcgis/rest/services/fish/fishViewer/MapServer/47,U.S. Forest Service recreation site. Accessibility: <p>The Interpretive Center is accessible. Elevators are available. Service animals are permitted.&nbsp;</p>
7,Cascade,Giant Springs Fishing Pond,pond,47.5327067745129,-111.23235277005234,True,2,Rainbow Reservoir,"City, county, or local developed access site",False,False,False,False,False,https://fwp-gis.mt.gov/arcgis/rest/services/fish/fishViewer/MapServer/48,"City, county, or local developed access site. Accesstype: Primitive Ramp. Location: Rainbow Reservoir. Owner: City of Great Falls"
7,Cascade,Goon Coulee,water,47.441396766306624,-111.2215627476453,True,1,White Bear,"Montana Fish, Wildlife & Parks Fishing Access Site",True,False,False,False,False,https://myfwp.mt.gov/fishMT/fas/39753756,"Montana Fish, Wildlife & Parks Fishing Access Site. Boat Fac: No Boat Facilities. Camping: No. Hunt Access: Refer to current hunting regulations for hunting and weapons restrictions."
7,Cascade,Largent Bend Pond # 1,pond,47.541826735134016,-111.63088285839409,True,1,Largent's Bend,"Montana Fish, Wildlife & Parks Fishing Access Site",True,False,False,True,False,https://myfwp.mt.gov/fishMT/fas/39754261,"Montana Fish, Wildlife & Parks Fishing Access Site. Boat Fac: No Boat Facilities. Camping: Yes. Hunt Access: Refer to current hunting regulations for hunting and weapons restrictions."
7,Cascade,Little Muddy Creek,creek,47.34016671969357,-111.60680280843249,True,2,Little Muddy Creek,"Montana Fish, Wildlife & Parks Fishing Access Site",True,False,False,False,False,https://myfwp.mt.gov/fishMT/fas/39754636,"Montana Fish, Wildlife & Parks Fishing Access Site. Boat Fac: No Boat Facilities. Camping: No. Hunt Access: Refer to current hunting regulations for hunting and weapons restrictions."
7,Cascade,Little Muddy Creek,creek,47.34016671969357,-111.60680280843249,True,2,Wing Dam,"Montana Fish, Wildlife & Parks Fishing Access Site",True,False,False,False,False,https://myfwp.mt.gov/fishMT/fas/39753738,"Montana Fish, Wildlife & Parks Fishing Access Site. Boat Fac: No Boat Facilities. Camping: No. Hunt Access: Refer to current hunting regulations for hunting and weapons restrictions."
7,Cascade,Lord Coulee,water,47.374796740351805,-111.4338727791733,True,1,Truly Bridge,"Montana Fish, Wildlife & Parks Fishing Access Site",True,False,False,False,False,https://myfwp.mt.gov/fishMT/fas/39753736,"Montana Fish, Wildlife & Parks Fishing Access Site. Boat Fac: No Boat Facilities. Camping: No. Hunt Access: Refer to current hunting regulations for hunting and weapons restrictions."
7,Cascade,Mill Coulee Creek,creek,47.52861672838742,-111.68615286687287,True,1,Medicine River,"Montana Fish, Wildlife & Parks Fishing Access Site",True,False,False,False,False,https://myfwp.mt.gov/fishMT/fas/39753680,"Montana Fish, Wildlife & Parks Fishing Access Site. Boat Fac: Hand Launch. Camping: No. Hunt Access: Refer to current hunting regulations for hunting and weapons restrictions."
7,Cascade,Missouri River,river,47.50012676356962,-111.30805277855893,True,2,Broadwater Bay,"City, county, or local developed access site",False,False,False,False,False,https://fwp-gis.mt.gov/arcgis/rest/services/fish/fishViewer/MapServer/48,"City, county, or local developed access site. Accesstype: walk-in. Location: Broadwater Bay. Owner: City of Great Falls"
7,Cascade,Missouri River,river,47.50012676356962,-111.30805277855893,True,2,Black Eagle,"City, county, or local developed access site",False,False,False,False,False,https://fwp-gis.mt.gov/arcgis/rest/services/fish/fishViewer/MapServer/48,"City, county, or local developed access site. Accesstype: Primitive Ramp. Location: Black Eagle. Owner: City of Great Falls"
7,Cascade,Palisade Creek,creek,46.90855677079721,-110.68900251962474,True,1,Public access site 615,U.S. Forest Service recreation site,False,False,False,False,False,https://fwp-gis.mt.gov/arcgis/rest/services/fish/fishViewer/MapServer/47,U.S. Forest Service recreation site
7,Cascade,Pelican Point #1,water,47.20037669024995,-111.77997281633164,True,1,Pelican Point,"Montana Fish, Wildlife & Parks Fishing Access Site",True,False,False,True,False,https://myfwp.mt.gov/fishMT/fas/39753672,"Montana Fish, Wildlife & Parks Fishing Access Site. Boat Fac: Ramp (Concrete). Camping: Yes. Hunt Access: Refer to current hunting regulations for hunting and weapons restrictions."
7,Cascade,Sawmill Gulch,water,47.10954675894618,-110.99638262760189,True,1,Public access site 519,U.S. Forest Service recreation site,False,False,False,False,False,https://fwp-gis.mt.gov/arcgis/rest/services/fish/fishViewer/MapServer/47,U.S. Forest Service recreation site
7,Cascade,Sheep Creek,creek,47.177666685636716,-111.81229281954367,True,5,Prewett Creek,"Montana Fish, Wildlife & Parks Fishing Access Site",True,False,False,True,False,https://myfwp.mt.gov/fishMT/fas/39753750,"Montana Fish, Wildlife & Parks Fishing Access Site. Boat Fac: Ramp (Concrete). Camping: Yes. Hunt Access: Refer to current hunting regulations for hunting and weapons restrictions."
7,Cascade,Sheep Creek,creek,47.177666685636716,-111.81229281954367,True,5,Mountain Palace,"Montana Fish, Wildlife & Parks Fishing Access Site",True,False,False,True,False,https://myfwp.mt.gov/fishMT/fas/39753712,"Montana Fish, Wildlife & Parks Fishing Access Site. Boat Fac: Ramp (Concrete). Camping: Yes"
7,Cascade,Sheep Creek,creek,47.177666685636716,-111.81229281954367,True,5,Devils Kitchen,"Montana Fish, Wildlife & Parks Fishing Access Site",True,False,False,False,False,https://myfwp.mt.gov/fishMT/fas/39753676,"Montana Fish, Wildlife & Parks Fishing Access Site. Boat Fac: Hand Launch. Camping: No. Hunt Access: Refer to current hunting regulations for hunting and weapons restrictions."
7,Cascade,Sheep Creek,creek,47.177666685636716,-111.81229281954367,True,5,Hardy Bridge,"Montana Fish, Wildlife & Parks Fishing Access Site",True,False,False,False,False,https://myfwp.mt.gov/fishMT/fas/39753708,"Montana Fish, Wildlife & Parks Fishing Access Site. Boat Fac: Hand Launch. Camping: No"
7,Cascade,Sheep Creek,creek,47.177666685636716,-111.81229281954367,True,5,Mid Canon,"Montana Fish, Wildlife & Parks Fishing Access Site",True,False,False,True,False,https://myfwp.mt.gov/fishMT/fas/39753694,"Montana Fish, Wildlife & Parks Fishing Access Site. Boat Fac: Ramp (Gravel). Camping: Yes. Hunt Access: Refer to current hunting regulations for hunting and weapons restrictions."
7,Cascade,Smith River,river,47.41338673888891,-111.47905279809144,True,3,Dunes,"Montana Fish, Wildlife & Parks Fishing Access Site",True,False,False,False,False,https://myfwp.mt.gov/fishMT/fas/39753696,"Montana Fish, Wildlife & Parks Fishing Access Site. Boat Fac: Hand Launch. Camping: No. Hunt Access: Refer to current hunting regulations for hunting and weapons restrictions."
7,Cascade,Smith River,river,47.41338673888891,-111.47905279809144,True,3,Ulm Bridge,"Montana Fish, Wildlife & Parks Fishing Access Site",True,False,False,False,False,https://myfwp.mt.gov/fishMT/fas/39753698,"Montana Fish, Wildlife & Parks Fishing Access Site. Boat Fac: Ramp (Concrete). Camping: No. Hunt Access: Refer to current hunting regulations for hunting and weapons restrictions."
7,Cascade,Smith River,river,47.41338673888891,-111.47905279809144,True,3,Lower Smith River,"Montana Fish, Wildlife & Parks Fishing Access Site",True,False,False,False,False,https://myfwp.mt.gov/fishMT/fas/39753700,"Montana Fish, Wildlife & Parks Fishing Access Site. Boat Fac: No Boat Facilities. Camping: No. Hunt Access: Refer to current hunting regulations for hunting and weapons restrictions."
7,Cascade,Sun River,river,47.5359267320723,-111.6578428631391,True,1,Sun River near Wadsworth Pond,"City, county, or local developed access site",False,False,False,False,False,https://fwp-gis.mt.gov/arcgis/rest/services/fish/fishViewer/MapServer/48,"City, county, or local developed access site. Accesstype: Primitive Ramp. Location: Sun River near Wadsworth Pond. Owner: City of Great Falls"
7,Cascade,Woodland Estates Pond,pond,47.42030675064771,-111.37131277507723,True,2,Cottonwood Grove,"Montana Fish, Wildlife & Parks Fishing Access Site",True,False,False,False,False,https://myfwp.mt.gov/fishMT/fas/39754718,"Montana Fish, Wildlife & Parks Fishing Access Site. Boat Fac: No Boat Facilities. Camping: No. Hunt Access: Refer to current hunting regulations for hunting and weapons restrictions."
7,Cascade,Woodland Estates Pond,pond,47.42030675064771,-111.37131277507723,True,2,Big Bend,"Montana Fish, Wildlife & Parks Fishing Access Site",True,False,False,False,False,https://myfwp.mt.gov/fishMT/fas/39753702,"Montana Fish, Wildlife & Parks Fishing Access Site. Boat Fac: Ramp (Concrete). Camping: No. Hunt Access: Refer to current hunting regulations for hunting and weapons restrictions."
8,Chouteau,Belt Creek,creek,47.598616797896476,-111.04982274359243,True,1,Widow Coulee,"Montana Fish, Wildlife & Parks Fishing Access Site",True,False,False,False,False,https://myfwp.mt.gov/fishMT/fas/39754569,"Montana Fish, Wildlife & Parks Fishing Access Site. Boat Fac: Ramp (Concrete). Camping: No. Hunt Access: Refer to current hunting regulations for hunting and weapons restrictions."
8,Chouteau,Eagle Creek,creek,47.92404693835261,-109.9290925649781,True,1,EAGLE CREEK REC SITE,Bureau of Land Management recreation site,False,False,False,False,False,https://fwp-gis.mt.gov/arcgis/rest/services/fish/fishViewer/MapServer/45,Bureau of Land Management recreation site. Descriptio: EAGLE CREEK REC SITE
8,Chouteau,Highwood Creek,creek,47.477746830426874,-110.61296262095398,True,1,Public access site 612,U.S. Forest Service recreation site,False,False,False,False,False,https://fwp-gis.mt.gov/arcgis/rest/services/fish/fishViewer/MapServer/47,U.S. Forest Service recreation site
8,Chouteau,Marias River,river,47.93193688105058,-110.50787269629986,True,1,Loma Bridge,"Montana Fish, Wildlife & Parks Fishing Access Site",True,False,False,False,False,https://myfwp.mt.gov/fishMT/fas/39753692,"Montana Fish, Wildlife & Parks Fishing Access Site. Boat Fac: Ramp (Gravel). Camping: No. Hunt Access: Refer to current hunting regulations for hunting and weapons restrictions."
8,Chouteau,Sheep Shed Coulee,water,47.75740692270192,-109.9262325294378,True,1,SLAUGHTER RIVER,Bureau of Land Management recreation site,False,False,False,False,False,https://fwp-gis.mt.gov/arcgis/rest/services/fish/fishViewer/MapServer/45,Bureau of Land Management recreation site. Descriptio: SLAUGHTER RIVER
8,Chouteau,Shonkin Creek,creek,47.77955685387727,-110.64708269438347,True,2,FORT BENTON MOTORBOAT LAUNCH,Bureau of Land Management recreation site,True,False,False,False,False,https://fwp-gis.mt.gov/arcgis/rest/services/fish/fishViewer/MapServer/45,Bureau of Land Management recreation site. Descriptio: FORT BENTON MOTORBOAT LAUNCH
8,Chouteau,Shonkin Creek,creek,47.77955685387727,-110.64708269438347,True,2,FORT BENTON CANOE LAUNCH,Bureau of Land Management recreation site,True,False,False,False,False,https://fwp-gis.mt.gov/arcgis/rest/services/fish/fishViewer/MapServer/45,Bureau of Land Management recreation site. Descriptio: FORT BENTON CANOE LAUNCH
8,Chouteau,Small Pond,pond,47.73877683048136,-110.84681273035076,True,1,Carter Ferry,"Montana Fish, Wildlife & Parks Fishing Access Site",True,False,False,False,False,https://myfwp.mt.gov/fishMT/fas/39753640,"Montana Fish, Wildlife & Parks Fishing Access Site. Boat Fac: Ramp (Gravel). Camping: No. Hunt Access: Refer to current hunting regulations for hunting and weapons restrictions."
9,Custer,Cottonwood Creek,creek,46.61154721926521,-105.5589712759451,True,1,Bonfield,"Montana Fish, Wildlife & Parks Fishing Access Site",True,False,False,True,False,https://myfwp.mt.gov/fishMT/fas/39754401,"Montana Fish, Wildlife & Parks Fishing Access Site. Boat Fac: Ramp (Concrete). Camping: Yes. Hunt Access: Refer to current hunting regulations for hunting and weapons restrictions."
9,Custer,Dean Reservoir,reservoir,46.37459718547585,-105.65611125586184,True,1,DEAN S RESERVOIR,Bureau of Land Management recreation site,False,False,False,False,False,https://fwp-gis.mt.gov/arcgis/rest/services/fish/fishViewer/MapServer/45,Bureau of Land Management recreation site. Descriptio: DEAN S RESERVOIR
9,Custer,Pumpkin Creek,creek,46.21564516602618,-105.6753602300058,True,1,PUMPKIN CREEK RANCH AND RECREATION AREA,Bureau of Land Management recreation site,False,False,False,False,False,https://fwp-gis.mt.gov/arcgis/rest/services/fish/fishViewer/MapServer/45,Bureau of Land Management recreation site. Descriptio: PUMPKIN CREEK RANCH AND RECREATION AREA
9,Custer,Sand Creek,creek,46.54241719731303,-105.72468130272071,True,1,Kinsey Bridge,"Montana Fish, Wildlife & Parks Fishing Access Site",True,False,False,False,False,https://myfwp.mt.gov/fishMT/fas/39754397,"Montana Fish, Wildlife & Parks Fishing Access Site. Boat Fac: Ramp (Concrete). Camping: No. Hunt Access: Refer to current hunting regulations for hunting and weapons restrictions."
9,Custer,Spotted Eagle Lake,lake,46.390907169602336,-105.85448130537104,True,1,Spotted Eagle,"City, county, or local developed access site",False,False,False,False,False,https://fwp-gis.mt.gov/arcgis/rest/services/fish/fishViewer/MapServer/48,"City, county, or local developed access site. Accesstype: Ramp. Location: Spotted Eagle. Owner: City of Miley City"
9,Custer,Tongue River,river,46.24484716289123,-105.75122125344225,True,1,Twelve Mile Dam,"Montana Fish, Wildlife & Parks Fishing Access Site",True,False,False,True,False,https://myfwp.mt.gov/fishMT/fas/39754387,"Montana Fish, Wildlife & Parks Fishing Access Site. Boat Fac: No Boat Facilities. Camping: Yes. Hunt Access: Refer to current hunting regulations for hunting and weapons restrictions."
9,Custer,Yellowstone River,river,46.41261717077052,-105.86541131135048,True,1,Roche Jaune,"Montana Fish, Wildlife & Parks Fishing Access Site",True,False,False,False,False,https://myfwp.mt.gov/fishMT/fas/39754385,"Montana Fish, Wildlife & Parks Fishing Access Site. Boat Fac: Ramp (Concrete). Camping: No"
10,Daniels,Whitetail Reservoir,reservoir,48.889037494342936,-105.15841164184826,True,1,Whitetail Reservoir,"Montana Fish, Wildlife & Parks Fishing Access Site",True,False,False,False,False,https://myfwp.mt.gov/fishMT/fas/39754311,"Montana Fish, Wildlife & Parks Fishing Access Site. Boat Fac: Ramp (Gravel). Camping: No. Hunt Access: Refer to current hunting regulations for hunting and weapons restrictions."
11,Dawson,Dry Creek,creek,47.10994734595714,-104.75499117540542,True,1,Black Bridge,"Montana Fish, Wildlife & Parks Fishing Access Site",True,False,False,False,False,https://myfwp.mt.gov/fishMT/fas/39754623,"Montana Fish, Wildlife & Parks Fishing Access Site. Boat Fac: Ramp (Concrete). Camping: No"
11,Dawson,Hollecker Lake,lake,47.12794735012678,-104.72939117238985,True,1,Hollecker Pond,"City, county, or local developed access site",False,False,False,False,False,https://fwp-gis.mt.gov/arcgis/rest/services/fish/fishViewer/MapServer/48,"City, county, or local developed access site. Accesstype: walk-in. Location: Hollecker Pond. Owner: City of Glendive"
11,Dawson,Johnson Reservoir,reservoir,47.31670733733627,-105.100311300624,True,1,Johnson Reservoir,"Montana Fish, Wildlife & Parks Fishing Access Site",True,False,False,False,False,https://myfwp.mt.gov/fishMT/fas/39754375,"Montana Fish, Wildlife & Parks Fishing Access Site. Boat Fac: No Boat Facilities. Camping: No. Hunt Access: Refer to current hunting regulations for hunting and weapons restrictions."
11,Dawson,Morgan Creek,creek,47.26501737482833,-104.6187211719056,True,1,Stipek,"Montana Fish, Wildlife & Parks Fishing Access Site",True,False,False,True,False,https://myfwp.mt.gov/fishMT/fas/39754666,"Montana Fish, Wildlife & Parks Fishing Access Site. Boat Fac: Ramp (Concrete). Camping: Yes. Hunt Access: Refer to current hunting regulations for hunting and weapons restrictions."
11,Dawson,War Dance Cr,water,47.3224973946526,-104.47492114653782,True,1,Intake Dam,"Montana Fish, Wildlife & Parks Fishing Access Site",True,False,False,True,False,https://myfwp.mt.gov/fishMT/fas/39754381,"Montana Fish, Wildlife & Parks Fishing Access Site. Boat Fac: Ramp (Concrete). Camping: Yes. Hunt Access: Refer to current hunting regulations for hunting and weapons restrictions."
12,Deer Lodge,Fishtrap Creek,creek,45.868666432498216,-113.2262328472815,True,2,Fishtrap Creek,"Montana Fish, Wildlife & Parks Fishing Access Site",True,False,False,True,False,https://myfwp.mt.gov/fishMT/fas/39753538,"Montana Fish, Wildlife & Parks Fishing Access Site. Boat Fac: Ramp (Concrete). Camping: Yes. Hunt Access: Refer to current hunting regulations for hunting and weapons restrictions."
12,Deer Lodge,Fishtrap Creek,creek,45.868666432498216,-113.2262328472815,True,2,SAWLOG CREEK REC SITE,Bureau of Land Management recreation site,False,False,False,False,False,https://fwp-gis.mt.gov/arcgis/rest/services/fish/fishViewer/MapServer/45,Bureau of Land Management recreation site. Descriptio: SAWLOG CREEK REC SITE
12,Deer Lodge,Mudd Creek,creek,45.8100864175073,-113.3229728550129,True,1,MUDD CREEK BRIDGE,Bureau of Land Management recreation site,True,False,False,False,False,https://fwp-gis.mt.gov/arcgis/rest/services/fish/fishViewer/MapServer/45,Bureau of Land Management recreation site. Descriptio: MUDD CREEK BRIDGE
12,Deer Lodge,North Fork Flint Creek,creek,46.19690645685945,-113.26769292194685,True,3,Public access site 636,U.S. Forest Service recreation site,False,False,False,False,False,https://fwp-gis.mt.gov/arcgis/rest/services/fish/fishViewer/MapServer/47,U.S. Forest Service recreation site
12,Deer Lodge,North Fork Flint Creek,creek,46.19690645685945,-113.26769292194685,True,3,Public access site 647,U.S. Forest Service recreation site,False,False,False,False,False,https://fwp-gis.mt.gov/arcgis/rest/services/fish/fishViewer/MapServer/47,U.S. Forest Service recreation site
12,Deer Lodge,North Fork Flint Creek,creek,46.19690645685945,-113.26769292194685,True,3,Public access site 651,U.S. Forest Service recreation site,False,False,False,False,False,https://fwp-gis.mt.gov/arcgis/rest/services/fish/fishViewer/MapServer/47,U.S. Forest Service recreation site
12,Deer Lodge,Seymour Creek,creek,45.88266644041319,-113.14334283373356,True,1,Sportsman's Park,"Montana Fish, Wildlife & Parks Fishing Access Site",True,False,False,True,False,https://myfwp.mt.gov/fishMT/fas/39753482,"Montana Fish, Wildlife & Parks Fishing Access Site. Boat Fac: No Boat Facilities. Camping: Yes. Hunt Access: Refer to current hunting regulations for hunting and weapons restrictions."
12,Deer Lodge,"Seymour Lake, Lower",lake,45.98442644637482,-113.18481286263061,True,1,Public access site 553,U.S. Forest Service recreation site,False,False,False,False,False,https://fwp-gis.mt.gov/arcgis/rest/services/fish/fishViewer/MapServer/47,U.S. Forest Service recreation site
12,Deer Lodge,Stuart Mill Creek,creek,46.18414645405201,-113.28041292174122,True,2,Stuart Mill Bay,"Montana Fish, Wildlife & Parks Fishing Access Site",True,False,False,True,False,https://myfwp.mt.gov/fishMT/fas/39754543,"Montana Fish, Wildlife & Parks Fishing Access Site. Boat Fac: Ramp (Gravel). Camping: Yes. Hunt Access: Refer to current hunting regulations for hunting and weapons restrictions."
12,Deer Lodge,Stuart Mill Creek,creek,46.18414645405201,-113.28041292174122,True,2,Public access site 653,U.S. Forest Service recreation site,False,False,False,False,False,https://fwp-gis.mt.gov/arcgis/rest/services/fish/fishViewer/MapServer/47,U.S. Forest Service recreation site
13,Fallon,South Sandstone Reservoir,reservoir,46.3387572862449,-104.47819096206973,True,1,South Sandstone,"Montana Fish, Wildlife & Parks Fishing Access Site",True,False,False,True,False,https://myfwp.mt.gov/fishMT/fas/39754405,"Montana Fish, Wildlife & Parks Fishing Access Site. Boat Fac: Ramp (Concrete). Camping: Yes. Hunt Access: Refer to current hunting regulations for hunting and weapons restrictions."
13,Fallon,Upper Baker Lake,lake,46.35530730660785,-104.25771091023785,True,1,Baker Lake,"City, county, or local developed access site",False,False,False,False,False,https://fwp-gis.mt.gov/arcgis/rest/services/fish/fishViewer/MapServer/48,"City, county, or local developed access site. Accesstype: Ramp. Location: Baker Lake. Owner: City of Baker"
14,Fergus,Big Casino Creek Reservoir,reservoir,47.03537690341181,-109.43074226527163,True,1,Big Casino Creek Reservoir,"Montana Fish, Wildlife & Parks Fishing Access Site",True,False,False,False,False,https://myfwp.mt.gov/fishMT/fas/39753658,"Montana Fish, Wildlife & Parks Fishing Access Site. Boat Fac: Hand Launch. Camping: No"
14,Fergus,Boyd Creek,creek,47.07325690771723,-109.4262622717283,True,2,Lazy KB,"Montana Fish, Wildlife & Parks Fishing Access Site",True,False,False,False,False,https://myfwp.mt.gov/fishMT/fas/39754515,"Montana Fish, Wildlife & Parks Fishing Access Site. Boat Fac: No Boat Facilities. Camping: No. Hunt Access: Refer to current hunting regulations for hunting and weapons restrictions."
14,Fergus,Boyd Creek,creek,47.07325690771723,-109.4262622717283,True,2,Carroll Trail,"Montana Fish, Wildlife & Parks Fishing Access Site",True,False,False,False,False,https://myfwp.mt.gov/fishMT/fas/39753740,"Montana Fish, Wildlife & Parks Fishing Access Site. Boat Fac: No Boat Facilities. Camping: No. Hunt Access: Refer to current hunting regulations for hunting and weapons restrictions."
14,Fergus,Buffalo Wallow Reservoir,reservoir,47.46309704121373,-108.42457212469849,True,1,BUFFALO WALLOW RESERVOIR,Bureau of Land Management recreation site,False,False,False,False,False,https://fwp-gis.mt.gov/arcgis/rest/services/fish/fishViewer/MapServer/45,Bureau of Land Management recreation site. Descriptio: BUFFALO WALLOW RESERVOIR
14,Fergus,Burnette Creek,creek,47.10363690482823,-109.48399229145986,True,1,Reed & Bowles,"Montana Fish, Wildlife & Parks Fishing Access Site",True,False,False,False,False,https://myfwp.mt.gov/fishMT/fas/39754517,"Montana Fish, Wildlife & Parks Fishing Access Site. Boat Fac: No Boat Facilities. Camping: No. Hunt Access: Refer to current hunting regulations for hunting and weapons restrictions."
14,Fergus,Carters Pond,pond,47.14249691455277,-109.42781228690329,True,1,Lower Carter Pond,"Montana Fish, Wildlife & Parks Fishing Access Site",True,False,False,False,False,https://myfwp.mt.gov/fishMT/fas/39753668,"Montana Fish, Wildlife & Parks Fishing Access Site. Boat Fac: Hand Launch. Camping: No. Hunt Access: Refer to current hunting regulations for hunting and weapons restrictions."
14,Fergus,Castle Creek,creek,47.00360690864643,-109.34630224014202,True,1,Hatchery,"Montana Fish, Wildlife & Parks Fishing Access Site",True,False,False,False,False,https://myfwp.mt.gov/fishMT/fas/39754682,"Montana Fish, Wildlife & Parks Fishing Access Site. Boat Fac: No Boat Facilities. Camping: No. Hunt Access: Refer to current hunting regulations for hunting and weapons restrictions."
14,Fergus,Crystal Lake,lake,46.79873687267336,-109.51420223651112,True,3,Public access site 470,U.S. Forest Service recreation site,False,False,False,False,False,https://fwp-gis.mt.gov/arcgis/rest/services/fish/fishViewer/MapServer/47,U.S. Forest Service recreation site
14,Fergus,Crystal Lake,lake,46.79873687267336,-109.51420223651112,True,3,Public access site 578,U.S. Forest Service recreation site,False,False,False,False,False,https://fwp-gis.mt.gov/arcgis/rest/services/fish/fishViewer/MapServer/47,U.S. Forest Service recreation site
14,Fergus,Crystal Lake,lake,46.79873687267336,-109.51420223651112,True,3,Public access site 605,U.S. Forest Service recreation site,False,False,False,False,False,https://fwp-gis.mt.gov/arcgis/rest/services/fish/fishViewer/MapServer/47,U.S. Forest Service recreation site
14,Fergus,Elks Country Club Pond,pond,47.05497690834988,-109.40114226282356,True,1,Brewery Flats,"Montana Fish, Wildlife & Parks Fishing Access Site",True,False,False,False,False,https://myfwp.mt.gov/fishMT/fas/39753650,"Montana Fish, Wildlife & Parks Fishing Access Site. Boat Fac: No Boat Facilities. Camping: No. Hunt Access: Refer to current hunting regulations for hunting and weapons restrictions."
14,Fergus,Fritzner Reservoir,reservoir,47.545077039444465,-108.52805216505722,True,2,MAULAND RESERVOIR,Bureau of Land Management recreation site,False,False,False,False,False,https://fwp-gis.mt.gov/arcgis/rest/services/fish/fishViewer/MapServer/45,Bureau of Land Management recreation site. Descriptio: MAULAND RESERVOIR
14,Fergus,Fritzner Reservoir,reservoir,47.545077039444465,-108.52805216505722,True,2,FRITZNER RESERVOIR,Bureau of Land Management recreation site,False,False,False,False,False,https://fwp-gis.mt.gov/arcgis/rest/services/fish/fishViewer/MapServer/45,Bureau of Land Management recreation site. Descriptio: FRITZNER RESERVOIR
14,Fergus,Jakes Reservoir,reservoir,47.50627702575833,-108.62439217904377,True,1,JAKES RESERVOIR,Bureau of Land Management recreation site,False,False,False,False,False,https://fwp-gis.mt.gov/arcgis/rest/services/fish/fishViewer/MapServer/45,Bureau of Land Management recreation site. Descriptio: JAKES RESERVOIR
14,Fergus,Spring Creek,creek,46.842166959661824,-108.6372320464364,True,1,Spring Creek,"Montana Fish, Wildlife & Parks Fishing Access Site",True,False,False,False,False,https://myfwp.mt.gov/fishMT/fas/39753626,"Montana Fish, Wildlife & Parks Fishing Access Site. Boat Fac: No Boat Facilities. Camping: No. Hunt Access: Refer to current hunting regulations for hunting and weapons restrictions."
14,Fergus,Upper Carters Pond,pond,47.152696915413344,-109.42644228872136,True,1,Upper Carter Pond,"Montana Fish, Wildlife & Parks Fishing Access Site",True,False,False,False,False,https://myfwp.mt.gov/fishMT/fas/39753670,"Montana Fish, Wildlife & Parks Fishing Access Site. Boat Fac: Ramp (Gravel). Camping: No. Hunt Access: Refer to current hunting regulations for hunting and weapons restrictions."
14,Fergus,Wolverine Creek,creek,47.10992690481671,-109.49542229523489,True,1,Hruska,"Montana Fish, Wildlife & Parks Fishing Access Site",True,False,False,False,False,https://myfwp.mt.gov/fishMT/fas/39753688,"Montana Fish, Wildlife & Parks Fishing Access Site. Boat Fac: No Boat Facilities. Camping: No. Hunt Access: Refer to current hunting regulations for hunting and weapons restrictions."
15,Flathead,Akokala Creek,creek,48.80513656336127,-114.29574371147591,True,2,Public access site 302,U.S. Forest Service recreation site,False,False,True,False,False,https://fwp-gis.mt.gov/arcgis/rest/services/fish/fishViewer/MapServer/47,U.S. Forest Service recreation site
15,Flathead,Akokala Creek,creek,48.80513656336127,-114.29574371147591,True,2,Public access site 442,U.S. Forest Service recreation site,False,False,True,False,False,https://fwp-gis.mt.gov/arcgis/rest/services/fish/fishViewer/MapServer/47,U.S. Forest Service recreation site
15,Flathead,Ashley Lake,lake,48.20325648359703,-114.61909363378959,True,3,Public access site 355,U.S. Forest Service recreation site,True,False,True,False,False,https://fwp-gis.mt.gov/arcgis/rest/services/fish/fishViewer/MapServer/47,U.S. Forest Service recreation site
15,Flathead,Ashley Lake,lake,48.20325648359703,-114.61909363378959,True,3,Public access site 356,U.S. Forest Service recreation site,True,False,True,False,False,https://fwp-gis.mt.gov/arcgis/rest/services/fish/fishViewer/MapServer/47,U.S. Forest Service recreation site
15,Flathead,Ashley Lake,lake,48.20325648359703,-114.61909363378959,True,3,Public access site 357,U.S. Forest Service recreation site,True,False,True,False,False,https://fwp-gis.mt.gov/arcgis/rest/services/fish/fishViewer/MapServer/47,U.S. Forest Service recreation site
15,Flathead,Beaver Lake,lake,48.433576522277484,-114.41861364649388,True,1,Beaver Lake,"Montana Fish, Wildlife & Parks Fishing Access Site",True,False,False,False,False,https://myfwp.mt.gov/fishMT/fas/39753975,"Montana Fish, Wildlife & Parks Fishing Access Site. Boat Fac: Ramp (Concrete). Camping: No"
15,Flathead,Beta Lake,lake,48.31754655366304,-114.02915354035207,True,1,Public access site 324,U.S. Forest Service recreation site,False,False,False,False,False,https://fwp-gis.mt.gov/arcgis/rest/services/fish/fishViewer/MapServer/47,U.S. Forest Service recreation site
15,Flathead,Bigfork Canal,canal,48.05949652998864,-114.06996348807665,True,1,Bigfork,"Montana Fish, Wildlife & Parks Fishing Access Site",True,True,False,False,False,https://myfwp.mt.gov/fishMT/fas/39753993,"Montana Fish, Wildlife & Parks Fishing Access Site. Boat Fac: Dock, Ramp (Concrete). Camping: No"
15,Flathead,Blanchard Lake,lake,48.38968652395174,-114.36707362633105,True,1,Blanchard Lake,"Montana Fish, Wildlife & Parks Fishing Access Site",True,False,False,False,False,https://myfwp.mt.gov/fishMT/fas/39753963,"Montana Fish, Wildlife & Parks Fishing Access Site. Boat Fac: Ramp (Gravel). Camping: No"
15,Flathead,Bootjack Lake,lake,48.423296513533025,-114.49414365961273,True,1,Bootjack Lake,"Montana Fish, Wildlife & Parks Fishing Access Site",True,False,False,False,False,https://myfwp.mt.gov/fishMT/fas/39754057,"Montana Fish, Wildlife & Parks Fishing Access Site. Boat Fac: Hand Launch. Camping: No. Hunt Access: Refer to current hunting regulations for hunting and weapons restrictions."
15,Flathead,Clark Creek,creek,48.05491657225279,-113.65916340199897,True,1,Public access site 384,U.S. Forest Service recreation site,False,False,True,False,False,https://fwp-gis.mt.gov/arcgis/rest/services/fish/fishViewer/MapServer/47,U.S. Forest Service recreation site
15,Flathead,Colts Creek,creek,48.99304655663507,-114.47665379430589,True,1,Public access site 443,U.S. Forest Service recreation site,False,False,True,False,False,https://fwp-gis.mt.gov/arcgis/rest/services/fish/fishViewer/MapServer/47,U.S. Forest Service recreation site
15,Flathead,Deep Creek,creek,48.58223755965843,-114.16430862948144,True,1,Public access site 441,U.S. Forest Service recreation site,False,False,True,True,False,https://fwp-gis.mt.gov/arcgis/rest/services/fish/fishViewer/MapServer/47,U.S. Forest Service recreation site
15,Flathead,Echo Lake,lake,48.127336538164,-114.04235349832464,True,1,Echo Lake,"Montana Fish, Wildlife & Parks Fishing Access Site",True,True,False,True,False,https://myfwp.mt.gov/fishMT/fas/39754619,"Montana Fish, Wildlife & Parks Fishing Access Site. Boat Fac: Dock, Ramp (Concrete). Camping: Yes"
15,Flathead,Elliot Creek,creek,48.1038865280807,-114.11442350729459,True,1,Sportsmans Bridge,"Montana Fish, Wildlife & Parks Fishing Access Site",True,False,False,False,False,https://myfwp.mt.gov/fishMT/fas/39754011,"Montana Fish, Wildlife & Parks Fishing Access Site. Boat Fac: Ramp (Concrete). Camping: No. Hunt Access: Refer to current hunting regulations for hunting and weapons restrictions."
15,Flathead,Giefer Creek,creek,48.258582953109546,-113.41291991755017,True,1,Public access site 309,U.S. Forest Service recreation site,False,False,True,False,False,https://fwp-gis.mt.gov/arcgis/rest/services/fish/fishViewer/MapServer/47,U.S. Forest Service recreation site
15,Flathead,Goldie Creek,creek,48.21937656582133,-113.8464634790243,True,1,Public access site 325,U.S. Forest Service recreation site,True,False,False,False,False,https://fwp-gis.mt.gov/arcgis/rest/services/fish/fishViewer/MapServer/47,U.S. Forest Service recreation site
15,Flathead,Gooderich Bayou,water,48.25698652822625,-114.22823356615953,True,1,Pressentine,"Montana Fish, Wildlife & Parks Fishing Access Site",True,False,False,False,False,https://myfwp.mt.gov/fishMT/fas/39754009,"Montana Fish, Wildlife & Parks Fishing Access Site. Boat Fac: Ramp (Gravel). Camping: No"
15,Flathead,Gorge Creek,creek,47.80383656955595,-113.48505330805331,True,1,Public access site 311,U.S. Forest Service recreation site,False,False,True,False,False,https://fwp-gis.mt.gov/arcgis/rest/services/fish/fishViewer/MapServer/47,U.S. Forest Service recreation site
15,Flathead,Harris Creek,creek,48.198746571030775,-113.77374345899622,True,1,Public access site 317,U.S. Forest Service recreation site,False,False,False,False,False,https://fwp-gis.mt.gov/arcgis/rest/services/fish/fishViewer/MapServer/47,U.S. Forest Service recreation site
15,Flathead,Harrison Creek,creek,47.854446580061044,-113.42441330824828,True,1,Public access site 382,U.S. Forest Service recreation site,False,False,True,False,False,https://fwp-gis.mt.gov/arcgis/rest/services/fish/fishViewer/MapServer/47,U.S. Forest Service recreation site
15,Flathead,Hawk Creek,creek,48.81508655463779,-114.37605373029018,True,1,Public access site 304,U.S. Forest Service recreation site,False,False,True,False,True,https://fwp-gis.mt.gov/arcgis/rest/services/fish/fishViewer/MapServer/47,U.S. Forest Service recreation site
15,Flathead,Hoke Creek,creek,48.10347657104923,-113.70219342276052,True,2,Public access site 320,U.S. Forest Service recreation site,False,False,False,False,False,https://fwp-gis.mt.gov/arcgis/rest/services/fish/fishViewer/MapServer/47,U.S. Forest Service recreation site
15,Flathead,Hoke Creek,creek,48.10347657104923,-113.70219342276052,True,2,Public access site 321,U.S. Forest Service recreation site,False,False,False,False,False,https://fwp-gis.mt.gov/arcgis/rest/services/fish/fishViewer/MapServer/47,U.S. Forest Service recreation site
15,Flathead,Hungry Horse Reservoir,reservoir,48.326846561991935,-113.96174352844378,True,1,Public access site 323,U.S. Forest Service recreation site,True,False,False,False,False,https://fwp-gis.mt.gov/arcgis/rest/services/fish/fishViewer/MapServer/47,U.S. Forest Service recreation site
15,Flathead,Java Creek,creek,48.24141659612494,-113.57159342812888,True,2,Public access site 315,U.S. Forest Service recreation site,False,False,True,False,False,https://fwp-gis.mt.gov/arcgis/rest/services/fish/fishViewer/MapServer/47,U.S. Forest Service recreation site
15,Flathead,Java Creek,creek,48.24141659612494,-113.57159342812888,True,2,Public access site 430,U.S. Forest Service recreation site,False,False,True,False,False,https://fwp-gis.mt.gov/arcgis/rest/services/fish/fishViewer/MapServer/47,U.S. Forest Service recreation site
15,Flathead,Lagoni Lake,lake,48.589606508961346,-114.65469373285362,True,1,Public access site 365,U.S. Forest Service recreation site,True,False,True,False,False,https://fwp-gis.mt.gov/arcgis/rest/services/fish/fishViewer/MapServer/47,U.S. Forest Service recreation site
15,Flathead,Lake Five,lake,48.46507656605135,-114.01755357173204,True,1,Paul's Memorial,"Montana Fish, Wildlife & Parks Fishing Access Site",True,False,False,False,False,https://myfwp.mt.gov/fishMT/fas/39754690,"Montana Fish, Wildlife & Parks Fishing Access Site. Boat Fac: Ramp (Concrete). Camping: No"
15,Flathead,Lion Lake,lake,48.37108655774172,-114.03144355262381,True,2,Public access site 307,U.S. Forest Service recreation site,False,False,False,False,False,https://fwp-gis.mt.gov/arcgis/rest/services/fish/fishViewer/MapServer/47,U.S. Forest Service recreation site
15,Flathead,Lion Lake,lake,48.37108655774172,-114.03144355262381,True,2,Public access site 329,U.S. Forest Service recreation site,False,False,True,False,False,https://fwp-gis.mt.gov/arcgis/rest/services/fish/fishViewer/MapServer/47,U.S. Forest Service recreation site
15,Flathead,Logan Creek,creek,48.42410650233605,-114.59815368173453,True,1,Public access site 361,U.S. Forest Service recreation site,True,True,True,False,False,https://fwp-gis.mt.gov/arcgis/rest/services/fish/fishViewer/MapServer/47,U.S. Forest Service recreation site
15,Flathead,Lost Johnny Creek,creek,48.31753656126733,-113.96288352647193,True,3,Public access site 322,U.S. Forest Service recreation site,False,False,False,False,False,https://fwp-gis.mt.gov/arcgis/rest/services/fish/fishViewer/MapServer/47,U.S. Forest Service recreation site
15,Flathead,Lost Johnny Creek,creek,48.31753656126733,-113.96288352647193,True,3,Public access site 326,U.S. Forest Service recreation site,False,False,False,False,False,https://fwp-gis.mt.gov/arcgis/rest/services/fish/fishViewer/MapServer/47,U.S. Forest Service recreation site
15,Flathead,Lost Johnny Creek,creek,48.31753656126733,-113.96288352647193,True,3,Public access site 327,U.S. Forest Service recreation site,True,False,False,False,False,https://fwp-gis.mt.gov/arcgis/rest/services/fish/fishViewer/MapServer/47,U.S. Forest Service recreation site
15,Flathead,Lower Twin Creek,creek,47.988216575860484,-113.56797336755251,True,1,Public access site 370,U.S. Forest Service recreation site,False,False,True,False,False,https://fwp-gis.mt.gov/arcgis/rest/services/fish/fishViewer/MapServer/47,U.S. Forest Service recreation site
15,Flathead,McInernie Creek,creek,48.25592657325568,-113.79690347780002,True,2,Public access site 306,U.S. Forest Service recreation site,True,False,False,True,False,https://fwp-gis.mt.gov/arcgis/rest/services/fish/fishViewer/MapServer/47,U.S. Forest Service recreation site
15,Flathead,McInernie Creek,creek,48.25592657325568,-113.79690347780002,True,2,Public access site 431,U.S. Forest Service recreation site,True,False,True,False,False,https://fwp-gis.mt.gov/arcgis/rest/services/fish/fishViewer/MapServer/47,U.S. Forest Service recreation site
15,Flathead,McWenneger Slough,slough,48.22222652797289,-114.20224355237686,True,1,McWenneger Slough,"Montana Fish, Wildlife & Parks Fishing Access Site",True,False,False,True,False,https://myfwp.mt.gov/fishMT/fas/39754660,"Montana Fish, Wildlife & Parks Fishing Access Site. Boat Fac: No Boat Facilities. Camping: Yes. Hunt Access: Refer to current hunting regulations for hunting and weapons restrictions."
15,Flathead,Moccasin Creek,creek,48.48041658609961,-113.84749354122799,True,1,Public access site 328,U.S. Forest Service recreation site,False,False,False,False,False,https://fwp-gis.mt.gov/arcgis/rest/services/fish/fishViewer/MapServer/47,U.S. Forest Service recreation site
15,Flathead,Montana Veterans Home Pond,pond,48.35812653763136,-114.21091358754428,True,1,Kokanee Bend,"Montana Fish, Wildlife & Parks Fishing Access Site",True,False,False,False,False,https://myfwp.mt.gov/fishMT/fas/39754007,"Montana Fish, Wildlife & Parks Fishing Access Site. Boat Fac: Ramp (Gravel). Camping: No. Hunt Access: Refer to current hunting regulations for hunting and weapons restrictions."
15,Flathead,Moose Lake,lake,48.628936539504615,-114.3900736875221,True,1,Public access site 446,U.S. Forest Service recreation site,False,False,True,False,False,https://fwp-gis.mt.gov/arcgis/rest/services/fish/fishViewer/MapServer/47,U.S. Forest Service recreation site
15,Flathead,Patrick Creek,creek,48.13227651785015,-114.24200354021418,True,1,Somers,"Montana Fish, Wildlife & Parks Fishing Access Site",True,True,False,False,False,https://myfwp.mt.gov/fishMT/fas/39754047,"Montana Fish, Wildlife & Parks Fishing Access Site. Boat Fac: Ramp (Concrete), Dock. Camping: No"
15,Flathead,Pine Grove Pond,pond,48.248786521615344,-114.28858357721442,True,1,Pine Grove Pond,"Montana Fish, Wildlife & Parks Fishing Access Site",True,False,False,False,False,https://myfwp.mt.gov/fishMT/fas/39754706,"Montana Fish, Wildlife & Parks Fishing Access Site. Boat Fac: No Boat Facilities. Camping: No"
15,Flathead,Red Meadow Lake,lake,48.757246530259195,-114.56146375465266,True,1,Public access site 303,U.S. Forest Service recreation site,False,False,True,False,False,https://fwp-gis.mt.gov/arcgis/rest/services/fish/fishViewer/MapServer/47,U.S. Forest Service recreation site
15,Flathead,Rogers Lake,lake,48.06614647441959,-114.60510359854146,True,1,Rogers Lake,"City, county, or local developed access site",False,False,False,False,False,https://fwp-gis.mt.gov/arcgis/rest/services/fish/fishViewer/MapServer/48,"City, county, or local developed access site. Accesstype: Carry-in. Location: Rogers Lake. Owner: State"
15,Flathead,Rubideau Creek,creek,48.49595756759295,-114.02572458108105,True,1,Public access site 308,U.S. Forest Service recreation site,False,False,True,False,False,https://fwp-gis.mt.gov/arcgis/rest/services/fish/fishViewer/MapServer/47,U.S. Forest Service recreation site
15,Flathead,Shady Lane Pond,pond,48.21129652175906,-114.26270356213828,True,2,Shady Lane,"Montana Fish, Wildlife & Parks Fishing Access Site",True,False,False,False,False,https://myfwp.mt.gov/fishMT/fas/39754585,"Montana Fish, Wildlife & Parks Fishing Access Site. Boat Fac: No Boat Facilities. Camping: No"
15,Flathead,Shady Lane Pond,pond,48.21129652175906,-114.26270356213828,True,2,Old Steel Bridge,"Montana Fish, Wildlife & Parks Fishing Access Site",True,False,False,False,False,https://myfwp.mt.gov/fishMT/fas/39754005,"Montana Fish, Wildlife & Parks Fishing Access Site. Boat Fac: No Boat Facilities. Camping: No. Hunt Access: Refer to current hunting regulations for hunting and weapons restrictions."
15,Flathead,Shelf Lake,lake,47.93493659687492,-113.32176330492388,True,1,Public access site 351,U.S. Forest Service recreation site,False,False,True,False,False,https://fwp-gis.mt.gov/arcgis/rest/services/fish/fishViewer/MapServer/47,U.S. Forest Service recreation site
15,Flathead,Silvertip Creek,creek,47.92729659901394,-113.29384329668585,True,1,Public access site 385,U.S. Forest Service recreation site,False,False,True,False,False,https://fwp-gis.mt.gov/arcgis/rest/services/fish/fishViewer/MapServer/47,U.S. Forest Service recreation site
15,Flathead,Skiumah Creek,creek,48.43734658544656,-113.81597352370908,True,1,Public access site 318,U.S. Forest Service recreation site,False,False,True,False,False,https://fwp-gis.mt.gov/arcgis/rest/services/fish/fishViewer/MapServer/47,U.S. Forest Service recreation site
15,Flathead,Skyles Lake,lake,48.40643652123568,-114.40238363693197,True,1,Skyles Lake,"Montana Fish, Wildlife & Parks Fishing Access Site",True,False,False,False,False,https://myfwp.mt.gov/fishMT/fas/39753987,"Montana Fish, Wildlife & Parks Fishing Access Site. Boat Fac: Hand Launch. Camping: No. Hunt Access: Refer to current hunting regulations for hunting and weapons restrictions."
15,Flathead,Slim Lake,lake,48.46279653050227,-114.36011364120647,True,2,Public access site 358,U.S. Forest Service recreation site,False,False,False,False,False,https://fwp-gis.mt.gov/arcgis/rest/services/fish/fishViewer/MapServer/47,U.S. Forest Service recreation site
15,Flathead,Slim Lake,lake,48.46279653050227,-114.36011364120647,True,2,Public access site 359,U.S. Forest Service recreation site,False,False,False,False,False,https://fwp-gis.mt.gov/arcgis/rest/services/fish/fishViewer/MapServer/47,U.S. Forest Service recreation site
15,Flathead,Smith Lake,lake,48.496306526102146,-114.42265366227902,True,1,Smith Lake,"Montana Fish, Wildlife & Parks Fishing Access Site",True,True,False,False,False,https://myfwp.mt.gov/fishMT/fas/39753969,"Montana Fish, Wildlife & Parks Fishing Access Site. Boat Fac: Ramp (Gravel), Dock. Camping: No. Hunt Access: Refer to current hunting regulations for hunting and weapons restrictions."
15,Flathead,South Fork Flathead River,river,47.98933657604748,-113.5701533685413,True,1,Public access site 310,U.S. Forest Service recreation site,True,False,True,False,False,https://fwp-gis.mt.gov/arcgis/rest/services/fish/fishViewer/MapServer/47,U.S. Forest Service recreation site
15,Flathead,Spotted Bear Lake,lake,47.923756578660274,-113.4934933385754,True,3,Public access site 352,U.S. Forest Service recreation site,False,False,True,False,False,https://fwp-gis.mt.gov/arcgis/rest/services/fish/fishViewer/MapServer/47,U.S. Forest Service recreation site
15,Flathead,Spotted Bear Lake,lake,47.923756578660274,-113.4934933385754,True,3,Public access site 353,U.S. Forest Service recreation site,False,False,True,False,False,https://fwp-gis.mt.gov/arcgis/rest/services/fish/fishViewer/MapServer/47,U.S. Forest Service recreation site
15,Flathead,Spotted Bear Lake,lake,47.923756578660274,-113.4934933385754,True,3,Public access site 367,U.S. Forest Service recreation site,False,False,True,False,False,https://fwp-gis.mt.gov/arcgis/rest/services/fish/fishViewer/MapServer/47,U.S. Forest Service recreation site
15,Flathead,Spotted Bear River,river,47.92374659063928,-113.37531331272142,True,3,Public access site 312,U.S. Forest Service recreation site,False,False,True,False,False,https://fwp-gis.mt.gov/arcgis/rest/services/fish/fishViewer/MapServer/47,U.S. Forest Service recreation site
15,Flathead,Spotted Bear River,river,47.92374659063928,-113.37531331272142,True,3,Public access site 368,U.S. Forest Service recreation site,False,False,True,False,False,https://fwp-gis.mt.gov/arcgis/rest/services/fish/fishViewer/MapServer/47,U.S. Forest Service recreation site
15,Flathead,Spotted Bear River,river,47.92374659063928,-113.37531331272142,True,3,Public access site 383,U.S. Forest Service recreation site,False,False,True,False,False,https://fwp-gis.mt.gov/arcgis/rest/services/fish/fishViewer/MapServer/47,U.S. Forest Service recreation site
15,Flathead,Star Creek,creek,48.381256487945485,-114.70711369415974,True,1,Public access site 364,U.S. Forest Service recreation site,False,False,True,True,False,https://fwp-gis.mt.gov/arcgis/rest/services/fish/fishViewer/MapServer/47,U.S. Forest Service recreation site
15,Flathead,Sylvia Lake,lake,48.343346472651554,-114.81947370776444,True,1,Public access site 366,U.S. Forest Service recreation site,True,False,True,False,False,https://fwp-gis.mt.gov/arcgis/rest/services/fish/fishViewer/MapServer/47,U.S. Forest Service recreation site
15,Flathead,Taylor Spring Creek,creek,48.36794654318871,-114.1677035803324,True,1,Teakettle,"Montana Fish, Wildlife & Parks Fishing Access Site",True,False,False,False,False,https://myfwp.mt.gov/fishMT/fas/39754013,"Montana Fish, Wildlife & Parks Fishing Access Site. Boat Fac: Ramp (Concrete). Camping: No"
15,Flathead,Tepee Creek,creek,48.887256557949634,-114.39986375296556,True,2,Public access site 439,U.S. Forest Service recreation site,False,False,True,False,False,https://fwp-gis.mt.gov/arcgis/rest/services/fish/fishViewer/MapServer/47,U.S. Forest Service recreation site
15,Flathead,Tepee Creek,creek,48.887256557949634,-114.39986375296556,True,2,Public access site 444,U.S. Forest Service recreation site,False,False,True,False,False,https://fwp-gis.mt.gov/arcgis/rest/services/fish/fishViewer/MapServer/47,U.S. Forest Service recreation site
15,Flathead,Third Creek,creek,48.489586558692274,-114.10829359693355,True,1,Public access site 440,U.S. Forest Service recreation site,False,False,True,False,False,https://fwp-gis.mt.gov/arcgis/rest/services/fish/fishViewer/MapServer/47,U.S. Forest Service recreation site
15,Flathead,Tuchuck Creek,creek,48.9218665393167,-114.59637380205142,True,2,Public access site 305,U.S. Forest Service recreation site,False,False,True,False,False,https://fwp-gis.mt.gov/arcgis/rest/services/fish/fishViewer/MapServer/47,U.S. Forest Service recreation site
15,Flathead,Tuchuck Creek,creek,48.9218665393167,-114.59637380205142,True,2,Public access site 313,U.S. Forest Service recreation site,False,False,True,False,False,https://fwp-gis.mt.gov/arcgis/rest/services/fish/fishViewer/MapServer/47,U.S. Forest Service recreation site
15,Flathead,Tunnel Creek,creek,48.374076594689754,-113.67933348078752,True,1,Public access site 330,U.S. Forest Service recreation site,False,False,True,False,False,https://fwp-gis.mt.gov/arcgis/rest/services/fish/fishViewer/MapServer/47,U.S. Forest Service recreation site
15,Flathead,Twin Creek,creek,48.05629643737014,-114.9576636670463,True,1,Public access site 258,U.S. Forest Service recreation site,True,True,True,False,False,https://fwp-gis.mt.gov/arcgis/rest/services/fish/fishViewer/MapServer/47,U.S. Forest Service recreation site
15,Flathead,Wounded Buck Creek,creek,48.262476557436415,-113.9541135115083,True,1,Public access site 432,U.S. Forest Service recreation site,True,False,True,False,False,https://fwp-gis.mt.gov/arcgis/rest/services/fish/fishViewer/MapServer/47,U.S. Forest Service recreation site
15,Flathead,Yakinikak Creek,creek,48.92311654293777,-114.56360379588264,True,1,Public access site 445,U.S. Forest Service recreation site,False,False,True,False,False,https://fwp-gis.mt.gov/arcgis/rest/services/fish/fishViewer/MapServer/47,U.S. Forest Service recreation site
16,Gallatin,Albino Lake,lake,45.08829654119422,-111.2912322946827,True,1,Public access site 193,U.S. Forest Service recreation site,False,False,False,False,False,https://fwp-gis.mt.gov/arcgis/rest/services/fish/fishViewer/MapServer/47,U.S. Forest Service recreation site
16,Gallatin,Axolotl Lake,lake,44.91322651991229,-111.33865227354158,True,1,Public access site 74,U.S. Forest Service recreation site,False,False,False,False,False,https://fwp-gis.mt.gov/arcgis/rest/services/fish/fishViewer/MapServer/47,U.S. Forest Service recreation site. Accessibility: <p>Open All Year</p>
16,Gallatin,Bear Creek,creek,45.58704062641673,-110.88721330142732,True,1,Public access site 168,U.S. Forest Service recreation site,False,False,False,False,False,https://fwp-gis.mt.gov/arcgis/rest/services/fish/fishViewer/MapServer/47,U.S. Forest Service recreation site
16,Gallatin,Beaver Ponds,water,44.867666512675065,-111.36562227114582,True,3,Public access site 189,U.S. Forest Service recreation site,False,False,False,False,False,https://fwp-gis.mt.gov/arcgis/rest/services/fish/fishViewer/MapServer/47,U.S. Forest Service recreation site
16,Gallatin,Beaver Ponds,water,44.867666512675065,-111.36562227114582,True,3,Public access site 202,U.S. Forest Service recreation site,False,False,True,False,False,https://fwp-gis.mt.gov/arcgis/rest/services/fish/fishViewer/MapServer/47,U.S. Forest Service recreation site. Accessibility: <p>Open from&nbsp;Memorial Day&nbsp;- September 10<br />Weather dependant</p>
16,Gallatin,Beaver Ponds,water,44.867666512675065,-111.36562227114582,True,3,Public access site 212,U.S. Forest Service recreation site,False,False,True,False,False,https://fwp-gis.mt.gov/arcgis/rest/services/fish/fishViewer/MapServer/47,U.S. Forest Service recreation site. Accessibility: <p>Open from May 15 - September 15<br />(weather dependant)</p>
16,Gallatin,Black Sand Spring,water,44.6647365102821,-111.1692421930102,True,2,Public access site 109,U.S. Forest Service recreation site,False,False,False,False,False,https://fwp-gis.mt.gov/arcgis/rest/services/fish/fishViewer/MapServer/47,U.S. Forest Service recreation site
16,Gallatin,Black Sand Spring,water,44.6647365102821,-111.1692421930102,True,2,Public access site 115,U.S. Forest Service recreation site,False,False,True,False,False,https://fwp-gis.mt.gov/arcgis/rest/services/fish/fishViewer/MapServer/47,U.S. Forest Service recreation site. Accessibility: <p>Open from May 15 - September 30<br />(weather dependant)</p>
16,Gallatin,Bostwick Creek,creek,45.789506634895595,-111.00603236631652,True,1,Public access site 117,U.S. Forest Service recreation site,False,False,False,False,False,https://fwp-gis.mt.gov/arcgis/rest/services/fish/fishViewer/MapServer/47,U.S. Forest Service recreation site
16,Gallatin,Bozeman Pond,pond,45.67406661755976,-111.0824323600588,True,1,Bozeman Pond,"Montana Fish, Wildlife & Parks Fishing Access Site",True,False,False,False,False,https://myfwp.mt.gov/fishMT/fas/39753336,"Montana Fish, Wildlife & Parks Fishing Access Site. Boat Fac: No Boat Facilities. Camping: No. Hunt Access: Refer to current hunting regulations for hunting and weapons restrictions."
16,Gallatin,Buffalo Horn Creek,creek,45.1020065483463,-111.21848228260225,True,1,Public access site 191,U.S. Forest Service recreation site,False,False,True,False,False,https://fwp-gis.mt.gov/arcgis/rest/services/fish/fishViewer/MapServer/47,U.S. Forest Service recreation site
16,Gallatin,Bullrun Creek,creek,45.88904661758534,-111.28863244538462,True,2,Gallatin Forks,"Montana Fish, Wildlife & Parks Fishing Access Site",True,False,False,False,False,https://myfwp.mt.gov/fishMT/fas/39753544,"Montana Fish, Wildlife & Parks Fishing Access Site. Boat Fac: Ramp (Gravel). Camping: No. Hunt Access: Refer to current hunting regulations for hunting and weapons restrictions."
16,Gallatin,Bullrun Creek,creek,45.88904661758534,-111.28863244538462,True,2,Four Corners,"Montana Fish, Wildlife & Parks Fishing Access Site",True,False,False,False,False,https://myfwp.mt.gov/fishMT/fas/39753540,"Montana Fish, Wildlife & Parks Fishing Access Site. Boat Fac: No Boat Facilities. Camping: No. Hunt Access: Refer to current hunting regulations for hunting and weapons restrictions."
16,Gallatin,Burnt Creek,creek,45.374390578259366,-111.18626932623273,True,1,Public access site 188,U.S. Forest Service recreation site,False,False,True,False,False,https://fwp-gis.mt.gov/arcgis/rest/services/fish/fishViewer/MapServer/47,U.S. Forest Service recreation site. Accessibility: <p>Open from May 15 - September 15</p>
16,Gallatin,Cherry Creek,creek,44.758756512819275,-111.2471222276584,True,2,Public access site 161,U.S. Forest Service recreation site,True,False,False,False,False,https://fwp-gis.mt.gov/arcgis/rest/services/fish/fishViewer/MapServer/47,U.S. Forest Service recreation site
16,Gallatin,Cherry Creek,creek,44.758756512819275,-111.2471222276584,True,2,Public access site 173,U.S. Forest Service recreation site,True,True,True,False,False,https://fwp-gis.mt.gov/arcgis/rest/services/fish/fishViewer/MapServer/47,U.S. Forest Service recreation site. Accessibility: <p>Open from May 15 - September 27<br />(weather dependant)</p>
16,Gallatin,Cobblestone,public fishing access site,45.772933778737666,-111.51581336689067,True,1,Cobblestone,"Montana Fish, Wildlife & Parks Fishing Access Site",True,False,False,False,False,https://myfwp.mt.gov/fishMT/fas/39753512,"Montana Fish, Wildlife & Parks Fishing Access Site. Boat Fac: No Boat Facilities. Camping: No. Hunt Access: Refer to current hunting regulations for hunting and weapons restrictions."
16,Gallatin,Denny Creek,creek,44.71014651084905,-111.21182220991672,True,1,Public access site 72,U.S. Forest Service recreation site,False,False,False,False,False,https://fwp-gis.mt.gov/arcgis/rest/services/fish/fishViewer/MapServer/47,U.S. Forest Service recreation site. Accessibility: <p>Open All Year</p>
16,Gallatin,East Gallatin River,river,45.728626622713996,-111.07151236849813,True,1,Cherry River,"Montana Fish, Wildlife & Parks Fishing Access Site",True,False,False,False,False,https://myfwp.mt.gov/fishMT/fas/39753420,"Montana Fish, Wildlife & Parks Fishing Access Site. Boat Fac: No Boat Facilities. Camping: No. Hunt Access: Refer to current hunting regulations for hunting and weapons restrictions."
16,Gallatin,Elk Grove Community Pond,pond,45.639306603745666,-111.18671237622918,True,1,Shed's Bridge,"Montana Fish, Wildlife & Parks Fishing Access Site",True,False,False,False,False,https://myfwp.mt.gov/fishMT/fas/39753446,"Montana Fish, Wildlife & Parks Fishing Access Site. Boat Fac: No Boat Facilities. Camping: No. Hunt Access: Refer to current hunting regulations for hunting and weapons restrictions."
16,Gallatin,Fairweather,public fishing access site,46.02773382651881,-111.41832534549688,True,1,Fairweather,"Montana Fish, Wildlife & Parks Fishing Access Site",True,False,False,False,False,https://myfwp.mt.gov/fishMT/fas/39753412,"Montana Fish, Wildlife & Parks Fishing Access Site. Boat Fac: Ramp (Gravel). Camping: No. Hunt Access: Refer to current hunting regulations for hunting and weapons restrictions."
16,Gallatin,Fairy Creek,creek,45.91171665514452,-110.9168623698562,True,1,Public access site 204,U.S. Forest Service recreation site,False,False,False,False,False,https://fwp-gis.mt.gov/arcgis/rest/services/fish/fishViewer/MapServer/47,U.S. Forest Service recreation site
16,Gallatin,Fairy Lake,lake,45.903386650695275,-110.9585323772102,True,2,Public access site 177,U.S. Forest Service recreation site,False,False,False,False,False,https://fwp-gis.mt.gov/arcgis/rest/services/fish/fishViewer/MapServer/47,U.S. Forest Service recreation site
16,Gallatin,Fairy Lake,lake,45.903386650695275,-110.9585323772102,True,2,Public access site 186,U.S. Forest Service recreation site,False,False,True,False,False,https://fwp-gis.mt.gov/arcgis/rest/services/fish/fishViewer/MapServer/47,U.S. Forest Service recreation site. Accessibility: <p>Open from July 1 - September 15<br />(call for condition of access road)</p>
16,Gallatin,Fish Creek,creek,45.63189660132737,-111.21066237978202,True,1,Axtell Bridge,"Montana Fish, Wildlife & Parks Fishing Access Site",True,False,False,False,False,https://myfwp.mt.gov/fishMT/fas/39753492,"Montana Fish, Wildlife & Parks Fishing Access Site. Boat Fac: Hand Launch. Camping: No. Hunt Access: Refer to current hunting regulations for hunting and weapons restrictions."
16,Gallatin,Fox Creek,creek,45.47886160206664,-111.03533831334119,True,1,Public access site 79,U.S. Forest Service recreation site,False,False,False,False,False,https://fwp-gis.mt.gov/arcgis/rest/services/fish/fishViewer/MapServer/47,"U.S. Forest Service recreation site. Accessibility: <p>Open all year.<br />During the winter, the cabin is accessed by hiking 6 miles. It can be hard to find.<br />Summer-trail access from nearest road is 2.5 mi. Winter access is approx 7 mi. Area closed to motorized vehicles.</p>"
16,Gallatin,Gallatin River,river,45.885986605787714,-111.40990247100007,True,1,Bud Lilly,"Montana Fish, Wildlife & Parks Fishing Access Site",True,False,False,False,False,https://myfwp.mt.gov/fishMT/fas/39754710,"Montana Fish, Wildlife & Parks Fishing Access Site. Boat Fac: Hand Launch. Camping: No"
16,Gallatin,Grayling Creek,creek,44.7874465231322,-111.1634922143188,True,3,Public access site 172,U.S. Forest Service recreation site,True,False,False,False,False,https://fwp-gis.mt.gov/arcgis/rest/services/fish/fishViewer/MapServer/47,U.S. Forest Service recreation site
16,Gallatin,Grayling Creek,creek,44.7874465231322,-111.1634922143188,True,3,Public access site 253,U.S. Forest Service recreation site,True,True,True,False,False,https://fwp-gis.mt.gov/arcgis/rest/services/fish/fishViewer/MapServer/47,U.S. Forest Service recreation site. Accessibility: <p>Open from May 15 - September 27<br />(weather dependant)<br />&nbsp;</p>
16,Gallatin,Grayling Creek,creek,44.7874465231322,-111.1634922143188,True,3,Public access site 254,U.S. Forest Service recreation site,True,True,True,False,False,https://fwp-gis.mt.gov/arcgis/rest/services/fish/fishViewer/MapServer/47,U.S. Forest Service recreation site. Accessibility: <p>Open All year</p>
16,Gallatin,Hebgen Lake,lake,44.780786514679896,-111.25225223136154,True,1,Public access site 166,U.S. Forest Service recreation site,False,True,False,False,False,https://fwp-gis.mt.gov/arcgis/rest/services/fish/fishViewer/MapServer/47,U.S. Forest Service recreation site
16,Gallatin,Hood Creek,creek,45.48110661039561,-110.95931229813314,True,2,Public access site 58,U.S. Forest Service recreation site,False,False,False,False,False,https://fwp-gis.mt.gov/arcgis/rest/services/fish/fishViewer/MapServer/47,U.S. Forest Service recreation site. Accessibility: <p>Open all year.</p>
16,Gallatin,Hood Creek,creek,45.48110661039561,-110.95931229813314,True,2,Public access site 163,U.S. Forest Service recreation site,False,False,True,False,False,https://fwp-gis.mt.gov/arcgis/rest/services/fish/fishViewer/MapServer/47,U.S. Forest Service recreation site. Accessibility: <p>Open May 15 - September 15</p>
16,Gallatin,Hyalite Creek,creek,45.47305660929908,-110.95926229610781,True,1,Public access site 62,U.S. Forest Service recreation site,False,False,False,False,True,https://fwp-gis.mt.gov/arcgis/rest/services/fish/fishViewer/MapServer/47,U.S. Forest Service recreation site. Accessibility: <p>Open all year.<br />Road access to cabin in summer. Winter access distance varies with snow conditions. Handicap accessible.</p>
16,Gallatin,Hyalite Reservoir,reservoir,45.48367660929437,-110.97177230122978,True,2,Public access site 198,U.S. Forest Service recreation site,False,False,True,False,False,https://fwp-gis.mt.gov/arcgis/rest/services/fish/fishViewer/MapServer/47,U.S. Forest Service recreation site. Accessibility: <p>Open May 15 - September 15</p>
16,Gallatin,Hyalite Reservoir,reservoir,45.48367660929437,-110.97177230122978,True,2,Public access site 205,U.S. Forest Service recreation site,False,False,True,False,False,https://fwp-gis.mt.gov/arcgis/rest/services/fish/fishViewer/MapServer/47,U.S. Forest Service recreation site
16,Gallatin,Johnson Lake,lake,44.83238652694487,-111.16980222252127,True,1,Public access site 118,U.S. Forest Service recreation site,False,False,False,False,False,https://fwp-gis.mt.gov/arcgis/rest/services/fish/fishViewer/MapServer/47,U.S. Forest Service recreation site
16,Gallatin,Lake Elsie,lake,45.24112657518779,-111.08882228059231,True,1,Public access site 139,U.S. Forest Service recreation site,False,False,False,False,False,https://fwp-gis.mt.gov/arcgis/rest/services/fish/fishViewer/MapServer/47,"U.S. Forest Service recreation site. Accessibility: <p>Open June 1 - October 15</p><p><br />Trail access from road is 2.5 mi; 1300 foot elevation gain.&nbsp; Windy Cabin is located in the Hyalite Porcupine Buffalo Horn Wilderness Study Area, access to the cabin is non-motorized only.&nbsp;</p>"
16,Gallatin,Leverich Creek,creek,45.590226612928376,-111.04672233684839,True,2,Public access site 141,U.S. Forest Service recreation site,False,False,True,False,False,https://fwp-gis.mt.gov/arcgis/rest/services/fish/fishViewer/MapServer/47,U.S. Forest Service recreation site. Accessibility: <p>Open May 15 - September 15</p>
16,Gallatin,Leverich Creek,creek,45.590226612928376,-111.04672233684839,True,2,Public access site 181,U.S. Forest Service recreation site,False,False,False,False,False,https://fwp-gis.mt.gov/arcgis/rest/services/fish/fishViewer/MapServer/47,U.S. Forest Service recreation site
16,Gallatin,Lick Creek,creek,45.50543860901439,-110.98800530757146,True,3,Public access site 112,U.S. Forest Service recreation site,False,False,False,False,False,https://fwp-gis.mt.gov/arcgis/rest/services/fish/fishViewer/MapServer/47,U.S. Forest Service recreation site
16,Gallatin,Lick Creek,creek,45.50543860901439,-110.98800530757146,True,3,Public access site 113,U.S. Forest Service recreation site,False,False,False,False,False,https://fwp-gis.mt.gov/arcgis/rest/services/fish/fishViewer/MapServer/47,U.S. Forest Service recreation site
16,Gallatin,Lick Creek,creek,45.50543860901439,-110.98800530757146,True,3,Public access site 165,U.S. Forest Service recreation site,False,False,True,False,False,https://fwp-gis.mt.gov/arcgis/rest/services/fish/fishViewer/MapServer/47,U.S. Forest Service recreation site. Accessibility: <p>Open from May 15 - September 15<br />&nbsp;</p>
16,Gallatin,Little Wapiti Creek,creek,45.039696536969934,-111.2820422849844,True,1,Public access site 192,U.S. Forest Service recreation site,False,False,False,False,False,https://fwp-gis.mt.gov/arcgis/rest/services/fish/fishViewer/MapServer/47,U.S. Forest Service recreation site
16,Gallatin,Madison River,river,45.70035657908616,-111.51867245830164,True,2,Greycliff,"Montana Fish, Wildlife & Parks Fishing Access Site",True,False,False,True,False,https://myfwp.mt.gov/fishMT/fas/39753468,"Montana Fish, Wildlife & Parks Fishing Access Site. Boat Fac: Ramp (Gravel). Camping: Yes. Hunt Access: Refer to current hunting regulations for hunting and weapons restrictions."
16,Gallatin,Madison River,river,45.70035657908616,-111.51867245830164,True,2,Black's Ford,"Montana Fish, Wildlife & Parks Fishing Access Site",True,False,False,False,False,https://myfwp.mt.gov/fishMT/fas/39753502,"Montana Fish, Wildlife & Parks Fishing Access Site. Boat Fac: Ramp (Concrete). Camping: No. Hunt Access: Refer to current hunting regulations for hunting and weapons restrictions."
16,Gallatin,Mystic Lake,lake,45.54327661980671,-110.91935230129612,True,1,Public access site 60,U.S. Forest Service recreation site,False,False,False,False,False,https://fwp-gis.mt.gov/arcgis/rest/services/fish/fishViewer/MapServer/47,U.S. Forest Service recreation site. Accessibility: <p>Open all year.<br />Two access routes - more difficult 5.3; or easier 10 mi. Area closed to motorized vehicles.</p>
16,Gallatin,Portal Creek,creek,45.31860657279865,-111.18695231624156,True,1,Public access site 174,U.S. Forest Service recreation site,False,False,True,False,False,https://fwp-gis.mt.gov/arcgis/rest/services/fish/fishViewer/MapServer/47,U.S. Forest Service recreation site. Accessibility: <p>Open from May 15 - September 15</p>
16,Gallatin,Public access site 207,public fishing access site,45.92128964176898,-111.06397540355138,True,1,Public access site 207,U.S. Forest Service recreation site,False,False,False,False,False,https://fwp-gis.mt.gov/arcgis/rest/services/fish/fishViewer/MapServer/47,U.S. Forest Service recreation site
16,Gallatin,Rat Lake,lake,45.42210658375122,-111.17535233235016,True,1,Public access site 80,U.S. Forest Service recreation site,False,False,False,False,False,https://fwp-gis.mt.gov/arcgis/rest/services/fish/fishViewer/MapServer/47,"U.S. Forest Service recreation site. Accessibility: <p>Open all year.<br />During winter months, park near Shenango Station and ski, snowshoe, or snowmobile the 10 miles to the lookout via the Storm Castle Creek and Rat Lake Roads. Motorcycle and ATV access is possible via the Rat Lake Road.<br />Summer-trail access from nearest road is 3.5 mi. Winter-10 mi. ski or snowmobile.</p>"
16,Gallatin,Sappington Spring Creek,creek,45.79406656836287,-111.719082518939,True,1,Williams' Bridge,"Montana Fish, Wildlife & Parks Fishing Access Site",True,False,False,False,False,https://myfwp.mt.gov/fishMT/fas/39753458,"Montana Fish, Wildlife & Parks Fishing Access Site. Boat Fac: Ramp (Gravel). Camping: No. Hunt Access: Refer to current hunting regulations for hunting and weapons restrictions."
16,Gallatin,Slushman Creek,creek,45.78689664636277,-110.88369233939983,True,1,Public access site 206,U.S. Forest Service recreation site,False,False,False,False,False,https://fwp-gis.mt.gov/arcgis/rest/services/fish/fishViewer/MapServer/47,U.S. Forest Service recreation site
16,Gallatin,South Fork Brackett Creek,creek,45.846666651926924,-110.88678235083943,True,1,Public access site 111,U.S. Forest Service recreation site,False,False,False,False,False,https://fwp-gis.mt.gov/arcgis/rest/services/fish/fishViewer/MapServer/47,U.S. Forest Service recreation site
16,Gallatin,Spanish Creek,creek,45.49437658025666,-111.2874323698269,True,1,Kirk Wildlife Refuge,"Montana Fish, Wildlife & Parks Fishing Access Site",True,False,False,False,False,https://myfwp.mt.gov/fishMT/fas/39753560,"Montana Fish, Wildlife & Parks Fishing Access Site. Boat Fac: No Boat Facilities. Camping: No. Hunt Access: Refer to current hunting regulations for hunting and weapons restrictions."
16,Gallatin,Stone Creek,creek,45.7571566432702,-110.88532233427952,True,1,Public access site 162,U.S. Forest Service recreation site,False,False,False,False,False,https://fwp-gis.mt.gov/arcgis/rest/services/fish/fishViewer/MapServer/47,U.S. Forest Service recreation site
16,Gallatin,Swan Creek,creek,45.371766579062914,-111.17584232291345,True,3,Public access site 67,U.S. Forest Service recreation site,False,False,True,False,False,https://fwp-gis.mt.gov/arcgis/rest/services/fish/fishViewer/MapServer/47,U.S. Forest Service recreation site. Accessibility: <p>Open May 15 - September 15</p>
16,Gallatin,Swan Creek,creek,45.371766579062914,-111.17584232291345,True,3,Public access site 246,U.S. Forest Service recreation site,False,False,False,False,False,https://fwp-gis.mt.gov/arcgis/rest/services/fish/fishViewer/MapServer/47,U.S. Forest Service recreation site. Accessibility: <p>Open from May 15 - September 15</p>
16,Gallatin,Swan Creek,creek,45.371766579062914,-111.17584232291345,True,3,Public access site 247,U.S. Forest Service recreation site,False,False,False,False,False,https://fwp-gis.mt.gov/arcgis/rest/services/fish/fishViewer/MapServer/47,U.S. Forest Service recreation site. Accessibility: <p>Open from&nbsp;May 15 - September 15<br />&nbsp;</p>
16,Gallatin,Tepee Creek,creek,44.880501535020684,-111.13528822436496,True,1,Public access site 76,U.S. Forest Service recreation site,False,False,False,False,False,https://fwp-gis.mt.gov/arcgis/rest/services/fish/fishViewer/MapServer/47,U.S. Forest Service recreation site. Accessibility: <p>Open All Year</p>
16,Gallatin,Three Forks Pond,pond,45.895686595586255,-111.53625250008996,True,2,Three Forks Ponds,"Montana Fish, Wildlife & Parks Fishing Access Site",True,False,False,False,False,https://myfwp.mt.gov/fishMT/fas/39753460,"Montana Fish, Wildlife & Parks Fishing Access Site. Boat Fac: Ramp (Gravel). Camping: No. Hunt Access: Refer to current hunting regulations for hunting and weapons restrictions."
16,Gallatin,Three Forks Pond,pond,45.895686595586255,-111.53625250008996,True,2,Drouillard,"Montana Fish, Wildlife & Parks Fishing Access Site",True,False,False,False,False,https://myfwp.mt.gov/fishMT/fas/39753526,"Montana Fish, Wildlife & Parks Fishing Access Site. Boat Fac: Ramp (Gravel). Camping: No. Hunt Access: Refer to current hunting regulations for hunting and weapons restrictions."
16,Gallatin,Three Forks Pond East,pond,45.89614659599239,-111.53339249958393,True,2,Milwaukee,"Montana Fish, Wildlife & Parks Fishing Access Site",True,False,False,False,False,https://myfwp.mt.gov/fishMT/fas/39753570,"Montana Fish, Wildlife & Parks Fishing Access Site. Boat Fac: Ramp (Gravel). Camping: No. Hunt Access: Refer to current hunting regulations for hunting and weapons restrictions."
16,Gallatin,Three Forks Pond East,pond,45.89614659599239,-111.53339249958393,True,2,Blackbird,"Montana Fish, Wildlife & Parks Fishing Access Site",True,False,False,False,False,https://myfwp.mt.gov/fishMT/fas/39753500,"Montana Fish, Wildlife & Parks Fishing Access Site. Boat Fac: No Boat Facilities. Camping: No. Hunt Access: Refer to current hunting regulations for hunting and weapons restrictions."
16,Gallatin,Twin Cabin Creek,creek,45.193875557532266,-111.22119929916283,True,1,Public access site 209,U.S. Forest Service recreation site,False,False,True,False,False,https://fwp-gis.mt.gov/arcgis/rest/services/fish/fishViewer/MapServer/47,U.S. Forest Service recreation site
16,Gallatin,Wapiti Creek,creek,45.042706536841244,-111.28514228568993,True,1,Public access site 65,U.S. Forest Service recreation site,False,False,False,False,False,https://fwp-gis.mt.gov/arcgis/rest/services/fish/fishViewer/MapServer/47,"U.S. Forest Service recreation site. Accessibility: <p>Open year-round.</p><p><strong>Dec 2 - May 15:&nbsp; Wapiti Creek Road to the cabin is closed to vehicles.</strong></p><p><strong><u>Snowmobile Access to the cabin</u></strong>:&nbsp; From the Sage Creek Winter Trailhead parking area off of Highway 191 (33 miles north of West Yellowstone), follow the newly relocated Big Sky/Carrot Basin Trail for 6 miles.&nbsp; Note:&nbsp; the cabin is located on the edge of a winter wildlife closure area so&nbsp;off-trail snowmobiling around the cabin is permitted only as shown on this map. &nbsp;<a…"
16,Gallatin,Watkins Creek,creek,44.79232651149261,-111.293472242047,True,2,Public access site 55,U.S. Forest Service recreation site,False,False,True,False,False,https://fwp-gis.mt.gov/arcgis/rest/services/fish/fishViewer/MapServer/47,U.S. Forest Service recreation site. Accessibility: <p>Open Memorial Day - Mid October</p>
16,Gallatin,Watkins Creek,creek,44.79232651149261,-111.293472242047,True,2,Public access site 110,U.S. Forest Service recreation site,False,False,False,False,False,https://fwp-gis.mt.gov/arcgis/rest/services/fish/fishViewer/MapServer/47,U.S. Forest Service recreation site
16,Gallatin,West fork Denny Creek RM 1.8 Unnamed trib,creek,44.698166504408825,-111.26972222054441,True,1,Public access site 156,U.S. Forest Service recreation site,False,False,False,False,False,https://fwp-gis.mt.gov/arcgis/rest/services/fish/fishViewer/MapServer/47,U.S. Forest Service recreation site. Accessibility: <p>Open from Memorial Day - Mid October</p>
16,Gallatin,Yellow Dog Creek,creek,45.74714660760195,-111.25854241194907,True,2,Erwin Bridge,"Montana Fish, Wildlife & Parks Fishing Access Site",True,False,False,False,False,https://myfwp.mt.gov/fishMT/fas/39753536,"Montana Fish, Wildlife & Parks Fishing Access Site. Boat Fac: No Boat Facilities. Camping: No. Hunt Access: Refer to current hunting regulations for hunting and weapons restrictions."
16,Gallatin,Yellow Dog Creek,creek,45.74714660760195,-111.25854241194907,True,2,Cameron Bridge,"Montana Fish, Wildlife & Parks Fishing Access Site",True,False,False,False,False,https://myfwp.mt.gov/fishMT/fas/39753426,"Montana Fish, Wildlife & Parks Fishing Access Site. Boat Fac: No Boat Facilities. Camping: No. Hunt Access: Refer to current hunting regulations for hunting and weapons restrictions."
17,Garfield,Devils Creek,creek,47.61444713000125,-107.6424119730527,True,1,Devils Creek,"City, county, or local developed access site",False,False,False,False,False,https://fwp-gis.mt.gov/arcgis/rest/services/fish/fishViewer/MapServer/48,"City, county, or local developed access site. Accesstype: Concrete Ramp. Location: Devils Creek. Owner: USFWS"
17,Garfield,Rock Creek,public fishing access site,47.744814326337256,-106.26194799136437,True,1,Rock Creek,"Montana Fish, Wildlife & Parks Fishing Access Site",True,False,False,True,False,https://myfwp.mt.gov/fishMT/fas/39754327,"Montana Fish, Wildlife & Parks Fishing Access Site. Boat Fac: Ramp (Concrete). Camping: Yes"
20,Granite,Alder Creek,creek,46.4733164291961,-113.78871308370549,True,1,Public access site 5,U.S. Forest Service recreation site,False,False,False,False,False,https://fwp-gis.mt.gov/arcgis/rest/services/fish/fishViewer/MapServer/47,U.S. Forest Service recreation site
20,Granite,Bearmouth Rest Area Pond,pond,46.702226492624376,-113.34523304037975,True,1,Bearmouth,"Montana Fish, Wildlife & Parks Fishing Access Site",True,False,False,True,False,https://myfwp.mt.gov/fishMT/fas/39754133,"Montana Fish, Wildlife & Parks Fishing Access Site. Boat Fac: No Boat Facilities. Camping: Yes. Hunt Access: Refer to current hunting regulations for hunting and weapons restrictions."
20,Granite,Bobcat Creek,creek,46.5613164461419,-113.6961230832792,True,1,Public access site 16,U.S. Forest Service recreation site,False,False,False,False,False,https://fwp-gis.mt.gov/arcgis/rest/services/fish/fishViewer/MapServer/47,U.S. Forest Service recreation site
20,Granite,Butte Cabin Creek,creek,46.51914643510456,-113.76640308855276,True,1,Public access site 11,U.S. Forest Service recreation site,False,False,False,False,False,https://fwp-gis.mt.gov/arcgis/rest/services/fish/fishViewer/MapServer/47,U.S. Forest Service recreation site
20,Granite,Clark Fork River,river,46.69818648535896,-113.41625305442815,True,1,CLARK FORK RIVER ACCESS,Bureau of Land Management recreation site,False,False,False,False,False,https://fwp-gis.mt.gov/arcgis/rest/services/fish/fishViewer/MapServer/45,Bureau of Land Management recreation site. Descriptio: CLARK FORK RIVER ACCESS
20,Granite,Douglas Creek,creek,46.501716496973835,-113.12202295360218,True,1,Public access site 655,U.S. Forest Service recreation site,False,False,False,False,False,https://fwp-gis.mt.gov/arcgis/rest/services/fish/fishViewer/MapServer/47,U.S. Forest Service recreation site
20,Granite,Eagle Creek,creek,46.43356643064615,-113.74105306601952,True,1,Public access site 9,U.S. Forest Service recreation site,False,False,False,False,False,https://fwp-gis.mt.gov/arcgis/rest/services/fish/fishViewer/MapServer/47,U.S. Forest Service recreation site
20,Granite,East Fork Reservoir,reservoir,46.1198564396892,-113.37499292767704,True,2,Public access site 634,U.S. Forest Service recreation site,False,False,False,False,False,https://fwp-gis.mt.gov/arcgis/rest/services/fish/fishViewer/MapServer/47,U.S. Forest Service recreation site
20,Granite,East Fork Reservoir,reservoir,46.1198564396892,-113.37499292767704,True,2,Public access site 641,U.S. Forest Service recreation site,False,False,False,False,False,https://fwp-gis.mt.gov/arcgis/rest/services/fish/fishViewer/MapServer/47,U.S. Forest Service recreation site
20,Granite,Echo Lake,lake,46.23194646078414,-113.26261292745558,True,2,Public access site 635,U.S. Forest Service recreation site,False,False,False,False,False,https://fwp-gis.mt.gov/arcgis/rest/services/fish/fishViewer/MapServer/47,U.S. Forest Service recreation site
20,Granite,Echo Lake,lake,46.23194646078414,-113.26261292745558,True,2,Public access site 652,U.S. Forest Service recreation site,False,False,False,False,False,https://fwp-gis.mt.gov/arcgis/rest/services/fish/fishViewer/MapServer/47,U.S. Forest Service recreation site
20,Granite,Emerine Lake,lake,46.20288642161775,-113.63342299769437,True,1,Public access site 659,U.S. Forest Service recreation site,False,False,False,False,False,https://fwp-gis.mt.gov/arcgis/rest/services/fish/fishViewer/MapServer/47,U.S. Forest Service recreation site
20,Granite,Fuse Lake,lake,46.24801641667721,-113.72226302498453,True,1,Public access site 633,U.S. Forest Service recreation site,False,False,False,False,False,https://fwp-gis.mt.gov/arcgis/rest/services/fish/fishViewer/MapServer/47,U.S. Forest Service recreation site
20,Granite,Georgetown Lake,lake,46.18145645290942,-113.29154292324564,True,6,Public access site 638,U.S. Forest Service recreation site,False,False,False,False,False,https://fwp-gis.mt.gov/arcgis/rest/services/fish/fishViewer/MapServer/47,U.S. Forest Service recreation site
20,Granite,Georgetown Lake,lake,46.18145645290942,-113.29154292324564,True,6,Public access site 639,U.S. Forest Service recreation site,False,False,False,False,False,https://fwp-gis.mt.gov/arcgis/rest/services/fish/fishViewer/MapServer/47,U.S. Forest Service recreation site
20,Granite,Georgetown Lake,lake,46.18145645290942,-113.29154292324564,True,6,Public access site 644,U.S. Forest Service recreation site,False,False,False,False,False,https://fwp-gis.mt.gov/arcgis/rest/services/fish/fishViewer/MapServer/47,U.S. Forest Service recreation site
20,Granite,Georgetown Lake,lake,46.18145645290942,-113.29154292324564,True,6,Public access site 645,U.S. Forest Service recreation site,False,False,False,False,False,https://fwp-gis.mt.gov/arcgis/rest/services/fish/fishViewer/MapServer/47,U.S. Forest Service recreation site
20,Granite,Georgetown Lake,lake,46.18145645290942,-113.29154292324564,True,6,Public access site 649,U.S. Forest Service recreation site,False,False,False,False,False,https://fwp-gis.mt.gov/arcgis/rest/services/fish/fishViewer/MapServer/47,U.S. Forest Service recreation site
20,Granite,Georgetown Lake,lake,46.18145645290942,-113.29154292324564,True,6,Public access site 650,U.S. Forest Service recreation site,False,False,False,False,False,https://fwp-gis.mt.gov/arcgis/rest/services/fish/fishViewer/MapServer/47,U.S. Forest Service recreation site
20,Granite,Grizzly Creek,creek,46.57634645127758,-113.65131307773166,True,2,Public access site 7,U.S. Forest Service recreation site,False,False,False,False,False,https://fwp-gis.mt.gov/arcgis/rest/services/fish/fishViewer/MapServer/47,U.S. Forest Service recreation site
20,Granite,Grizzly Creek,creek,46.57634645127758,-113.65131307773166,True,2,Public access site 12,U.S. Forest Service recreation site,False,False,False,False,False,https://fwp-gis.mt.gov/arcgis/rest/services/fish/fishViewer/MapServer/47,U.S. Forest Service recreation site
20,Granite,Hogback Creek,creek,46.40959643310069,-113.70072305311695,True,2,Public access site 8,U.S. Forest Service recreation site,False,False,False,True,False,https://fwp-gis.mt.gov/arcgis/rest/services/fish/fishViewer/MapServer/47,U.S. Forest Service recreation site
20,Granite,Hogback Creek,creek,46.40959643310069,-113.70072305311695,True,2,Public access site 14,U.S. Forest Service recreation site,False,False,False,True,False,https://fwp-gis.mt.gov/arcgis/rest/services/fish/fishViewer/MapServer/47,U.S. Forest Service recreation site
20,Granite,Moose Lake,lake,46.05157641837791,-113.53117294679235,True,2,Public access site 632,U.S. Forest Service recreation site,False,False,False,False,False,https://fwp-gis.mt.gov/arcgis/rest/services/fish/fishViewer/MapServer/47,U.S. Forest Service recreation site
20,Granite,Moose Lake,lake,46.05157641837791,-113.53117294679235,True,2,Public access site 646,U.S. Forest Service recreation site,False,False,False,False,False,https://fwp-gis.mt.gov/arcgis/rest/services/fish/fishViewer/MapServer/47,U.S. Forest Service recreation site
20,Granite,Rock Creek,creek,46.422996431846684,-113.72083305976578,True,1,Public access site 13,U.S. Forest Service recreation site,False,False,False,False,False,https://fwp-gis.mt.gov/arcgis/rest/services/fish/fishViewer/MapServer/47,U.S. Forest Service recreation site
20,Granite,Sluice Gulch,water,46.30352644505264,-113.48752298787342,True,1,Gillies Bridge,"Montana Fish, Wildlife & Parks Fishing Access Site",True,False,False,False,False,https://myfwp.mt.gov/fishMT/fas/39754183,"Montana Fish, Wildlife & Parks Fishing Access Site. Boat Fac: Hand Launch. Camping: No. Hunt Access: Refer to current hunting regulations for hunting and weapons restrictions."
20,Granite,Spring Creek,creek,46.65297645806026,-113.65153309311103,True,1,Public access site 31,U.S. Forest Service recreation site,False,False,False,False,False,https://fwp-gis.mt.gov/arcgis/rest/services/fish/fishViewer/MapServer/47,U.S. Forest Service recreation site
20,Granite,Stewart Lake,lake,46.364266473915045,-113.23510294894079,True,1,Public access site 648,U.S. Forest Service recreation site,False,False,False,False,False,https://fwp-gis.mt.gov/arcgis/rest/services/fish/fishViewer/MapServer/47,U.S. Forest Service recreation site
20,Granite,Susie Lake,lake,46.063756421242616,-113.51413294520337,True,1,Public access site 656,U.S. Forest Service recreation site,False,False,False,False,False,https://fwp-gis.mt.gov/arcgis/rest/services/fish/fishViewer/MapServer/47,U.S. Forest Service recreation site
20,Granite,Tenmile Creek,creek,46.76163649506918,-113.36578305712612,True,1,KENO CREEK TRAIL HEAD,Bureau of Land Management recreation site,False,False,False,False,False,https://fwp-gis.mt.gov/arcgis/rest/services/fish/fishViewer/MapServer/45,Bureau of Land Management recreation site. Descriptio: KENO CREEK TRAIL HEAD
20,Granite,Welcome Creek,creek,46.563316444320016,-113.714183086839,True,2,Public access site 6,U.S. Forest Service recreation site,False,False,False,False,False,https://fwp-gis.mt.gov/arcgis/rest/services/fish/fishViewer/MapServer/47,U.S. Forest Service recreation site
20,Granite,Welcome Creek,creek,46.563316444320016,-113.714183086839,True,2,Public access site 10,U.S. Forest Service recreation site,False,False,False,False,False,https://fwp-gis.mt.gov/arcgis/rest/services/fish/fishViewer/MapServer/47,U.S. Forest Service recreation site
20,Granite,Windlass Gulch,water,46.36310643705965,-113.61894302757851,True,1,Public access site 658,U.S. Forest Service recreation site,False,False,False,False,False,https://fwp-gis.mt.gov/arcgis/rest/services/fish/fishViewer/MapServer/47,U.S. Forest Service recreation site
21,Hill,Bailey Reservoir,reservoir,48.47678696906459,-110.11351273033914,True,1,Bailey Reservoir,"Montana Fish, Wildlife & Parks Fishing Access Site",True,False,False,True,False,https://myfwp.mt.gov/fishMT/fas/39754692,"Montana Fish, Wildlife & Parks Fishing Access Site. Boat Fac: No Boat Facilities. Camping: Yes. Hunt Access: Refer to current hunting regulations for hunting and weapons restrictions."
21,Hill,Bearpaw Lake,lake,48.3235270005075,-109.65732259204336,True,1,Bearpaw Lake,"Montana Fish, Wildlife & Parks Fishing Access Site",True,False,False,True,False,https://myfwp.mt.gov/fishMT/fas/39754321,"Montana Fish, Wildlife & Parks Fishing Access Site. Boat Fac: No Boat Facilities. Camping: Yes"
21,Hill,Beaver Creek Reservoir,reservoir,48.4153370022908,-109.72996262967177,True,1,Lower Beaver Creek Reservoir,"City, county, or local developed access site",False,False,False,False,False,https://fwp-gis.mt.gov/arcgis/rest/services/fish/fishViewer/MapServer/48,"City, county, or local developed access site. Accesstype: Ramp. Location: Lower Beaver Creek Reservoir. Owner: Hill County"
21,Hill,Casady Pond,pond,48.7030070499479,-109.51279264598136,True,1,SOUTH CASSIDY RESERVOIR -BR-19,Bureau of Land Management recreation site,False,False,False,False,False,https://fwp-gis.mt.gov/arcgis/rest/services/fish/fishViewer/MapServer/45,Bureau of Land Management recreation site. Descriptio: SOUTH CASSIDY RESERVOIR -BR-19
21,Hill,Fresno Reservoir,reservoir,48.5994069970536,-109.94645272074446,True,2,Fresno Tailwater,"Montana Fish, Wildlife & Parks Fishing Access Site",True,False,False,True,False,https://myfwp.mt.gov/fishMT/fas/39754315,"Montana Fish, Wildlife & Parks Fishing Access Site. Boat Fac: Ramp (Gravel). Camping: Yes. Hunt Access: Refer to current hunting regulations for hunting and weapons restrictions."
21,Hill,Fresno Reservoir,reservoir,48.5994069970536,-109.94645272074446,True,2,Fresno Reservoir,Bureau of Reclamation recreation site,False,False,False,False,False,https://fwp-gis.mt.gov/arcgis/rest/services/fish/fishViewer/MapServer/46,Bureau of Reclamation recreation site
21,Hill,Normandy Coulee Pond,pond,48.27605699660602,-109.6598225819195,True,1,Normandy Coulee Pond,"City, county, or local developed access site",False,False,False,False,False,https://fwp-gis.mt.gov/arcgis/rest/services/fish/fishViewer/MapServer/48,"City, county, or local developed access site. Accesstype: walk-in. Location: Normandy Coulee Pond. Owner: Hill County"
22,Jefferson,Big Pipestone Creek,creek,45.85914654087836,-112.07558260636482,True,1,Mayflower Bridge,"Montana Fish, Wildlife & Parks Fishing Access Site",True,False,False,False,False,https://myfwp.mt.gov/fishMT/fas/39753568,"Montana Fish, Wildlife & Parks Fishing Access Site. Boat Fac: Ramp (Concrete). Camping: No. Hunt Access: Refer to current hunting regulations for hunting and weapons restrictions."
22,Jefferson,Broken Dam Lake,lake,46.44283658479542,-112.17277274281713,True,1,Public access site 270,U.S. Forest Service recreation site,False,False,False,False,False,https://fwp-gis.mt.gov/arcgis/rest/services/fish/fishViewer/MapServer/47,U.S. Forest Service recreation site
22,Jefferson,Delmoe Lake,lake,45.990966526809515,-112.3496026893047,True,1,Public access site 621,U.S. Forest Service recreation site,False,False,True,False,False,https://fwp-gis.mt.gov/arcgis/rest/services/fish/fishViewer/MapServer/47,U.S. Forest Service recreation site. Accessibility: <p>Toilets are accessible.</p>
22,Jefferson,Lowland Creek,creek,46.248726543913506,-112.41059275359282,True,1,Public access site 622,U.S. Forest Service recreation site,False,False,False,False,False,https://fwp-gis.mt.gov/arcgis/rest/services/fish/fishViewer/MapServer/47,U.S. Forest Service recreation site
22,Jefferson,Maney Lake,lake,46.15204653059881,-112.46351274593216,True,2,Public access site 665,U.S. Forest Service recreation site,False,False,False,False,False,https://fwp-gis.mt.gov/arcgis/rest/services/fish/fishViewer/MapServer/47,U.S. Forest Service recreation site
22,Jefferson,Maney Lake,lake,46.15204653059881,-112.46351274593216,True,2,Public access site 667,U.S. Forest Service recreation site,False,True,False,False,False,https://fwp-gis.mt.gov/arcgis/rest/services/fish/fishViewer/MapServer/47,U.S. Forest Service recreation site
22,Jefferson,North Fork Little Boulder River,river,46.19320656514716,-112.14092268605947,True,1,Public access site 627,U.S. Forest Service recreation site,False,False,False,False,False,https://fwp-gis.mt.gov/arcgis/rest/services/fish/fishViewer/MapServer/47,U.S. Forest Service recreation site
22,Jefferson,Park Lake,lake,46.445576585042225,-112.17246274409405,True,1,Public access site 278,U.S. Forest Service recreation site,False,False,True,False,False,https://fwp-gis.mt.gov/arcgis/rest/services/fish/fishViewer/MapServer/47,U.S. Forest Service recreation site
22,Jefferson,Piedmont Pond,pond,45.843986535563985,-112.11521261247213,True,1,Piedmont Pond,"Montana Fish, Wildlife & Parks Fishing Access Site",True,False,False,True,False,https://myfwp.mt.gov/fishMT/fas/39754605,"Montana Fish, Wildlife & Parks Fishing Access Site. Boat Fac: No Boat Facilities. Camping: Yes. Hunt Access: Refer to current hunting regulations for hunting and weapons restrictions."
22,Jefferson,Sourdough Creek,creek,46.27328658840504,-111.97403266646262,True,1,Public access site 628,U.S. Forest Service recreation site,False,False,False,False,False,https://fwp-gis.mt.gov/arcgis/rest/services/fish/fishViewer/MapServer/47,U.S. Forest Service recreation site
22,Jefferson,South Boulder River,river,45.843786554233965,-111.91756256984968,True,1,Limespur,"Montana Fish, Wildlife & Parks Fishing Access Site",True,False,False,False,False,https://myfwp.mt.gov/fishMT/fas/39753430,"Montana Fish, Wildlife & Parks Fishing Access Site. Boat Fac: No Boat Facilities. Camping: No. Hunt Access: Refer to current hunting regulations for hunting and weapons restrictions."
22,Jefferson,Williams Ponds,water,45.829596573194,-111.70560252285469,True,1,Sappington Bridge,"Montana Fish, Wildlife & Parks Fishing Access Site",True,False,False,False,False,https://myfwp.mt.gov/fishMT/fas/39753444,"Montana Fish, Wildlife & Parks Fishing Access Site. Boat Fac: Ramp (Gravel). Camping: No. Hunt Access: Refer to current hunting regulations for hunting and weapons restrictions."
23,Judith Basin,Lyons Gulch,water,46.97163679397431,-110.50971249181582,True,1,Public access site 606,U.S. Forest Service recreation site,False,False,False,False,False,https://fwp-gis.mt.gov/arcgis/rest/services/fish/fishViewer/MapServer/47,U.S. Forest Service recreation site
23,Judith Basin,Yogo Creek,creek,46.84651680136118,-110.31057242351307,True,3,Public access site 466,U.S. Forest Service recreation site,False,False,False,False,True,https://fwp-gis.mt.gov/arcgis/rest/services/fish/fishViewer/MapServer/47,U.S. Forest Service recreation site
23,Judith Basin,Yogo Creek,creek,46.84651680136118,-110.31057242351307,True,3,Public access site 607,U.S. Forest Service recreation site,False,False,True,False,False,https://fwp-gis.mt.gov/arcgis/rest/services/fish/fishViewer/MapServer/47,U.S. Forest Service recreation site
23,Judith Basin,Yogo Creek,creek,46.84651680136118,-110.31057242351307,True,3,Public access site 608,U.S. Forest Service recreation site,False,False,True,False,False,https://fwp-gis.mt.gov/arcgis/rest/services/fish/fishViewer/MapServer/47,U.S. Forest Service recreation site
24,Lake,Dayton Creek,creek,47.87512649125132,-114.30559349422454,True,1,Conclow,"Montana Fish, Wildlife & Parks Fishing Access Site",True,False,False,False,False,https://myfwp.mt.gov/fishMT/fas/86432922,"Montana Fish, Wildlife & Parks Fishing Access Site. Boat Fac: No Boat Facilities. Camping: No"
24,Lake,Ducharme Lake,lake,47.623266508021096,-113.94511336344024,True,1,Ducharme,"Montana Fish, Wildlife & Parks Fishing Access Site",True,False,False,False,False,https://myfwp.mt.gov/fishMT/fas/39753995,"Montana Fish, Wildlife & Parks Fishing Access Site. Boat Fac: Hand Launch. Camping: No"
24,Lake,Estes Lake,lake,48.00660652963968,-114.02975346763814,True,1,Woods Bay,"Montana Fish, Wildlife & Parks Fishing Access Site",True,True,False,False,False,https://myfwp.mt.gov/fishMT/fas/39754037,"Montana Fish, Wildlife & Parks Fishing Access Site. Boat Fac: Ramp (Concrete), Dock. Camping: No. Hunt Access: Refer to current hunting regulations for hunting and weapons restrictions."
24,Lake,Hall Creek,creek,47.93346654251077,-113.85076341335375,True,4,Public access site 354,U.S. Forest Service recreation site,True,True,True,False,False,https://fwp-gis.mt.gov/arcgis/rest/services/fish/fishViewer/MapServer/47,U.S. Forest Service recreation site
24,Lake,Hall Creek,creek,47.93346654251077,-113.85076341335375,True,4,Public access site 379,U.S. Forest Service recreation site,True,False,False,False,False,https://fwp-gis.mt.gov/arcgis/rest/services/fish/fishViewer/MapServer/47,U.S. Forest Service recreation site
24,Lake,Hall Creek,creek,47.93346654251077,-113.85076341335375,True,4,Public access site 380,U.S. Forest Service recreation site,False,False,False,False,False,https://fwp-gis.mt.gov/arcgis/rest/services/fish/fishViewer/MapServer/47,U.S. Forest Service recreation site
24,Lake,Hall Creek,creek,47.93346654251077,-113.85076341335375,True,4,Public access site 381,U.S. Forest Service recreation site,True,True,True,False,False,https://fwp-gis.mt.gov/arcgis/rest/services/fish/fishViewer/MapServer/47,U.S. Forest Service recreation site
24,Lake,Horseshoe Lake,lake,48.01975653481963,-113.99214346268606,True,1,Horseshoe Lake/Ferndale,"Montana Fish, Wildlife & Parks Fishing Access Site",True,True,False,False,False,https://myfwp.mt.gov/fishMT/fas/39754001,"Montana Fish, Wildlife & Parks Fishing Access Site. Boat Fac: Ramp (Gravel), Dock. Camping: No"
24,Lake,Jette Lake,lake,47.75981648793746,-114.24823345642255,True,1,Walstad,"Montana Fish, Wildlife & Parks Fishing Access Site",True,True,False,False,False,https://myfwp.mt.gov/fishMT/fas/39754043,"Montana Fish, Wildlife & Parks Fishing Access Site. Boat Fac: Ramp (Concrete), Dock. Camping: No. Hunt Access: Refer to current hunting regulations for hunting and weapons restrictions."
24,Lake,Loon Lake,lake,48.02349653468029,-113.98995346344816,True,1,Loon Lake/Ferndale,"Montana Fish, Wildlife & Parks Fishing Access Site",True,False,False,False,False,https://myfwp.mt.gov/fishMT/fas/39753981,"Montana Fish, Wildlife & Parks Fishing Access Site. Boat Fac: Ramp (Gravel). Camping: No. Hunt Access: Refer to current hunting regulations for hunting and weapons restrictions."
24,Lake,Pablo Reservoir,reservoir,47.637446486866104,-114.16028340984732,True,1,Salish Point and Riverside Public Park,"City, county, or local developed access site",False,False,False,False,False,https://fwp-gis.mt.gov/arcgis/rest/services/fish/fishViewer/MapServer/48,"City, county, or local developed access site. Accesstype: Concrete Ramp. Location: Polson. Owner: CSKT"
24,Lake,Swan River,river,47.74536652987518,-113.82774336644427,True,1,Swan River,"Montana Fish, Wildlife & Parks Fishing Access Site",True,False,False,False,False,https://myfwp.mt.gov/fishMT/fas/39753977,"Montana Fish, Wildlife & Parks Fishing Access Site. Boat Fac: Hand Launch. Camping: No"
25,Lewis and Clark,Bailey Creek,creek,47.322806621155735,-112.58599301513605,True,1,Public access site 580,U.S. Forest Service recreation site,False,False,False,False,False,https://fwp-gis.mt.gov/arcgis/rest/services/fish/fishViewer/MapServer/47,U.S. Forest Service recreation site
25,Lewis and Clark,Benchmark Creek,creek,47.49410660539444,-112.88881311483092,True,1,Public access site 603,U.S. Forest Service recreation site,False,False,False,False,False,https://fwp-gis.mt.gov/arcgis/rest/services/fish/fishViewer/MapServer/47,U.S. Forest Service recreation site
25,Lewis and Clark,Cabin Creek,creek,47.22538657692107,-112.94784306864379,True,1,Public access site 34,U.S. Forest Service recreation site,False,False,False,False,False,https://fwp-gis.mt.gov/arcgis/rest/services/fish/fishViewer/MapServer/47,U.S. Forest Service recreation site
25,Lewis and Clark,Coyote Creek,creek,46.9348165690358,-112.77648297110773,True,1,SAURKRAUT CR RIVER ACCESS,Bureau of Land Management recreation site,False,False,False,False,False,https://fwp-gis.mt.gov/arcgis/rest/services/fish/fishViewer/MapServer/45,Bureau of Land Management recreation site. Descriptio: SAURKRAUT CR RIVER ACCESS
25,Lewis and Clark,Craig Pond,pond,47.07450666048218,-111.97151283190354,True,2,Craig,"Montana Fish, Wildlife & Parks Fishing Access Site",True,False,False,True,False,https://myfwp.mt.gov/fishMT/fas/39753704,"Montana Fish, Wildlife & Parks Fishing Access Site. Boat Fac: Ramp (Concrete). Camping: Yes. Hunt Access: Refer to current hunting regulations for hunting and weapons restrictions."
25,Lewis and Clark,Craig Pond,pond,47.07450666048218,-111.97151283190354,True,2,Lone Tree,"Montana Fish, Wildlife & Parks Fishing Access Site",True,False,False,False,False,https://myfwp.mt.gov/fishMT/fas/39754656,"Montana Fish, Wildlife & Parks Fishing Access Site. Boat Fac: No Boat Facilities. Camping: No. Hunt Access: Refer to current hunting regulations for hunting and weapons restrictions."
25,Lewis and Clark,Dearborn River,river,47.1278466708119,-111.91139282998556,True,3,Dearborn,"Montana Fish, Wildlife & Parks Fishing Access Site",True,False,False,False,False,https://myfwp.mt.gov/fishMT/fas/39753706,"Montana Fish, Wildlife & Parks Fishing Access Site. Boat Fac: Hand Launch. Camping: No"
25,Lewis and Clark,Dearborn River,river,47.1278466708119,-111.91139282998556,True,3,Eagle Island,"Montana Fish, Wildlife & Parks Fishing Access Site",True,False,False,False,False,https://myfwp.mt.gov/fishMT/fas/39753742,"Montana Fish, Wildlife & Parks Fishing Access Site. Boat Fac: No Boat Facilities. Camping: No. Hunt Access: Refer to current hunting regulations for hunting and weapons restrictions."
25,Lewis and Clark,Dearborn River,river,47.1278466708119,-111.91139282998556,True,3,DEARBORN RIVER,Bureau of Land Management recreation site,True,False,False,False,False,https://fwp-gis.mt.gov/arcgis/rest/services/fish/fishViewer/MapServer/45,Bureau of Land Management recreation site. Descriptio: DEARBORN RIVER
25,Lewis and Clark,Dickens Lake,lake,47.60861663937282,-112.64806308975426,True,1,MEDICINE RIVER,Bureau of Land Management recreation site,False,False,False,False,False,https://fwp-gis.mt.gov/arcgis/rest/services/fish/fishViewer/MapServer/45,Bureau of Land Management recreation site. Descriptio: MEDICINE RIVER
25,Lewis and Clark,Green Timber Lake,lake,47.43475660786384,-112.8057230859951,True,1,Public access site 582,U.S. Forest Service recreation site,False,False,False,False,False,https://fwp-gis.mt.gov/arcgis/rest/services/fish/fishViewer/MapServer/47,U.S. Forest Service recreation site
25,Lewis and Clark,Hauser Dam PPL,public fishing access site,46.76389263141614,-111.88951089284554,True,1,Hauser Dam PPL,"City, county, or local developed access site",False,False,False,False,False,https://fwp-gis.mt.gov/arcgis/rest/services/fish/fishViewer/MapServer/48,"City, county, or local developed access site. Accesstype: walk-in. Location: Hauser Dam. Owner: PPL"
25,Lewis and Clark,Helena Valley Regulating Reservoir,reservoir,46.64097663120912,-111.87174272048053,True,1,Helena Valley Reservoir,"Montana Fish, Wildlife & Parks Fishing Access Site",True,False,False,False,False,https://myfwp.mt.gov/fishMT/fas/39753474,"Montana Fish, Wildlife & Parks Fishing Access Site. Boat Fac: Ramp (Gravel). Camping: No. Hunt Access: Refer to current hunting regulations for hunting and weapons restrictions."
25,Lewis and Clark,Hogum Creek,creek,46.98350659901406,-112.5106929267125,True,2,Public access site 272,U.S. Forest Service recreation site,False,False,False,False,False,https://fwp-gis.mt.gov/arcgis/rest/services/fish/fishViewer/MapServer/47,U.S. Forest Service recreation site
25,Lewis and Clark,Hogum Creek,creek,46.98350659901406,-112.5106929267125,True,2,Public access site 339,U.S. Forest Service recreation site,False,False,False,False,False,https://fwp-gis.mt.gov/arcgis/rest/services/fish/fishViewer/MapServer/47,U.S. Forest Service recreation site
25,Lewis and Clark,Home Gulch,water,47.61641663233427,-112.71640310681495,True,1,Public access site 522,U.S. Forest Service recreation site,True,False,False,False,False,https://fwp-gis.mt.gov/arcgis/rest/services/fish/fishViewer/MapServer/47,U.S. Forest Service recreation site
25,Lewis and Clark,Lake Helena,lake,46.69681663155103,-111.92912274400095,True,2,Lake Helena,"Montana Fish, Wildlife & Parks Fishing Access Site",True,False,False,True,False,https://myfwp.mt.gov/fishMT/fas/39754654,"Montana Fish, Wildlife & Parks Fishing Access Site. Boat Fac: No Boat Facilities. Camping: Yes"
25,Lewis and Clark,Lake Helena,lake,46.69681663155103,-111.92912274400095,True,2,Causeway,"Montana Fish, Wildlife & Parks Fishing Access Site",True,False,False,False,False,https://myfwp.mt.gov/fishMT/fas/39753442,"Montana Fish, Wildlife & Parks Fishing Access Site. Boat Fac: No Boat Facilities. Camping: No. Hunt Access: Refer to current hunting regulations for hunting and weapons restrictions."
25,Lewis and Clark,Little Prickly Pear Creek,creek,47.02303665182019,-112.01523282977021,True,1,Bull Pasture,"Montana Fish, Wildlife & Parks Fishing Access Site",True,False,False,False,False,https://myfwp.mt.gov/fishMT/fas/39754658,"Montana Fish, Wildlife & Parks Fishing Access Site. Boat Fac: Hand Launch. Camping: No. Hunt Access: Refer to current hunting regulations for hunting and weapons restrictions."
25,Lewis and Clark,Log Gulch Reservoir,reservoir,46.9685766466003,-112.0161328186157,True,2,HOLTER LAKE DAM REC SITE,Bureau of Land Management recreation site,True,False,False,False,False,https://fwp-gis.mt.gov/arcgis/rest/services/fish/fishViewer/MapServer/45,Bureau of Land Management recreation site. Descriptio: HOLTER LAKE DAM REC SITE
25,Lewis and Clark,Log Gulch Reservoir,reservoir,46.9685766466003,-112.0161328186157,True,2,HOLTER LAKE CAMPGROUND,Bureau of Land Management recreation site,True,False,False,False,False,https://fwp-gis.mt.gov/arcgis/rest/services/fish/fishViewer/MapServer/45,Bureau of Land Management recreation site. Descriptio: HOLTER LAKE CAMPGROUND
25,Lewis and Clark,Lyons Creek,creek,46.938376633298326,-112.12625283544874,True,2,Lichen Cliff,"Montana Fish, Wildlife & Parks Fishing Access Site",True,False,False,True,False,https://myfwp.mt.gov/fishMT/fas/39753710,"Montana Fish, Wildlife & Parks Fishing Access Site. Boat Fac: Hand Launch. Camping: Yes"
25,Lewis and Clark,Lyons Creek,creek,46.938376633298326,-112.12625283544874,True,2,Prickly Pear,"Montana Fish, Wildlife & Parks Fishing Access Site",True,False,False,True,False,https://myfwp.mt.gov/fishMT/fas/39753714,"Montana Fish, Wildlife & Parks Fishing Access Site. Boat Fac: No Boat Facilities. Camping: Yes"
25,Lewis and Clark,Magpie Creek,creek,46.664749654434864,-111.65857717929,True,9,Jo Bonner Rec Site,Bureau of Reclamation recreation site,False,False,False,False,False,https://fwp-gis.mt.gov/arcgis/rest/services/fish/fishViewer/MapServer/46,Bureau of Reclamation recreation site
25,Lewis and Clark,Magpie Creek,creek,46.664749654434864,-111.65857717929,True,9,Kim's Marina and Campground,Bureau of Reclamation recreation site,False,False,False,False,False,https://fwp-gis.mt.gov/arcgis/rest/services/fish/fishViewer/MapServer/46,Bureau of Reclamation recreation site
25,Lewis and Clark,Magpie Creek,creek,46.664749654434864,-111.65857717929,True,9,Chinaman Cove Rec Site,Bureau of Reclamation recreation site,False,False,False,False,False,https://fwp-gis.mt.gov/arcgis/rest/services/fish/fishViewer/MapServer/46,Bureau of Reclamation recreation site
25,Lewis and Clark,Magpie Creek,creek,46.664749654434864,-111.65857717929,True,9,Court Sheriff Rec Site,Bureau of Reclamation recreation site,False,False,False,False,False,https://fwp-gis.mt.gov/arcgis/rest/services/fish/fishViewer/MapServer/46,Bureau of Reclamation recreation site
25,Lewis and Clark,Magpie Creek,creek,46.664749654434864,-111.65857717929,True,9,Shannon Boat Launch,Bureau of Reclamation recreation site,True,False,False,False,False,https://fwp-gis.mt.gov/arcgis/rest/services/fish/fishViewer/MapServer/46,Bureau of Reclamation recreation site
25,Lewis and Clark,Magpie Creek,creek,46.664749654434864,-111.65857717929,True,9,Sandy Beach Rec Site,Bureau of Reclamation recreation site,False,False,False,False,False,https://fwp-gis.mt.gov/arcgis/rest/services/fish/fishViewer/MapServer/46,Bureau of Reclamation recreation site
25,Lewis and Clark,Magpie Creek,creek,46.664749654434864,-111.65857717929,True,9,Yacht Basin Marina,Bureau of Reclamation recreation site,False,False,False,False,False,https://fwp-gis.mt.gov/arcgis/rest/services/fish/fishViewer/MapServer/46,Bureau of Reclamation recreation site
25,Lewis and Clark,Magpie Creek,creek,46.664749654434864,-111.65857717929,True,9,Fish Hawk Campground,Bureau of Reclamation recreation site,False,False,False,False,False,https://fwp-gis.mt.gov/arcgis/rest/services/fish/fishViewer/MapServer/46,Bureau of Reclamation recreation site
25,Lewis and Clark,Magpie Creek,creek,46.664749654434864,-111.65857717929,True,9,Hellgate Campground,Bureau of Reclamation recreation site,False,False,False,False,False,https://fwp-gis.mt.gov/arcgis/rest/services/fish/fishViewer/MapServer/46,Bureau of Reclamation recreation site
25,Lewis and Clark,Moose Creek,creek,46.524586583814234,-112.2538327767402,True,2,Public access site 269,U.S. Forest Service recreation site,False,False,False,False,False,https://fwp-gis.mt.gov/arcgis/rest/services/fish/fishViewer/MapServer/47,U.S. Forest Service recreation site
25,Lewis and Clark,Moose Creek,creek,46.524586583814234,-112.2538327767402,True,2,Public access site 331,U.S. Forest Service recreation site,False,False,False,False,False,https://fwp-gis.mt.gov/arcgis/rest/services/fish/fishViewer/MapServer/47,U.S. Forest Service recreation site
25,Lewis and Clark,Nilan Reservoir,reservoir,47.47910663923568,-112.53644303821203,True,1,Nilan Reservoir,"Montana Fish, Wildlife & Parks Fishing Access Site",True,False,False,True,False,https://myfwp.mt.gov/fishMT/fas/39753690,"Montana Fish, Wildlife & Parks Fishing Access Site. Boat Fac: Ramp (Concrete). Camping: Yes. Hunt Access: Refer to current hunting regulations for hunting and weapons restrictions."
25,Lewis and Clark,Petty Creek,creek,47.38914461539698,-112.69746147148253,True,1,Public access site 575,U.S. Forest Service recreation site,False,False,False,False,False,https://fwp-gis.mt.gov/arcgis/rest/services/fish/fishViewer/MapServer/47,U.S. Forest Service recreation site
25,Lewis and Clark,Pike Creek,creek,46.85814666695739,-111.70715272937082,True,1,Public access site 274,U.S. Forest Service recreation site,False,False,False,False,False,https://fwp-gis.mt.gov/arcgis/rest/services/fish/fishViewer/MapServer/47,U.S. Forest Service recreation site
25,Lewis and Clark,Pollack Pond,pond,47.108206666742,-111.93891283100398,True,1,Spite Hill,"Montana Fish, Wildlife & Parks Fishing Access Site",True,False,False,True,False,https://myfwp.mt.gov/fishMT/fas/39753720,"Montana Fish, Wildlife & Parks Fishing Access Site. Boat Fac: Ramp (Gravel). Camping: Yes. Hunt Access: Refer to current hunting regulations for hunting and weapons restrictions."
25,Lewis and Clark,Public access site 271,public fishing access site,46.76695066464725,-111.65056869853208,True,1,Public access site 271,U.S. Forest Service recreation site,False,False,False,False,False,https://fwp-gis.mt.gov/arcgis/rest/services/fish/fishViewer/MapServer/47,U.S. Forest Service recreation site
25,Lewis and Clark,Public access site 279,public fishing access site,46.78611764192641,-111.90167975555184,True,1,Public access site 279,U.S. Forest Service recreation site,False,False,False,False,False,https://fwp-gis.mt.gov/arcgis/rest/services/fish/fishViewer/MapServer/47,U.S. Forest Service recreation site
25,Lewis and Clark,Public access site 337,public fishing access site,46.870006649131135,-111.90167977351815,True,1,Public access site 337,U.S. Forest Service recreation site,False,True,True,False,False,https://fwp-gis.mt.gov/arcgis/rest/services/fish/fishViewer/MapServer/47,U.S. Forest Service recreation site
25,Lewis and Clark,Snowbank Lake,lake,47.07439659605543,-112.61637296815147,True,1,Public access site 273,U.S. Forest Service recreation site,False,False,False,False,False,https://fwp-gis.mt.gov/arcgis/rest/services/fish/fishViewer/MapServer/47,U.S. Forest Service recreation site
25,Lewis and Clark,Spokane Creek,creek,46.66467664057966,-111.80217270947156,True,1,Riverside Boat Launch,Bureau of Reclamation recreation site,True,False,False,False,False,https://fwp-gis.mt.gov/arcgis/rest/services/fish/fishViewer/MapServer/46,Bureau of Reclamation recreation site
25,Lewis and Clark,Stansfield Lake,lake,46.63760662105454,-111.98091274195112,True,1,Upper Prickly Pear,"Montana Fish, Wildlife & Parks Fishing Access Site",True,False,False,False,False,https://myfwp.mt.gov/fishMT/fas/39754714,"Montana Fish, Wildlife & Parks Fishing Access Site. Boat Fac: No Boat Facilities. Camping: No. Hunt Access: Refer to current hunting regulations for hunting and weapons restrictions."
25,Lewis and Clark,Stickney Creek,creek,47.11001666627265,-111.94918283396441,True,1,Stickney Creek,"Montana Fish, Wildlife & Parks Fishing Access Site",True,False,False,True,False,https://myfwp.mt.gov/fishMT/fas/39753722,"Montana Fish, Wildlife & Parks Fishing Access Site. Boat Fac: Ramp (Concrete). Camping: Yes. Hunt Access: Refer to current hunting regulations for hunting and weapons restrictions."
25,Lewis and Clark,Straight Creek,creek,47.503986606045075,-112.89048311797838,True,2,Public access site 474,U.S. Forest Service recreation site,False,False,False,False,False,https://fwp-gis.mt.gov/arcgis/rest/services/fish/fishViewer/MapServer/47,U.S. Forest Service recreation site
25,Lewis and Clark,Straight Creek,creek,47.503986606045075,-112.89048311797838,True,2,Public access site 568,U.S. Forest Service recreation site,False,False,False,False,False,https://fwp-gis.mt.gov/arcgis/rest/services/fish/fishViewer/MapServer/47,U.S. Forest Service recreation site
25,Lewis and Clark,Sun River,river,47.54773666220114,-112.36513301636317,True,1,NORTH FORK SUN RIVER REC SITE,Bureau of Land Management recreation site,False,False,False,False,False,https://fwp-gis.mt.gov/arcgis/rest/services/fish/fishViewer/MapServer/45,Bureau of Land Management recreation site. Descriptio: NORTH FORK SUN RIVER REC SITE
25,Lewis and Clark,Trout Creek,creek,46.713326644256114,-111.80536272047024,True,1,York Bridge,"Montana Fish, Wildlife & Parks Fishing Access Site",True,False,False,False,False,https://myfwp.mt.gov/fishMT/fas/39753478,"Montana Fish, Wildlife & Parks Fishing Access Site. Boat Fac: Ramp (Concrete). Camping: No. Hunt Access: Refer to current hunting regulations for hunting and weapons restrictions."
25,Lewis and Clark,Unnamed trib to MF Dearborn R 11,water,47.115646625620776,-112.35926292213848,True,1,Public access site 345,U.S. Forest Service recreation site,False,False,False,False,False,https://fwp-gis.mt.gov/arcgis/rest/services/fish/fishViewer/MapServer/47,U.S. Forest Service recreation site
25,Lewis and Clark,Willow Creek Reservoir,reservoir,47.56260665429621,-112.45645303972618,True,1,Willow Creek Reservoir,"Montana Fish, Wildlife & Parks Fishing Access Site",True,False,False,True,False,https://myfwp.mt.gov/fishMT/fas/39753628,"Montana Fish, Wildlife & Parks Fishing Access Site. Boat Fac: Ramp (Concrete). Camping: Yes. Hunt Access: Refer to current hunting regulations for hunting and weapons restrictions."
25,Lewis and Clark,Wolf Creek,creek,47.00561664350589,-112.0799428392094,True,1,Wolf Creek Bridge,"Montana Fish, Wildlife & Parks Fishing Access Site",True,False,False,True,False,https://myfwp.mt.gov/fishMT/fas/39753728,"Montana Fish, Wildlife & Parks Fishing Access Site. Boat Fac: Ramp (Concrete). Camping: Yes"
25,Lewis and Clark,Wood Lake,lake,47.42881660848928,-112.7976030820896,True,1,Public access site 472,U.S. Forest Service recreation site,False,False,True,False,False,https://fwp-gis.mt.gov/arcgis/rest/services/fish/fishViewer/MapServer/47,U.S. Forest Service recreation site
26,Liberty,Dugout Coulee,water,48.25740687009702,-110.90295285779352,True,1,Moffat Bridge,"City, county, or local developed access site",False,False,False,False,False,https://fwp-gis.mt.gov/arcgis/rest/services/fish/fishViewer/MapServer/48,"City, county, or local developed access site. Accesstype: Primitive Ramp. Location: Moffat Bridge. Owner: Right of Way"
26,Liberty,Marias River,river,48.291136858610585,-111.04609289721029,True,2,VFW Campground,Bureau of Reclamation recreation site,False,False,False,False,False,https://fwp-gis.mt.gov/arcgis/rest/services/fish/fishViewer/MapServer/46,Bureau of Reclamation recreation site
26,Liberty,Marias River,river,48.291136858610585,-111.04609289721029,True,2,Stanford Park,Bureau of Reclamation recreation site,False,False,False,False,False,https://fwp-gis.mt.gov/arcgis/rest/services/fish/fishViewer/MapServer/46,Bureau of Reclamation recreation site
26,Liberty,Pondera Coulee,water,48.26710684832766,-111.13395291013616,True,1,Tiber Marina,Bureau of Reclamation recreation site,False,False,False,False,False,https://fwp-gis.mt.gov/arcgis/rest/services/fish/fishViewer/MapServer/46,Bureau of Reclamation recreation site
26,Liberty,Spring Coulee,water,48.28357686224365,-111.00767288585807,True,1,Pugsley Bridge,"City, county, or local developed access site",False,False,False,False,False,https://fwp-gis.mt.gov/arcgis/rest/services/fish/fishViewer/MapServer/48,"City, county, or local developed access site. Accesstype: Primitive Ramp. Location: Pugsley Bridge. Owner: State of Montana"
26,Liberty,Wilson Coulee,water,48.419816849021366,-111.25460297154311,True,1,Willow Creek,Bureau of Reclamation recreation site,False,False,False,False,False,https://fwp-gis.mt.gov/arcgis/rest/services/fish/fishViewer/MapServer/46,Bureau of Reclamation recreation site
27,Lincoln,Big Therriault Lake,lake,48.933396509691086,-114.87678386211869,True,1,Public access site 219,U.S. Forest Service recreation site,True,False,True,False,False,https://fwp-gis.mt.gov/arcgis/rest/services/fish/fishViewer/MapServer/47,U.S. Forest Service recreation site
27,Lincoln,Bristow Creek,creek,48.54503643683082,-115.29994385202092,True,1,Public access site 244,U.S. Forest Service recreation site,True,True,True,True,False,https://fwp-gis.mt.gov/arcgis/rest/services/fish/fishViewer/MapServer/47,U.S. Forest Service recreation site
27,Lincoln,Canyon Creek,creek,48.430216430519614,-115.28181382029314,True,1,Souse Gulch Recreation Area,"City, county, or local developed access site",False,False,False,False,False,https://fwp-gis.mt.gov/arcgis/rest/services/fish/fishViewer/MapServer/48,"City, county, or local developed access site. Accesstype: Concrete Ramp. Location: Souse Gulch Recreation Area. Owner: USACE"
27,Lincoln,Crowell Creek,creek,48.27865936031568,-115.83450989410339,True,1,Public access site 229,U.S. Forest Service recreation site,True,True,True,True,False,https://fwp-gis.mt.gov/arcgis/rest/services/fish/fishViewer/MapServer/47,U.S. Forest Service recreation site
27,Lincoln,Dickey Lake,lake,48.7121365002539,-114.81750379577115,True,2,Public access site 232,U.S. Forest Service recreation site,False,False,True,True,False,https://fwp-gis.mt.gov/arcgis/rest/services/fish/fishViewer/MapServer/47,U.S. Forest Service recreation site
27,Lincoln,Dickey Lake,lake,48.7121365002539,-114.81750379577115,True,2,Public access site 264,U.S. Forest Service recreation site,True,True,True,False,False,https://fwp-gis.mt.gov/arcgis/rest/services/fish/fishViewer/MapServer/47,U.S. Forest Service recreation site
27,Lincoln,Dunn Creek,creek,48.39897642775768,-115.28802381456343,True,1,Dunn Creek Campground and Boat Ramp,"City, county, or local developed access site",True,False,False,False,False,https://fwp-gis.mt.gov/arcgis/rest/services/fish/fishViewer/MapServer/48,"City, county, or local developed access site. Accesstype: Concrete Ramp. Location: Dunn Creek Campground and Boat Ramp. Owner: USACE"
27,Lincoln,East Fork Pipe Creek,creek,48.61698640766652,-115.61824393269413,True,1,Public access site 227,U.S. Forest Service recreation site,False,False,True,False,False,https://fwp-gis.mt.gov/arcgis/rest/services/fish/fishViewer/MapServer/47,U.S. Forest Service recreation site
27,Lincoln,Fisher River,river,48.35043642100004,-115.31247380782703,True,1,Blackwell Flats,"City, county, or local developed access site",False,False,False,False,False,https://fwp-gis.mt.gov/arcgis/rest/services/fish/fishViewer/MapServer/48,"City, county, or local developed access site. Accesstype: Concrete Ramp. Location: Blackwell Flats. Owner: USACE"
27,Lincoln,Geibler Creek,creek,48.6284764429692,-115.29339387056838,True,1,Public access site 220,U.S. Forest Service recreation site,True,True,True,False,False,https://fwp-gis.mt.gov/arcgis/rest/services/fish/fishViewer/MapServer/47,U.S. Forest Service recreation site
27,Lincoln,Glen Lake,lake,48.86603649719097,-114.95203386048202,True,1,Glen Lake,"Montana Fish, Wildlife & Parks Fishing Access Site",True,False,False,False,False,https://myfwp.mt.gov/fishMT/fas/39753961,"Montana Fish, Wildlife & Parks Fishing Access Site. Boat Fac: Ramp (Concrete). Camping: No. Hunt Access: Refer to current hunting regulations for hunting and weapons restrictions."
27,Lincoln,Green Lake,lake,48.87408648034728,-115.115303894961,True,1,Public access site 233,U.S. Forest Service recreation site,True,False,True,False,False,https://fwp-gis.mt.gov/arcgis/rest/services/fish/fishViewer/MapServer/47,U.S. Forest Service recreation site
27,Lincoln,Hawkins Lake,lake,48.96822639566271,-115.9583840872185,True,1,Public access site 281,U.S. Forest Service recreation site,False,False,True,False,False,https://fwp-gis.mt.gov/arcgis/rest/services/fish/fishViewer/MapServer/47,U.S. Forest Service recreation site
27,Lincoln,Howard Lake,lake,48.09795638074971,-115.5266637904625,True,1,Public access site 297,U.S. Forest Service recreation site,False,False,True,False,False,https://fwp-gis.mt.gov/arcgis/rest/services/fish/fishViewer/MapServer/47,U.S. Forest Service recreation site
27,Lincoln,Island Lake,lake,48.23939644930432,-114.97061371280851,True,1,Island Lake,"Montana Fish, Wildlife & Parks Fishing Access Site",True,False,False,True,False,https://myfwp.mt.gov/fishMT/fas/39754499,"Montana Fish, Wildlife & Parks Fishing Access Site. Boat Fac: No Boat Facilities. Camping: Yes. Hunt Access: Refer to current hunting regulations for hunting and weapons restrictions."
27,Lincoln,Jackson Creek,creek,48.46751642779458,-115.3278338385621,True,1,Public access site 284,U.S. Forest Service recreation site,True,True,True,False,False,https://fwp-gis.mt.gov/arcgis/rest/services/fish/fishViewer/MapServer/47,U.S. Forest Service recreation site
27,Lincoln,Kilbrennan Creek,creek,48.588086372939145,-115.92921398702437,True,1,Public access site 294,U.S. Forest Service recreation site,False,False,True,False,False,https://fwp-gis.mt.gov/arcgis/rest/services/fish/fishViewer/MapServer/47,U.S. Forest Service recreation site
27,Lincoln,Kilbrennan Lake,lake,48.58900637710594,-115.88971397971508,True,1,Public access site 225,U.S. Forest Service recreation site,True,False,True,False,False,https://fwp-gis.mt.gov/arcgis/rest/services/fish/fishViewer/MapServer/47,U.S. Forest Service recreation site
27,Lincoln,Loon Lake,lake,48.59831639994584,-115.67514393874751,True,1,Public access site 242,U.S. Forest Service recreation site,False,False,True,False,False,https://fwp-gis.mt.gov/arcgis/rest/services/fish/fishViewer/MapServer/47,U.S. Forest Service recreation site
27,Lincoln,McGuire Creek,creek,48.695393447663285,-115.29844288755538,True,1,Public access site 285,U.S. Forest Service recreation site,True,True,True,False,False,https://fwp-gis.mt.gov/arcgis/rest/services/fish/fishViewer/MapServer/47,U.S. Forest Service recreation site
27,Lincoln,Middle Thompson Lake,lake,48.02962642277986,-115.07098368414398,True,1,Public access site 287,U.S. Forest Service recreation site,True,True,True,True,False,https://fwp-gis.mt.gov/arcgis/rest/services/fish/fishViewer/MapServer/47,U.S. Forest Service recreation site
27,Lincoln,Pete Creek,creek,48.83064640697765,-115.7690940154634,True,2,Public access site 226,U.S. Forest Service recreation site,False,False,True,False,False,https://fwp-gis.mt.gov/arcgis/rest/services/fish/fishViewer/MapServer/47,U.S. Forest Service recreation site
27,Lincoln,Pete Creek,creek,48.83064640697765,-115.7690940154634,True,2,Public access site 239,U.S. Forest Service recreation site,False,False,True,False,False,https://fwp-gis.mt.gov/arcgis/rest/services/fish/fishViewer/MapServer/47,U.S. Forest Service recreation site
27,Lincoln,Phills Lake,lake,48.85711646980399,-115.20210390842804,True,1,Public access site 286,U.S. Forest Service recreation site,False,False,True,False,False,https://fwp-gis.mt.gov/arcgis/rest/services/fish/fishViewer/MapServer/47,U.S. Forest Service recreation site
27,Lincoln,Ross Creek,creek,48.207165351477634,-115.86971388373786,True,1,Public access site 299,U.S. Forest Service recreation site,False,False,True,True,False,https://fwp-gis.mt.gov/arcgis/rest/services/fish/fishViewer/MapServer/47,U.S. Forest Service recreation site
27,Lincoln,Sophie Lake,lake,48.96285648678441,-115.11529391737314,True,1,Sophie Lake,"Montana Fish, Wildlife & Parks Fishing Access Site",True,False,False,False,False,https://myfwp.mt.gov/fishMT/fas/39754051,"Montana Fish, Wildlife & Parks Fishing Access Site. Boat Fac: Ramp (Gravel). Camping: No"
27,Lincoln,Spar Lake,lake,48.26570634807499,-115.94528391231106,True,1,Public access site 228,U.S. Forest Service recreation site,True,False,True,False,False,https://fwp-gis.mt.gov/arcgis/rest/services/fish/fishViewer/MapServer/47,U.S. Forest Service recreation site
27,Lincoln,Star Creek,creek,48.55862636534763,-115.97666399027499,True,1,Public access site 295,U.S. Forest Service recreation site,False,False,True,True,False,https://fwp-gis.mt.gov/arcgis/rest/services/fish/fishViewer/MapServer/47,U.S. Forest Service recreation site
27,Lincoln,Sutton Creek,creek,48.75847645218335,-115.30045390465943,True,1,Public access site 290,U.S. Forest Service recreation site,False,False,False,False,False,https://fwp-gis.mt.gov/arcgis/rest/services/fish/fishViewer/MapServer/47,U.S. Forest Service recreation site
27,Lincoln,Swisher Lake,lake,48.96776648451555,-115.13250392243468,True,3,Public access site 234,U.S. Forest Service recreation site,True,False,True,False,False,https://fwp-gis.mt.gov/arcgis/rest/services/fish/fishViewer/MapServer/47,U.S. Forest Service recreation site
27,Lincoln,Swisher Lake,lake,48.96776648451555,-115.13250392243468,True,3,Public access site 235,U.S. Forest Service recreation site,False,False,True,False,False,https://fwp-gis.mt.gov/arcgis/rest/services/fish/fishViewer/MapServer/47,U.S. Forest Service recreation site
27,Lincoln,Swisher Lake,lake,48.96776648451555,-115.13250392243468,True,3,Public access site 236,U.S. Forest Service recreation site,False,False,True,False,False,https://fwp-gis.mt.gov/arcgis/rest/services/fish/fishViewer/MapServer/47,U.S. Forest Service recreation site
27,Lincoln,Sylvan Lake,lake,47.91378639290821,-115.27987369912961,True,1,Public access site 283,U.S. Forest Service recreation site,False,False,True,False,False,https://fwp-gis.mt.gov/arcgis/rest/services/fish/fishViewer/MapServer/47,U.S. Forest Service recreation site
27,Lincoln,Tetrault Lake,lake,48.946436486369635,-115.11077391196875,True,1,Tetrault Lake,"Montana Fish, Wildlife & Parks Fishing Access Site",True,False,False,False,False,https://myfwp.mt.gov/fishMT/fas/39753989,"Montana Fish, Wildlife & Parks Fishing Access Site. Boat Fac: Ramp (Gravel). Camping: No. Hunt Access: Refer to current hunting regulations for hunting and weapons restrictions."
27,Lincoln,Therriault Creek,creek,48.83566649666352,-114.93691384970936,True,1,Public access site 280,U.S. Forest Service recreation site,False,False,True,False,False,https://fwp-gis.mt.gov/arcgis/rest/services/fish/fishViewer/MapServer/47,U.S. Forest Service recreation site
27,Lincoln,Trail Creek,creek,48.03830638276716,-115.46042376324485,True,1,Public access site 241,U.S. Forest Service recreation site,False,False,False,True,False,https://fwp-gis.mt.gov/arcgis/rest/services/fish/fishViewer/MapServer/47,U.S. Forest Service recreation site
27,Lincoln,West Fisher Creek,creek,48.041470381599794,-115.47275276682024,True,1,Public access site 259,U.S. Forest Service recreation site,False,False,True,False,False,https://fwp-gis.mt.gov/arcgis/rest/services/fish/fishViewer/MapServer/47,U.S. Forest Service recreation site
28,Madison,Axolotl Lake,lake,45.22599650047018,-111.87243244336238,True,1,AXOLOTL LAKES RECREATION SITE,Bureau of Land Management recreation site,False,False,False,False,False,https://fwp-gis.mt.gov/arcgis/rest/services/fish/fishViewer/MapServer/45,Bureau of Land Management recreation site. Descriptio: AXOLOTL LAKES RECREATION SITE
28,Madison,Big Hole River,river,45.57966645763295,-112.68706268065306,True,1,Brownes Bridge,"Montana Fish, Wildlife & Parks Fishing Access Site",True,False,False,True,False,https://myfwp.mt.gov/fishMT/fas/39753504,"Montana Fish, Wildlife & Parks Fishing Access Site. Boat Fac: Ramp (Gravel). Camping: Yes. Hunt Access: Refer to current hunting regulations for hunting and weapons restrictions."
28,Madison,Birch Creek,creek,45.445426450161136,-112.63249264393522,True,1,Tony Schoonen FAS,"Montana Fish, Wildlife & Parks Fishing Access Site",True,False,False,True,False,https://myfwp.mt.gov/fishMT/fas/39753572,"Montana Fish, Wildlife & Parks Fishing Access Site. Boat Fac: Ramp (Gravel). Camping: Yes"
28,Madison,Cardwell Bridge,public fishing access site,45.85384185806343,-111.95093536982858,True,1,Cardwell Bridge,"Montana Fish, Wildlife & Parks Fishing Access Site",True,False,False,False,False,https://myfwp.mt.gov/fishMT/fas/39753432,"Montana Fish, Wildlife & Parks Fishing Access Site. Boat Fac: Ramp (Gravel). Camping: No"
28,Madison,Cedar Creek,creek,45.38290653160215,-111.69785243620004,True,1,Valley Garden,"Montana Fish, Wildlife & Parks Fishing Access Site",True,False,False,True,False,https://myfwp.mt.gov/fishMT/fas/39753456,"Montana Fish, Wildlife & Parks Fishing Access Site. Boat Fac: Ramp (Gravel). Camping: Yes. Hunt Access: Refer to current hunting regulations for hunting and weapons restrictions."
28,Madison,CHERRY CR TRIB21.9,water,45.47171655304136,-111.56301242486838,True,1,POWER HOUSE BOAT RAMP,Bureau of Land Management recreation site,True,False,False,False,False,https://fwp-gis.mt.gov/arcgis/rest/services/fish/fishViewer/MapServer/45,Bureau of Land Management recreation site. Descriptio: POWER HOUSE BOAT RAMP
28,Madison,CHERRY CR TRIB22.8,water,45.464496552081386,-111.56504242337438,True,1,FALL CREEK DAY USE,Bureau of Land Management recreation site,False,False,False,False,False,https://fwp-gis.mt.gov/arcgis/rest/services/fish/fishViewer/MapServer/45,Bureau of Land Management recreation site. Descriptio: FALL CREEK DAY USE
28,Madison,Clear Creek,creek,45.37611648848125,-112.151052530276,True,1,Silver Springs Bridge,"Montana Fish, Wildlife & Parks Fishing Access Site",True,False,False,False,False,https://myfwp.mt.gov/fishMT/fas/39753496,"Montana Fish, Wildlife & Parks Fishing Access Site. Boat Fac: No Boat Facilities. Camping: No. Hunt Access: Refer to current hunting regulations for hunting and weapons restrictions."
28,Madison,Cliff Lake,lake,44.78712648652833,-111.56121229805706,True,1,Public access site 672,U.S. Forest Service recreation site,False,False,False,False,False,https://fwp-gis.mt.gov/arcgis/rest/services/fish/fishViewer/MapServer/47,U.S. Forest Service recreation site
28,Madison,Coal Creek,creek,45.62603649692332,-112.31336261246597,True,1,Hell's Canyon,"Montana Fish, Wildlife & Parks Fishing Access Site",True,False,False,False,False,https://myfwp.mt.gov/fishMT/fas/39753464,"Montana Fish, Wildlife & Parks Fishing Access Site. Boat Fac: Ramp (Gravel). Camping: No. Hunt Access: Refer to current hunting regulations for hunting and weapons restrictions."
28,Madison,Dry Hollow,water,45.18641650866817,-111.74874241116876,True,1,STOREY DITCH BOAT LAUNCH,Bureau of Land Management recreation site,True,False,False,False,False,https://fwp-gis.mt.gov/arcgis/rest/services/fish/fishViewer/MapServer/45,Bureau of Land Management recreation site. Descriptio: STOREY DITCH BOAT LAUNCH
28,Madison,Ennis Kids Pond,pond,45.34835652628422,-111.72149243474159,True,1,Ennis,"Montana Fish, Wildlife & Parks Fishing Access Site",True,False,False,True,False,https://myfwp.mt.gov/fishMT/fas/39753534,"Montana Fish, Wildlife & Parks Fishing Access Site. Boat Fac: Ramp (Gravel). Camping: Yes. Hunt Access: Refer to current hunting regulations for hunting and weapons restrictions."
28,Madison,Garrott Creek,creek,44.83097649894716,-111.47493228786695,True,2,Three Dollar Bridge,"Montana Fish, Wildlife & Parks Fishing Access Site",True,False,False,False,False,https://myfwp.mt.gov/fishMT/fas/39754533,"Montana Fish, Wildlife & Parks Fishing Access Site. Boat Fac: No Boat Facilities. Camping: No. Hunt Access: Refer to current hunting regulations for hunting and weapons restrictions."
28,Madison,Garrott Creek,creek,44.83097649894716,-111.47493228786695,True,2,Raynolds' Pass,"Montana Fish, Wildlife & Parks Fishing Access Site",True,False,False,True,False,https://myfwp.mt.gov/fishMT/fas/39753440,"Montana Fish, Wildlife & Parks Fishing Access Site. Boat Fac: Ramp (Gravel). Camping: Yes. Hunt Access: Refer to current hunting regulations for hunting and weapons restrictions."
28,Madison,Gazelle Creek,creek,44.886726494864526,-111.58326232076654,True,2,Lyons Bridge,"Montana Fish, Wildlife & Parks Fishing Access Site",True,False,False,False,False,https://myfwp.mt.gov/fishMT/fas/39753518,"Montana Fish, Wildlife & Parks Fishing Access Site. Boat Fac: Ramp (Concrete). Camping: No"
28,Madison,Gazelle Creek,creek,44.886726494864526,-111.58326232076654,True,2,Public access site 680,U.S. Forest Service recreation site,False,False,False,False,False,https://fwp-gis.mt.gov/arcgis/rest/services/fish/fishViewer/MapServer/47,U.S. Forest Service recreation site
28,Madison,Hot Springs Creek,creek,45.58533656055724,-111.59465245281768,True,1,CANADAY BOAT LAUNCH,Bureau of Land Management recreation site,True,False,False,False,True,https://fwp-gis.mt.gov/arcgis/rest/services/fish/fishViewer/MapServer/45,Bureau of Land Management recreation site. Descriptio: CANADAY BOAT LAUNCH
28,Madison,Indian Creek,creek,45.51285650601327,-112.10352254552404,True,1,Public access site 678,U.S. Forest Service recreation site,False,False,False,False,False,https://fwp-gis.mt.gov/arcgis/rest/services/fish/fishViewer/MapServer/47,U.S. Forest Service recreation site
28,Madison,Jefferson River,river,45.65679650112004,-112.29449261418415,True,1,Silver Star,"Montana Fish, Wildlife & Parks Fishing Access Site",True,False,False,False,False,https://myfwp.mt.gov/fishMT/fas/39753448,"Montana Fish, Wildlife & Parks Fishing Access Site. Boat Fac: Ramp (Concrete). Camping: No. Hunt Access: Refer to current hunting regulations for hunting and weapons restrictions."
28,Madison,Jourdain Creek,creek,45.439586539899985,-111.66737243960806,True,1,TRAIL CREEK DAY USE,Bureau of Land Management recreation site,False,False,False,False,False,https://fwp-gis.mt.gov/arcgis/rest/services/fish/fishViewer/MapServer/45,Bureau of Land Management recreation site. Descriptio: TRAIL CREEK DAY USE
28,Madison,KOA Dredge Pond,pond,45.322276488841275,-112.09760250946114,True,2,Ruby Island,"Montana Fish, Wildlife & Parks Fishing Access Site",True,False,False,False,False,https://myfwp.mt.gov/fishMT/fas/39753494,"Montana Fish, Wildlife & Parks Fishing Access Site. Boat Fac: No Boat Facilities. Camping: No. Hunt Access: Refer to current hunting regulations for hunting and weapons restrictions."
28,Madison,KOA Dredge Pond,pond,45.322276488841275,-112.09760250946114,True,2,Alder Bridge,"Montana Fish, Wildlife & Parks Fishing Access Site",True,False,False,False,False,https://myfwp.mt.gov/fishMT/fas/39753490,"Montana Fish, Wildlife & Parks Fishing Access Site. Boat Fac: No Boat Facilities. Camping: No. Hunt Access: Refer to current hunting regulations for hunting and weapons restrictions."
28,Madison,Kountz Bridge,public fishing access site,45.84355430612852,-112.06324859468172,True,1,Kountz Bridge,"Montana Fish, Wildlife & Parks Fishing Access Site",True,False,False,False,False,https://myfwp.mt.gov/fishMT/fas/39753562,"Montana Fish, Wildlife & Parks Fishing Access Site. Boat Fac: Ramp (Concrete). Camping: No. Hunt Access: Refer to current hunting regulations for hunting and weapons restrictions."
28,Madison,Lake Cameron,lake,45.213866528887785,-111.55455237359354,True,3,Public access site 670,U.S. Forest Service recreation site,False,False,False,False,False,https://fwp-gis.mt.gov/arcgis/rest/services/fish/fishViewer/MapServer/47,U.S. Forest Service recreation site
28,Madison,Lake Cameron,lake,45.213866528887785,-111.55455237359354,True,3,Public access site 686,U.S. Forest Service recreation site,False,False,False,False,False,https://fwp-gis.mt.gov/arcgis/rest/services/fish/fishViewer/MapServer/47,U.S. Forest Service recreation site
28,Madison,Lake Cameron,lake,45.213866528887785,-111.55455237359354,True,3,Public access site 687,U.S. Forest Service recreation site,False,False,False,False,False,https://fwp-gis.mt.gov/arcgis/rest/services/fish/fishViewer/MapServer/47,U.S. Forest Service recreation site
28,Madison,Little Hell Roaring Creek,creek,45.45229656902187,-111.37388238079461,True,2,Public access site 64,U.S. Forest Service recreation site,False,False,False,False,False,https://fwp-gis.mt.gov/arcgis/rest/services/fish/fishViewer/MapServer/47,U.S. Forest Service recreation site. Accessibility: <p>Open December 1 - October 15.<br />Normally plowed within 3.5 mi. of cabin. For summer use check w/district.</p>
28,Madison,Little Hell Roaring Creek,creek,45.45229656902187,-111.37388238079461,True,2,Public access site 217,U.S. Forest Service recreation site,False,False,True,False,False,https://fwp-gis.mt.gov/arcgis/rest/services/fish/fishViewer/MapServer/47,U.S. Forest Service recreation site. Accessibility: <p>Open from May 15 - September 15</p>
28,Madison,Madison River,river,45.294836517860205,-111.75608243216756,True,2,Eight Mile Ford,"Montana Fish, Wildlife & Parks Fishing Access Site",True,False,False,False,False,https://myfwp.mt.gov/fishMT/fas/39753528,"Montana Fish, Wildlife & Parks Fishing Access Site. Boat Fac: Ramp (Gravel). Camping: No. Hunt Access: Refer to current hunting regulations for hunting and weapons restrictions."
28,Madison,Madison River,river,45.294836517860205,-111.75608243216756,True,2,Burnt Tree Hole,"Montana Fish, Wildlife & Parks Fishing Access Site",True,False,False,False,False,https://myfwp.mt.gov/fishMT/fas/39753506,"Montana Fish, Wildlife & Parks Fishing Access Site. Boat Fac: Ramp (Concrete). Camping: No. Hunt Access: Refer to current hunting regulations for hunting and weapons restrictions."
28,Madison,North Meadow Creek,creek,45.44176653651616,-111.7071424490507,True,1,Meadow Lake,"Montana Fish, Wildlife & Parks Fishing Access Site",True,False,False,True,False,https://myfwp.mt.gov/fishMT/fas/39753410,"Montana Fish, Wildlife & Parks Fishing Access Site. Boat Fac: No Boat Facilities. Camping: Yes. Hunt Access: Refer to current hunting regulations for hunting and weapons restrictions."
28,Madison,Norwegian Creek,creek,45.705646562220664,-111.70227249863916,True,1,Harrison Lake,"Montana Fish, Wildlife & Parks Fishing Access Site",True,False,False,True,False,https://myfwp.mt.gov/fishMT/fas/39753406,"Montana Fish, Wildlife & Parks Fishing Access Site. Boat Fac: Ramp (Concrete). Camping: Yes. Hunt Access: Refer to current hunting regulations for hunting and weapons restrictions."
28,Madison,Odell Creek,creek,45.26005251654124,-111.73034042077694,True,1,Varney Bridge,"Montana Fish, Wildlife & Parks Fishing Access Site",True,False,False,True,False,https://myfwp.mt.gov/fishMT/fas/39753404,"Montana Fish, Wildlife & Parks Fishing Access Site. Boat Fac: Ramp (Concrete). Camping: Yes. Hunt Access: Refer to current hunting regulations for hunting and weapons restrictions."
28,Madison,Pole Creek,creek,45.61541656961829,-111.533392445685,True,1,Damselfly,"Montana Fish, Wildlife & Parks Fishing Access Site",True,False,False,True,False,https://myfwp.mt.gov/fishMT/fas/39754720,"Montana Fish, Wildlife & Parks Fishing Access Site. Boat Fac: Ramp (Concrete). Camping: Yes. Hunt Access: Refer to current hunting regulations for hunting and weapons restrictions."
28,Madison,Public access site 630,public fishing access site,45.69359649327235,-112.42279264770231,True,1,Public access site 630,U.S. Forest Service recreation site,False,False,False,False,False,https://fwp-gis.mt.gov/arcgis/rest/services/fish/fishViewer/MapServer/47,U.S. Forest Service recreation site
28,Madison,Quake Lake,lake,44.85138650833031,-111.39806227490678,True,1,Public access site 167,U.S. Forest Service recreation site,True,False,False,False,False,https://fwp-gis.mt.gov/arcgis/rest/services/fish/fishViewer/MapServer/47,U.S. Forest Service recreation site
28,Madison,Ruby Creek,creek,45.04813749737688,-111.72995938058624,True,4,McAtee Bridge,"Montana Fish, Wildlife & Parks Fishing Access Site",True,False,False,False,False,https://myfwp.mt.gov/fishMT/fas/39753516,"Montana Fish, Wildlife & Parks Fishing Access Site. Boat Fac: Ramp (Gravel). Camping: No. Hunt Access: Refer to current hunting regulations for hunting and weapons restrictions."
28,Madison,Ruby Creek,creek,45.04813749737688,-111.72995938058624,True,4,WEST MADISON BOAT RAMP,Bureau of Land Management recreation site,True,False,False,False,False,https://fwp-gis.mt.gov/arcgis/rest/services/fish/fishViewer/MapServer/45,Bureau of Land Management recreation site. Descriptio: WEST MADISON BOAT RAMP
28,Madison,Ruby Creek,creek,45.04813749737688,-111.72995938058624,True,4,RUBY CREEK CAMPGROUND,Bureau of Land Management recreation site,False,False,False,False,False,https://fwp-gis.mt.gov/arcgis/rest/services/fish/fishViewer/MapServer/45,Bureau of Land Management recreation site. Descriptio: RUBY CREEK CAMPGROUND
28,Madison,Ruby Creek,creek,45.04813749737688,-111.72995938058624,True,4,Public access site 618,U.S. Forest Service recreation site,False,False,False,False,False,https://fwp-gis.mt.gov/arcgis/rest/services/fish/fishViewer/MapServer/47,U.S. Forest Service recreation site
28,Madison,Ruby River Reservoir,reservoir,45.23339647878901,-112.11765249697092,True,2,Ruby Dam,"Montana Fish, Wildlife & Parks Fishing Access Site",True,False,False,False,False,https://myfwp.mt.gov/fishMT/fas/39753484,"Montana Fish, Wildlife & Parks Fishing Access Site. Boat Fac: No Boat Facilities. Camping: No. Hunt Access: Refer to current hunting regulations for hunting and weapons restrictions."
28,Madison,Ruby River Reservoir,reservoir,45.23339647878901,-112.11765249697092,True,2,RUBY RESERVOIR REC SITE,Bureau of Land Management recreation site,True,False,False,False,False,https://fwp-gis.mt.gov/arcgis/rest/services/fish/fishViewer/MapServer/45,Bureau of Land Management recreation site. Descriptio: RUBY RESERVOIR REC SITE
28,Madison,STOREY DITCH BOAT LAUNCH,public fishing access site,45.13733651038972,-111.67304238559419,True,1,STOREY DITCH BOAT LAUNCH,Bureau of Land Management recreation site,True,False,False,False,False,https://fwp-gis.mt.gov/arcgis/rest/services/fish/fishViewer/MapServer/45,Bureau of Land Management recreation site. Descriptio: STOREY DITCH BOAT LAUNCH
28,Madison,Twin Lakes,water,45.23820650277921,-111.86359244424825,True,1,TWIN LAKES DAY USE,Bureau of Land Management recreation site,True,False,False,False,False,https://fwp-gis.mt.gov/arcgis/rest/services/fish/fishViewer/MapServer/45,Bureau of Land Management recreation site. Descriptio: TWIN LAKES DAY USE
28,Madison,Upper Branham Lakes,water,45.516206516475094,-111.99501252347919,True,1,Public access site 671,U.S. Forest Service recreation site,False,False,False,False,False,https://fwp-gis.mt.gov/arcgis/rest/services/fish/fishViewer/MapServer/47,U.S. Forest Service recreation site
28,Madison,Vigilante Pond,pond,45.296886499936555,-111.95417247410775,True,1,Vigilante,"Montana Fish, Wildlife & Parks Fishing Access Site",True,False,False,False,False,https://myfwp.mt.gov/fishMT/fas/39753486,"Montana Fish, Wildlife & Parks Fishing Access Site. Boat Fac: No Boat Facilities. Camping: No. Hunt Access: Refer to current hunting regulations for hunting and weapons restrictions."
28,Madison,Wade Lake,lake,44.812546488123544,-111.57043230429932,True,1,Public access site 681,U.S. Forest Service recreation site,False,False,False,False,False,https://fwp-gis.mt.gov/arcgis/rest/services/fish/fishViewer/MapServer/47,U.S. Forest Service recreation site
28,Madison,Wall Creek,creek,44.97117649728726,-111.64715234981102,True,1,WINDY POINT BOAT LAUNCH,Bureau of Land Management recreation site,True,False,False,False,False,https://fwp-gis.mt.gov/arcgis/rest/services/fish/fishViewer/MapServer/45,Bureau of Land Management recreation site. Descriptio: WINDY POINT BOAT LAUNCH
28,Madison,Willow Springs,water,45.75274652360272,-112.15573260378594,True,1,Parrot Castle,"Montana Fish, Wildlife & Parks Fishing Access Site",True,False,False,False,False,https://myfwp.mt.gov/fishMT/fas/39753428,"Montana Fish, Wildlife & Parks Fishing Access Site. Boat Fac: No Boat Facilities. Camping: No. Hunt Access: Refer to current hunting regulations for hunting and weapons restrictions."
29,McCone,Mcguire Creek,creek,47.62133726959615,-106.17536162332303,True,1,McGuire Creek,"City, county, or local developed access site",False,False,False,False,False,https://fwp-gis.mt.gov/arcgis/rest/services/fish/fishViewer/MapServer/48,"City, county, or local developed access site. Accesstype: walk-in. Location: McGuire Creek. Owner: USFWS"
29,McCone,Nelson Creek,creek,47.55884726084149,-106.2039716176493,True,1,Nelson Creek,"City, county, or local developed access site",False,False,False,False,False,https://fwp-gis.mt.gov/arcgis/rest/services/fish/fishViewer/MapServer/48,"City, county, or local developed access site. Accesstype: Concrete Ramp. Location: Nelson Creek. Owner: USFWS"
30,Meagher,Beaver Creek,creek,46.75404670917537,-111.17298259369866,True,1,Fort Logan,"Montana Fish, Wildlife & Parks Fishing Access Site",True,False,False,True,False,https://myfwp.mt.gov/fishMT/fas/39754579,"Montana Fish, Wildlife & Parks Fishing Access Site. Boat Fac: No Boat Facilities. Camping: Yes. Hunt Access: Refer to current hunting regulations for hunting and weapons restrictions."
30,Meagher,Calf Creek,creek,46.842066737940335,-110.96311256434875,True,1,Public access site 567,U.S. Forest Service recreation site,False,False,True,False,False,https://fwp-gis.mt.gov/arcgis/rest/services/fish/fishViewer/MapServer/47,U.S. Forest Service recreation site
30,Meagher,Fourmile Creek,creek,46.542456732149766,-110.73303245423072,True,2,Public access site 518,U.S. Forest Service recreation site,False,False,False,False,False,https://fwp-gis.mt.gov/arcgis/rest/services/fish/fishViewer/MapServer/47,U.S. Forest Service recreation site
30,Meagher,Fourmile Creek,creek,46.542456732149766,-110.73303245423072,True,2,Public access site 616,U.S. Forest Service recreation site,False,False,True,False,False,https://fwp-gis.mt.gov/arcgis/rest/services/fish/fishViewer/MapServer/47,U.S. Forest Service recreation site
30,Meagher,Gipsy Lake,lake,46.50214668300723,-111.21222255041127,True,3,Public access site 276,U.S. Forest Service recreation site,False,False,False,True,False,https://fwp-gis.mt.gov/arcgis/rest/services/fish/fishViewer/MapServer/47,U.S. Forest Service recreation site
30,Meagher,Gipsy Lake,lake,46.50214668300723,-111.21222255041127,True,3,Public access site 336,U.S. Forest Service recreation site,False,False,False,True,False,https://fwp-gis.mt.gov/arcgis/rest/services/fish/fishViewer/MapServer/47,U.S. Forest Service recreation site
30,Meagher,Gipsy Lake,lake,46.50214668300723,-111.21222255041127,True,3,Public access site 341,U.S. Forest Service recreation site,False,False,False,False,False,https://fwp-gis.mt.gov/arcgis/rest/services/fish/fishViewer/MapServer/47,U.S. Forest Service recreation site
30,Meagher,Iron Mines Creek,creek,46.95781675440516,-110.90079257482525,True,1,Public access site 572,U.S. Forest Service recreation site,False,False,False,False,False,https://fwp-gis.mt.gov/arcgis/rest/services/fish/fishViewer/MapServer/47,U.S. Forest Service recreation site
30,Meagher,Kinney Creek,creek,46.803486746361166,-110.84769253225517,True,1,Public access site 614,U.S. Forest Service recreation site,False,False,False,False,False,https://fwp-gis.mt.gov/arcgis/rest/services/fish/fishViewer/MapServer/47,U.S. Forest Service recreation site
30,Meagher,Newlan Creek,creek,46.635476721237964,-110.9398125179551,True,1,Newlan Creek Reservoir,"Montana Fish, Wildlife & Parks Fishing Access Site",True,False,False,True,False,https://myfwp.mt.gov/fishMT/fas/39754461,"Montana Fish, Wildlife & Parks Fishing Access Site. Boat Fac: Ramp (Gravel). Camping: Yes. Hunt Access: Refer to current hunting regulations for hunting and weapons restrictions."
30,Meagher,Shields River,river,46.1845967296314,-110.40467231226889,True,1,Public access site 105,U.S. Forest Service recreation site,False,False,False,False,False,https://fwp-gis.mt.gov/arcgis/rest/services/fish/fishViewer/MapServer/47,"U.S. Forest Service recreation site. Accessibility: <p>Access to the cabin is via a semi-primitive dirt road, Four wheel drive is necessary from June 16<sup>th</sup> to December 1<sup>st</sup>.&nbsp; After December 1<sup>st</sup> getting to the cabin involves a seven(7) mile hike, snowshoe, ski or snowmobile ride from the&nbsp;end of the plowed road to the cabin.&nbsp; No ATV&rsquo;s or Motorcycles are allowed beyond the gate from 12/2 to 6/15.</p>"
30,Meagher,South Fork Musselshell River,river,46.45588676063489,-110.3506123533424,True,1,Martinsdale Reservoir,"Montana Fish, Wildlife & Parks Fishing Access Site",True,False,False,True,False,https://myfwp.mt.gov/fishMT/fas/39753678,"Montana Fish, Wildlife & Parks Fishing Access Site. Boat Fac: Ramp (Concrete). Camping: Yes. Hunt Access: Refer to current hunting regulations for hunting and weapons restrictions."
30,Meagher,Whitetail Creek,creek,46.617426765467684,-110.46526241065986,True,1,Public access site 521,U.S. Forest Service recreation site,False,False,False,False,False,https://fwp-gis.mt.gov/arcgis/rest/services/fish/fishViewer/MapServer/47,U.S. Forest Service recreation site
30,Meagher,Wolsey Creek,creek,46.79799674944511,-110.80663252140329,True,1,Public access site 517,U.S. Forest Service recreation site,False,False,False,False,False,https://fwp-gis.mt.gov/arcgis/rest/services/fish/fishViewer/MapServer/47,U.S. Forest Service recreation site
31,Mineral,Cyr Bridge,public fishing access site,47.005287332032054,-114.5791518727528,True,1,Cyr Bridge,"Montana Fish, Wildlife & Parks Fishing Access Site",True,False,False,False,False,https://myfwp.mt.gov/fishMT/fas/39754149,"Montana Fish, Wildlife & Parks Fishing Access Site. Boat Fac: Raft Slide Launch. Camping: No. Hunt Access: Refer to current hunting regulations for hunting and weapons restrictions."
31,Mineral,Deer Creek,creek,47.34825634049546,-115.37667359035453,True,1,Public access site 49,U.S. Forest Service recreation site,False,False,False,False,False,https://fwp-gis.mt.gov/arcgis/rest/services/fish/fishViewer/MapServer/47,U.S. Forest Service recreation site
31,Mineral,Dry Creek,creek,47.22585637259665,-114.9648134814618,True,2,Dry Creek,"Montana Fish, Wildlife & Parks Fishing Access Site",True,False,False,False,False,https://myfwp.mt.gov/fishMT/fas/39754151,"Montana Fish, Wildlife & Parks Fishing Access Site. Boat Fac: Ramp (Concrete). Camping: No. Hunt Access: Refer to current hunting regulations for hunting and weapons restrictions."
31,Mineral,Dry Creek,creek,47.22585637259665,-114.9648134814618,True,2,Public access site 46,U.S. Forest Service recreation site,True,False,False,True,False,https://fwp-gis.mt.gov/arcgis/rest/services/fish/fishViewer/MapServer/47,U.S. Forest Service recreation site
31,Mineral,East Fork Twelvemile Creek,creek,47.366826353002075,-115.26472357143876,True,1,Public access site 2,U.S. Forest Service recreation site,False,False,False,False,False,https://fwp-gis.mt.gov/arcgis/rest/services/fish/fishViewer/MapServer/47,U.S. Forest Service recreation site
31,Mineral,Fish Creek,creek,47.003806382077336,-114.6988133795121,True,2,Ralph's Takeout,"Montana Fish, Wildlife & Parks Fishing Access Site",True,False,False,True,False,https://myfwp.mt.gov/fishMT/fas/39754591,"Montana Fish, Wildlife & Parks Fishing Access Site. Boat Fac: No Boat Facilities. Camping: Yes. Hunt Access: Refer to current hunting regulations for hunting and weapons restrictions."
31,Mineral,Fish Creek,creek,47.003806382077336,-114.6988133795121,True,2,Big Pine,"Montana Fish, Wildlife & Parks Fishing Access Site",True,False,False,True,False,https://myfwp.mt.gov/fishMT/fas/39754101,"Montana Fish, Wildlife & Parks Fishing Access Site. Boat Fac: No Boat Facilities. Camping: Yes. Hunt Access: Refer to current hunting regulations for hunting and weapons restrictions."
31,Mineral,Mcgee Point Superior,water,47.384976340350796,-115.39621360158253,True,3,Public access site 3,U.S. Forest Service recreation site,False,False,False,False,False,https://fwp-gis.mt.gov/arcgis/rest/services/fish/fishViewer/MapServer/47,U.S. Forest Service recreation site
31,Mineral,Mcgee Point Superior,water,47.384976340350796,-115.39621360158253,True,3,Public access site 4,U.S. Forest Service recreation site,False,False,False,False,False,https://fwp-gis.mt.gov/arcgis/rest/services/fish/fishViewer/MapServer/47,U.S. Forest Service recreation site
31,Mineral,Mcgee Point Superior,water,47.384976340350796,-115.39621360158253,True,3,Public access site 95,U.S. Forest Service recreation site,False,False,False,False,False,https://fwp-gis.mt.gov/arcgis/rest/services/fish/fishViewer/MapServer/47,U.S. Forest Service recreation site
31,Mineral,Natural Pier,public fishing access site,47.015041614805966,-114.5067198795543,True,1,Natural Pier,"Montana Fish, Wildlife & Parks Fishing Access Site",True,True,False,False,False,https://myfwp.mt.gov/fishMT/fas/39754127,"Montana Fish, Wildlife & Parks Fishing Access Site. Boat Fac: No Boat Facilities. Camping: No"
31,Mineral,Noonan Pond,pond,47.30145636463878,-115.10417352514732,True,1,St. Regis,"Montana Fish, Wildlife & Parks Fishing Access Site",True,False,False,False,False,https://myfwp.mt.gov/fishMT/fas/39754205,"Montana Fish, Wildlife & Parks Fishing Access Site. Boat Fac: Ramp (Concrete). Camping: No. Hunt Access: Refer to current hunting regulations for hunting and weapons restrictions."
31,Mineral,North Fork Little Joe Creek,creek,47.26216635371561,-115.1718935303888,True,1,Public access site 21,U.S. Forest Service recreation site,False,False,False,False,False,https://fwp-gis.mt.gov/arcgis/rest/services/fish/fishViewer/MapServer/47,U.S. Forest Service recreation site
31,Mineral,Quartz Creek,creek,47.02951637823355,-114.75907339734185,True,2,Tarkio,"Montana Fish, Wildlife & Parks Fishing Access Site",True,False,False,False,False,https://myfwp.mt.gov/fishMT/fas/39754209,"Montana Fish, Wildlife & Parks Fishing Access Site. Boat Fac: Ramp (Concrete). Camping: No. Hunt Access: Refer to current hunting regulations for hunting and weapons restrictions."
31,Mineral,Quartz Creek,creek,47.02951637823355,-114.75907339734185,True,2,Forest Grove,"Montana Fish, Wildlife & Parks Fishing Access Site",True,False,False,True,False,https://myfwp.mt.gov/fishMT/fas/39754155,"Montana Fish, Wildlife & Parks Fishing Access Site. Boat Fac: Ramp (Concrete). Camping: Yes. Hunt Access: Refer to current hunting regulations for hunting and weapons restrictions."
31,Mineral,South Fork Fish Creek,creek,46.9266563755052,-114.6970033622495,True,1,Forks,"Montana Fish, Wildlife & Parks Fishing Access Site",True,False,False,True,False,https://myfwp.mt.gov/fishMT/fas/39754159,"Montana Fish, Wildlife & Parks Fishing Access Site. Boat Fac: Hand Launch. Camping: Yes. Hunt Access: Refer to current hunting regulations for hunting and weapons restrictions."
31,Mineral,South Fork Nemote Creek,creek,47.047866387119605,-114.68483338653054,True,4,Lower Osprey,"Montana Fish, Wildlife & Parks Fishing Access Site",True,False,False,True,False,https://myfwp.mt.gov/fishMT/fas/39754595,"Montana Fish, Wildlife & Parks Fishing Access Site. Boat Fac: No Boat Facilities. Camping: Yes. Hunt Access: Refer to current hunting regulations for hunting and weapons restrictions."
31,Mineral,South Fork Nemote Creek,creek,47.047866387119605,-114.68483338653054,True,4,Middle Osprey,"Montana Fish, Wildlife & Parks Fishing Access Site",True,False,False,True,False,https://myfwp.mt.gov/fishMT/fas/39754630,"Montana Fish, Wildlife & Parks Fishing Access Site. Boat Fac: No Boat Facilities. Camping: Yes. Hunt Access: Refer to current hunting regulations for hunting and weapons restrictions."
31,Mineral,South Fork Nemote Creek,creek,47.047866387119605,-114.68483338653054,True,4,Upper Osprey,"Montana Fish, Wildlife & Parks Fishing Access Site",True,False,False,True,False,https://myfwp.mt.gov/fishMT/fas/39754593,"Montana Fish, Wildlife & Parks Fishing Access Site. Boat Fac: No Boat Facilities. Camping: Yes. Hunt Access: Refer to current hunting regulations for hunting and weapons restrictions."
31,Mineral,South Fork Nemote Creek,creek,47.047866387119605,-114.68483338653054,True,4,Tarkio East,"Montana Fish, Wildlife & Parks Fishing Access Site",True,False,False,False,False,https://myfwp.mt.gov/fishMT/fas/39754211,"Montana Fish, Wildlife & Parks Fishing Access Site. Boat Fac: No Boat Facilities. Camping: No. Hunt Access: Refer to current hunting regulations for hunting and weapons restrictions."
31,Mineral,St. John's,public fishing access site,47.01259245889994,-114.54269958060627,True,1,St. John's,"Montana Fish, Wildlife & Parks Fishing Access Site",True,False,False,False,False,https://myfwp.mt.gov/fishMT/fas/39754201,"Montana Fish, Wildlife & Parks Fishing Access Site. Boat Fac: Ramp (Gravel). Camping: No"
31,Mineral,Superior Golf Course Pond,pond,47.18650637918624,-114.8730134541065,True,2,Big Eddy,"Montana Fish, Wildlife & Parks Fishing Access Site",True,False,False,False,False,https://myfwp.mt.gov/fishMT/fas/39754113,"Montana Fish, Wildlife & Parks Fishing Access Site. Boat Fac: Ramp (Gravel). Camping: No. Hunt Access: Refer to current hunting regulations for hunting and weapons restrictions."
31,Mineral,Superior Golf Course Pond,pond,47.18650637918624,-114.8730134541065,True,2,Public access site 1,U.S. Forest Service recreation site,False,False,False,True,False,https://fwp-gis.mt.gov/arcgis/rest/services/fish/fishViewer/MapServer/47,U.S. Forest Service recreation site
32,Missoula,"Beaver Creek, Trib 3",creek,47.40084051518601,-113.70084726317128,True,2,Public access site 375,U.S. Forest Service recreation site,True,False,True,False,False,https://fwp-gis.mt.gov/arcgis/rest/services/fish/fishViewer/MapServer/47,U.S. Forest Service recreation site
32,Missoula,"Beaver Creek, Trib 3",creek,47.40084051518601,-113.70084726317128,True,2,Public access site 376,U.S. Forest Service recreation site,False,False,True,False,True,https://fwp-gis.mt.gov/arcgis/rest/services/fish/fishViewer/MapServer/47,U.S. Forest Service recreation site
32,Missoula,Beavertail Pond,pond,46.727516471128766,-113.57789309312916,True,1,Beavertail Pond,"Montana Fish, Wildlife & Parks Fishing Access Site",True,False,False,False,False,https://myfwp.mt.gov/fishMT/fas/39754167,"Montana Fish, Wildlife & Parks Fishing Access Site. Boat Fac: Ramp (Gravel). Camping: No. Hunt Access: Refer to current hunting regulations for hunting and weapons restrictions."
32,Missoula,Belmont Creek,creek,46.954346491964486,-113.57044314079744,True,8,Thibodeau Rapids,"Montana Fish, Wildlife & Parks Fishing Access Site",True,False,False,True,False,https://myfwp.mt.gov/fishMT/fas/39753892,"Montana Fish, Wildlife & Parks Fishing Access Site. Boat Fac: No Boat Facilities. Camping: Yes. Hunt Access: Refer to current hunting regulations for hunting and weapons restrictions."
32,Missoula,Belmont Creek,creek,46.954346491964486,-113.57044314079744,True,8,Sheep Flats,"Montana Fish, Wildlife & Parks Fishing Access Site",True,False,False,True,False,https://myfwp.mt.gov/fishMT/fas/39753890,"Montana Fish, Wildlife & Parks Fishing Access Site. Boat Fac: No Boat Facilities. Camping: Yes. Hunt Access: Refer to current hunting regulations for hunting and weapons restrictions."
32,Missoula,Belmont Creek,creek,46.954346491964486,-113.57044314079744,True,8,Red Rocks,"Montana Fish, Wildlife & Parks Fishing Access Site",True,False,False,True,False,https://myfwp.mt.gov/fishMT/fas/39753894,"Montana Fish, Wildlife & Parks Fishing Access Site. Boat Fac: No Boat Facilities. Camping: Yes. Hunt Access: Refer to current hunting regulations for hunting and weapons restrictions."
32,Missoula,Belmont Creek,creek,46.954346491964486,-113.57044314079744,True,8,Corrick's River Bend,"Montana Fish, Wildlife & Parks Fishing Access Site",True,False,False,True,False,https://myfwp.mt.gov/fishMT/fas/39754247,"Montana Fish, Wildlife & Parks Fishing Access Site. Boat Fac: Ramp (Gravel). Camping: Yes. Hunt Access: Refer to current hunting regulations for hunting and weapons restrictions."
32,Missoula,Belmont Creek,creek,46.954346491964486,-113.57044314079744,True,8,Belmont Creek,"Montana Fish, Wildlife & Parks Fishing Access Site",True,False,False,True,False,https://myfwp.mt.gov/fishMT/fas/39753900,"Montana Fish, Wildlife & Parks Fishing Access Site. Boat Fac: No Boat Facilities. Camping: Yes. Hunt Access: Refer to current hunting regulations for hunting and weapons restrictions."
32,Missoula,Belmont Creek,creek,46.954346491964486,-113.57044314079744,True,8,Thibodeau,"Montana Fish, Wildlife & Parks Fishing Access Site",True,False,False,True,False,https://myfwp.mt.gov/fishMT/fas/39753904,"Montana Fish, Wildlife & Parks Fishing Access Site. Boat Fac: No Boat Facilities. Camping: Yes. Hunt Access: Refer to current hunting regulations for hunting and weapons restrictions."
32,Missoula,Belmont Creek,creek,46.954346491964486,-113.57044314079744,True,8,Whitaker Bridge,"Montana Fish, Wildlife & Parks Fishing Access Site",True,False,False,True,False,https://myfwp.mt.gov/fishMT/fas/39753902,"Montana Fish, Wildlife & Parks Fishing Access Site. Boat Fac: Ramp (Concrete). Camping: Yes. Hunt Access: Refer to current hunting regulations for hunting and weapons restrictions."
32,Missoula,Belmont Creek,creek,46.954346491964486,-113.57044314079744,True,8,RIVERBEND DAY USE,Bureau of Land Management recreation site,False,False,False,False,False,https://fwp-gis.mt.gov/arcgis/rest/services/fish/fishViewer/MapServer/45,Bureau of Land Management recreation site. Descriptio: RIVERBEND DAY USE
32,Missoula,Blanchard Lake,lake,47.00361651434198,-113.38066311171671,True,1,Clearwater Crossing,"Montana Fish, Wildlife & Parks Fishing Access Site",True,False,False,True,False,https://myfwp.mt.gov/fishMT/fas/39754449,"Montana Fish, Wildlife & Parks Fishing Access Site. Boat Fac: Hand Launch. Camping: Yes. Hunt Access: Refer to current hunting regulations for hunting and weapons restrictions."
32,Missoula,Burnt Bridge Creek,creek,46.928606478246685,-113.67905315701151,True,1,Daigles Eddy,"Montana Fish, Wildlife & Parks Fishing Access Site",True,False,False,True,False,https://myfwp.mt.gov/fishMT/fas/39753906,"Montana Fish, Wildlife & Parks Fishing Access Site. Boat Fac: No Boat Facilities. Camping: Yes. Hunt Access: Refer to current hunting regulations for hunting and weapons restrictions."
32,Missoula,Carlton Creek,creek,46.66341641290269,-114.11750318990502,True,1,Chief Looking Glass,"Montana Fish, Wildlife & Parks Fishing Access Site",True,False,False,True,False,https://myfwp.mt.gov/fishMT/fas/39754131,"Montana Fish, Wildlife & Parks Fishing Access Site. Boat Fac: Hand Launch. Camping: Yes. Hunt Access: Refer to current hunting regulations for hunting and weapons restrictions."
32,Missoula,Cedar Creek,creek,46.73249640143971,-114.2959832400599,True,1,Public access site 17,U.S. Forest Service recreation site,False,False,False,True,False,https://fwp-gis.mt.gov/arcgis/rest/services/fish/fishViewer/MapServer/47,U.S. Forest Service recreation site
32,Missoula,Clark Fork River,river,46.86392844291729,-113.97670120376311,True,1,Public access site 28,U.S. Forest Service recreation site,False,False,False,False,False,https://fwp-gis.mt.gov/arcgis/rest/services/fish/fishViewer/MapServer/47,U.S. Forest Service recreation site
32,Missoula,Clearwater River,river,47.235848517710004,-113.53813419404993,True,1,Public access site 44,U.S. Forest Service recreation site,False,False,False,False,False,https://fwp-gis.mt.gov/arcgis/rest/services/fish/fishViewer/MapServer/47,U.S. Forest Service recreation site
32,Missoula,Crystal Creek,creek,46.817966453661484,-113.8391131669256,True,1,Turah,"Montana Fish, Wildlife & Parks Fishing Access Site",True,False,False,False,False,https://myfwp.mt.gov/fishMT/fas/39754207,"Montana Fish, Wildlife & Parks Fishing Access Site. Boat Fac: Ramp (Gravel). Camping: No. Hunt Access: Refer to current hunting regulations for hunting and weapons restrictions."
32,Missoula,Deep Creek,public fishing access site,46.929739820251285,-114.21071283024796,True,1,Deep Creek,"Montana Fish, Wildlife & Parks Fishing Access Site",True,False,False,False,False,https://myfwp.mt.gov/fishMT/fas/39754571,"Montana Fish, Wildlife & Parks Fishing Access Site. Boat Fac: Ramp (Gravel). Camping: No. Hunt Access: Refer to current hunting regulations for hunting and weapons restrictions."
32,Missoula,Elk Creek,creek,46.92029650432963,-113.40782309941028,True,1,Roundup,"Montana Fish, Wildlife & Parks Fishing Access Site",True,False,False,False,False,https://myfwp.mt.gov/fishMT/fas/39753898,"Montana Fish, Wildlife & Parks Fishing Access Site. Boat Fac: Raft Slide Launch. Camping: No. Hunt Access: Refer to current hunting regulations for hunting and weapons restrictions."
32,Missoula,Farmers Lake 6,lake,47.00866646166265,-113.90781322156562,True,1,Public access site 30,U.S. Forest Service recreation site,False,False,False,False,False,https://fwp-gis.mt.gov/arcgis/rest/services/fish/fishViewer/MapServer/47,U.S. Forest Service recreation site
32,Missoula,Frenchtown Pond,pond,47.02317642798089,-114.25818329442583,True,1,Erskine,"Montana Fish, Wildlife & Parks Fishing Access Site",True,False,False,False,False,https://myfwp.mt.gov/fishMT/fas/39754153,"Montana Fish, Wildlife & Parks Fishing Access Site. Boat Fac: No Boat Facilities. Camping: No. Hunt Access: Refer to current hunting regulations for hunting and weapons restrictions."
32,Missoula,Game Ridge Creek,creek,46.96455650002149,-113.49687312766102,True,1,Ninemile Prairie,"Montana Fish, Wildlife & Parks Fishing Access Site",True,False,False,True,False,https://myfwp.mt.gov/fishMT/fas/39754245,"Montana Fish, Wildlife & Parks Fishing Access Site. Boat Fac: No Boat Facilities. Camping: Yes. Hunt Access: Refer to current hunting regulations for hunting and weapons restrictions."
32,Missoula,Grave Creek,creek,46.781456394662605,-114.39739327094986,True,2,Public access site 24,U.S. Forest Service recreation site,False,False,False,False,False,https://fwp-gis.mt.gov/arcgis/rest/services/fish/fishViewer/MapServer/47,U.S. Forest Service recreation site
32,Missoula,Grave Creek,creek,46.781456394662605,-114.39739327094986,True,2,Public access site 25,U.S. Forest Service recreation site,False,False,False,False,False,https://fwp-gis.mt.gov/arcgis/rest/services/fish/fishViewer/MapServer/47,U.S. Forest Service recreation site
32,Missoula,Harper's Bridge,public fishing access site,46.93151098569018,-114.2077918440156,True,1,Harper's Bridge,"Montana Fish, Wildlife & Parks Fishing Access Site",True,False,False,True,False,https://myfwp.mt.gov/fishMT/fas/39754255,"Montana Fish, Wildlife & Parks Fishing Access Site. Boat Fac: Ramp (Concrete). Camping: Yes. Hunt Access: Refer to current hunting regulations for hunting and weapons restrictions."
32,Missoula,Harpers Lake,lake,47.023236516265044,-113.38044311610025,True,1,Harpers Lake,"Montana Fish, Wildlife & Parks Fishing Access Site",True,False,False,True,False,https://myfwp.mt.gov/fishMT/fas/39754115,"Montana Fish, Wildlife & Parks Fishing Access Site. Boat Fac: Ramp (Gravel). Camping: Yes. Hunt Access: Refer to current hunting regulations for hunting and weapons restrictions."
32,Missoula,Holland Lake,lake,47.44831652989488,-113.59672325292473,True,4,Public access site 371,U.S. Forest Service recreation site,True,False,True,True,False,https://fwp-gis.mt.gov/arcgis/rest/services/fish/fishViewer/MapServer/47,U.S. Forest Service recreation site
32,Missoula,Holland Lake,lake,47.44831652989488,-113.59672325292473,True,4,Public access site 373,U.S. Forest Service recreation site,True,False,True,True,False,https://fwp-gis.mt.gov/arcgis/rest/services/fish/fishViewer/MapServer/47,U.S. Forest Service recreation site
32,Missoula,Holland Lake,lake,47.44831652989488,-113.59672325292473,True,4,Public access site 374,U.S. Forest Service recreation site,False,False,True,False,False,https://fwp-gis.mt.gov/arcgis/rest/services/fish/fishViewer/MapServer/47,U.S. Forest Service recreation site
32,Missoula,Holland Lake,lake,47.44831652989488,-113.59672325292473,True,4,Public access site 378,U.S. Forest Service recreation site,False,False,False,True,False,https://fwp-gis.mt.gov/arcgis/rest/services/fish/fishViewer/MapServer/47,U.S. Forest Service recreation site
32,Missoula,Johnson Gulch,water,46.89932645896788,-113.84832318569852,True,2,Weigh Station,"Montana Fish, Wildlife & Parks Fishing Access Site",True,False,False,True,False,https://myfwp.mt.gov/fishMT/fas/39754561,"Montana Fish, Wildlife & Parks Fishing Access Site. Boat Fac: Ramp (Concrete). Camping: Yes. Hunt Access: Refer to current hunting regulations for hunting and weapons restrictions."
32,Missoula,Johnson Gulch,water,46.89932645896788,-113.84832318569852,True,2,Marco Flats,"Montana Fish, Wildlife & Parks Fishing Access Site",True,False,False,False,False,https://myfwp.mt.gov/fishMT/fas/39754175,"Montana Fish, Wildlife & Parks Fishing Access Site. Boat Fac: Hand Launch. Camping: No. Hunt Access: Refer to current hunting regulations for hunting and weapons restrictions."
32,Missoula,Kreis Pond,pond,47.100736417608346,-114.42404334524377,True,1,Public access site 84,U.S. Forest Service recreation site,False,False,False,False,False,https://fwp-gis.mt.gov/arcgis/rest/services/fish/fishViewer/MapServer/47,U.S. Forest Service recreation site
32,Missoula,Lee Creek,creek,46.70602637466765,-114.53855328334322,True,1,Public access site 23,U.S. Forest Service recreation site,False,False,False,False,False,https://fwp-gis.mt.gov/arcgis/rest/services/fish/fishViewer/MapServer/47,U.S. Forest Service recreation site
32,Missoula,Little Fish Creek,creek,46.93823650952794,-113.38032309848336,True,2,Three Stall,"Montana Fish, Wildlife & Parks Fishing Access Site",True,False,False,False,False,https://myfwp.mt.gov/fishMT/fas/39753896,"Montana Fish, Wildlife & Parks Fishing Access Site. Boat Fac: Hand Launch. Camping: No. Hunt Access: Refer to current hunting regulations for hunting and weapons restrictions."
32,Missoula,Little Fish Creek,creek,46.93823650952794,-113.38032309848336,True,2,Six Stall,"Montana Fish, Wildlife & Parks Fishing Access Site",True,False,False,True,False,https://myfwp.mt.gov/fishMT/fas/39754597,"Montana Fish, Wildlife & Parks Fishing Access Site. Boat Fac: No Boat Facilities. Camping: Yes. Hunt Access: Refer to current hunting regulations for hunting and weapons restrictions."
32,Missoula,Longpree Reservoir,reservoir,47.07545641984789,-114.3896333333698,True,1,Public access site 83,U.S. Forest Service recreation site,False,False,False,False,False,https://fwp-gis.mt.gov/arcgis/rest/services/fish/fishViewer/MapServer/47,U.S. Forest Service recreation site
32,Missoula,Mill Creek,creek,46.74577640924047,-114.22175322929436,True,1,Public access site 22,U.S. Forest Service recreation site,False,False,True,False,True,https://fwp-gis.mt.gov/arcgis/rest/services/fish/fishViewer/MapServer/47,U.S. Forest Service recreation site
32,Missoula,Milltown Dam,water,46.871305452313884,-113.89138818775555,True,1,Sha-Ron,"Montana Fish, Wildlife & Parks Fishing Access Site",True,False,False,False,False,https://myfwp.mt.gov/fishMT/fas/39754199,"Montana Fish, Wildlife & Parks Fishing Access Site. Boat Fac: Ramp (Gravel). Camping: No. Hunt Access: Refer to current hunting regulations for hunting and weapons restrictions."
32,Missoula,Neal Pond,pond,47.04205651864246,-113.37016311848399,True,1,Russell Gates Memorial,"Montana Fish, Wildlife & Parks Fishing Access Site",True,False,False,False,False,https://myfwp.mt.gov/fishMT/fas/39754195,"Montana Fish, Wildlife & Parks Fishing Access Site. Boat Fac: Ramp (Gravel). Camping: No. Hunt Access: Refer to current hunting regulations for hunting and weapons restrictions."
32,Missoula,OBrien Creek,creek,46.849656429092285,-114.10295322665549,True,2,Kona Bridge,"Montana Fish, Wildlife & Parks Fishing Access Site",True,False,False,True,False,https://myfwp.mt.gov/fishMT/fas/39754650,"Montana Fish, Wildlife & Parks Fishing Access Site. Boat Fac: No Boat Facilities. Camping: Yes. Hunt Access: Refer to current hunting regulations for hunting and weapons restrictions."
32,Missoula,OBrien Creek,creek,46.849656429092285,-114.10295322665549,True,2,Kelly Island,"Montana Fish, Wildlife & Parks Fishing Access Site",True,False,False,False,False,https://myfwp.mt.gov/fishMT/fas/39754163,"Montana Fish, Wildlife & Parks Fishing Access Site. Boat Fac: Ramp (Concrete). Camping: No. Hunt Access: Refer to current hunting regulations for hunting and weapons restrictions."
32,Missoula,Owl Creek,creek,47.432386527829635,-113.59532324921568,True,2,Public access site 372,U.S. Forest Service recreation site,False,False,False,False,False,https://fwp-gis.mt.gov/arcgis/rest/services/fish/fishViewer/MapServer/47,U.S. Forest Service recreation site
32,Missoula,Owl Creek,creek,47.432386527829635,-113.59532324921568,True,2,Public access site 438,U.S. Forest Service recreation site,False,False,False,False,False,https://fwp-gis.mt.gov/arcgis/rest/services/fish/fishViewer/MapServer/47,U.S. Forest Service recreation site
32,Missoula,Petty Creek,creek,46.99197640726048,-114.44752332598546,True,2,Petty Creek,"Montana Fish, Wildlife & Parks Fishing Access Site",True,False,False,False,False,https://myfwp.mt.gov/fishMT/fas/39754185,"Montana Fish, Wildlife & Parks Fishing Access Site. Boat Fac: Ramp (Concrete). Camping: No. Hunt Access: Refer to current hunting regulations for hunting and weapons restrictions."
32,Missoula,Petty Creek,creek,46.99197640726048,-114.44752332598546,True,2,Public access site 86,U.S. Forest Service recreation site,False,False,False,False,False,https://fwp-gis.mt.gov/arcgis/rest/services/fish/fishViewer/MapServer/47,U.S. Forest Service recreation site
32,Missoula,Richmond Creek,creek,47.31990652010958,-113.58422322179736,True,1,Public access site 37,U.S. Forest Service recreation site,False,False,False,False,False,https://fwp-gis.mt.gov/arcgis/rest/services/fish/fishViewer/MapServer/47,U.S. Forest Service recreation site
32,Missoula,Seeley Lake,lake,47.19120651702298,-113.5093131782769,True,3,Public access site 35,U.S. Forest Service recreation site,True,False,False,True,False,https://fwp-gis.mt.gov/arcgis/rest/services/fish/fishViewer/MapServer/47,U.S. Forest Service recreation site
32,Missoula,Seeley Lake,lake,47.19120651702298,-113.5093131782769,True,3,Public access site 41,U.S. Forest Service recreation site,False,False,False,False,False,https://fwp-gis.mt.gov/arcgis/rest/services/fish/fishViewer/MapServer/47,U.S. Forest Service recreation site
32,Missoula,Seeley Lake,lake,47.19120651702298,-113.5093131782769,True,3,Public access site 42,U.S. Forest Service recreation site,True,False,False,False,False,https://fwp-gis.mt.gov/arcgis/rest/services/fish/fishViewer/MapServer/47,U.S. Forest Service recreation site
32,Missoula,Swartz Creek,creek,46.74857645772759,-113.73278312969983,True,1,Schwartz Creek,"Montana Fish, Wildlife & Parks Fishing Access Site",True,False,False,False,False,https://myfwp.mt.gov/fishMT/fas/39754197,"Montana Fish, Wildlife & Parks Fishing Access Site. Boat Fac: Ramp (Gravel). Camping: No. Hunt Access: Refer to current hunting regulations for hunting and weapons restrictions."
32,Missoula,Tamarack Creek,creek,46.90589646870603,-113.75073316689245,True,1,Angevine,"Montana Fish, Wildlife & Parks Fishing Access Site",True,False,False,True,False,https://myfwp.mt.gov/fishMT/fas/39754559,"Montana Fish, Wildlife & Parks Fishing Access Site. Boat Fac: Hand Launch. Camping: Yes. Hunt Access: Refer to current hunting regulations for hunting and weapons restrictions."
32,Missoula,Uhler Creek,creek,47.29616651884518,-113.5773632155706,True,2,Public access site 38,U.S. Forest Service recreation site,False,False,False,False,False,https://fwp-gis.mt.gov/arcgis/rest/services/fish/fishViewer/MapServer/47,U.S. Forest Service recreation site
32,Missoula,Uhler Creek,creek,47.29616651884518,-113.5773632155706,True,2,Public access site 39,U.S. Forest Service recreation site,False,False,False,False,False,https://fwp-gis.mt.gov/arcgis/rest/services/fish/fishViewer/MapServer/47,U.S. Forest Service recreation site
32,Missoula,Union Creek,creek,46.91247647727183,-113.67067315281501,True,1,Johnsrud Park,"Montana Fish, Wildlife & Parks Fishing Access Site",True,False,False,False,False,https://myfwp.mt.gov/fishMT/fas/39754243,"Montana Fish, Wildlife & Parks Fishing Access Site. Boat Fac: Ramp (Concrete). Camping: No. Hunt Access: Refer to current hunting regulations for hunting and weapons restrictions."
32,Missoula,West Twin Creek,creek,46.91306647322153,-113.71562316169793,True,1,K. Ross Toole,"Montana Fish, Wildlife & Parks Fishing Access Site",True,False,False,False,False,https://myfwp.mt.gov/fishMT/fas/39754165,"Montana Fish, Wildlife & Parks Fishing Access Site. Boat Fac: No Boat Facilities. Camping: No. Hunt Access: Refer to current hunting regulations for hunting and weapons restrictions."
34,Park,Barney Creek,creek,45.48783664491331,-110.58374221779887,True,2,Loch Leven,"Montana Fish, Wildlife & Parks Fishing Access Site",True,False,False,True,False,https://myfwp.mt.gov/fishMT/fas/39753564,"Montana Fish, Wildlife & Parks Fishing Access Site. Boat Fac: Ramp (Concrete). Camping: Yes"
34,Park,Barney Creek,creek,45.48783664491331,-110.58374221779887,True,2,Mallard's Rest,"Montana Fish, Wildlife & Parks Fishing Access Site",True,False,False,True,False,https://myfwp.mt.gov/fishMT/fas/39753566,"Montana Fish, Wildlife & Parks Fishing Access Site. Boat Fac: Ramp (Concrete). Camping: Yes. Hunt Access: Refer to current hunting regulations for hunting and weapons restrictions."
34,Park,Bassett Creek,creek,45.110226589111114,-110.78567219196437,True,3,Brogan's Landing,"Montana Fish, Wildlife & Parks Fishing Access Site",True,False,False,False,False,https://myfwp.mt.gov/fishMT/fas/39753522,"Montana Fish, Wildlife & Parks Fishing Access Site. Boat Fac: Ramp (Gravel). Camping: No. Hunt Access: Refer to current hunting regulations for hunting and weapons restrictions."
34,Park,Bassett Creek,creek,45.110226589111114,-110.78567219196437,True,3,Public access site 159,U.S. Forest Service recreation site,False,False,True,False,False,https://fwp-gis.mt.gov/arcgis/rest/services/fish/fishViewer/MapServer/47,U.S. Forest Service recreation site. Accessibility: <p>Open All Year</p>
34,Park,Bassett Creek,creek,45.110226589111114,-110.78567219196437,True,3,Public access site 164,U.S. Forest Service recreation site,False,False,True,False,False,https://fwp-gis.mt.gov/arcgis/rest/services/fish/fishViewer/MapServer/47,U.S. Forest Service recreation site. Accessibility: <p>Open All Year</p>
34,Park,Bear Creek,creek,45.11047660682967,-110.60066215146527,True,1,Public access site 201,U.S. Forest Service recreation site,False,False,False,False,False,https://fwp-gis.mt.gov/arcgis/rest/services/fish/fishViewer/MapServer/47,U.S. Forest Service recreation site. Accessibility: <p>Open from June 15 - October 31<br />(weather dependant)</p><p>Access road not suitable for Vehicles longer than 21&#39;</p>
34,Park,Broadwater River,river,45.02272666352927,-109.8684319766851,True,1,Public access site 182,U.S. Forest Service recreation site,False,False,True,False,False,https://fwp-gis.mt.gov/arcgis/rest/services/fish/fishViewer/MapServer/47,U.S. Forest Service recreation site. Accessibility: <p>Open June 1 - November 1 (weather dependant)</p>
34,Park,Crazy Head Creek,creek,45.75951667613264,-110.53088225717501,True,1,Grannis,"Montana Fish, Wildlife & Parks Fishing Access Site",True,False,False,True,False,https://myfwp.mt.gov/fishMT/fas/39754678,"Montana Fish, Wildlife & Parks Fishing Access Site. Boat Fac: No Boat Facilities. Camping: Yes. Hunt Access: Refer to current hunting regulations for hunting and weapons restrictions."
34,Park,Dailey Lake,lake,45.26266660187314,-110.816162225433,True,1,Dailey Lake,"Montana Fish, Wildlife & Parks Fishing Access Site",True,True,False,True,False,https://myfwp.mt.gov/fishMT/fas/39753414,"Montana Fish, Wildlife & Parks Fishing Access Site. Boat Fac: Ramp (Concrete), Dock. Camping: Yes. Hunt Access: Refer to current hunting regulations for hunting and weapons restrictions."
34,Park,DePuy Spring Creek,creek,45.58363665526884,-110.57476223421402,True,2,Jim Posewitz Free River,"Montana Fish, Wildlife & Parks Fishing Access Site",True,False,False,False,False,https://myfwp.mt.gov/fishMT/fas/39753542,"Montana Fish, Wildlife & Parks Fishing Access Site. Boat Fac: No Boat Facilities. Camping: No. Hunt Access: Refer to current hunting regulations for hunting and weapons restrictions."
34,Park,DePuy Spring Creek,creek,45.58363665526884,-110.57476223421402,True,2,Carter's Bridge,"Montana Fish, Wildlife & Parks Fishing Access Site",True,False,False,False,False,https://myfwp.mt.gov/fishMT/fas/39753508,"Montana Fish, Wildlife & Parks Fishing Access Site. Boat Fac: Ramp (Gravel). Camping: No. Hunt Access: Refer to current hunting regulations for hunting and weapons restrictions."
34,Park,Dog Creek,creek,45.7446967021387,-110.23470218965002,True,2,Springdale Bridge,"Montana Fish, Wildlife & Parks Fishing Access Site",True,False,False,False,False,https://myfwp.mt.gov/fishMT/fas/39753416,"Montana Fish, Wildlife & Parks Fishing Access Site. Boat Fac: Ramp (Gravel). Camping: No. Hunt Access: Refer to current hunting regulations for hunting and weapons restrictions."
34,Park,Dog Creek,creek,45.7446967021387,-110.23470218965002,True,2,Public access site 106,U.S. Forest Service recreation site,False,False,False,False,False,https://fwp-gis.mt.gov/arcgis/rest/services/fish/fishViewer/MapServer/47,U.S. Forest Service recreation site
34,Park,Eagle Creek,creek,45.044156592335376,-110.6811821568671,True,2,Queen of the Waters,"Montana Fish, Wildlife & Parks Fishing Access Site",True,False,False,False,False,https://myfwp.mt.gov/fishMT/fas/39753436,"Montana Fish, Wildlife & Parks Fishing Access Site. Boat Fac: No Boat Facilities. Camping: No. Hunt Access: Refer to current hunting regulations for hunting and weapons restrictions."
34,Park,Eagle Creek,creek,45.044156592335376,-110.6811821568671,True,2,Public access site 184,U.S. Forest Service recreation site,False,False,True,False,False,https://fwp-gis.mt.gov/arcgis/rest/services/fish/fishViewer/MapServer/47,U.S. Forest Service recreation site. Accessibility: <p>Open All Year</p><p>Access road not suitable for vehicles longer than 48&#39;</p>
34,Park,Eightmile Creek,creek,45.408136627311166,-110.69814222726038,True,2,Grey Owl,"Montana Fish, Wildlife & Parks Fishing Access Site",True,False,False,False,False,https://myfwp.mt.gov/fishMT/fas/39753550,"Montana Fish, Wildlife & Parks Fishing Access Site. Boat Fac: Ramp (Concrete). Camping: No. Hunt Access: Refer to current hunting regulations for hunting and weapons restrictions."
34,Park,Eightmile Creek,creek,45.408136627311166,-110.69814222726038,True,2,Chicory,"Montana Fish, Wildlife & Parks Fishing Access Site",True,False,False,False,False,https://myfwp.mt.gov/fishMT/fas/39753510,"Montana Fish, Wildlife & Parks Fishing Access Site. Boat Fac: No Boat Facilities. Camping: No. Hunt Access: Refer to current hunting regulations for hunting and weapons restrictions."
34,Park,Emigrant Pond,pond,45.366866618736815,-110.73685222826103,True,2,Emigrant,"Montana Fish, Wildlife & Parks Fishing Access Site",True,False,False,False,False,https://myfwp.mt.gov/fishMT/fas/39753530,"Montana Fish, Wildlife & Parks Fishing Access Site. Boat Fac: Ramp (Gravel). Camping: No. Hunt Access: Refer to current hunting regulations for hunting and weapons restrictions."
34,Park,Emigrant Pond,pond,45.366866618736815,-110.73685222826103,True,2,Emigrant West,"Montana Fish, Wildlife & Parks Fishing Access Site",True,False,False,False,False,https://myfwp.mt.gov/fishMT/fas/39753532,"Montana Fish, Wildlife & Parks Fishing Access Site. Boat Fac: No Boat Facilities. Camping: No. Hunt Access: Refer to current hunting regulations for hunting and weapons restrictions."
34,Park,Fleshman Creek,creek,45.66015666511813,-110.55165224258839,True,1,Mayor's Landing,"Montana Fish, Wildlife & Parks Fishing Access Site",True,False,False,False,False,https://myfwp.mt.gov/fishMT/fas/39753600,"Montana Fish, Wildlife & Parks Fishing Access Site. Boat Fac: Ramp (Concrete). Camping: No. Hunt Access: Refer to current hunting regulations for hunting and weapons restrictions."
34,Park,Hyalite Creek,creek,45.31409659871475,-110.89861225313788,True,1,Sunny Brook Springs,"Montana Fish, Wildlife & Parks Fishing Access Site",True,False,False,False,False,https://myfwp.mt.gov/fishMT/fas/39754529,"Montana Fish, Wildlife & Parks Fishing Access Site. Boat Fac: No Boat Facilities. Camping: No"
34,Park,Joe Brown Creek,creek,45.17259659084533,-110.8366122138742,True,1,Public access site 71,U.S. Forest Service recreation site,False,False,True,False,False,https://fwp-gis.mt.gov/arcgis/rest/services/fish/fishViewer/MapServer/47,U.S. Forest Service recreation site. Accessibility: <p>Open All Year</p>
34,Park,Lewis Creek,creek,45.32108659794054,-110.92371225925622,True,1,Public access site 75,U.S. Forest Service recreation site,False,False,False,False,False,https://fwp-gis.mt.gov/arcgis/rest/services/fish/fishViewer/MapServer/47,U.S. Forest Service recreation site. Accessibility: <p>Open All Year</p>
34,Park,Little Donahue Creek,creek,45.270466595813225,-110.88577224291315,True,1,Point of Rocks,"Montana Fish, Wildlife & Parks Fishing Access Site",True,False,False,False,False,https://myfwp.mt.gov/fishMT/fas/39753466,"Montana Fish, Wildlife & Parks Fishing Access Site. Boat Fac: Ramp (Gravel). Camping: No. Hunt Access: Refer to current hunting regulations for hunting and weapons restrictions."
34,Park,Magee Creek,creek,45.39062563425408,-110.59905620268916,True,1,Dan Bailey,"Montana Fish, Wildlife & Parks Fishing Access Site",True,False,False,True,False,https://myfwp.mt.gov/fishMT/fas/39753422,"Montana Fish, Wildlife & Parks Fishing Access Site. Boat Fac: No Boat Facilities. Camping: Yes. Hunt Access: Refer to current hunting regulations for hunting and weapons restrictions."
34,Park,Mcdonald Creek,creek,45.49747664594646,-110.5831722196831,True,1,Siskin Island Fishing Access Site,"Montana Fish, Wildlife & Parks Fishing Access Site",True,False,False,True,False,https://myfwp.mt.gov/fishMT/fas/95988178,"Montana Fish, Wildlife & Parks Fishing Access Site. Boat Fac: No Boat Facilities. Camping: Yes. Hunt Access: Please contact the regional office for more information."
34,Park,Middle Fork Willow Creek,creek,45.756536658341965,-110.72799429877381,True,1,Public access site 190,U.S. Forest Service recreation site,False,False,False,False,False,https://fwp-gis.mt.gov/arcgis/rest/services/fish/fishViewer/MapServer/47,U.S. Forest Service recreation site
34,Park,Mill Creek,creek,45.28882662906534,-110.54496217246059,True,1,Public access site 59,U.S. Forest Service recreation site,False,False,False,False,False,https://fwp-gis.mt.gov/arcgis/rest/services/fish/fishViewer/MapServer/47,U.S. Forest Service recreation site. Accessibility: <p>Open All Year</p>
34,Park,Pine Creek,creek,45.50421662770193,-110.79177226568156,True,1,Pine Creek,"Montana Fish, Wildlife & Parks Fishing Access Site",True,False,False,False,False,https://myfwp.mt.gov/fishMT/fas/39753434,"Montana Fish, Wildlife & Parks Fishing Access Site. Boat Fac: Ramp (Concrete). Camping: No. Hunt Access: Refer to current hunting regulations for hunting and weapons restrictions."
34,Park,Rock Creek,creek,45.210876588325014,-110.90372223429166,True,1,Crystal Cross,"Montana Fish, Wildlife & Parks Fishing Access Site",True,False,False,False,False,https://myfwp.mt.gov/fishMT/fas/39754493,"Montana Fish, Wildlife & Parks Fishing Access Site. Boat Fac: Hand Launch. Camping: No. Hunt Access: Refer to current hunting regulations for hunting and weapons restrictions."
34,Park,Shields River,river,45.72570667942791,-110.46234223560622,True,1,Highway 89 Bridge,"Montana Fish, Wildlife & Parks Fishing Access Site",True,False,False,False,False,https://myfwp.mt.gov/fishMT/fas/39753556,"Montana Fish, Wildlife & Parks Fishing Access Site. Boat Fac: Ramp (Concrete). Camping: No. Hunt Access: Refer to current hunting regulations for hunting and weapons restrictions."
34,Park,"Shields River, Unnamed Trib RM 59.9",river,46.18335672922504,-110.40828231261236,True,1,Public access site 257,U.S. Forest Service recreation site,False,False,False,False,False,https://fwp-gis.mt.gov/arcgis/rest/services/fish/fishViewer/MapServer/47,U.S. Forest Service recreation site. Accessibility: <p>Open from June 16- December 2</p><p>Call for road conditions when wet<br />Maximum vehicle length is 22&#39;</p>
34,Park,Slip And Slide Creek,creek,45.16790659073311,-110.8303422121429,True,1,Slip & Slide,"Montana Fish, Wildlife & Parks Fishing Access Site",True,False,False,False,False,https://myfwp.mt.gov/fishMT/fas/39753454,"Montana Fish, Wildlife & Parks Fishing Access Site. Boat Fac: No Boat Facilities. Camping: No. Hunt Access: Refer to current hunting regulations for hunting and weapons restrictions."
34,Park,South Fork Deep Creek,creek,45.52934665490454,-110.52248221156452,True,3,Public access site 250,U.S. Forest Service recreation site,False,False,True,False,False,https://fwp-gis.mt.gov/arcgis/rest/services/fish/fishViewer/MapServer/47,U.S. Forest Service recreation site. Accessibility: <p>Open from Memoral Day - Labor Day<br />(longer season with reduced services only)</p>
34,Park,South Fork Deep Creek,creek,45.52934665490454,-110.52248221156452,True,3,Public access site 251,U.S. Forest Service recreation site,False,False,True,False,False,https://fwp-gis.mt.gov/arcgis/rest/services/fish/fishViewer/MapServer/47,U.S. Forest Service recreation site. Accessibility: <p>Open from&nbsp;&nbsp;Memoral Day - Labor Day<br />(longer season with reduced services only)<br />&nbsp;</p>
34,Park,South Fork Deep Creek,creek,45.52934665490454,-110.52248221156452,True,3,Public access site 252,U.S. Forest Service recreation site,False,False,True,False,False,https://fwp-gis.mt.gov/arcgis/rest/services/fish/fishViewer/MapServer/47,U.S. Forest Service recreation site. Accessibility: <p>Open from Memoral Day - Labor Day<br />(longer season with reduced services only)</p>
34,Park,Sphinx Creek,creek,45.15546658493014,-110.88146222050304,True,2,Public access site 155,U.S. Forest Service recreation site,False,False,True,False,False,https://fwp-gis.mt.gov/arcgis/rest/services/fish/fishViewer/MapServer/47,U.S. Forest Service recreation site. Accessibility: <p>Open All Year</p><p>Campground roads not suitable for vehicles longer than 48&#39;</p>
34,Park,Sphinx Creek,creek,45.15546658493014,-110.88146222050304,True,2,Public access site 218,U.S. Forest Service recreation site,False,False,True,False,False,https://fwp-gis.mt.gov/arcgis/rest/services/fish/fishViewer/MapServer/47,U.S. Forest Service recreation site. Accessibility: <p>Open All Year</p>
34,Park,Suce Creek,creek,45.57891666106677,-110.50405221709205,True,1,Public access site 54,U.S. Forest Service recreation site,False,False,False,False,False,https://fwp-gis.mt.gov/arcgis/rest/services/fish/fishViewer/MapServer/47,U.S. Forest Service recreation site. Accessibility: <p>Open All Year</p>
34,Park,West Boulder River,river,45.55187667666038,-110.30748216952834,True,1,Public access site 66,U.S. Forest Service recreation site,False,False,False,False,False,https://fwp-gis.mt.gov/arcgis/rest/services/fish/fishViewer/MapServer/47,"U.S. Forest Service recreation site. Accessibility: <p>Available all year.<br />14 mi. on gravel road.<br />Winter: ski, snowshoe or snowmobile short distance on county road.<br />Summer: drive all the way to cabin.</p>"
34,Park,Yellowstone River,river,45.727166683946216,-110.42090222660933,True,1,Sheep Mountain,"Montana Fish, Wildlife & Parks Fishing Access Site",True,False,False,False,False,https://myfwp.mt.gov/fishMT/fas/39753470,"Montana Fish, Wildlife & Parks Fishing Access Site. Boat Fac: Ramp (Gravel). Camping: No. Hunt Access: Refer to current hunting regulations for hunting and weapons restrictions."
35,Petroleum,Drag Creek Reservoir,reservoir,47.3877070608222,-108.13553204132484,True,1,DRAG RESERVOIR,Bureau of Land Management recreation site,False,False,False,False,False,https://fwp-gis.mt.gov/arcgis/rest/services/fish/fishViewer/MapServer/45,Bureau of Land Management recreation site. Descriptio: DRAG RESERVOIR
35,Petroleum,Dry Blood Reservoir,reservoir,47.22921702305602,-108.3785520642087,True,2,SOUTH FORK DRY BLOOD RESERVOIR,Bureau of Land Management recreation site,False,False,False,False,False,https://fwp-gis.mt.gov/arcgis/rest/services/fish/fishViewer/MapServer/45,Bureau of Land Management recreation site. Descriptio: SOUTH FORK DRY BLOOD RESERVOIR
35,Petroleum,Dry Blood Reservoir,reservoir,47.22921702305602,-108.3785520642087,True,2,DRY BLOOD RESERVOIR,Bureau of Land Management recreation site,False,False,False,False,False,https://fwp-gis.mt.gov/arcgis/rest/services/fish/fishViewer/MapServer/45,Bureau of Land Management recreation site. Descriptio: DRY BLOOD RESERVOIR
35,Petroleum,Musselshell River,river,47.435697086606524,-107.9184919998386,True,1,Crooked Creek,"City, county, or local developed access site",False,False,False,False,False,https://fwp-gis.mt.gov/arcgis/rest/services/fish/fishViewer/MapServer/48,"City, county, or local developed access site. Accesstype: Concrete Ramp. Location: Crooked Creek. Owner: USFWS"
35,Petroleum,Payola Reservoir,reservoir,47.11899700429796,-108.46098206127938,True,1,PAYOLA RESERVOIR,Bureau of Land Management recreation site,False,False,False,False,False,https://fwp-gis.mt.gov/arcgis/rest/services/fish/fishViewer/MapServer/45,Bureau of Land Management recreation site. Descriptio: PAYOLA RESERVOIR
36,Phillips,Alder Gulch,water,47.91929707200461,-108.55579225062529,True,1,CAMP CREEK CAMPGROUND,Bureau of Land Management recreation site,False,False,False,False,False,https://fwp-gis.mt.gov/arcgis/rest/services/fish/fishViewer/MapServer/45,Bureau of Land Management recreation site. Descriptio: CAMP CREEK CAMPGROUND
36,Phillips,Alkali Creek,creek,48.15033716004103,-107.87376214108234,True,1,Alkali Creek,"Montana Fish, Wildlife & Parks Fishing Access Site",True,False,False,True,False,https://myfwp.mt.gov/fishMT/fas/39754259,"Montana Fish, Wildlife & Parks Fishing Access Site. Boat Fac: No Boat Facilities. Camping: Yes. Hunt Access: Refer to current hunting regulations for hunting and weapons restrictions."
36,Phillips,Batosh Reservoir,reservoir,47.732067058933126,-108.50996219998775,True,1,BATOSH RESERVOIR,Bureau of Land Management recreation site,False,False,False,False,False,https://fwp-gis.mt.gov/arcgis/rest/services/fish/fishViewer/MapServer/45,Bureau of Land Management recreation site. Descriptio: BATOSH RESERVOIR
36,Phillips,Bjornberg Bridge,public fishing access site,48.50798854740772,-107.21654522265551,True,1,Bjornberg Bridge,"Montana Fish, Wildlife & Parks Fishing Access Site",True,False,False,False,False,https://myfwp.mt.gov/fishMT/fas/39754317,"Montana Fish, Wildlife & Parks Fishing Access Site. Boat Fac: No Boat Facilities. Camping: No. Hunt Access: Refer to current hunting regulations for hunting and weapons restrictions."
36,Phillips,Bresaylor Reservoir,reservoir,47.736667056889495,-108.5358522061265,True,1,BRESAYLOR RESERVOIR,Bureau of Land Management recreation site,False,False,False,False,False,https://fwp-gis.mt.gov/arcgis/rest/services/fish/fishViewer/MapServer/45,Bureau of Land Management recreation site. Descriptio: BRESAYLOR RESERVOIR
36,Phillips,Cole Pond SW,pond,48.54259723769848,-107.465232130067,True,1,Cole Ponds,"Montana Fish, Wildlife & Parks Fishing Access Site",True,False,False,True,False,https://myfwp.mt.gov/fishMT/fas/39754309,"Montana Fish, Wildlife & Parks Fishing Access Site. Boat Fac: Ramp (Gravel). Camping: Yes. Hunt Access: Refer to current hunting regulations for hunting and weapons restrictions."
36,Phillips,Compton Reservoir,reservoir,48.92776724334848,-107.77551228993714,True,1,COMPTON RESERVOIR,Bureau of Land Management recreation site,False,False,False,False,False,https://fwp-gis.mt.gov/arcgis/rest/services/fish/fishViewer/MapServer/45,Bureau of Land Management recreation site. Descriptio: COMPTON RESERVOIR
36,Phillips,Current Reservoir,reservoir,47.768107087178805,-108.24566214623852,True,1,CURRENT RESERVOIR,Bureau of Land Management recreation site,False,False,False,False,False,https://fwp-gis.mt.gov/arcgis/rest/services/fish/fishViewer/MapServer/45,Bureau of Land Management recreation site. Descriptio: CURRENT RESERVOIR
36,Phillips,Dogtown Reservoir,reservoir,47.71500705614177,-108.52121219844783,True,3,SHOULDER RESERVOIR,Bureau of Land Management recreation site,False,False,False,False,False,https://fwp-gis.mt.gov/arcgis/rest/services/fish/fishViewer/MapServer/45,Bureau of Land Management recreation site. Descriptio: SHOULDER RESERVOIR
36,Phillips,Dogtown Reservoir,reservoir,47.71500705614177,-108.52121219844783,True,3,LOADER RESERVOIR,Bureau of Land Management recreation site,False,False,False,False,False,https://fwp-gis.mt.gov/arcgis/rest/services/fish/fishViewer/MapServer/45,Bureau of Land Management recreation site. Descriptio: LOADER RESERVOIR
36,Phillips,Dogtown Reservoir,reservoir,47.71500705614177,-108.52121219844783,True,3,DOGTOWN RESERVOIR,Bureau of Land Management recreation site,False,False,False,False,False,https://fwp-gis.mt.gov/arcgis/rest/services/fish/fishViewer/MapServer/45,Bureau of Land Management recreation site. Descriptio: DOGTOWN RESERVOIR
36,Phillips,Douchette Lake,lake,48.41885716886305,-108.04804224119552,True,2,DOUCHETTE RESERVOIR (PR-132),Bureau of Land Management recreation site,False,False,False,False,False,https://fwp-gis.mt.gov/arcgis/rest/services/fish/fishViewer/MapServer/45,Bureau of Land Management recreation site. Descriptio: DOUCHETTE RESERVOIR (PR-132)
36,Phillips,Douchette Lake,lake,48.41885716886305,-108.04804224119552,True,2,DOUCHETTE RESERVOIR (PR-132),Bureau of Land Management recreation site,False,False,False,False,False,https://fwp-gis.mt.gov/arcgis/rest/services/fish/fishViewer/MapServer/45,Bureau of Land Management recreation site. Descriptio: DOUCHETTE RESERVOIR (PR-132)
36,Phillips,Ester Lake,lake,48.098457118343276,-108.25818222057653,True,1,Ester Lake DNRC,"City, county, or local developed access site",False,False,False,False,False,https://fwp-gis.mt.gov/arcgis/rest/services/fish/fishViewer/MapServer/48,"City, county, or local developed access site. Accesstype: walk-in. Location: Ester Lake DNRC. Owner: Montana DNRC"
36,Phillips,Flake Reservoir,reservoir,48.9653272761088,-107.47622222705074,True,1,FLAKE RESERVOIR,Bureau of Land Management recreation site,False,False,False,False,False,https://fwp-gis.mt.gov/arcgis/rest/services/fish/fishViewer/MapServer/45,Bureau of Land Management recreation site. Descriptio: FLAKE RESERVOIR
36,Phillips,Kill Woman Creek,creek,47.67833714154252,-107.59001197321051,True,1,Fourchette Bay,"City, county, or local developed access site",False,False,False,False,False,https://fwp-gis.mt.gov/arcgis/rest/services/fish/fishViewer/MapServer/48,"City, county, or local developed access site. Accesstype: Concrete Ramp. Location: Fourchette Bay. Owner: USFWS"
36,Phillips,King Reservoir,reservoir,47.847197133242666,-107.85462207149689,True,1,KING RESERVOIR,Bureau of Land Management recreation site,False,False,False,False,False,https://fwp-gis.mt.gov/arcgis/rest/services/fish/fishViewer/MapServer/45,Bureau of Land Management recreation site. Descriptio: KING RESERVOIR
36,Phillips,Lark Reservoir,reservoir,47.74210705721359,-108.53041220639524,True,1,LARK RESERVOIR,Bureau of Land Management recreation site,False,False,False,False,False,https://fwp-gis.mt.gov/arcgis/rest/services/fish/fishViewer/MapServer/45,Bureau of Land Management recreation site. Descriptio: LARK RESERVOIR
36,Phillips,Nelson Reservoir,reservoir,48.52901723045326,-107.51976214055072,True,1,Nelson Reservoir,Bureau of Reclamation recreation site,False,False,False,False,False,https://fwp-gis.mt.gov/arcgis/rest/services/fish/fishViewer/MapServer/46,Bureau of Reclamation recreation site
36,Phillips,Paleface Reservoir,reservoir,47.73785707007591,-108.40575217695107,True,1,PALEFACE RESERVOIR,Bureau of Land Management recreation site,False,False,False,False,False,https://fwp-gis.mt.gov/arcgis/rest/services/fish/fishViewer/MapServer/45,Bureau of Land Management recreation site. Descriptio: PALEFACE RESERVOIR
36,Phillips,Plutz Reservoir,reservoir,47.75914704561813,-108.67342224342069,True,1,PLUTZ RESERVOIR,Bureau of Land Management recreation site,False,False,False,False,False,https://fwp-gis.mt.gov/arcgis/rest/services/fish/fishViewer/MapServer/45,Bureau of Land Management recreation site. Descriptio: PLUTZ RESERVOIR
36,Phillips,Pr 018 Reservoir,reservoir,47.952717139294776,-107.8948121026237,True,1,PR-18 RESERVOIR,Bureau of Land Management recreation site,False,False,False,False,False,https://fwp-gis.mt.gov/arcgis/rest/services/fish/fishViewer/MapServer/45,Bureau of Land Management recreation site. Descriptio: PR-18 RESERVOIR
36,Phillips,Pr 020 Reservoir,reservoir,47.78653713140147,-107.80697204756848,True,1,PR-20 RESERVOIR,Bureau of Land Management recreation site,False,False,False,False,False,https://fwp-gis.mt.gov/arcgis/rest/services/fish/fishViewer/MapServer/45,Bureau of Land Management recreation site. Descriptio: PR-20 RESERVOIR
36,Phillips,Pr 022 Reservoir,reservoir,48.885157242081014,-107.74839227457878,True,1,PR-22 RESERVOIR,Bureau of Land Management recreation site,False,False,False,False,False,https://fwp-gis.mt.gov/arcgis/rest/services/fish/fishViewer/MapServer/45,Bureau of Land Management recreation site. Descriptio: PR-22 RESERVOIR
36,Phillips,Pr 054 Reservoir,reservoir,48.95806724344098,-107.79611230242065,True,1,PR-54 RESERVOIR,Bureau of Land Management recreation site,False,False,False,False,False,https://fwp-gis.mt.gov/arcgis/rest/services/fish/fishViewer/MapServer/45,Bureau of Land Management recreation site. Descriptio: PR-54 RESERVOIR
36,Phillips,Pr 109a Reservoir,reservoir,48.103137192969456,-107.4932820409833,True,1,PR-109A RESERVOIR,Bureau of Land Management recreation site,False,False,False,False,False,https://fwp-gis.mt.gov/arcgis/rest/services/fish/fishViewer/MapServer/45,Bureau of Land Management recreation site. Descriptio: PR-109A RESERVOIR
36,Phillips,Rotator Cup Reservoir,reservoir,47.73530705831602,-108.52034220345135,True,1,ROTATOR RESERVOIR,Bureau of Land Management recreation site,False,False,False,False,False,https://fwp-gis.mt.gov/arcgis/rest/services/fish/fishViewer/MapServer/45,Bureau of Land Management recreation site. Descriptio: ROTATOR RESERVOIR
36,Phillips,Sagebrush Reservoir,reservoir,47.707317065303535,-108.4199521736339,True,1,SAGEBRUSH RESERVOIR,Bureau of Land Management recreation site,False,False,False,False,False,https://fwp-gis.mt.gov/arcgis/rest/services/fish/fishViewer/MapServer/45,Bureau of Land Management recreation site. Descriptio: SAGEBRUSH RESERVOIR
36,Phillips,Sentinel Reservoir,reservoir,47.760567069185015,-108.43064218839699,True,1,SENTINEL RESERVOIR,Bureau of Land Management recreation site,False,False,False,False,False,https://fwp-gis.mt.gov/arcgis/rest/services/fish/fishViewer/MapServer/45,Bureau of Land Management recreation site. Descriptio: SENTINEL RESERVOIR
36,Phillips,Shallow Reservoir,reservoir,47.74444704535994,-108.6656922395025,True,1,SHALLOW RESERVOIR,Bureau of Land Management recreation site,False,False,False,False,False,https://fwp-gis.mt.gov/arcgis/rest/services/fish/fishViewer/MapServer/45,Bureau of Land Management recreation site. Descriptio: SHALLOW RESERVOIR
36,Phillips,Spanky Reservoir,reservoir,47.71710705809175,-108.50431219570261,True,1,SPANKY RESERVOIR,Bureau of Land Management recreation site,False,False,False,False,False,https://fwp-gis.mt.gov/arcgis/rest/services/fish/fishViewer/MapServer/45,Bureau of Land Management recreation site. Descriptio: SPANKY RESERVOIR
36,Phillips,Taint Reservoir,reservoir,47.70656706718365,-108.3970621686416,True,1,TAINT RESERVOIR,Bureau of Land Management recreation site,False,False,False,False,False,https://fwp-gis.mt.gov/arcgis/rest/services/fish/fishViewer/MapServer/45,Bureau of Land Management recreation site. Descriptio: TAINT RESERVOIR
36,Phillips,Wapiti Reservoir,reservoir,47.74477711758638,-107.90924206262937,True,1,WAPITI RESERVOIR,Bureau of Land Management recreation site,False,False,False,False,False,https://fwp-gis.mt.gov/arcgis/rest/services/fish/fishViewer/MapServer/45,Bureau of Land Management recreation site. Descriptio: WAPITI RESERVOIR
36,Phillips,Wedding Reservoir,reservoir,47.75685704516856,-108.6766122436396,True,1,WEDDING RESERVOIR,Bureau of Land Management recreation site,False,False,False,False,False,https://fwp-gis.mt.gov/arcgis/rest/services/fish/fishViewer/MapServer/45,Bureau of Land Management recreation site. Descriptio: WEDDING RESERVOIR
36,Phillips,Whiteface Reservoir,reservoir,47.71122706432415,-108.4316421768016,True,1,WHITEFACE RESERVOIR,Bureau of Land Management recreation site,False,False,False,False,False,https://fwp-gis.mt.gov/arcgis/rest/services/fish/fishViewer/MapServer/45,Bureau of Land Management recreation site. Descriptio: WHITEFACE RESERVOIR
36,Phillips,Wrangler Reservoir,reservoir,47.775657093159,-108.20348213834826,True,1,WRANGLER RESERVOIR,Bureau of Land Management recreation site,False,False,False,False,False,https://fwp-gis.mt.gov/arcgis/rest/services/fish/fishViewer/MapServer/45,Bureau of Land Management recreation site. Descriptio: WRANGLER RESERVOIR
37,Pondera,Lake Frances,lake,48.28398673362708,-112.26756316114195,True,1,Lake Frances,"City, county, or local developed access site",False,False,False,False,False,https://fwp-gis.mt.gov/arcgis/rest/services/fish/fishViewer/MapServer/48,"City, county, or local developed access site. Accesstype: Concrete Ramp. Location: Lake Frances. Owner: Pondera County"
38,Powder River,Broadus Bridge,public fishing access site,45.427973832180626,-105.40329559708142,True,1,Broadus Bridge,"Montana Fish, Wildlife & Parks Fishing Access Site",True,False,False,False,False,https://myfwp.mt.gov/fishMT/fas/39754399,"Montana Fish, Wildlife & Parks Fishing Access Site. Boat Fac: No Boat Facilities. Camping: No. Hunt Access: Refer to current hunting regulations for hunting and weapons restrictions."
38,Powder River,Cow Creek Reservoir,reservoir,45.310177015695984,-106.24667120301507,True,1,Public access site 99,U.S. Forest Service recreation site,False,False,True,False,False,https://fwp-gis.mt.gov/arcgis/rest/services/fish/fishViewer/MapServer/47,U.S. Forest Service recreation site. Accessibility: <p><br />Open Mid April to the end of November</p>
38,Powder River,Gaskill Reservoir,reservoir,45.596377058294806,-106.12287122511547,True,1,Public access site 144,U.S. Forest Service recreation site,False,False,False,False,False,https://fwp-gis.mt.gov/arcgis/rest/services/fish/fishViewer/MapServer/47,U.S. Forest Service recreation site
38,Powder River,Mud Turtle Reservoir,reservoir,45.281507036739335,-105.96931113264483,True,1,Mud Turtle,"City, county, or local developed access site",False,False,False,False,False,https://fwp-gis.mt.gov/arcgis/rest/services/fish/fishViewer/MapServer/48,"City, county, or local developed access site. Accesstype: walk-in. Location: Mud Turtle. Owner: USFS"
39,Powell,Arrastra Creek,creek,46.96285656048916,-112.88085300026619,True,3,MINERAL HILL RIVER ACCESS,Bureau of Land Management recreation site,False,False,False,False,False,https://fwp-gis.mt.gov/arcgis/rest/services/fish/fishViewer/MapServer/45,Bureau of Land Management recreation site. Descriptio: MINERAL HILL RIVER ACCESS
39,Powell,Arrastra Creek,creek,46.96285656048916,-112.88085300026619,True,3,KERSHAW RIVER ACCESS,Bureau of Land Management recreation site,False,False,False,False,False,https://fwp-gis.mt.gov/arcgis/rest/services/fish/fishViewer/MapServer/45,Bureau of Land Management recreation site. Descriptio: KERSHAW RIVER ACCESS
39,Powell,Arrastra Creek,creek,46.96285656048916,-112.88085300026619,True,3,ARRASTRA RIVER ACCESS,Bureau of Land Management recreation site,False,False,False,False,False,https://fwp-gis.mt.gov/arcgis/rest/services/fish/fishViewer/MapServer/45,Bureau of Land Management recreation site. Descriptio: ARRASTRA RIVER ACCESS
39,Powell,Black Canyon Creek,creek,47.12794653542264,-113.28153311820557,True,1,Public access site 20,U.S. Forest Service recreation site,False,False,False,False,False,https://fwp-gis.mt.gov/arcgis/rest/services/fish/fishViewer/MapServer/47,U.S. Forest Service recreation site
39,Powell,Bohn Lake,lake,46.31464649703478,-112.95948288203824,True,1,Public access site 640,U.S. Forest Service recreation site,False,False,False,False,False,https://fwp-gis.mt.gov/arcgis/rest/services/fish/fishViewer/MapServer/47,U.S. Forest Service recreation site
39,Powell,Braziel Creek,creek,46.79295655033122,-112.83983295546129,True,1,BRAZIEL CREEK TRAILHEAD,Bureau of Land Management recreation site,False,False,False,False,False,https://fwp-gis.mt.gov/arcgis/rest/services/fish/fishViewer/MapServer/45,Bureau of Land Management recreation site. Descriptio: BRAZIEL CREEK TRAILHEAD
39,Powell,Browns Lake,lake,46.96456654739283,-113.01382302729847,True,1,Brown's Lake,"Montana Fish, Wildlife & Parks Fishing Access Site",True,False,False,True,False,https://myfwp.mt.gov/fishMT/fas/39754193,"Montana Fish, Wildlife & Parks Fishing Access Site. Boat Fac: Ramp (Concrete). Camping: Yes. Hunt Access: Refer to current hunting regulations for hunting and weapons restrictions."
39,Powell,Chamberlain Creek,creek,47.01407652660431,-113.26827309168657,True,1,CHAMBERLAIN CREEK TRAIL HEAD,Bureau of Land Management recreation site,False,False,False,False,False,https://fwp-gis.mt.gov/arcgis/rest/services/fish/fishViewer/MapServer/45,Bureau of Land Management recreation site. Descriptio: CHAMBERLAIN CREEK TRAIL HEAD
39,Powell,Coopers Lake,lake,47.07995656706987,-112.91746303208505,True,1,Public access site 36,U.S. Forest Service recreation site,False,False,False,False,False,https://fwp-gis.mt.gov/arcgis/rest/services/fish/fishViewer/MapServer/47,U.S. Forest Service recreation site
39,Powell,Doney Lake,lake,46.44696650926115,-112.95465290755519,True,1,Public access site 654,U.S. Forest Service recreation site,False,False,False,False,False,https://fwp-gis.mt.gov/arcgis/rest/services/fish/fishViewer/MapServer/47,U.S. Forest Service recreation site
39,Powell,Dry Creek,creek,47.05513656669804,-112.90347302288808,True,1,Public access site 347,U.S. Forest Service recreation site,False,False,False,False,False,https://fwp-gis.mt.gov/arcgis/rest/services/fish/fishViewer/MapServer/47,U.S. Forest Service recreation site
39,Powell,Falls Creek,creek,47.1412265481104,-113.15612309521215,True,1,Public access site 40,U.S. Forest Service recreation site,False,False,False,False,False,https://fwp-gis.mt.gov/arcgis/rest/services/fish/fishViewer/MapServer/47,U.S. Forest Service recreation site
39,Powell,Gold Creek,creek,46.52624651425123,-112.97805292925342,True,1,Gold Creek,"Montana Fish, Wildlife & Parks Fishing Access Site",True,False,False,False,False,https://myfwp.mt.gov/fishMT/fas/47251882,"Montana Fish, Wildlife & Parks Fishing Access Site. Boat Fac: Ramp (Concrete). Camping: No"
39,Powell,Little Blackfoot River,river,46.42166655229884,-112.48754280464819,True,2,Little Blackfoot,"Montana Fish, Wildlife & Parks Fishing Access Site",True,False,False,False,False,https://myfwp.mt.gov/fishMT/fas/39754607,"Montana Fish, Wildlife & Parks Fishing Access Site. Boat Fac: No Boat Facilities. Camping: No. Hunt Access: Refer to current hunting regulations for hunting and weapons restrictions."
39,Powell,Little Blackfoot River,river,46.42166655229884,-112.48754280464819,True,2,Public access site 268,U.S. Forest Service recreation site,False,False,False,False,False,https://fwp-gis.mt.gov/arcgis/rest/services/fish/fishViewer/MapServer/47,U.S. Forest Service recreation site
39,Powell,Monture Creek,creek,47.05960653894404,-113.18526308387797,True,1,Monture Creek,"Montana Fish, Wildlife & Parks Fishing Access Site",True,False,False,True,False,https://myfwp.mt.gov/fishMT/fas/39754181,"Montana Fish, Wildlife & Parks Fishing Access Site. Boat Fac: Hand Launch. Camping: Yes. Hunt Access: Refer to current hunting regulations for hunting and weapons restrictions."
39,Powell,Mullan Gulch,water,46.47268653336497,-112.72838286606913,True,1,Kohrs Bend,"Montana Fish, Wildlife & Parks Fishing Access Site",True,False,False,False,False,https://myfwp.mt.gov/fishMT/fas/39754169,"Montana Fish, Wildlife & Parks Fishing Access Site. Boat Fac: Hand Launch. Camping: No. Hunt Access: Refer to current hunting regulations for hunting and weapons restrictions."
39,Powell,North Fork Arrastra Creek,creek,47.04081657376851,-112.81573300242626,True,1,Public access site 346,U.S. Forest Service recreation site,False,False,False,False,False,https://fwp-gis.mt.gov/arcgis/rest/services/fish/fishViewer/MapServer/47,U.S. Forest Service recreation site
39,Powell,North Fork Blackfoot River,river,46.979796540606564,-113.10026304900022,True,2,River Junction,"Montana Fish, Wildlife & Parks Fishing Access Site",True,False,False,True,False,https://myfwp.mt.gov/fishMT/fas/39754125,"Montana Fish, Wildlife & Parks Fishing Access Site. Boat Fac: Ramp (Gravel). Camping: Yes. Hunt Access: Refer to current hunting regulations for hunting and weapons restrictions."
39,Powell,North Fork Blackfoot River,river,46.979796540606564,-113.10026304900022,True,2,Harry Morgan,"Montana Fish, Wildlife & Parks Fishing Access Site",True,False,False,True,False,https://myfwp.mt.gov/fishMT/fas/39754161,"Montana Fish, Wildlife & Parks Fishing Access Site. Boat Fac: Ramp (Gravel). Camping: Yes. Hunt Access: Refer to current hunting regulations for hunting and weapons restrictions."
39,Powell,Pearson Creek,creek,47.00516652936036,-113.23422308235766,True,1,Scotty Brown Bridge,"Montana Fish, Wildlife & Parks Fishing Access Site",True,False,False,True,False,https://myfwp.mt.gov/fishMT/fas/39754652,"Montana Fish, Wildlife & Parks Fishing Access Site. Boat Fac: Hand Launch. Camping: Yes. Hunt Access: Refer to current hunting regulations for hunting and weapons restrictions."
39,Powell,Racetrack Pond,pond,46.272006514569064,-112.74201282780527,True,1,Racetrack Pond FAS,"Montana Fish, Wildlife & Parks Fishing Access Site",True,False,False,False,False,https://myfwp.mt.gov/fishMT/fas/90942798,"Montana Fish, Wildlife & Parks Fishing Access Site. Boat Fac: No Boat Facilities. Camping: No. Hunt Access: Refer to current hunting regulations for hunting and weapons restrictions."
39,Powell,Upsata Lake,lake,47.0774465367761,-113.22279309475233,True,1,Upsata Lake,"Montana Fish, Wildlife & Parks Fishing Access Site",True,False,False,True,False,https://myfwp.mt.gov/fishMT/fas/39754103,"Montana Fish, Wildlife & Parks Fishing Access Site. Boat Fac: Ramp (Gravel). Camping: Yes. Hunt Access: Refer to current hunting regulations for hunting and weapons restrictions."
39,Powell,Yourname Creek,creek,46.897266534638554,-113.09001302816498,True,1,Cedar Meadow,"Montana Fish, Wildlife & Parks Fishing Access Site",True,False,False,False,False,https://myfwp.mt.gov/fishMT/fas/39754157,"Montana Fish, Wildlife & Parks Fishing Access Site. Boat Fac: Ramp (Primitive). Camping: No. Hunt Access: Refer to current hunting regulations for hunting and weapons restrictions."
40,Prairie,Powder River,river,46.73641724499432,-105.42860426746722,True,1,POWDER RIVER DEPOT REC SITE,Bureau of Land Management recreation site,False,False,False,False,False,https://fwp-gis.mt.gov/arcgis/rest/services/fish/fishViewer/MapServer/45,Bureau of Land Management recreation site. Descriptio: POWDER RIVER DEPOT REC SITE
40,Prairie,Yellowstone River,river,46.854887286033296,-105.1137412147329,True,1,Fallon Bridge,"Montana Fish, Wildlife & Parks Fishing Access Site",True,False,False,True,False,https://myfwp.mt.gov/fishMT/fas/39754383,"Montana Fish, Wildlife & Parks Fishing Access Site. Boat Fac: Ramp (Concrete). Camping: Yes. Hunt Access: Refer to current hunting regulations for hunting and weapons restrictions."
41,Ravalli,Bailey Lake,lake,46.1325763293728,-114.50985315924785,True,1,Public access site 429,U.S. Forest Service recreation site,False,False,True,True,False,https://fwp-gis.mt.gov/arcgis/rest/services/fish/fishViewer/MapServer/47,U.S. Forest Service recreation site
41,Ravalli,Baker Lake,lake,45.891856333800014,-114.26306306162678,True,1,Public access site 453,U.S. Forest Service recreation site,False,False,False,False,False,https://fwp-gis.mt.gov/arcgis/rest/services/fish/fishViewer/MapServer/47,U.S. Forest Service recreation site
41,Ravalli,Barley Creek,creek,46.24991636658001,-114.23182312713536,True,3,Public access site 406,U.S. Forest Service recreation site,False,False,True,False,False,https://fwp-gis.mt.gov/arcgis/rest/services/fish/fishViewer/MapServer/47,U.S. Forest Service recreation site
41,Ravalli,Barley Creek,creek,46.24991636658001,-114.23182312713536,True,3,Public access site 490,U.S. Forest Service recreation site,False,False,True,False,False,https://fwp-gis.mt.gov/arcgis/rest/services/fish/fishViewer/MapServer/47,U.S. Forest Service recreation site
41,Ravalli,Barley Creek,creek,46.24991636658001,-114.23182312713536,True,3,Public access site 491,U.S. Forest Service recreation site,False,False,True,False,False,https://fwp-gis.mt.gov/arcgis/rest/services/fish/fishViewer/MapServer/47,U.S. Forest Service recreation site
41,Ravalli,Bass Creek,creek,46.57370640469878,-114.13079317344211,True,5,Bass Creek,"Montana Fish, Wildlife & Parks Fishing Access Site",True,False,False,False,False,https://myfwp.mt.gov/fishMT/fas/39754129,"Montana Fish, Wildlife & Parks Fishing Access Site. Boat Fac: No Boat Facilities. Camping: No"
41,Ravalli,Bass Creek,creek,46.57370640469878,-114.13079317344211,True,5,Public access site 484,U.S. Forest Service recreation site,False,False,True,False,False,https://fwp-gis.mt.gov/arcgis/rest/services/fish/fishViewer/MapServer/47,U.S. Forest Service recreation site
41,Ravalli,Bass Creek,creek,46.57370640469878,-114.13079317344211,True,5,Public access site 485,U.S. Forest Service recreation site,False,False,False,False,False,https://fwp-gis.mt.gov/arcgis/rest/services/fish/fishViewer/MapServer/47,U.S. Forest Service recreation site
41,Ravalli,Bass Creek,creek,46.57370640469878,-114.13079317344211,True,5,Public access site 486,U.S. Forest Service recreation site,False,False,False,False,True,https://fwp-gis.mt.gov/arcgis/rest/services/fish/fishViewer/MapServer/47,U.S. Forest Service recreation site
41,Ravalli,Bass Creek,creek,46.57370640469878,-114.13079317344211,True,5,Public access site 493,U.S. Forest Service recreation site,False,False,True,False,False,https://fwp-gis.mt.gov/arcgis/rest/services/fish/fishViewer/MapServer/47,U.S. Forest Service recreation site
41,Ravalli,Bear Gulch,water,46.155776386585394,-113.95438305280595,True,1,Public access site 407,U.S. Forest Service recreation site,False,False,False,False,False,https://fwp-gis.mt.gov/arcgis/rest/services/fish/fishViewer/MapServer/47,U.S. Forest Service recreation site
41,Ravalli,Bitterroot River,river,46.31160638066736,-114.14884312395556,True,1,Woodside Bridge,"Montana Fish, Wildlife & Parks Fishing Access Site",True,False,False,False,False,https://myfwp.mt.gov/fishMT/fas/39754109,"Montana Fish, Wildlife & Parks Fishing Access Site. Boat Fac: Ramp (Concrete). Camping: No. Hunt Access: Refer to current hunting regulations for hunting and weapons restrictions."
41,Ravalli,Brooks Creek,creek,46.55622639979218,-114.15591317516035,True,1,Public access site 498,U.S. Forest Service recreation site,False,False,True,False,False,https://fwp-gis.mt.gov/arcgis/rest/services/fish/fishViewer/MapServer/47,U.S. Forest Service recreation site
41,Ravalli,"Camp Creek, W Fk Trib 0.1",creek,45.75646635184991,-113.95598297298821,True,1,Public access site 512,U.S. Forest Service recreation site,False,False,True,False,False,https://fwp-gis.mt.gov/arcgis/rest/services/fish/fishViewer/MapServer/47,U.S. Forest Service recreation site
41,Ravalli,"Camp Creek, W Fk Trib 1.0",creek,45.74378635108087,-113.95590297082565,True,1,Public access site 515,U.S. Forest Service recreation site,False,False,False,False,False,https://fwp-gis.mt.gov/arcgis/rest/services/fish/fishViewer/MapServer/47,U.S. Forest Service recreation site
41,Ravalli,Canyon Creek,creek,46.24504637046357,-114.19281311937253,True,1,Demmons,"Montana Fish, Wildlife & Parks Fishing Access Site",True,False,False,False,False,https://myfwp.mt.gov/fishMT/fas/39754487,"Montana Fish, Wildlife & Parks Fishing Access Site. Boat Fac: No Boat Facilities. Camping: No. Hunt Access: Refer to current hunting regulations for hunting and weapons restrictions."
41,Ravalli,"Chaffin Creek, S Fk",creek,45.94821634346149,-114.20930306185177,True,1,Public access site 408,U.S. Forest Service recreation site,False,False,False,False,False,https://fwp-gis.mt.gov/arcgis/rest/services/fish/fishViewer/MapServer/47,U.S. Forest Service recreation site
41,Ravalli,Crazy Creek,creek,45.80997634523784,-114.06994300648816,True,3,Public access site 425,U.S. Forest Service recreation site,False,False,False,False,False,https://fwp-gis.mt.gov/arcgis/rest/services/fish/fishViewer/MapServer/47,U.S. Forest Service recreation site
41,Ravalli,Crazy Creek,creek,45.80997634523784,-114.06994300648816,True,3,Public access site 507,U.S. Forest Service recreation site,False,False,True,False,False,https://fwp-gis.mt.gov/arcgis/rest/services/fish/fishViewer/MapServer/47,U.S. Forest Service recreation site
41,Ravalli,Crazy Creek,creek,45.80997634523784,-114.06994300648816,True,3,Public access site 508,U.S. Forest Service recreation site,False,False,False,True,False,https://fwp-gis.mt.gov/arcgis/rest/services/fish/fishViewer/MapServer/47,U.S. Forest Service recreation site
41,Ravalli,Daly Creek,creek,46.17615639257353,-113.90377304677868,True,1,Public access site 404,U.S. Forest Service recreation site,False,False,True,False,False,https://fwp-gis.mt.gov/arcgis/rest/services/fish/fishViewer/MapServer/47,U.S. Forest Service recreation site
41,Ravalli,Deer Creek,creek,45.592006302147446,-114.32041301404308,True,1,Public access site 387,U.S. Forest Service recreation site,False,False,False,False,False,https://fwp-gis.mt.gov/arcgis/rest/services/fish/fishViewer/MapServer/47,U.S. Forest Service recreation site
41,Ravalli,Ditch Creek,creek,45.7586763202935,-114.28286303990816,True,1,Public access site 394,U.S. Forest Service recreation site,False,False,False,False,False,https://fwp-gis.mt.gov/arcgis/rest/services/fish/fishViewer/MapServer/47,U.S. Forest Service recreation site
41,Ravalli,East Fork Bitterroot River,river,45.84869635483896,-114.01009300221199,True,2,Public access site 449,U.S. Forest Service recreation site,False,False,True,False,False,https://fwp-gis.mt.gov/arcgis/rest/services/fish/fishViewer/MapServer/47,U.S. Forest Service recreation site
41,Ravalli,East Fork Bitterroot River,river,45.84869635483896,-114.01009300221199,True,2,Public access site 461,U.S. Forest Service recreation site,False,True,True,False,False,https://fwp-gis.mt.gov/arcgis/rest/services/fish/fishViewer/MapServer/47,U.S. Forest Service recreation site
41,Ravalli,East Fork Camp Creek,creek,45.7486263522452,-113.94343296947989,True,1,Public access site 511,U.S. Forest Service recreation site,False,False,True,False,False,https://fwp-gis.mt.gov/arcgis/rest/services/fish/fishViewer/MapServer/47,U.S. Forest Service recreation site
41,Ravalli,Flat Rock Creek,creek,46.38646641270864,-113.87706308449972,True,1,Public access site 492,U.S. Forest Service recreation site,False,False,False,False,False,https://fwp-gis.mt.gov/arcgis/rest/services/fish/fishViewer/MapServer/47,U.S. Forest Service recreation site
41,Ravalli,Gash Creek,creek,46.399906379512245,-114.23839315988334,True,2,Public access site 488,U.S. Forest Service recreation site,False,False,True,False,False,https://fwp-gis.mt.gov/arcgis/rest/services/fish/fishViewer/MapServer/47,U.S. Forest Service recreation site
41,Ravalli,Gash Creek,creek,46.399906379512245,-114.23839315988334,True,2,Public access site 495,U.S. Forest Service recreation site,False,False,False,False,False,https://fwp-gis.mt.gov/arcgis/rest/services/fish/fishViewer/MapServer/47,U.S. Forest Service recreation site
41,Ravalli,Gold Creek,creek,46.392506411140495,-113.90362409083319,True,1,Public access site 497,U.S. Forest Service recreation site,False,False,False,False,False,https://fwp-gis.mt.gov/arcgis/rest/services/fish/fishViewer/MapServer/47,U.S. Forest Service recreation site
41,Ravalli,Guide Creek,creek,45.88820037370352,-113.8462909764386,True,1,Public access site 513,U.S. Forest Service recreation site,False,False,True,False,False,https://fwp-gis.mt.gov/arcgis/rest/services/fish/fishViewer/MapServer/47,U.S. Forest Service recreation site
41,Ravalli,Hayes Creek,creek,46.131586356404036,-114.24133310505975,True,1,Public access site 405,U.S. Forest Service recreation site,False,False,False,True,False,https://fwp-gis.mt.gov/arcgis/rest/services/fish/fishViewer/MapServer/47,U.S. Forest Service recreation site
41,Ravalli,Judd Creek,creek,46.183586362422155,-114.2181931115003,True,1,Public access site 416,U.S. Forest Service recreation site,False,False,False,False,False,https://fwp-gis.mt.gov/arcgis/rest/services/fish/fishViewer/MapServer/47,U.S. Forest Service recreation site
41,Ravalli,Kootenai Creek,creek,46.519126401129874,-114.11076315817604,True,1,John & Nancy Owen FAS,"Montana Fish, Wildlife & Parks Fishing Access Site",True,False,False,True,False,https://myfwp.mt.gov/fishMT/fas/91552932,"Montana Fish, Wildlife & Parks Fishing Access Site. Boat Fac: No Boat Facilities. Camping: Yes. Hunt Access: Refer to current hunting regulations for hunting and weapons restrictions."
41,Ravalli,Lake Como,lake,46.0517363467899,-114.26756309478746,True,2,Public access site 419,U.S. Forest Service recreation site,False,False,False,False,False,https://fwp-gis.mt.gov/arcgis/rest/services/fish/fishViewer/MapServer/47,U.S. Forest Service recreation site
41,Ravalli,Lake Como,lake,46.0517363467899,-114.26756309478746,True,2,Public access site 483,U.S. Forest Service recreation site,True,False,True,True,False,https://fwp-gis.mt.gov/arcgis/rest/services/fish/fishViewer/MapServer/47,U.S. Forest Service recreation site
41,Ravalli,Larry Creek,creek,46.58480640495775,-114.13005317634536,True,1,Public access site 499,U.S. Forest Service recreation site,False,False,True,False,False,https://fwp-gis.mt.gov/arcgis/rest/services/fish/fishViewer/MapServer/47,U.S. Forest Service recreation site
41,Ravalli,Lavene Creek,creek,45.842516332382,-114.23593304622266,True,1,Public access site 452,U.S. Forest Service recreation site,True,False,False,True,False,https://fwp-gis.mt.gov/arcgis/rest/services/fish/fishViewer/MapServer/47,U.S. Forest Service recreation site
41,Ravalli,Lick Creek,creek,46.085636356802105,-114.20171308821843,True,1,Wally Crawford,"Montana Fish, Wildlife & Parks Fishing Access Site",True,False,False,False,False,https://myfwp.mt.gov/fishMT/fas/39754217,"Montana Fish, Wildlife & Parks Fishing Access Site. Boat Fac: Ramp (Concrete). Camping: No. Hunt Access: Refer to current hunting regulations for hunting and weapons restrictions."
41,Ravalli,Little Boulder Creek,creek,45.715006317811664,-114.27156302774463,True,1,Public access site 390,U.S. Forest Service recreation site,False,False,False,False,False,https://fwp-gis.mt.gov/arcgis/rest/services/fish/fishViewer/MapServer/47,U.S. Forest Service recreation site
41,Ravalli,Little Rock Creek,creek,46.037606343901906,-114.27971309377112,True,1,Public access site 420,U.S. Forest Service recreation site,False,False,False,False,False,https://fwp-gis.mt.gov/arcgis/rest/services/fish/fishViewer/MapServer/47,U.S. Forest Service recreation site
41,Ravalli,Little Tin Cup Creek,creek,45.99433634674813,-114.22272307472961,True,1,Public access site 479,U.S. Forest Service recreation site,False,False,False,True,False,https://fwp-gis.mt.gov/arcgis/rest/services/fish/fishViewer/MapServer/47,U.S. Forest Service recreation site
41,Ravalli,Lower Twin Lake,lake,46.15435633287443,-114.49558316134649,True,1,Public access site 417,U.S. Forest Service recreation site,False,False,True,False,True,https://fwp-gis.mt.gov/arcgis/rest/services/fish/fishViewer/MapServer/47,U.S. Forest Service recreation site
41,Ravalli,Lowman Creek,creek,45.986206357254744,-114.10376304890097,True,2,Forest Cooper,"Montana Fish, Wildlife & Parks Fishing Access Site",True,False,False,True,False,https://myfwp.mt.gov/fishMT/fas/39754521,"Montana Fish, Wildlife & Parks Fishing Access Site. Boat Fac: No Boat Facilities. Camping: Yes. Hunt Access: Refer to current hunting regulations for hunting and weapons restrictions."
41,Ravalli,Lowman Creek,creek,45.986206357254744,-114.10376304890097,True,2,Hannon Memorial,"Montana Fish, Wildlife & Parks Fishing Access Site",True,False,False,True,False,https://myfwp.mt.gov/fishMT/fas/39754135,"Montana Fish, Wildlife & Parks Fishing Access Site. Boat Fac: Hand Launch. Camping: Yes. Hunt Access: Refer to current hunting regulations for hunting and weapons restrictions."
41,Ravalli,Martin Creek,creek,45.93966416929056,-113.73060796434223,True,1,Public access site 516,U.S. Forest Service recreation site,False,False,True,False,False,https://fwp-gis.mt.gov/arcgis/rest/services/fish/fishViewer/MapServer/47,U.S. Forest Service recreation site
41,Ravalli,McCalla Creek,creek,46.48366639175337,-114.17549316411348,True,1,Public access site 489,U.S. Forest Service recreation site,False,False,True,False,False,https://fwp-gis.mt.gov/arcgis/rest/services/fish/fishViewer/MapServer/47,U.S. Forest Service recreation site
41,Ravalli,Mill Creek,creek,46.366946386253474,-114.13941313292236,True,1,Tucker Crossing,"Montana Fish, Wildlife & Parks Fishing Access Site",True,False,False,False,False,https://myfwp.mt.gov/fishMT/fas/39754143,"Montana Fish, Wildlife & Parks Fishing Access Site. Boat Fac: Ramp (Concrete). Camping: No. Hunt Access: Refer to current hunting regulations for hunting and weapons restrictions."
41,Ravalli,Needle Creek,creek,45.92236638950749,-113.71511295814241,True,1,Public access site 509,U.S. Forest Service recreation site,False,False,True,True,False,https://fwp-gis.mt.gov/arcgis/rest/services/fish/fishViewer/MapServer/47,U.S. Forest Service recreation site
41,Ravalli,Nez Perce Fork,river,45.74717630608676,-114.42364306403799,True,1,Public access site 399,U.S. Forest Service recreation site,False,False,False,False,False,https://fwp-gis.mt.gov/arcgis/rest/services/fish/fishViewer/MapServer/47,U.S. Forest Service recreation site
41,Ravalli,Orphan Creek,creek,45.90664638992532,-113.69289294992667,True,2,Public access site 456,U.S. Forest Service recreation site,False,False,False,False,False,https://fwp-gis.mt.gov/arcgis/rest/services/fish/fishViewer/MapServer/47,U.S. Forest Service recreation site
41,Ravalli,Orphan Creek,creek,45.90664638992532,-113.69289294992667,True,2,Public access site 510,U.S. Forest Service recreation site,False,False,True,False,False,https://fwp-gis.mt.gov/arcgis/rest/services/fish/fishViewer/MapServer/47,U.S. Forest Service recreation site
41,Ravalli,Porcupine Creek,creek,45.75584634232944,-114.05288299223129,True,1,Public access site 448,U.S. Forest Service recreation site,False,False,True,True,False,https://fwp-gis.mt.gov/arcgis/rest/services/fish/fishViewer/MapServer/47,U.S. Forest Service recreation site
41,Ravalli,Roaring Lion Creek,creek,46.19282636111257,-114.24202311719917,True,1,Public access site 422,U.S. Forest Service recreation site,False,False,False,False,False,https://fwp-gis.mt.gov/arcgis/rest/services/fish/fishViewer/MapServer/47,U.S. Forest Service recreation site
41,Ravalli,Rock Creek,creek,46.074516354143,-114.2124630879846,True,7,Public access site 401,U.S. Forest Service recreation site,False,False,True,False,False,https://fwp-gis.mt.gov/arcgis/rest/services/fish/fishViewer/MapServer/47,U.S. Forest Service recreation site
41,Ravalli,Rock Creek,creek,46.074516354143,-114.2124630879846,True,7,Public access site 412,U.S. Forest Service recreation site,False,False,False,False,False,https://fwp-gis.mt.gov/arcgis/rest/services/fish/fishViewer/MapServer/47,U.S. Forest Service recreation site
41,Ravalli,Rock Creek,creek,46.074516354143,-114.2124630879846,True,7,Public access site 413,U.S. Forest Service recreation site,False,False,True,False,False,https://fwp-gis.mt.gov/arcgis/rest/services/fish/fishViewer/MapServer/47,U.S. Forest Service recreation site
41,Ravalli,Rock Creek,creek,46.074516354143,-114.2124630879846,True,7,Public access site 414,U.S. Forest Service recreation site,False,False,True,False,True,https://fwp-gis.mt.gov/arcgis/rest/services/fish/fishViewer/MapServer/47,U.S. Forest Service recreation site
41,Ravalli,Rock Creek,creek,46.074516354143,-114.2124630879846,True,7,Public access site 415,U.S. Forest Service recreation site,False,False,False,False,False,https://fwp-gis.mt.gov/arcgis/rest/services/fish/fishViewer/MapServer/47,U.S. Forest Service recreation site
41,Ravalli,Rock Creek,creek,46.074516354143,-114.2124630879846,True,7,Public access site 418,U.S. Forest Service recreation site,True,False,True,False,True,https://fwp-gis.mt.gov/arcgis/rest/services/fish/fishViewer/MapServer/47,U.S. Forest Service recreation site
41,Ravalli,Rock Creek,creek,46.074516354143,-114.2124630879846,True,7,Public access site 478,U.S. Forest Service recreation site,True,True,False,False,False,https://fwp-gis.mt.gov/arcgis/rest/services/fish/fishViewer/MapServer/47,U.S. Forest Service recreation site
41,Ravalli,Sheafman Creek,creek,46.33845637133589,-114.26337315287634,True,2,Public access site 494,U.S. Forest Service recreation site,False,False,True,False,False,https://fwp-gis.mt.gov/arcgis/rest/services/fish/fishViewer/MapServer/47,U.S. Forest Service recreation site
41,Ravalli,Sheafman Creek,creek,46.33845637133589,-114.26337315287634,True,2,Public access site 502,U.S. Forest Service recreation site,False,False,False,False,False,https://fwp-gis.mt.gov/arcgis/rest/services/fish/fishViewer/MapServer/47,U.S. Forest Service recreation site
41,Ravalli,Sign Creek,creek,45.97061739504544,-113.7003189639527,True,1,Public access site 458,U.S. Forest Service recreation site,False,False,False,False,False,https://fwp-gis.mt.gov/arcgis/rest/services/fish/fishViewer/MapServer/47,U.S. Forest Service recreation site
41,Ravalli,Slate Creek,creek,45.69805631471222,-114.2863530271263,True,2,Public access site 396,U.S. Forest Service recreation site,True,False,True,False,False,https://fwp-gis.mt.gov/arcgis/rest/services/fish/fishViewer/MapServer/47,U.S. Forest Service recreation site
41,Ravalli,Slate Creek,creek,45.69805631471222,-114.2863530271263,True,2,Public access site 397,U.S. Forest Service recreation site,False,False,True,False,False,https://fwp-gis.mt.gov/arcgis/rest/services/fish/fishViewer/MapServer/47,U.S. Forest Service recreation site
41,Ravalli,Smith Creek,creek,46.4296063836347,-114.2151831615121,True,2,Public access site 496,U.S. Forest Service recreation site,False,False,False,False,False,https://fwp-gis.mt.gov/arcgis/rest/services/fish/fishViewer/MapServer/47,U.S. Forest Service recreation site
41,Ravalli,Smith Creek,creek,46.4296063836347,-114.2151831615121,True,2,Public access site 504,U.S. Forest Service recreation site,False,False,False,False,False,https://fwp-gis.mt.gov/arcgis/rest/services/fish/fishViewer/MapServer/47,U.S. Forest Service recreation site
41,Ravalli,Smoke Creek,creek,45.79517634356677,-114.08022300590106,True,1,Public access site 457,U.S. Forest Service recreation site,False,False,True,True,False,https://fwp-gis.mt.gov/arcgis/rest/services/fish/fishViewer/MapServer/47,U.S. Forest Service recreation site
41,Ravalli,South Fork Lolo Creek,creek,46.646116393650374,-114.29442322304257,True,1,Public access site 26,U.S. Forest Service recreation site,False,False,False,False,False,https://fwp-gis.mt.gov/arcgis/rest/services/fish/fishViewer/MapServer/47,U.S. Forest Service recreation site
41,Ravalli,Spring Creek (unnamed),creek,46.441486392543254,-114.13336314746877,True,1,Bell Crossing,"Montana Fish, Wildlife & Parks Fishing Access Site",True,False,False,False,False,https://myfwp.mt.gov/fishMT/fas/39754137,"Montana Fish, Wildlife & Parks Fishing Access Site. Boat Fac: Ramp (Gravel). Camping: No. Hunt Access: Refer to current hunting regulations for hunting and weapons restrictions."
41,Ravalli,Swamp Creek,creek,45.81445632793782,-114.25700304558474,True,2,Public access site 400,U.S. Forest Service recreation site,True,False,True,False,False,https://fwp-gis.mt.gov/arcgis/rest/services/fish/fishViewer/MapServer/47,U.S. Forest Service recreation site
41,Ravalli,Swamp Creek,creek,45.81445632793782,-114.25700304558474,True,2,Public access site 454,U.S. Forest Service recreation site,False,False,False,True,False,https://fwp-gis.mt.gov/arcgis/rest/services/fish/fishViewer/MapServer/47,U.S. Forest Service recreation site
41,Ravalli,Sweeney Creek,creek,46.609956409112485,-114.11378317827858,True,1,Public access site 505,U.S. Forest Service recreation site,False,False,False,False,False,https://fwp-gis.mt.gov/arcgis/rest/services/fish/fishViewer/MapServer/47,U.S. Forest Service recreation site
41,Ravalli,Swift Creek,creek,45.88830638202703,-113.76592296059299,True,1,Public access site 447,U.S. Forest Service recreation site,False,False,False,False,False,https://fwp-gis.mt.gov/arcgis/rest/services/fish/fishViewer/MapServer/47,U.S. Forest Service recreation site
41,Ravalli,Tag Alder Creek,creek,46.302996372766735,-114.22132313659759,True,1,Public access site 500,U.S. Forest Service recreation site,False,False,True,False,False,https://fwp-gis.mt.gov/arcgis/rest/services/fish/fishViewer/MapServer/47,U.S. Forest Service recreation site
41,Ravalli,Tie Chute Creek,creek,46.643336413543004,-114.09124318027716,True,1,Florence Bridge,"Montana Fish, Wildlife & Parks Fishing Access Site",True,False,False,False,False,https://myfwp.mt.gov/fishMT/fas/39754145,"Montana Fish, Wildlife & Parks Fishing Access Site. Boat Fac: Ramp (Gravel). Camping: No. Hunt Access: Refer to current hunting regulations for hunting and weapons restrictions."
41,Ravalli,Tin Cup Creek,creek,46.01588635338288,-114.16846306727757,True,1,Darby Bridge,"Montana Fish, Wildlife & Parks Fishing Access Site",True,False,False,False,False,https://myfwp.mt.gov/fishMT/fas/39754519,"Montana Fish, Wildlife & Parks Fishing Access Site. Boat Fac: Ramp (Concrete). Camping: No. Hunt Access: Refer to current hunting regulations for hunting and weapons restrictions."
41,Ravalli,Trapper Creek,creek,45.92329633939355,-114.22666306041293,True,1,Public access site 480,U.S. Forest Service recreation site,False,False,False,True,False,https://fwp-gis.mt.gov/arcgis/rest/services/fish/fishViewer/MapServer/47,U.S. Forest Service recreation site
41,Ravalli,Trib to Reynolds Creek RM 2.1,creek,45.957116395554294,-113.68171295807501,True,1,Public access site 514,U.S. Forest Service recreation site,False,False,False,False,False,https://fwp-gis.mt.gov/arcgis/rest/services/fish/fishViewer/MapServer/47,U.S. Forest Service recreation site
41,Ravalli,Unnamed,water,46.22335637197804,-114.15766310680856,True,1,Angler's Roost,"Montana Fish, Wildlife & Parks Fishing Access Site",True,False,False,True,False,https://myfwp.mt.gov/fishMT/fas/39753889,"Montana Fish, Wildlife & Parks Fishing Access Site. Boat Fac: Ramp (Concrete). Camping: Yes"
41,Ravalli,Upper Twin Lake,lake,46.16249633314771,-114.50031316321991,True,1,Public access site 481,U.S. Forest Service recreation site,False,False,True,True,False,https://fwp-gis.mt.gov/arcgis/rest/services/fish/fishViewer/MapServer/47,U.S. Forest Service recreation site
41,Ravalli,West Creek,creek,45.63078630530887,-114.32285302161108,True,1,Public access site 450,U.S. Forest Service recreation site,False,False,True,False,True,https://fwp-gis.mt.gov/arcgis/rest/services/fish/fishViewer/MapServer/47,U.S. Forest Service recreation site
41,Ravalli,West Fork Bitterroot River,river,45.92758634913148,-114.1338830429479,True,1,C. Ben White Memorial,"Montana Fish, Wildlife & Parks Fishing Access Site",True,False,False,False,False,https://myfwp.mt.gov/fishMT/fas/75108293,"Montana Fish, Wildlife & Parks Fishing Access Site. Boat Fac: No Boat Facilities. Camping: No. Hunt Access: Refer to current hunting regulations for hunting and weapons restrictions."
41,Ravalli,Whistlers Pond,pond,46.55437640713644,-114.08185315978254,True,1,Poker Joe,"Montana Fish, Wildlife & Parks Fishing Access Site",True,False,False,False,False,https://myfwp.mt.gov/fishMT/fas/39754187,"Montana Fish, Wildlife & Parks Fishing Access Site. Boat Fac: Ramp (unspecified). Camping: No. Hunt Access: Refer to current hunting regulations for hunting and weapons restrictions."
41,Ravalli,Willow Creek,creek,46.293617401770575,-113.92098507484623,True,1,Public access site 506,U.S. Forest Service recreation site,False,False,False,False,False,https://fwp-gis.mt.gov/arcgis/rest/services/fish/fishViewer/MapServer/47,U.S. Forest Service recreation site
42,Richland,Alkali Creek,creek,47.56282744299035,-104.2258311318207,True,1,Seven Sisters,"Montana Fish, Wildlife & Parks Fishing Access Site",True,False,False,True,False,https://myfwp.mt.gov/fishMT/fas/39754581,"Montana Fish, Wildlife & Parks Fishing Access Site. Boat Fac: Hand Launch. Camping: Yes. Hunt Access: Refer to current hunting regulations for hunting and weapons restrictions."
42,Richland,Culbertson Bridge,public fishing access site,48.12247656935793,-104.47529254511058,True,1,Culbertson Bridge,"Montana Fish, Wildlife & Parks Fishing Access Site",True,False,False,False,False,https://myfwp.mt.gov/fishMT/fas/39754483,"Montana Fish, Wildlife & Parks Fishing Access Site. Boat Fac: Ramp (Concrete). Camping: No. Hunt Access: Refer to current hunting regulations for hunting and weapons restrictions."
42,Richland,Dunlap Creek,creek,47.46333742438738,-104.31135113314446,True,1,Elk Island,"Montana Fish, Wildlife & Parks Fishing Access Site",True,False,False,False,False,https://myfwp.mt.gov/fishMT/fas/39754638,"Montana Fish, Wildlife & Parks Fishing Access Site. Boat Fac: Hand Launch. Camping: No. Hunt Access: Walk-in hunting only from county roads and trails to fishing access sites"
42,Richland,First Hay Creek,creek,47.80192748258877,-104.06993114003733,True,1,Diamond Willow,"Montana Fish, Wildlife & Parks Fishing Access Site",True,False,False,False,False,https://myfwp.mt.gov/fishMT/fas/39754395,"Montana Fish, Wildlife & Parks Fishing Access Site. Boat Fac: Hand Launch. Camping: No. Hunt Access: Refer to current hunting regulations for hunting and weapons restrictions."
42,Richland,Gartside Reservoir,reservoir,47.584187441222646,-104.27590114795427,True,1,Gartside Reservoir,"Montana Fish, Wildlife & Parks Fishing Access Site",True,False,False,False,False,https://myfwp.mt.gov/fishMT/fas/39754393,"Montana Fish, Wildlife & Parks Fishing Access Site. Boat Fac: Hand Launch. Camping: No. Hunt Access: Refer to current hunting regulations for hunting and weapons restrictions."
42,Richland,Snowden Bridge,public fishing access site,48.0057607563956,-104.1032642165144,True,1,Snowden Bridge,"Montana Fish, Wildlife & Parks Fishing Access Site",True,False,False,True,False,https://myfwp.mt.gov/fishMT/fas/39754621,"Montana Fish, Wildlife & Parks Fishing Access Site. Boat Fac: No Boat Facilities. Camping: Yes. Hunt Access: Refer to current hunting regulations for hunting and weapons restrictions."
42,Richland,Yellowstone River,river,47.679647462044485,-104.15085113559074,True,1,Sidney Bridge,"Montana Fish, Wildlife & Parks Fishing Access Site",True,False,False,False,False,https://myfwp.mt.gov/fishMT/fas/39754377,"Montana Fish, Wildlife & Parks Fishing Access Site. Boat Fac: Ramp (Concrete). Camping: No"
43,Roosevelt,Lewis and Clark,public fishing access site,48.06811322704957,-105.5374636398345,True,1,Lewis and Clark,"Montana Fish, Wildlife & Parks Fishing Access Site",True,False,False,False,False,https://myfwp.mt.gov/fishMT/fas/39754485,"Montana Fish, Wildlife & Parks Fishing Access Site. Boat Fac: Ramp (Concrete). Camping: No. Hunt Access: Refer to current hunting regulations for hunting and weapons restrictions."
44,Rosebud,Blacks Sawmill Pond,pond,45.348687016410885,-106.28579122026424,True,2,Public access site 137,U.S. Forest Service recreation site,False,False,True,False,False,https://fwp-gis.mt.gov/arcgis/rest/services/fish/fishViewer/MapServer/47,U.S. Forest Service recreation site. Accessibility: <p>Open Year Round.&nbsp;</p>
44,Rosebud,Blacks Sawmill Pond,pond,45.348687016410885,-106.28579122026424,True,2,Blacks Sawmill,"City, county, or local developed access site",False,False,False,False,False,https://fwp-gis.mt.gov/arcgis/rest/services/fish/fishViewer/MapServer/48,"City, county, or local developed access site. Accesstype: walk-in. Location: Blacks Sawmill. Owner: USFS"
44,Rosebud,Castle Rock Reservoir,reservoir,45.89310704513361,-106.63951140007643,True,1,Castle Rock,"City, county, or local developed access site",False,False,False,False,False,https://fwp-gis.mt.gov/arcgis/rest/services/fish/fishViewer/MapServer/48,"City, county, or local developed access site. Accesstype: Ramp. Location: Castle Rock. Owner: USFS"
44,Rosebud,Far West Pond,pond,46.280087101086714,-106.47568143310446,True,1,Far West,"Montana Fish, Wildlife & Parks Fishing Access Site",True,False,False,True,False,https://myfwp.mt.gov/fishMT/fas/39754407,"Montana Fish, Wildlife & Parks Fishing Access Site. Boat Fac: Ramp (Concrete). Camping: Yes. Hunt Access: Refer to current hunting regulations for hunting and weapons restrictions."
44,Rosebud,Hansen Reservoir,reservoir,45.33693700754008,-106.36884123634064,True,1,Public access site 132,U.S. Forest Service recreation site,False,False,False,False,False,https://fwp-gis.mt.gov/arcgis/rest/services/fish/fishViewer/MapServer/47,U.S. Forest Service recreation site
44,Rosebud,Slaughterhouse Creek,creek,46.255437083235776,-106.65190147022652,True,2,Rosebud West,"Montana Fish, Wildlife & Parks Fishing Access Site",True,False,False,False,False,https://myfwp.mt.gov/fishMT/fas/39754403,"Montana Fish, Wildlife & Parks Fishing Access Site. Boat Fac: Ramp (Concrete). Camping: No"
44,Rosebud,Slaughterhouse Creek,creek,46.255437083235776,-106.65190147022652,True,2,Rosebud East,"Montana Fish, Wildlife & Parks Fishing Access Site",True,False,False,True,False,https://myfwp.mt.gov/fishMT/fas/39754423,"Montana Fish, Wildlife & Parks Fishing Access Site. Boat Fac: Ramp (Concrete). Camping: Yes"
45,Sanders,.,water,47.724606374849884,-115.31593366195729,True,26,Flatiron Ridge,"Montana Fish, Wildlife & Parks Fishing Access Site",True,False,False,False,False,https://myfwp.mt.gov/fishMT/fas/39753985,"Montana Fish, Wildlife & Parks Fishing Access Site. Boat Fac: Ramp (Concrete). Camping: No. Hunt Access: Refer to current hunting regulations for hunting and weapons restrictions."
45,Sanders,.,water,47.724606374849884,-115.31593366195729,True,26,Paradise Crossing,"Montana Fish, Wildlife & Parks Fishing Access Site",True,False,False,True,False,https://myfwp.mt.gov/fishMT/fas/39754634,"Montana Fish, Wildlife & Parks Fishing Access Site. Boat Fac: Ramp (Concrete). Camping: Yes"
45,Sanders,.,water,47.724606374849884,-115.31593366195729,True,26,Confluentus Corner,"Montana Fish, Wildlife & Parks Fishing Access Site",True,False,False,False,False,https://myfwp.mt.gov/fishMT/fas/91580432,"Montana Fish, Wildlife & Parks Fishing Access Site. Boat Fac: No Boat Facilities. Camping: No. Hunt Access: Refer to current hunting regulations for hunting and weapons restrictions."
45,Sanders,.,water,47.724606374849884,-115.31593366195729,True,26,Kookoosint,"Montana Fish, Wildlife & Parks Fishing Access Site",True,False,False,True,False,https://myfwp.mt.gov/fishMT/fas/39754611,"Montana Fish, Wildlife & Parks Fishing Access Site. Boat Fac: No Boat Facilities. Camping: Yes"
45,Sanders,.,water,47.724606374849884,-115.31593366195729,True,26,McKay Landing,"Montana Fish, Wildlife & Parks Fishing Access Site",True,False,False,True,False,https://myfwp.mt.gov/fishMT/fas/39753999,"Montana Fish, Wildlife & Parks Fishing Access Site. Boat Fac: Ramp (Primitive). Camping: Yes"
45,Sanders,.,water,47.724606374849884,-115.31593366195729,True,26,Public access site 19,U.S. Forest Service recreation site,False,False,False,False,False,https://fwp-gis.mt.gov/arcgis/rest/services/fish/fishViewer/MapServer/47,U.S. Forest Service recreation site
45,Sanders,.,water,47.724606374849884,-115.31593366195729,True,26,Public access site 32,U.S. Forest Service recreation site,False,False,False,False,False,https://fwp-gis.mt.gov/arcgis/rest/services/fish/fishViewer/MapServer/47,U.S. Forest Service recreation site
45,Sanders,.,water,47.724606374849884,-115.31593366195729,True,26,Public access site 33,U.S. Forest Service recreation site,False,False,False,False,False,https://fwp-gis.mt.gov/arcgis/rest/services/fish/fishViewer/MapServer/47,U.S. Forest Service recreation site
45,Sanders,.,water,47.724606374849884,-115.31593366195729,True,26,Public access site 50,U.S. Forest Service recreation site,False,False,False,False,False,https://fwp-gis.mt.gov/arcgis/rest/services/fish/fishViewer/MapServer/47,U.S. Forest Service recreation site
45,Sanders,.,water,47.724606374849884,-115.31593366195729,True,26,Public access site 87,U.S. Forest Service recreation site,False,False,False,False,False,https://fwp-gis.mt.gov/arcgis/rest/services/fish/fishViewer/MapServer/47,U.S. Forest Service recreation site
45,Sanders,.,water,47.724606374849884,-115.31593366195729,True,26,Public access site 88,U.S. Forest Service recreation site,False,False,False,False,False,https://fwp-gis.mt.gov/arcgis/rest/services/fish/fishViewer/MapServer/47,U.S. Forest Service recreation site
45,Sanders,.,water,47.724606374849884,-115.31593366195729,True,26,Public access site 89,U.S. Forest Service recreation site,False,False,False,False,False,https://fwp-gis.mt.gov/arcgis/rest/services/fish/fishViewer/MapServer/47,U.S. Forest Service recreation site
45,Sanders,.,water,47.724606374849884,-115.31593366195729,True,26,Public access site 90,U.S. Forest Service recreation site,False,False,False,False,False,https://fwp-gis.mt.gov/arcgis/rest/services/fish/fishViewer/MapServer/47,U.S. Forest Service recreation site
45,Sanders,.,water,47.724606374849884,-115.31593366195729,True,26,Public access site 91,U.S. Forest Service recreation site,False,False,False,False,False,https://fwp-gis.mt.gov/arcgis/rest/services/fish/fishViewer/MapServer/47,U.S. Forest Service recreation site
45,Sanders,.,water,47.724606374849884,-115.31593366195729,True,26,Public access site 92,U.S. Forest Service recreation site,False,False,False,False,False,https://fwp-gis.mt.gov/arcgis/rest/services/fish/fishViewer/MapServer/47,U.S. Forest Service recreation site
45,Sanders,.,water,47.724606374849884,-115.31593366195729,True,26,Public access site 93,U.S. Forest Service recreation site,False,False,False,False,False,https://fwp-gis.mt.gov/arcgis/rest/services/fish/fishViewer/MapServer/47,U.S. Forest Service recreation site
45,Sanders,.,water,47.724606374849884,-115.31593366195729,True,26,Public access site 224,U.S. Forest Service recreation site,True,True,True,False,False,https://fwp-gis.mt.gov/arcgis/rest/services/fish/fishViewer/MapServer/47,U.S. Forest Service recreation site
45,Sanders,.,water,47.724606374849884,-115.31593366195729,True,26,Public access site 237,U.S. Forest Service recreation site,False,False,True,False,False,https://fwp-gis.mt.gov/arcgis/rest/services/fish/fishViewer/MapServer/47,U.S. Forest Service recreation site
45,Sanders,.,water,47.724606374849884,-115.31593366195729,True,26,Public access site 260,U.S. Forest Service recreation site,True,True,True,False,False,https://fwp-gis.mt.gov/arcgis/rest/services/fish/fishViewer/MapServer/47,U.S. Forest Service recreation site
45,Sanders,.,water,47.724606374849884,-115.31593366195729,True,26,Public access site 261,U.S. Forest Service recreation site,False,False,True,False,False,https://fwp-gis.mt.gov/arcgis/rest/services/fish/fishViewer/MapServer/47,U.S. Forest Service recreation site
45,Sanders,.,water,47.724606374849884,-115.31593366195729,True,26,Public access site 262,U.S. Forest Service recreation site,False,False,True,False,False,https://fwp-gis.mt.gov/arcgis/rest/services/fish/fishViewer/MapServer/47,U.S. Forest Service recreation site
45,Sanders,.,water,47.724606374849884,-115.31593366195729,True,26,Public access site 263,U.S. Forest Service recreation site,True,False,True,False,False,https://fwp-gis.mt.gov/arcgis/rest/services/fish/fishViewer/MapServer/47,U.S. Forest Service recreation site
45,Sanders,.,water,47.724606374849884,-115.31593366195729,True,26,Public access site 282,U.S. Forest Service recreation site,True,True,True,False,False,https://fwp-gis.mt.gov/arcgis/rest/services/fish/fishViewer/MapServer/47,U.S. Forest Service recreation site
45,Sanders,.,water,47.724606374849884,-115.31593366195729,True,26,Public access site 289,U.S. Forest Service recreation site,False,False,True,False,False,https://fwp-gis.mt.gov/arcgis/rest/services/fish/fishViewer/MapServer/47,U.S. Forest Service recreation site
45,Sanders,.,water,47.724606374849884,-115.31593366195729,True,26,Public access site 296,U.S. Forest Service recreation site,True,True,True,True,False,https://fwp-gis.mt.gov/arcgis/rest/services/fish/fishViewer/MapServer/47,U.S. Forest Service recreation site
45,Sanders,.,water,47.724606374849884,-115.31593366195729,True,26,Public access site 298,U.S. Forest Service recreation site,True,True,True,False,False,https://fwp-gis.mt.gov/arcgis/rest/services/fish/fishViewer/MapServer/47,U.S. Forest Service recreation site
47,Silver Bow,Basin Creek Reservoir,reservoir,45.854006495629946,-112.54501270461279,True,1,Public access site 620,U.S. Forest Service recreation site,False,False,False,False,False,https://fwp-gis.mt.gov/arcgis/rest/services/fish/fishViewer/MapServer/47,U.S. Forest Service recreation site
47,Silver Bow,Big Hole River,river,45.778746459411366,-112.85905275501977,True,1,TITAN GULCH RIVER ACCESS,Bureau of Land Management recreation site,True,False,False,False,False,https://fwp-gis.mt.gov/arcgis/rest/services/fish/fishViewer/MapServer/45,Bureau of Land Management recreation site. Descriptio: TITAN GULCH RIVER ACCESS
47,Silver Bow,Divide Creek,creek,45.733406464833664,-112.75040272245306,True,1,Powerhouse,"Montana Fish, Wildlife & Parks Fishing Access Site",True,False,False,False,False,https://myfwp.mt.gov/fishMT/fas/39753514,"Montana Fish, Wildlife & Parks Fishing Access Site. Boat Fac: Ramp (Concrete). Camping: No. Hunt Access: Refer to current hunting regulations for hunting and weapons restrictions."
47,Silver Bow,Moose Creek,creek,45.7677864830654,-112.59021269667298,True,1,MOOSE CREEK TRAIL HEAD,Bureau of Land Management recreation site,False,False,False,False,False,https://fwp-gis.mt.gov/arcgis/rest/services/fish/fishViewer/MapServer/45,Bureau of Land Management recreation site. Descriptio: MOOSE CREEK TRAIL HEAD
47,Silver Bow,Roaring Brook,water,45.79047650051634,-112.43401266848304,True,1,Public access site 624,U.S. Forest Service recreation site,False,False,False,False,False,https://fwp-gis.mt.gov/arcgis/rest/services/fish/fishViewer/MapServer/47,U.S. Forest Service recreation site
47,Silver Bow,South Fork Divide Creek,creek,45.88444647489697,-112.79847276267573,True,1,Public access site 664,U.S. Forest Service recreation site,False,False,False,False,False,https://fwp-gis.mt.gov/arcgis/rest/services/fish/fishViewer/MapServer/47,U.S. Forest Service recreation site
47,Silver Bow,Unnamed Tributary to Blacktail Creek near RM 9.3,creek,45.87000650703474,-112.44901268679159,True,1,Public access site 674,U.S. Forest Service recreation site,False,False,False,False,True,https://fwp-gis.mt.gov/arcgis/rest/services/fish/fishViewer/MapServer/47,U.S. Forest Service recreation site
48,Stillwater,Beaver Creek,creek,45.55015676098963,-109.39527196827457,True,2,Jeffrey's Landing,"Montana Fish, Wildlife & Parks Fishing Access Site",True,False,False,True,False,https://myfwp.mt.gov/fishMT/fas/39754648,"Montana Fish, Wildlife & Parks Fishing Access Site. Boat Fac: No Boat Facilities. Camping: Yes. Hunt Access: Refer to current hunting regulations for hunting and weapons restrictions."
48,Stillwater,Beaver Creek,creek,45.55015676098963,-109.39527196827457,True,2,Whitebird,"Montana Fish, Wildlife & Parks Fishing Access Site",True,False,False,True,False,https://myfwp.mt.gov/fishMT/fas/39753880,"Montana Fish, Wildlife & Parks Fishing Access Site. Boat Fac: Ramp (Gravel). Camping: Yes. Hunt Access: Refer to current hunting regulations for hunting and weapons restrictions."
48,Stillwater,Emerald Lake,lake,45.25627670324946,-109.69509198148306,True,2,Public access site 103,U.S. Forest Service recreation site,False,False,True,False,False,https://fwp-gis.mt.gov/arcgis/rest/services/fish/fishViewer/MapServer/47,U.S. Forest Service recreation site
48,Stillwater,Emerald Lake,lake,45.25627670324946,-109.69509198148306,True,2,Public access site 129,U.S. Forest Service recreation site,False,False,False,False,False,https://fwp-gis.mt.gov/arcgis/rest/services/fish/fishViewer/MapServer/47,U.S. Forest Service recreation site
48,Stillwater,Grove Creek,creek,45.49000674153792,-109.53845198811135,True,1,Rosebud Isle,"Montana Fish, Wildlife & Parks Fishing Access Site",True,False,False,True,False,https://myfwp.mt.gov/fishMT/fas/39753872,"Montana Fish, Wildlife & Parks Fishing Access Site. Boat Fac: Hand Launch. Camping: Yes. Hunt Access: Refer to current hunting regulations for hunting and weapons restrictions."
48,Stillwater,Keyser Creek,creek,45.63873678101815,-109.26926195690965,True,1,Itch-Kep-Pe-Park,"City, county, or local developed access site",False,False,False,False,False,https://fwp-gis.mt.gov/arcgis/rest/services/fish/fishViewer/MapServer/48,"City, county, or local developed access site. Accesstype: walk-in. Location: Colombus. Owner: City of Columbus"
48,Stillwater,Little Rocky Creek,creek,45.43331671529214,-109.76343202728984,True,1,Buffalo Jump,"Montana Fish, Wildlife & Parks Fishing Access Site",True,False,False,True,False,https://myfwp.mt.gov/fishMT/fas/39753828,"Montana Fish, Wildlife & Parks Fishing Access Site. Boat Fac: Hand Launch. Camping: Yes. Hunt Access: Refer to current hunting regulations for hunting and weapons restrictions."
48,Stillwater,Meyers Creek,creek,45.48984670691284,-109.91450207153959,True,1,Public access site 127,U.S. Forest Service recreation site,False,False,True,True,False,https://fwp-gis.mt.gov/arcgis/rest/services/fish/fishViewer/MapServer/47,U.S. Forest Service recreation site
48,Stillwater,Nye Creek,creek,45.39610670192908,-109.86327204381163,True,1,Public access site 136,U.S. Forest Service recreation site,True,False,True,False,False,https://fwp-gis.mt.gov/arcgis/rest/services/fish/fishViewer/MapServer/47,U.S. Forest Service recreation site
48,Stillwater,Rosebud Creek,creek,45.50791675086965,-109.4556019738481,True,1,Absaroka,"Montana Fish, Wildlife & Parks Fishing Access Site",True,False,False,False,False,https://myfwp.mt.gov/fishMT/fas/39753820,"Montana Fish, Wildlife & Parks Fishing Access Site. Boat Fac: Hand Launch. Camping: No"
48,Stillwater,Shane Creek,creek,45.619326777217495,-109.29042195848001,True,2,Fireman's Point,"Montana Fish, Wildlife & Parks Fishing Access Site",True,False,False,True,False,https://myfwp.mt.gov/fishMT/fas/39753802,"Montana Fish, Wildlife & Parks Fishing Access Site. Boat Fac: Raft Slide Launch. Camping: Yes. Hunt Access: Refer to current hunting regulations for hunting and weapons restrictions."
48,Stillwater,Shane Creek,creek,45.619326777217495,-109.29042195848001,True,2,Swinging Bridge,"Montana Fish, Wildlife & Parks Fishing Access Site",True,False,False,True,False,https://myfwp.mt.gov/fishMT/fas/39753874,"Montana Fish, Wildlife & Parks Fishing Access Site. Boat Fac: Hand Launch. Camping: Yes. Hunt Access: Refer to current hunting regulations for hunting and weapons restrictions."
48,Stillwater,Stillwater River,river,45.465006719506256,-109.75131203203667,True,2,Moraine,"Montana Fish, Wildlife & Parks Fishing Access Site",True,False,False,True,False,https://myfwp.mt.gov/fishMT/fas/39753864,"Montana Fish, Wildlife & Parks Fishing Access Site. Boat Fac: Hand Launch. Camping: Yes. Hunt Access: Refer to current hunting regulations for hunting and weapons restrictions."
48,Stillwater,Stillwater River,river,45.465006719506256,-109.75131203203667,True,2,Castle Rock,"Montana Fish, Wildlife & Parks Fishing Access Site",True,False,False,True,False,https://myfwp.mt.gov/fishMT/fas/39753838,"Montana Fish, Wildlife & Parks Fishing Access Site. Boat Fac: Hand Launch. Camping: Yes. Hunt Access: Refer to current hunting regulations for hunting and weapons restrictions."
48,Stillwater,Trout Creek,creek,45.51007673348452,-109.64759201752958,True,1,Cliff Swallow,"Montana Fish, Wildlife & Parks Fishing Access Site",True,False,False,True,False,https://myfwp.mt.gov/fishMT/fas/39753840,"Montana Fish, Wildlife & Parks Fishing Access Site. Boat Fac: Hand Launch. Camping: Yes. Hunt Access: Refer to current hunting regulations for hunting and weapons restrictions."
48,Stillwater,Vandenberg Drain,water,45.619716817413206,-108.84808185928351,True,1,Homestead Isle,"Montana Fish, Wildlife & Parks Fishing Access Site",True,False,False,False,False,https://myfwp.mt.gov/fishMT/fas/39753846,"Montana Fish, Wildlife & Parks Fishing Access Site. Boat Fac: No Boat Facilities. Camping: No. Hunt Access: Refer to current hunting regulations for hunting and weapons restrictions."
48,Stillwater,West Rosebud Creek,creek,45.28127671083912,-109.63449197197951,True,1,Public access site 104,U.S. Forest Service recreation site,False,False,True,False,False,https://fwp-gis.mt.gov/arcgis/rest/services/fish/fishViewer/MapServer/47,U.S. Forest Service recreation site
48,Stillwater,West Rosebud Lake,lake,45.24983670167933,-109.71123198254841,True,1,Public access site 130,U.S. Forest Service recreation site,False,True,False,False,True,https://fwp-gis.mt.gov/arcgis/rest/services/fish/fishViewer/MapServer/47,U.S. Forest Service recreation site
48,Stillwater,White Beaver Creek,creek,45.715036767875915,-109.50157202243109,True,1,Indian Fort,"Montana Fish, Wildlife & Parks Fishing Access Site",True,False,False,True,False,https://myfwp.mt.gov/fishMT/fas/39753850,"Montana Fish, Wildlife & Parks Fishing Access Site. Boat Fac: Ramp (Gravel). Camping: Yes. Hunt Access: Refer to current hunting regulations for hunting and weapons restrictions."
48,Stillwater,Woodbine Creek,creek,45.357206695241764,-109.89605204373795,True,1,Public access site 101,U.S. Forest Service recreation site,False,False,True,True,False,https://fwp-gis.mt.gov/arcgis/rest/services/fish/fishViewer/MapServer/47,U.S. Forest Service recreation site
48,Stillwater,Yellowstone River,river,45.665376775571865,-109.35364198086648,True,1,Holmgren Ranch,"Montana Fish, Wildlife & Parks Fishing Access Site",True,False,False,True,False,https://myfwp.mt.gov/fishMT/fas/39754257,"Montana Fish, Wildlife & Parks Fishing Access Site. Boat Fac: Ramp (Concrete). Camping: Yes. Hunt Access: Refer to current hunting regulations for hunting and weapons restrictions."
49,Sweet Grass,Antelope Creek,creek,45.77756672060289,-110.07502216081295,True,1,Grey Bear,"Montana Fish, Wildlife & Parks Fishing Access Site",True,False,False,True,False,https://myfwp.mt.gov/fishMT/fas/39753844,"Montana Fish, Wildlife & Parks Fishing Access Site. Boat Fac: Ramp (Gravel). Camping: Yes. Hunt Access: Refer to current hunting regulations for hunting and weapons restrictions."
49,Sweet Grass,Davis Gulch,water,45.59078671871076,-109.90139208702924,True,1,Public access site 77,U.S. Forest Service recreation site,False,False,False,False,False,https://fwp-gis.mt.gov/arcgis/rest/services/fish/fishViewer/MapServer/47,U.S. Forest Service recreation site. Accessibility: <p>Available all year<br />Primitive road last .5 mi. to trailhead. Not recommended for low clearance vehicles. Hikers need to ford Lower Deer Cr. numerous times.</p>
49,Sweet Grass,Great Falls Creek,creek,45.47463667822903,-110.20955213389566,True,1,Public access site 187,U.S. Forest Service recreation site,False,False,True,True,False,https://fwp-gis.mt.gov/arcgis/rest/services/fish/fishViewer/MapServer/47,U.S. Forest Service recreation site. Accessibility: <p>Openall year<br />Access is limited during the fall and winter due to snow.<br />Tent Camping Only.</p>
49,Sweet Grass,Otter Creek,creek,45.93877675373779,-109.88668215089558,True,1,Otter Creek,"Montana Fish, Wildlife & Parks Fishing Access Site",True,False,False,True,False,https://myfwp.mt.gov/fishMT/fas/39753854,"Montana Fish, Wildlife & Parks Fishing Access Site. Boat Fac: Ramp (Concrete). Camping: Yes. Hunt Access: Refer to current hunting regulations for hunting and weapons restrictions."
49,Sweet Grass,Overland Pond,pond,45.83203674002519,-109.92586213787646,True,1,Old Boulder Bridge,"City, county, or local developed access site",False,False,False,False,False,https://fwp-gis.mt.gov/arcgis/rest/services/fish/fishViewer/MapServer/48,"City, county, or local developed access site. Accesstype: Primitive Ramp. Location: Big Timber. Owner: City of Big Timber"
49,Sweet Grass,Spring Creek Campground South Pond,pond,45.80180673379572,-109.96061214142422,True,1,Big Rock,"Montana Fish, Wildlife & Parks Fishing Access Site",True,False,False,True,False,https://myfwp.mt.gov/fishMT/fas/39753804,"Montana Fish, Wildlife & Parks Fishing Access Site. Boat Fac: Hand Launch. Camping: Yes. Hunt Access: Refer to current hunting regulations for hunting and weapons restrictions."
49,Sweet Grass,Susie Creek,creek,45.638363704040266,-110.10653814220127,True,1,Boulder Forks,"Montana Fish, Wildlife & Parks Fishing Access Site",True,False,False,True,False,https://myfwp.mt.gov/fishMT/fas/39753826,"Montana Fish, Wildlife & Parks Fishing Access Site. Boat Fac: Hand Launch. Camping: Yes. Hunt Access: Refer to current hunting regulations for hunting and weapons restrictions."
49,Sweet Grass,Sweet Grass Creek,creek,45.78607674814317,-109.78866209957984,True,1,Pelican,"Montana Fish, Wildlife & Parks Fishing Access Site",True,False,False,True,False,https://myfwp.mt.gov/fishMT/fas/39753866,"Montana Fish, Wildlife & Parks Fishing Access Site. Boat Fac: Ramp (Concrete). Camping: Yes. Hunt Access: Refer to current hunting regulations for hunting and weapons restrictions."
49,Sweet Grass,West Fork Stillwater River,river,45.409616695554305,-109.94891206544725,True,1,Public access site 124,U.S. Forest Service recreation site,False,False,False,False,False,https://fwp-gis.mt.gov/arcgis/rest/services/fish/fishViewer/MapServer/47,U.S. Forest Service recreation site
49,Sweet Grass,Work Creek,creek,45.694976754255535,-109.62470204577491,True,1,Bratten,"Montana Fish, Wildlife & Parks Fishing Access Site",True,False,False,True,False,https://myfwp.mt.gov/fishMT/fas/39753810,"Montana Fish, Wildlife & Parks Fishing Access Site. Boat Fac: Ramp (Gravel). Camping: Yes. Hunt Access: Refer to current hunting regulations for hunting and weapons restrictions."
50,Teton,Bynum Reservoir,reservoir,47.96215669325865,-112.40311311733085,True,1,Bynum Reservoir,"Montana Fish, Wildlife & Parks Fishing Access Site",True,False,False,True,False,https://myfwp.mt.gov/fishMT/fas/39753684,"Montana Fish, Wildlife & Parks Fishing Access Site. Boat Fac: Ramp (Concrete). Camping: Yes. Hunt Access: Refer to current hunting regulations for hunting and weapons restrictions."
50,Teton,Eureka Reservoir,reservoir,47.88139669816546,-112.28706307427065,True,1,Eureka Reservoir,"Montana Fish, Wildlife & Parks Fishing Access Site",True,False,False,True,False,https://myfwp.mt.gov/fishMT/fas/39753674,"Montana Fish, Wildlife & Parks Fishing Access Site. Boat Fac: Ramp (Concrete). Camping: Yes. Hunt Access: Refer to current hunting regulations for hunting and weapons restrictions."
50,Teton,Lower Eyraud Lake,lake,47.9955167341569,-112.02355304299972,True,1,Arod Lake,"Montana Fish, Wildlife & Parks Fishing Access Site",True,False,False,True,False,https://myfwp.mt.gov/fishMT/fas/39753642,"Montana Fish, Wildlife & Parks Fishing Access Site. Boat Fac: Ramp (Gravel). Camping: Yes. Hunt Access: Refer to current hunting regulations for hunting and weapons restrictions."
50,Teton,Middle Fork North Fork Teton River,river,47.88914665478665,-112.72409316894066,True,1,Public access site 462,U.S. Forest Service recreation site,False,False,False,False,False,https://fwp-gis.mt.gov/arcgis/rest/services/fish/fishViewer/MapServer/47,U.S. Forest Service recreation site
50,Teton,Mortimer Gulch,water,47.60165662710456,-112.76347311371725,True,3,Public access site 463,U.S. Forest Service recreation site,True,False,False,False,False,https://fwp-gis.mt.gov/arcgis/rest/services/fish/fishViewer/MapServer/47,U.S. Forest Service recreation site
50,Teton,Mortimer Gulch,water,47.60165662710456,-112.76347311371725,True,3,Public access site 579,U.S. Forest Service recreation site,False,False,False,False,False,https://fwp-gis.mt.gov/arcgis/rest/services/fish/fishViewer/MapServer/47,U.S. Forest Service recreation site
50,Teton,Mortimer Gulch,water,47.60165662710456,-112.76347311371725,True,3,Public access site 585,U.S. Forest Service recreation site,False,False,False,False,False,https://fwp-gis.mt.gov/arcgis/rest/services/fish/fishViewer/MapServer/47,U.S. Forest Service recreation site
50,Teton,North Fork Teton River,river,47.92568665287825,-112.76953318725147,True,1,Public access site 524,U.S. Forest Service recreation site,False,False,False,False,False,https://fwp-gis.mt.gov/arcgis/rest/services/fish/fishViewer/MapServer/47,U.S. Forest Service recreation site
50,Teton,Pishkun Reservoir,reservoir,47.67568666028441,-112.48884307110617,True,1,Pishkun Reservoir,"Montana Fish, Wildlife & Parks Fishing Access Site",True,False,False,True,False,https://myfwp.mt.gov/fishMT/fas/39753624,"Montana Fish, Wildlife & Parks Fishing Access Site. Boat Fac: Ramp (Concrete). Camping: Yes. Hunt Access: Refer to current hunting regulations for hunting and weapons restrictions."
50,Teton,South Fork South Fork Teton River,river,47.85067664560721,-112.77640317016777,True,2,Public access site 525,U.S. Forest Service recreation site,False,False,False,False,False,https://fwp-gis.mt.gov/arcgis/rest/services/fish/fishViewer/MapServer/47,U.S. Forest Service recreation site
50,Teton,South Fork South Fork Teton River,river,47.85067664560721,-112.77640317016777,True,2,Public access site 574,U.S. Forest Service recreation site,False,False,False,False,False,https://fwp-gis.mt.gov/arcgis/rest/services/fish/fishViewer/MapServer/47,U.S. Forest Service recreation site
50,Teton,Tunnel Lake,lake,47.65091664795397,-112.59967308939032,True,1,TUNNEL LAKE,Bureau of Land Management recreation site,False,False,False,False,False,https://fwp-gis.mt.gov/arcgis/rest/services/fish/fishViewer/MapServer/45,Bureau of Land Management recreation site. Descriptio: TUNNEL LAKE
50,Teton,West Fork North Fork Teton River,river,47.957766651041176,-112.81005320192148,True,2,Public access site 467,U.S. Forest Service recreation site,False,False,True,True,False,https://fwp-gis.mt.gov/arcgis/rest/services/fish/fishViewer/MapServer/47,U.S. Forest Service recreation site
50,Teton,West Fork North Fork Teton River,river,47.957766651041176,-112.81005320192148,True,2,Public access site 523,U.S. Forest Service recreation site,False,False,False,False,False,https://fwp-gis.mt.gov/arcgis/rest/services/fish/fishViewer/MapServer/47,U.S. Forest Service recreation site
51,Toole,Tiber Reservoir,reservoir,48.35593683817662,-111.30030296678876,True,4,Bootlegger North,Bureau of Reclamation recreation site,False,False,False,False,False,https://fwp-gis.mt.gov/arcgis/rest/services/fish/fishViewer/MapServer/46,Bureau of Reclamation recreation site
51,Toole,Tiber Reservoir,reservoir,48.35593683817662,-111.30030296678876,True,4,Bootlegger South,Bureau of Reclamation recreation site,False,False,False,False,False,https://fwp-gis.mt.gov/arcgis/rest/services/fish/fishViewer/MapServer/46,Bureau of Reclamation recreation site
51,Toole,Tiber Reservoir,reservoir,48.35593683817662,-111.30030296678876,True,4,Turner's Point,Bureau of Reclamation recreation site,False,False,False,False,False,https://fwp-gis.mt.gov/arcgis/rest/services/fish/fishViewer/MapServer/46,Bureau of Reclamation recreation site
51,Toole,Tiber Reservoir,reservoir,48.35593683817662,-111.30030296678876,True,4,Hauser Road,Bureau of Reclamation recreation site,False,False,False,False,False,https://fwp-gis.mt.gov/arcgis/rest/services/fish/fishViewer/MapServer/46,Bureau of Reclamation recreation site
51,Toole,Westermarks Reservoir 2,reservoir,48.39180681201648,-111.59120303980595,True,1,Millers' Bottom,Bureau of Reclamation recreation site,False,False,False,False,False,https://fwp-gis.mt.gov/arcgis/rest/services/fish/fishViewer/MapServer/46,Bureau of Reclamation recreation site
52,Treasure,Froze To Death Creek,creek,46.332587044066344,-107.17618160826974,True,1,Amelia Island,"Montana Fish, Wildlife & Parks Fishing Access Site",True,False,False,False,False,https://myfwp.mt.gov/fishMT/fas/39754670,"Montana Fish, Wildlife & Parks Fishing Access Site. Boat Fac: Ramp (Concrete). Camping: No. Hunt Access: Refer to current hunting regulations for hunting and weapons restrictions."
52,Treasure,Muggins Creek,creek,46.26874702094548,-107.35142163641744,True,1,Myers Bridge,"Montana Fish, Wildlife & Parks Fishing Access Site",True,False,False,True,False,https://myfwp.mt.gov/fishMT/fas/39754391,"Montana Fish, Wildlife & Parks Fishing Access Site. Boat Fac: Ramp (Concrete). Camping: Yes. Hunt Access: Refer to current hunting regulations for hunting and weapons restrictions."
53,Valley,Atlas Reservoir,reservoir,48.51311730702012,-106.71978194512046,True,1,ATLAS RESERVOIR,Bureau of Land Management recreation site,False,False,False,False,False,https://fwp-gis.mt.gov/arcgis/rest/services/fish/fishViewer/MapServer/45,Bureau of Land Management recreation site. Descriptio: ATLAS RESERVOIR
53,Valley,Big Reservoir,reservoir,48.33205731525086,-106.4488818387231,True,1,BIG RESERVOIR,Bureau of Land Management recreation site,False,False,False,False,False,https://fwp-gis.mt.gov/arcgis/rest/services/fish/fishViewer/MapServer/45,Bureau of Land Management recreation site. Descriptio: BIG RESERVOIR
53,Valley,Burke Reservoir,reservoir,47.70890717749516,-107.25161190030722,True,1,Bone Trail,"City, county, or local developed access site",False,False,False,False,False,https://fwp-gis.mt.gov/arcgis/rest/services/fish/fishViewer/MapServer/48,"City, county, or local developed access site. Accesstype: Primitive Ramp. Location: Bone Trail. Owner: USFWS"
53,Valley,Fifth Coulee,water,47.86500724656085,-106.67699179609934,True,1,Pines Recreation Area,"City, county, or local developed access site",False,False,False,False,False,https://fwp-gis.mt.gov/arcgis/rest/services/fish/fishViewer/MapServer/48,"City, county, or local developed access site. Accesstype: Concrete Ramp. Location: Pines Recreation Area. Owner: NPS"
53,Valley,Forsman Reservoir,reservoir,48.5946973154506,-106.71505196121336,True,1,LANGEN RESERVOIR,Bureau of Land Management recreation site,False,False,False,False,False,https://fwp-gis.mt.gov/arcgis/rest/services/fish/fishViewer/MapServer/45,Bureau of Land Management recreation site. Descriptio: LANGEN RESERVOIR
53,Valley,Fort Peck Trout Pond,pond,48.05183728791582,-106.44399177952391,True,1,Fort Peck Dredge Cut Pond,"Montana Fish, Wildlife & Parks Fishing Access Site",True,False,False,False,False,https://myfwp.mt.gov/fishMT/fas/39754323,"Montana Fish, Wildlife & Parks Fishing Access Site. Boat Fac: Ramp (Concrete). Camping: No. Hunt Access: Refer to current hunting regulations for hunting and weapons restrictions."
53,Valley,Gay Reservoir,reservoir,48.643907307199875,-106.8467120047112,True,1,GAY RESERVOIR,Bureau of Land Management recreation site,False,False,False,False,False,https://fwp-gis.mt.gov/arcgis/rest/services/fish/fishViewer/MapServer/45,Bureau of Land Management recreation site. Descriptio: GAY RESERVOIR
53,Valley,Glasgow Base Pond,pond,48.44820731502181,-106.578251895102,True,1,Glasgow Base Pond,"Montana Fish, Wildlife & Parks Fishing Access Site",True,True,False,True,False,https://myfwp.mt.gov/fishMT/fas/39754325,"Montana Fish, Wildlife & Parks Fishing Access Site. Boat Fac: Hand Launch, Dock. Camping: Yes. Hunt Access: Refer to current hunting regulations for hunting and weapons restrictions."
53,Valley,Helen Reservoir,reservoir,48.250307220887386,-107.34911203817757,True,2,HELEN RESERVOIR,Bureau of Land Management recreation site,False,False,False,False,False,https://fwp-gis.mt.gov/arcgis/rest/services/fish/fishViewer/MapServer/45,Bureau of Land Management recreation site. Descriptio: HELEN RESERVOIR
53,Valley,Helen Reservoir,reservoir,48.250307220887386,-107.34911203817757,True,2,HELEN RESERVOIR,Bureau of Land Management recreation site,False,False,False,False,False,https://fwp-gis.mt.gov/arcgis/rest/services/fish/fishViewer/MapServer/45,Bureau of Land Management recreation site. Descriptio: HELEN RESERVOIR
53,Valley,Hose Reservoir,reservoir,48.621237299160285,-106.90937201375625,True,1,HOSE RESERVOIR,Bureau of Land Management recreation site,False,False,False,False,False,https://fwp-gis.mt.gov/arcgis/rest/services/fish/fishViewer/MapServer/45,Bureau of Land Management recreation site. Descriptio: HOSE RESERVOIR
53,Valley,Lunch Reservoir,reservoir,48.12310726163588,-106.78811187679545,True,1,LUNCH RESERVOIR,Bureau of Land Management recreation site,False,False,False,False,False,https://fwp-gis.mt.gov/arcgis/rest/services/fish/fishViewer/MapServer/45,Bureau of Land Management recreation site. Descriptio: LUNCH RESERVOIR
53,Valley,Milk River,river,48.064487303024144,-106.29186174390016,True,1,School Trust,"Montana Fish, Wildlife & Parks Fishing Access Site",True,False,False,False,False,https://myfwp.mt.gov/fishMT/fas/39754541,"Montana Fish, Wildlife & Parks Fishing Access Site. Boat Fac: Ramp (Gravel). Camping: No. Hunt Access: Refer to current hunting regulations for hunting and weapons restrictions."
53,Valley,Perimeter Reservoir,reservoir,47.99990727341995,-106.54261179226174,True,1,Duck Creek,"Montana Fish, Wildlife & Parks Fishing Access Site",True,False,False,False,False,https://myfwp.mt.gov/fishMT/fas/39754329,"Montana Fish, Wildlife & Parks Fishing Access Site. Boat Fac: Ramp (Concrete). Camping: No"
53,Valley,Shoot Reservoir,reservoir,48.18555726729151,-106.79483189226326,True,2,SHOOT RESERVOIR,Bureau of Land Management recreation site,False,False,False,False,False,https://fwp-gis.mt.gov/arcgis/rest/services/fish/fishViewer/MapServer/45,Bureau of Land Management recreation site. Descriptio: SHOOT RESERVOIR
53,Valley,Shoot Reservoir,reservoir,48.18555726729151,-106.79483189226326,True,2,SHOOT RESERVOIR,Bureau of Land Management recreation site,False,False,False,False,False,https://fwp-gis.mt.gov/arcgis/rest/services/fish/fishViewer/MapServer/45,Bureau of Land Management recreation site. Descriptio: SHOOT RESERVOIR
53,Valley,Snow Reservoir,reservoir,47.76210717937603,-107.27751191816982,True,1,SNOW RESERVOIR,Bureau of Land Management recreation site,False,False,False,False,False,https://fwp-gis.mt.gov/arcgis/rest/services/fish/fishViewer/MapServer/45,Bureau of Land Management recreation site. Descriptio: SNOW RESERVOIR
53,Valley,Valley Reservoir,reservoir,47.83992720849773,-107.05325188048816,True,1,VALLEY RESERVOIR,Bureau of Land Management recreation site,False,False,False,False,False,https://fwp-gis.mt.gov/arcgis/rest/services/fish/fishViewer/MapServer/45,Bureau of Land Management recreation site. Descriptio: VALLEY RESERVOIR
53,Valley,Winter Harbor Pond,pond,48.01329728454626,-106.43804176847661,True,1,Fort Peck Marina,"City, county, or local developed access site",False,False,False,False,False,https://fwp-gis.mt.gov/arcgis/rest/services/fish/fishViewer/MapServer/48,"City, county, or local developed access site. Accesstype: Concrete Ramp. Location: Fort Peck. Owner: DOD"
54,Wheatland,Chief Joseph Pond,pond,46.4352568075775,-109.83523223624734,True,1,Harlowton,"Montana Fish, Wildlife & Parks Fishing Access Site",True,False,False,True,False,https://myfwp.mt.gov/fishMT/fas/39754664,"Montana Fish, Wildlife & Parks Fishing Access Site. Boat Fac: No Boat Facilities. Camping: Yes. Hunt Access: Refer to current hunting regulations for hunting and weapons restrictions."
54,Wheatland,Deadmans Basin Reservoir,reservoir,46.343016837367244,-109.42659212591413,True,1,Deadman's Basin,"Montana Fish, Wildlife & Parks Fishing Access Site",True,False,False,True,False,https://myfwp.mt.gov/fishMT/fas/39754263,"Montana Fish, Wildlife & Parks Fishing Access Site. Boat Fac: Ramp (Concrete). Camping: Yes. Hunt Access: Refer to current hunting regulations for hunting and weapons restrictions."
54,Wheatland,East Fork Haymaker Creek,creek,46.67299679697258,-110.1813023586084,True,1,Public access site 599,U.S. Forest Service recreation site,False,False,False,True,True,https://fwp-gis.mt.gov/arcgis/rest/services/fish/fishViewer/MapServer/47,U.S. Forest Service recreation site
54,Wheatland,Musselshell River,river,46.460806773734014,-110.222512326129,True,1,Selkirk,"Montana Fish, Wildlife & Parks Fishing Access Site",True,False,False,True,False,https://myfwp.mt.gov/fishMT/fas/39753808,"Montana Fish, Wildlife & Parks Fishing Access Site. Boat Fac: Ramp (Primitive). Camping: Yes. Hunt Access: Refer to current hunting regulations for hunting and weapons restrictions."
55,Wibaux,Wibaux Fish Pond,pond,46.97392738173945,-104.19342100872103,True,1,Wibaux Pond,"City, county, or local developed access site",False,False,False,False,False,https://fwp-gis.mt.gov/arcgis/rest/services/fish/fishViewer/MapServer/48,"City, county, or local developed access site. Accesstype: walk-in. Location: Wibaux Pond. Owner: City of Wibaux"
56,Yellowstone,Alkali Creek,creek,45.8017168706926,-108.47183180817808,True,1,Two Moon Park,"City, county, or local developed access site",False,False,False,False,False,https://fwp-gis.mt.gov/arcgis/rest/services/fish/fishViewer/MapServer/48,"City, county, or local developed access site. Accesstype: Carry-in. Location: Billings. Owner: City of Billings"
56,Yellowstone,Arrow Creek,creek,45.97778691826793,-108.14312176522655,True,1,Voyagers Rest,"Montana Fish, Wildlife & Parks Fishing Access Site",True,False,False,True,False,https://myfwp.mt.gov/fishMT/fas/39753858,"Montana Fish, Wildlife & Parks Fishing Access Site. Boat Fac: Ramp (Gravel). Camping: Yes. Hunt Access: Refer to current hunting regulations for hunting and weapons restrictions."
56,Yellowstone,Audubon Center Pond 2,pond,45.742306858676486,-108.53841181179816,True,1,Riverfront Park,"City, county, or local developed access site",False,False,False,False,False,https://fwp-gis.mt.gov/arcgis/rest/services/fish/fishViewer/MapServer/48,"City, county, or local developed access site. Accesstype: walk-in. Location: South Billings. Owner: City of Billings"
56,Yellowstone,Bighorn River,river,46.146216997391974,-107.4653316400443,True,1,Manuel Lisa,"Montana Fish, Wildlife & Parks Fishing Access Site",True,False,False,True,False,https://myfwp.mt.gov/fishMT/fas/39753862,"Montana Fish, Wildlife & Parks Fishing Access Site. Boat Fac: Ramp (Concrete). Camping: Yes. Hunt Access: Refer to current hunting regulations for hunting and weapons restrictions."
56,Yellowstone,Blue Creek,creek,45.72049685780835,-108.5165318024427,True,1,Blue Creek,"Montana Fish, Wildlife & Parks Fishing Access Site",True,False,False,False,False,https://myfwp.mt.gov/fishMT/fas/76174250,"Montana Fish, Wildlife & Parks Fishing Access Site. Boat Fac: No Boat Facilities. Camping: No"
56,Yellowstone,Broadview Pond,pond,46.1070068640686,-108.88311195753685,True,1,Broadview Pond,"Montana Fish, Wildlife & Parks Fishing Access Site",True,False,False,True,False,https://myfwp.mt.gov/fishMT/fas/39753806,"Montana Fish, Wildlife & Parks Fishing Access Site. Boat Fac: Ramp (Concrete). Camping: Yes. Hunt Access: Refer to current hunting regulations for hunting and weapons restrictions."
56,Yellowstone,Canyon Creek,creek,45.71997685108523,-108.59684182125694,True,1,Duck Creek Bridge,"Montana Fish, Wildlife & Parks Fishing Access Site",True,False,False,False,False,https://myfwp.mt.gov/fishMT/fas/39754471,"Montana Fish, Wildlife & Parks Fishing Access Site. Boat Fac: Ramp (Concrete). Camping: No. Hunt Access: Refer to current hunting regulations for hunting and weapons restrictions."
56,Yellowstone,Chub Ditch,water,45.74947686194548,-108.50857180645562,True,1,South Hills,"Montana Fish, Wildlife & Parks Fishing Access Site",True,False,False,False,False,https://myfwp.mt.gov/fishMT/fas/39753814,"Montana Fish, Wildlife & Parks Fishing Access Site. Boat Fac: No Boat Facilities. Camping: No. Hunt Access: Refer to current hunting regulations for hunting and weapons restrictions."
56,Yellowstone,Laurel Pond,pond,45.66328682789458,-108.78386185208572,True,1,Riverside Inn Park,"City, county, or local developed access site",False,False,False,False,False,https://fwp-gis.mt.gov/arcgis/rest/services/fish/fishViewer/MapServer/48,"City, county, or local developed access site. Accesstype: Concrete Ramp. Location: Laurel. Owner: City of Laurel"
56,Yellowstone,Pompeys Overpass Creek,creek,45.99396693522019,-107.98201173164487,True,1,Bundy Bridge,"Montana Fish, Wildlife & Parks Fishing Access Site",True,False,False,True,False,https://myfwp.mt.gov/fishMT/fas/39754662,"Montana Fish, Wildlife & Parks Fishing Access Site. Boat Fac: No Boat Facilities. Camping: Yes. Hunt Access: Refer to current hunting regulations for hunting and weapons restrictions."
56,Yellowstone,Rock Creek,creek,46.00293691914777,-108.1617017738599,True,1,Gritty Stone,"Montana Fish, Wildlife & Parks Fishing Access Site",True,False,False,False,False,https://myfwp.mt.gov/fishMT/fas/39753856,"Montana Fish, Wildlife & Parks Fishing Access Site. Boat Fac: Hand Launch. Camping: No. Hunt Access: Refer to current hunting regulations for hunting and weapons restrictions."
56,Yellowstone,Vandenberg Drain,water,45.617596817819596,-108.83767185658103,True,1,Buffalo Mirage,"Montana Fish, Wildlife & Parks Fishing Access Site",True,False,False,False,False,https://myfwp.mt.gov/fishMT/fas/39753830,"Montana Fish, Wildlife & Parks Fishing Access Site. Boat Fac: Ramp (Gravel). Camping: No. Hunt Access: Refer to current hunting regulations for hunting and weapons restrictions."
56,Yellowstone,Yegen Drain,water,45.79509686934055,-108.47409180683788,True,2,East Bridge,"Montana Fish, Wildlife & Parks Fishing Access Site",True,False,False,False,False,https://myfwp.mt.gov/fishMT/fas/39753818,"Montana Fish, Wildlife & Parks Fishing Access Site. Boat Fac: Ramp (Concrete). Camping: No. Hunt Access: Refer to current hunting regulations for hunting and weapons restrictions."
56,Yellowstone,Yegen Drain,water,45.79509686934055,-108.47409180683788,True,2,Coulson Park,"City, county, or local developed access site",False,False,False,False,False,https://fwp-gis.mt.gov/arcgis/rest/services/fish/fishViewer/MapServer/48,"City, county, or local developed access site. Accesstype: Concrete Ramp. Location: Billings. Owner: City of Billings"
56,Yellowstone,Yellowstone River,river,46.076136966891816,-107.72268168715509,True,1,Captain Clark,"Montana Fish, Wildlife & Parks Fishing Access Site",True,False,False,True,False,https://myfwp.mt.gov/fishMT/fas/39753836,"Montana Fish, Wildlife & Parks Fishing Access Site. Boat Fac: Ramp (Concrete). Camping: Yes. Hunt Access: Refer to current hunting regulations for hunting and weapons restrictions."
